0.000000,8.455466,8.084976,8.234208,6.776566,8.724549,8.739311,7.687297,7.778273,8.710495,8.603877,8.700707,7.816812,0.000000,8.667529,0.000000,8.108417,8.201874,7.616591,7.355650,8.020775,7.800069,8.847481,8.611487,5.833691,0.000000,8.314721,0.000000,7.776384,9.395108,7.391663,7.582037,8.096458,8.858493,7.457634,7.877284,8.345275,9.019658,6.269403,8.044510,7.665022,7.041992,9.482380,8.458188,7.707237,9.444975,9.372358,8.402689,8.265711,7.894830,8.369638,8.939344,7.439693,0.000000,7.724245,7.690254,8.230690,0.000000,7.790444,6.144929,8.111734,9.661295,8.054383,7.573964,8.446616,6.953630,6.872318,8.229176,8.573477,8.248495,8.974971,8.908275,8.812749,8.785854,8.168585,6.861043,7.712713,8.470806,7.967744,8.087825,0.000000,9.004965,7.595858,7.689534,9.450455,8.732406,0.000000,9.057935,6.992582,8.866294,6.774475,8.790170,8.074717,8.807641,8.762628,8.245311,7.958777,8.028335,8.852472,8.872265,8.419352,8.868435,7.891573,7.664518,8.611881,8.736310,8.378302,8.952559,7.230435,7.110820,9.374213,7.955530,6.484096,7.612195,7.650246,8.185123,8.868414,8.177558,8.189140,8.352934,8.111649,7.661359,8.564839,8.291840,6.823931,8.206335
8.612504,0.000000,4.072775,4.743044,2.294816,4.406622,3.925173,2.413502,3.012425,4.456528,5.361263,4.909061,3.167367,7.519909,5.180383,7.614719,4.476756,4.042876,3.287395,2.479115,3.733066,3.280149,5.450387,4.249699,1.767657,7.574653,3.504257,7.338799,3.578014,4.974165,2.841017,2.674379,3.683377,4.653295,2.946110,2.979645,5.086199,3.716424,2.170198,3.502534,2.889077,2.231308,5.317967,4.142668,2.480057,4.452842,5.141467,3.470973,4.902905,3.667112,3.855124,6.091187,3.803296,7.557990,3.729435,3.656949,4.014473,5.795602,3.855694,1.458032,4.306846,4.660307,3.847964,3.516699,5.069934,2.685601,2.570994,5.400938,4.828617,5.339253,5.567925,5.074919,5.041921,5.362053,3.046165,2.216991,3.086578,3.498655,3.719751,3.734072,5.422298,3.744339,3.341337,3.336964,5.171796,4.832528,8.673398,4.268272,3.262381,4.065305,2.117308,4.824280,3.600529,4.685925,4.647046,4.522606,3.273909,4.269836,4.073126,3.977296,3.344035,3.961682,3.874375,2.842599,4.081876,4.226407,4.462102,4.827270,2.411098,2.503909,5.361147,4.093050,1.940327,3.133181,3.224642,6.257986,5.295093,4.638313,4.435727,4.138208,4.861365,3.095710,4.818383,3.543946,2.420590,4.355009
8.240064,4.101692,0.000000,3.719790,1.533091,3.105845,2.643561,1.723948,1.837161,3.654394,4.175240,3.476496,2.260798,6.724898,3.635006,6.788339,3.009554,2.894151,2.221420,1.636629,2.278336,2.604866,3.843965,3.165075,1.058423,6.448992,2.405689,5.357042,2.087292,3.188289,1.788956,1.865025,2.562467,2.828757,1.714996,1.964177,3.787794,2.286810,1.557921,1.934900,1.930026,1.431987,3.826663,2.596474,1.560213,2.946041,3.181677,2.211015,3.870765,2.330630,2.889938,5.134558,2.328951,6.862943,2.547320,2.417864,2.665683,4.342988,3.010179,1.036764,2.595081,3.579524,2.643568,2.518245,3.674151,1.754007,1.711774,4.484984,4.232681,3.707346,4.090552,3.703273,4.208853,4.004047,2.066369,1.450233,2.049840,2.381918,2.365108,2.803060,3.708392,2.338458,2.522711,2.302530,3.655323,3.330329,7.300050,2.557088,2.308561,2.519404,1.425248,3.620976,2.048784,3.428373,2.966028,2.954056,2.360378,2.993624,2.576220,2.509742,2.134162,2.120132,2.818108,1.950349,2.709223,2.745062,3.313873,3.005825,1.448598,1.480097,3.527017,2.689522,1.174881,2.234176,2.004343,4.878603,3.695922,3.268227,3.202188,2.857776,3.616100,2.379091,3.559879,2.716727,1.528432,3.205972
8.912758,4.802347,3.661987,0.000000,2.078880,4.175883,3.896395,2.347236,2.802893,4.202992,5.013776,4.437424,2.805025,7.604100,4.923201,7.752385,3.829487,3.988377,3.101968,2.458028,3.359479,2.801751,4.837810,4.211998,1.582555,7.333901,3.404949,6.863315,3.217620,4.699823,2.455661,2.495064,3.084698,4.425220,2.838293,2.763502,5.097519,3.556745,1.946564,3.170412,2.908012,1.950614,4.855075,3.448525,2.034690,4.255936,4.692248,3.207548,4.690042,3.556346,4.000005,6.148749,3.463088,7.549812,3.232797,3.259657,3.949960,5.768532,3.789611,1.329414,3.924203,4.414676,3.492207,3.257237,4.723744,2.143024,2.319997,5.708631,4.765376,4.749073,4.990073,4.510100,4.707529,4.895598,2.723180,1.890613,2.461881,3.481059,3.283651,3.496829,4.869125,3.403966,3.648969,3.095260,4.446621,4.608304,8.089331,4.078883,2.838032,3.638184,2.052719,4.503546,3.013950,4.460369,4.157866,4.440187,2.989858,4.243981,3.745232,3.703062,3.051196,3.535921,3.381664,2.531911,3.312508,3.949137,4.043987,4.401389,2.236055,2.189738,5.154252,3.977747,1.688929,2.934031,2.920962,5.499186,4.892178,4.331346,4.126085,3.769691,4.609828,2.982376,4.656431,3.315199,2.061731,4.010699
6.764154,2.296184,1.560183,2.202742,0.000000,1.630931,1.249260,1.012639,1.090291,2.282601,2.488233,2.274888,1.376384,4.844134,2.171626,4.795022,1.844116,1.624619,1.131025,1.033396,1.355551,1.527471,2.284576,1.698840,0.978567,3.981859,1.126695,3.510698,1.311403,1.691537,1.034980,1.140464,1.471336,1.326692,0.985688,1.042352,1.995355,1.191629,0.919415,1.083552,1.180215,0.975464,1.892634,1.391456,1.004860,1.463770,1.712098,1.239203,2.083845,1.457276,1.574967,2.849954,1.259512,4.721657,1.486839,1.194437,1.609865,2.507201,1.819875,0.907101,1.306996,1.848723,1.213450,1.329618,2.359218,1.067052,1.033981,2.668826,2.521183,2.269169,2.431341,2.084522,2.607735,2.539250,1.048971,1.110555,1.034914,1.270641,1.257601,1.684864,1.978813,1.338945,1.218844,1.230718,1.979597,2.142620,5.383359,1.274765,1.376563,1.436631,1.054480,2.095770,1.067349,1.840782,1.322636,1.323672,1.368720,1.452119,1.342171,1.281748,1.012980,1.286019,1.609563,1.168099,1.518996,1.461724,1.837392,1.707917,1.158159,1.068844,1.689757,1.651541,1.060340,1.105807,1.048637,2.799736,2.249905,1.894346,2.048468,1.621959,2.078791,1.588450,1.937132,1.442116,1.129381,1.821940
8.470359,4.355767,3.225819,4.281876,1.585845,0.000000,2.599420,1.615583,1.871012,4.034146,4.720325,4.211026,2.790308,7.230396,4.008872,7.053677,3.435609,3.555044,1.909133,1.542204,2.452941,2.740285,4.677014,3.380333,1.229835,6.887334,2.437504,5.769130,2.348182,3.101912,2.038317,1.673093,2.798771,2.758900,1.904390,1.894347,3.865522,2.310193,1.635833,2.082691,2.098403,1.640142,3.956321,2.737296,1.591212,2.732062,3.702623,2.285581,3.949077,2.463350,2.974059,5.374909,2.317405,7.051830,2.859263,2.443012,2.950269,5.009725,3.547172,1.049863,2.574327,3.494702,2.366638,2.627237,3.905936,1.962143,1.693604,5.170524,4.930377,4.333269,4.458959,4.286414,4.945650,4.494351,1.764115,1.526051,2.009712,2.411335,2.463102,3.240125,3.785224,2.654080,2.381460,2.399567,4.096304,3.938017,7.802589,2.287136,2.663288,2.625999,1.634033,3.945314,2.165750,3.358341,2.754552,2.589214,2.552638,2.807270,2.712194,2.598005,2.129235,2.480078,2.779194,2.190856,2.953885,2.595285,3.633672,3.446220,1.596606,1.584123,3.588853,3.078640,1.339076,2.418029,1.860246,5.495712,4.531508,3.881367,4.059576,3.488121,4.095384,2.708837,4.141504,3.006811,1.812433,3.649160
8.677614,4.143781,2.501165,4.011791,1.275182,2.492021,0.000000,1.294953,1.577640,3.573333,4.629418,3.499702,2.418268,6.695332,3.208195,6.632727,2.988292,2.898468,1.449760,1.182909,2.293689,2.402097,3.766944,3.074334,1.148919,5.832388,1.818351,5.568213,1.838068,2.198478,1.437970,1.291551,2.330449,1.609409,1.331777,1.366472,2.577744,1.679628,1.406458,1.481661,1.639083,1.364043,3.255677,2.062073,1.155670,2.152144,3.030547,1.784209,2.929508,1.976723,2.248687,4.064251,1.653387,5.931447,2.364125,1.744507,2.198134,3.873327,2.948918,0.947854,1.722126,3.225210,1.706927,2.034498,3.685277,1.595178,1.337010,4.851467,3.806048,3.798997,4.109051,3.662736,4.536955,4.548618,1.150698,1.095095,1.556442,1.729358,1.698979,2.770862,2.922273,1.912696,1.909991,2.119635,2.959171,3.448456,7.467342,1.730553,2.296582,1.955668,1.294249,3.478790,1.582953,3.034819,1.859307,1.714396,1.976972,2.031235,1.754408,2.047982,1.449813,1.790752,2.391004,1.861846,2.254004,1.794721,3.063828,2.351728,1.167470,1.199474,2.501665,2.346066,1.049321,1.918022,1.265647,5.173362,3.747777,3.424981,3.492375,2.963544,3.632682,2.437078,3.485240,2.738248,1.509094,3.054897
6.545798,2.473955,1.668898,2.275836,0.956406,1.555966,1.186077,0.000000,1.044845,1.997483,2.696181,2.088649,1.339895,4.925089,2.120521,4.559736,1.818389,1.751592,1.021592,1.009340,1.523090,1.379085,2.407063,1.804224,0.948666,3.674819,1.190283,3.442832,1.144981,1.501628,0.979151,0.925853,1.323307,1.242071,0.937473,1.068691,1.587317,1.124550,1.015006,1.053269,1.077292,0.974750,1.948910,1.427885,0.964579,1.390575,1.996029,1.084333,1.927490,1.282704,1.431448,2.742690,1.055905,4.199045,1.455045,1.082500,1.459800,2.305860,1.847417,0.975039,1.201166,1.879902,1.162615,1.335146,2.196854,0.972993,0.956938,2.868596,2.239278,2.211105,2.449812,2.157505,2.622515,2.552475,1.035710,0.986069,1.039935,1.098712,1.069096,1.735846,1.859682,1.375528,1.185103,1.219218,1.935449,1.886146,5.147247,1.041073,1.384177,1.237678,0.911014,2.169679,1.001655,1.756029,1.216563,1.144391,1.319980,1.256745,1.226469,1.259856,1.073608,1.157555,1.500019,1.177617,1.535924,1.019422,1.959871,1.558993,0.966381,0.962775,1.578845,1.433903,0.959731,1.174891,0.965465,3.065413,2.112652,2.020384,2.010900,1.787801,2.276009,1.423538,2.024936,1.501526,0.971013,1.834402
7.637429,2.936250,2.020770,2.853972,1.081096,1.965836,1.543771,0.967627,0.000000,2.533619,3.166135,2.677345,1.750250,5.394665,2.343650,5.869391,2.138719,2.105555,1.200073,1.095112,1.607616,1.776216,2.993956,2.092539,1.021019,4.516729,1.424715,4.111916,1.464236,1.779334,1.172978,1.050649,1.491703,1.385799,1.090482,1.181291,1.950467,1.335818,1.041212,1.306321,1.416553,1.025267,2.354988,1.720563,1.008159,1.656298,2.369601,1.480565,2.224215,1.467639,1.735444,3.288155,1.341262,4.818017,1.822853,1.388155,1.800761,2.808560,2.201480,0.978865,1.505855,2.457001,1.420887,1.605555,2.827223,1.241752,1.066958,3.417485,2.749677,2.888236,2.970091,2.919766,3.104780,3.136242,1.027158,1.020034,1.207965,1.397393,1.293494,1.958373,2.477314,1.461832,1.511226,1.540014,2.417378,2.536820,6.080273,1.285251,1.699618,1.622814,1.069627,2.575725,1.231400,2.033149,1.499127,1.444892,1.499410,1.567840,1.418776,1.519270,1.116672,1.367931,1.760482,1.373719,1.768543,1.517522,2.318538,1.959580,0.959835,1.014676,1.996391,1.802708,0.985080,1.450198,1.140643,3.502253,3.062510,2.650982,2.560940,2.177382,2.573079,1.741258,2.792656,1.855553,1.063187,2.239962
8.591365,4.497778,3.623990,4.208100,2.225494,4.059950,3.594351,2.189717,2.546027,0.000000,4.533466,4.390699,2.859254,6.840937,4.845629,7.518355,3.382208,3.615791,3.008845,2.316120,3.160847,2.938249,4.653088,3.744650,1.512268,7.405851,3.025147,6.433672,3.266515,4.575430,2.247602,2.555245,3.005399,4.175561,2.492251,2.720851,4.838100,3.129889,1.929550,2.899143,2.704985,2.078805,4.982609,3.386900,2.083622,3.583299,4.326919,2.976407,4.674805,3.387923,3.854647,5.865847,3.629934,7.437302,3.291477,3.085017,3.716924,5.614939,3.449900,1.364865,3.942058,3.986962,3.707855,3.244927,4.174521,2.166794,2.250923,5.165581,4.768834,5.069328,4.887285,4.510593,4.721976,4.929487,2.917359,2.009005,2.583574,3.115914,3.188242,3.865706,4.779022,3.369963,3.087974,2.892866,4.317638,4.404971,7.733446,4.087540,2.980431,3.499629,2.010503,4.393569,3.134433,4.115577,4.051845,4.173167,3.024789,4.133210,3.412994,3.407839,2.924455,3.278668,3.391806,2.549714,3.528596,3.796517,3.996348,4.251525,2.377557,2.225055,4.888739,3.814107,1.697115,3.086927,2.964765,5.872246,4.601063,4.185364,4.100910,3.270923,4.504329,2.854071,4.417577,3.252140,2.119810,3.794529
8.451529,5.246309,4.085004,4.695032,2.502367,4.730911,4.474306,2.816793,3.365706,4.497424,0.000000,4.781536,3.453662,7.612092,4.959442,7.867781,4.146329,4.069101,3.628597,2.879541,4.077742,3.566225,5.497157,4.412876,1.716924,7.772082,3.688658,7.707931,3.580721,5.613328,2.835103,2.778689,3.981271,4.970830,3.558145,3.410145,5.304731,4.235173,2.423904,3.526510,3.334622,2.432405,5.316420,4.318654,2.485892,4.877151,5.129774,3.824493,5.209303,3.809266,4.574199,6.024078,4.102498,7.743988,3.874372,3.838045,4.547161,6.544082,4.409653,1.487545,4.702483,5.371880,4.067129,3.826150,5.094625,2.644298,2.785370,5.599123,5.163523,5.515602,5.478585,5.324831,5.248822,5.557734,3.396671,2.506286,3.188532,3.983193,3.878469,3.857366,6.103173,3.769114,3.571597,3.564191,5.230315,5.172326,8.191731,4.774730,3.303584,4.192949,2.533372,4.582171,3.911532,4.576621,4.662273,4.624987,3.745242,4.413184,4.207510,4.249215,3.736536,4.215350,3.935458,3.128259,4.107029,4.647413,4.336629,5.139947,2.858579,2.628949,5.707989,4.368107,2.011649,3.769253,3.633794,6.293400,5.458201,4.987988,4.862019,4.175817,4.876811,3.215625,5.159847,4.088507,2.727346,4.770424
9.002950,5.145363,3.752342,4.827645,2.125903,4.226254,3.526243,2.199563,2.560456,4.520704,5.108551,0.000000,2.827550,7.617892,4.577625,7.772263,3.811409,4.041638,2.793471,2.183062,3.112624,3.187982,4.477240,4.044837,1.528823,7.518764,3.218592,6.866461,2.998533,4.543666,2.600075,2.338797,3.392348,3.988764,2.613750,2.570681,4.740894,3.214257,2.088260,3.096738,2.786651,2.123710,5.181209,3.546741,2.233257,3.921592,4.703498,3.152714,4.937730,3.096204,4.052876,6.047966,3.496402,7.956347,3.601016,3.327576,3.727236,5.904285,4.143386,1.270824,3.827330,4.773643,3.431168,3.369819,4.656059,2.458940,2.240661,5.480585,5.336334,4.802485,5.479559,5.191859,5.285733,5.449842,2.788502,1.949042,2.668349,3.109240,3.367430,4.042510,5.162417,3.169545,3.479652,3.338998,4.668507,4.635708,8.370724,3.772157,3.261391,3.592408,2.279898,4.685115,3.066009,4.366383,4.010213,3.853649,2.818724,4.254927,3.701955,3.575831,3.053479,3.544238,3.762637,2.855224,3.635522,3.909769,4.207100,4.446468,2.121721,2.237461,5.093388,3.901299,1.492018,3.170916,2.926308,6.278003,5.158814,4.435742,4.400790,4.060796,5.127540,3.137652,4.918718,3.476103,2.187859,4.310594
7.515330,3.007548,2.083607,2.913469,1.338621,2.588855,2.251157,1.354807,1.525047,2.628447,3.386226,2.828881,0.000000,5.632275,2.759709,6.056581,2.499707,2.408022,1.756723,1.341259,1.872394,1.982169,3.091293,2.425738,1.001864,5.495870,1.844095,4.921980,1.891416,2.900772,1.412732,1.431328,2.121057,2.466446,1.522501,1.640708,3.086259,1.890290,1.204358,1.729744,1.572396,1.359853,2.785496,2.140762,1.343154,2.237595,2.690646,1.814825,3.054305,2.121237,2.069205,4.799741,1.790760,6.349822,2.193063,1.972937,2.339700,3.783361,2.452459,0.958739,2.184878,2.772798,1.998851,1.972032,2.877887,1.520843,1.348799,3.661597,3.387684,2.997247,3.341068,3.060479,3.166147,3.182439,1.600714,1.131290,1.638622,1.895295,1.947491,2.242815,2.898316,2.126817,1.828427,1.713723,2.959052,2.798056,6.942205,2.248545,1.726763,2.026061,1.252071,2.786990,1.722407,2.674439,2.421119,2.130759,1.741743,2.487221,2.293838,1.910202,1.661137,1.915841,1.973289,1.562788,2.039975,2.248175,2.722305,2.745472,1.336523,1.367771,2.742603,2.270009,1.096709,1.779010,1.701116,4.079261,3.033517,2.792654,2.670666,2.239640,3.012079,2.003127,2.914283,2.014636,1.288461,2.565628
0.000000,7.347443,6.621278,7.571660,4.849384,7.549132,6.800712,5.440900,5.786959,6.956382,7.762921,7.304427,5.680699,0.000000,7.527813,0.000000,7.240908,6.819862,6.341523,5.412894,6.618309,6.157134,7.936874,7.102022,3.473705,8.882575,6.693683,9.364854,6.250488,8.031170,5.958327,5.625909,7.013328,7.468151,6.076369,6.247741,7.606700,6.483037,4.619823,6.832233,6.263051,5.171734,8.052285,6.768894,5.178587,6.865485,7.779003,6.145461,8.018668,6.565556,7.823155,8.409674,6.642094,9.114038,6.482182,6.165055,7.065499,8.595273,7.382252,3.565542,7.337366,7.980497,6.873442,6.078388,7.408897,5.185489,5.245381,7.850770,7.804476,7.746977,8.017979,7.819087,7.867503,7.472682,6.191609,4.836375,5.830191,6.420201,6.735004,6.742621,8.499040,6.921667,6.388990,5.786811,7.572659,7.553173,0.000000,7.017127,6.346629,7.079721,5.164081,7.372241,6.436779,7.680846,7.610564,7.361029,6.539682,6.836037,7.103516,7.396126,6.481567,6.666799,6.583808,5.839156,6.764742,7.229117,7.637440,7.871517,5.409559,5.056862,8.236506,7.249730,3.994942,6.275016,6.583771,8.628480,7.544723,7.547237,7.253335,7.075737,7.936926,6.317077,7.959098,6.798701,4.602938,7.723447
9.027189,5.295856,3.620738,4.825117,2.087817,3.884423,3.224925,2.030904,2.327962,4.819792,5.044700,4.539227,3.060545,7.425346,0.000000,7.434387,3.933463,3.878339,2.466366,1.981736,3.112795,3.263107,4.824545,4.020046,1.454019,6.900342,2.878150,6.427237,2.980990,4.006597,2.319366,2.064811,3.403451,3.157068,2.191279,2.272503,4.232695,2.653555,1.914010,2.409761,2.519050,2.032463,5.135721,3.270924,1.874117,3.620282,4.483442,2.981947,4.747314,3.359781,3.801344,5.872022,2.767264,7.579150,3.173630,3.015142,3.702159,5.186113,4.125790,1.168832,3.374097,4.263038,3.063283,3.188576,5.006718,2.349785,2.182001,5.619528,5.251533,5.060313,5.080038,4.991665,5.092929,5.128739,2.230052,1.642169,2.307220,2.836746,2.945819,3.845323,4.685878,3.129636,2.956914,2.796015,4.339809,4.135113,8.303154,2.986263,3.133741,3.273521,1.883917,5.028584,2.657507,4.010132,3.285304,3.211981,3.129508,3.589495,3.290134,3.324111,2.475878,2.917333,3.504592,2.651637,3.337349,3.029561,4.046465,4.002122,1.859675,1.953993,4.215583,3.690623,1.496395,3.017693,2.366342,6.130801,4.938937,4.489034,4.394806,3.920801,4.778838,3.249196,4.447287,3.730918,2.064399,4.049155
0.000000,7.697243,6.629624,7.274598,4.722421,7.242430,6.438957,4.609218,5.717647,7.431932,7.957732,7.605344,5.987819,0.000000,7.420985,0.000000,6.926881,6.540441,6.003490,4.658835,6.524239,6.479485,7.478640,6.660014,3.233275,8.924295,6.015545,8.273954,6.041221,6.964757,4.914303,5.016504,6.369925,7.239781,5.385511,5.759076,7.868076,6.483246,4.404376,5.656314,5.503890,4.810580,7.984917,6.582654,4.616847,6.968511,7.607779,5.765568,7.836978,6.152310,7.103363,7.915462,6.312521,0.000000,6.445568,6.086120,6.734814,7.411324,7.139454,2.561459,6.387281,7.580101,6.600720,6.156460,7.609615,4.732433,5.051376,7.229327,8.099877,7.622478,7.713787,7.443676,7.734842,7.947079,5.292017,4.033502,5.294469,6.301055,6.401093,6.545548,7.654292,6.614538,6.211319,6.044840,7.321090,7.512142,0.000000,6.478390,5.616420,6.441556,4.645759,7.007648,5.764902,6.891918,7.051305,7.260238,6.103233,6.875225,6.604101,6.649389,5.799404,6.276616,6.400250,5.682676,6.555421,6.757519,7.215214,7.392761,4.810313,4.703502,7.820054,6.636264,3.524563,6.118358,5.970408,8.190377,7.405661,7.290974,7.261722,6.903760,7.440069,6.279575,7.268215,6.429837,4.929720,7.140754
8.353089,4.170829,2.967652,3.837296,1.668034,3.369804,2.874682,1.871669,2.172200,3.336374,4.008263,3.814857,2.378140,6.749887,4.005050,7.021707,0.000000,3.040955,2.436059,1.731975,2.816417,2.557522,3.908445,3.538846,1.289307,6.117042,2.695428,5.818843,2.762967,3.535643,1.910761,1.890516,2.758589,3.243940,2.154859,2.097396,4.170870,2.598901,1.566941,2.412170,2.215307,1.627661,4.183440,2.943265,1.594875,3.500536,3.619610,2.617023,3.982190,2.676164,3.332840,5.395057,2.721452,6.771746,2.845452,2.653658,3.197790,4.981715,3.398037,1.031213,3.009772,3.691740,2.648802,2.777477,3.834727,1.907723,1.727227,4.815691,4.377199,3.849812,4.561597,3.998319,4.195865,4.564955,2.141783,1.649519,2.085446,2.739896,2.763433,3.190456,4.286932,2.592364,2.666016,2.367796,3.970669,3.883768,7.379298,2.977978,2.490991,2.897011,1.663193,3.859153,2.618705,3.639041,3.103313,3.241346,2.523295,3.365738,3.009330,2.871599,2.493930,2.546500,2.850691,2.125673,2.911510,3.272768,3.599758,3.627078,1.644438,1.524265,4.103482,3.207918,1.383700,2.663596,2.313064,5.014809,4.138445,3.688962,3.598011,3.035345,3.973009,2.517093,3.848901,2.708679,1.707986,3.678236
8.520789,4.114731,2.763455,3.921717,1.537280,3.467215,2.853037,1.685489,1.981924,3.712907,4.192810,3.629061,2.569810,6.605523,3.858056,6.768361,3.251813,0.000000,2.354562,1.831893,2.875915,2.540125,3.646375,3.072473,1.324200,6.709683,2.726719,5.798228,2.674829,3.749689,1.906998,1.792044,2.455896,3.370588,2.064373,2.153513,3.932011,2.828344,1.654581,2.302631,2.100214,1.658583,4.127243,2.918215,1.651796,3.098672,3.859959,2.460105,3.955493,2.646775,3.234816,5.008962,2.832357,6.721567,2.799056,2.739878,3.197093,4.811653,3.448484,1.081777,2.903531,3.910218,2.699102,2.503053,3.844883,1.858864,1.642161,4.658212,4.206400,4.180967,4.539244,4.133900,4.017762,4.337077,2.161437,1.513648,2.140964,2.549322,2.584394,2.951726,4.343300,2.622319,2.469078,2.275286,3.569358,3.443000,7.536561,2.901676,2.617661,2.951427,1.782726,3.770860,2.440181,3.757820,3.080912,3.246183,2.473714,3.277246,2.998467,2.736980,2.340371,2.625934,2.811575,2.197148,2.948025,3.044496,3.470445,3.706595,1.864428,1.586220,3.927688,3.242008,1.234266,2.296503,2.223919,5.218751,4.231109,3.624923,3.445194,2.910001,4.011975,2.563795,3.803430,2.762554,1.577363,3.194535
8.074199,3.157377,2.090725,2.879269,1.105223,1.945787,1.500938,1.004421,1.257189,2.903135,3.750713,2.702214,1.774947,6.122348,2.608050,5.701815,2.343641,2.273919,0.000000,1.076133,1.667790,1.892837,2.872054,2.316727,1.021207,4.570776,1.513261,4.637413,1.448929,1.986859,1.253945,1.055408,1.792686,1.468085,1.067105,1.130549,2.015954,1.348065,1.110309,1.246947,1.354474,1.100715,2.546265,1.834452,0.980819,1.722352,2.542464,1.390118,2.341109,1.570628,1.803206,3.078536,1.325015,5.285604,1.813726,1.348385,1.766024,3.007905,2.249972,0.948423,1.423661,2.565238,1.335321,1.712262,3.017355,1.219025,0.975831,3.737182,2.896638,3.279880,3.324764,3.048430,3.392129,3.273429,1.058213,1.054738,1.279587,1.326588,1.336386,2.092004,2.471848,1.491759,1.472450,1.452710,2.323426,2.774046,6.142890,1.343600,1.964668,1.598386,1.038614,2.849807,1.232703,2.382239,1.486208,1.414114,1.791173,1.660062,1.379287,1.539272,1.189967,1.427563,1.939358,1.551662,2.069820,1.436592,2.350914,1.900619,1.135707,0.970419,1.984232,1.920578,1.008724,1.479457,1.082389,3.653133,3.054752,2.519358,2.709120,2.495594,2.718259,1.984125,2.923469,2.011574,1.131126,2.491326
7.102856,2.393467,1.624288,2.402982,0.976688,1.426116,1.108366,0.906579,1.051277,2.229465,2.828551,2.074131,1.548794,4.987227,1.955348,4.483576,1.779959,1.879932,0.955002,0.000000,1.429544,1.350862,2.693500,1.852967,0.999387,3.746328,1.107890,3.469255,1.148665,1.242745,1.017630,0.985199,1.304754,1.009497,0.965564,1.011107,1.305806,1.124336,0.939586,0.945855,1.027415,0.902702,1.791741,1.286482,0.956406,1.299643,2.027674,1.062458,1.852728,1.202633,1.369973,2.287106,0.975297,3.813459,1.278346,1.079280,1.294162,2.047623,1.709268,0.942254,1.097999,2.093778,1.193797,1.318225,2.483366,1.002633,1.009034,3.242440,2.063317,2.572760,2.557061,2.378108,2.685159,2.741139,1.056912,0.915419,0.972991,0.912319,1.056613,1.807055,1.750421,1.151587,1.112212,1.127544,1.792187,1.811071,4.840479,0.831260,1.407471,1.275862,0.958723,2.328703,1.031736,1.638796,1.085875,1.009543,1.252802,1.064853,1.122704,1.267246,0.864853,1.058393,1.483830,1.086197,1.552193,1.184777,1.944844,1.486397,0.969423,0.918626,1.370105,1.403366,0.933562,1.071545,0.876969,3.255691,2.474232,2.181670,2.120952,1.831505,2.224726,1.648244,1.972176,1.627187,1.024162,1.965359
7.728307,3.861230,2.353992,3.343639,1.280672,2.472484,2.286184,1.429804,1.563050,3.037983,3.862751,3.299853,1.915044,6.677574,3.016558,6.606984,2.605421,2.899311,1.725382,1.388130,0.000000,2.323561,3.649231,2.468159,1.156705,5.626301,1.893786,4.669807,1.904977,2.590967,1.545950,1.458634,2.112353,2.456877,1.561544,1.685478,3.195980,1.851414,1.369542,1.695273,1.548027,1.273972,3.031700,2.106926,1.283537,2.221524,2.583313,1.830456,3.506845,2.072625,2.454493,4.894401,2.153334,6.919920,2.310399,1.979383,2.604691,3.998629,2.683659,1.042865,2.262122,2.688649,2.075347,2.241790,3.238638,1.607090,1.465674,4.211160,4.387815,3.515890,3.840511,3.458816,3.573866,3.805141,1.516133,1.340787,1.696120,1.921779,2.174269,2.699135,3.175114,1.976016,2.201262,1.850026,3.086393,2.955492,7.346104,2.345423,2.036168,2.152750,1.385383,2.972208,1.748333,2.887436,2.612110,2.426395,1.854010,2.496288,2.209293,2.052992,1.707221,1.984828,2.486460,1.706209,2.399298,2.506709,2.839734,2.956707,1.190530,1.347435,2.975264,2.476867,1.069552,1.962862,1.881443,3.972865,3.110889,2.852998,2.933537,2.364798,3.237278,2.097956,3.091394,2.230027,1.399777,2.527011
7.847946,3.394898,2.432262,2.770152,1.434244,2.714578,2.423005,1.530420,1.792782,3.035407,3.427298,3.044267,1.992737,5.938492,3.417627,6.543865,2.690781,2.656183,1.973363,1.463080,2.389592,0.000000,3.604853,2.642086,1.123250,5.764348,2.159146,5.332956,2.021923,3.240359,1.769211,1.673568,2.277377,2.935359,1.788586,1.854843,3.372303,2.209806,1.312619,2.008227,1.870327,1.469817,3.281890,2.345743,1.546003,2.792455,3.062526,1.942227,3.482494,2.218214,2.821121,4.570989,2.244485,6.210385,2.428788,2.124286,2.542956,4.178622,2.926627,0.945823,2.669263,3.085633,2.475943,2.129334,3.043352,1.562730,1.531829,4.118294,3.698101,3.202538,3.395848,3.167226,3.568115,3.493276,1.855694,1.332637,1.667805,2.337552,2.329529,2.579775,3.501549,2.251307,2.172817,1.917009,3.068836,3.116999,6.864839,2.509510,2.020874,2.375532,1.540715,3.231248,2.019718,3.098920,2.773824,2.847074,2.126210,2.860908,2.416567,2.373916,1.958259,2.132411,2.425898,1.698053,2.418281,2.506464,2.958633,3.179987,1.600931,1.496148,3.574915,2.507121,1.135739,2.070361,1.952295,4.279696,3.346915,2.951760,2.895995,2.390491,3.257566,2.005524,3.140042,2.330200,1.450031,2.718125
8.882244,5.163509,3.803530,4.936585,2.234974,4.643225,3.969719,2.376735,2.936079,4.659293,5.333136,4.466829,3.151526,8.035212,4.809795,7.245120,4.183347,3.725691,3.067647,2.651877,3.622448,3.578454,0.000000,3.762126,1.545094,7.235970,3.396925,6.634043,3.366706,4.940558,2.567283,2.556143,3.624897,4.565590,2.737776,2.939708,4.977706,3.349579,1.992218,2.966577,2.595328,2.259210,5.258894,3.403278,2.301539,4.293762,4.595040,3.146300,5.095369,3.428694,4.191502,6.274106,3.431462,7.568970,3.627648,3.343920,4.436318,5.964357,4.219717,1.354594,4.105270,5.000237,3.780342,3.513407,4.876888,2.393347,2.321148,5.389798,5.610870,5.015225,5.481791,4.811351,5.455895,5.435187,2.978646,2.228733,2.665416,3.534230,3.507170,4.050523,5.208188,3.517471,3.551026,3.111495,4.663881,4.832305,8.016057,4.083996,3.365761,3.603704,2.219861,4.855689,3.380744,4.790720,4.156432,4.561364,3.407779,4.486651,3.805489,3.602094,3.042609,3.636475,3.614695,2.833221,3.937508,4.019532,4.192274,4.743654,2.207817,2.491875,5.201075,3.839286,1.734904,3.465308,3.182616,5.890632,4.909271,4.099015,4.451292,3.858495,4.936131,3.294178,4.852924,3.721398,2.319843,4.393361
8.680238,4.066650,3.314033,4.195560,1.729236,3.480267,2.998464,1.800191,2.318768,3.641465,4.178772,3.962063,2.533260,6.849954,3.908739,6.641933,3.513594,3.073800,2.273659,1.881048,2.602100,2.640576,3.770590,0.000000,1.227410,6.824890,2.449174,5.931736,2.454076,3.811608,1.864751,1.876693,2.781858,3.609852,2.098184,2.349591,3.985388,2.733743,1.507203,2.347853,2.262149,1.689906,4.375281,2.840542,1.733732,3.037266,3.784666,2.525802,4.473743,2.902938,3.300886,5.478116,2.965637,7.230439,2.913958,2.792492,3.374789,5.172334,3.422484,1.156084,3.238892,3.636604,3.030202,2.923960,3.932660,2.033293,1.911825,5.060613,4.558562,4.451106,4.299608,4.022039,4.436738,4.591185,2.400585,1.689698,2.148755,2.761938,2.757302,3.299093,4.302732,2.762553,2.844134,2.258024,3.966765,3.838749,7.744012,3.214611,2.673567,2.784750,1.781737,3.915004,2.380755,3.525682,3.441510,3.519872,2.685712,3.586747,2.890127,2.938111,2.474953,2.556577,2.869428,2.163584,3.090477,3.128793,3.581842,3.700916,1.809195,1.800025,4.003459,2.988602,1.359005,2.551307,2.388213,5.261726,4.169752,3.282199,3.590922,3.113055,4.009140,2.512226,3.984641,2.801129,1.890833,3.350385
5.849877,1.648114,1.048133,1.499526,1.110263,1.302268,0.985808,1.021938,1.055480,1.449376,1.715549,1.560404,1.044455,3.456935,1.461863,3.209445,1.264993,1.350397,1.064280,1.103360,1.035994,1.166674,1.588107,1.196922,0.000000,2.913518,0.974493,2.513324,1.020338,1.228808,1.014570,1.105451,1.066513,1.145382,1.019125,0.950850,1.460509,0.991647,0.935997,0.903924,1.020048,0.951819,1.575299,1.118975,1.000847,1.204069,1.301974,0.919410,1.462480,1.028396,1.264846,2.260270,0.962037,3.320772,1.133095,0.975222,1.148684,1.810116,1.319931,1.030932,1.052742,1.297291,0.990843,1.027830,1.483575,1.098659,0.978317,1.857156,1.763398,1.530843,1.676242,1.467789,1.783846,1.761863,0.958658,1.001658,1.022594,1.033095,1.057469,1.322258,1.429193,1.042292,1.086808,1.014496,1.448834,1.445753,3.789287,1.044766,1.031851,1.074415,0.974554,1.484831,0.929384,1.384011,1.074764,1.116862,1.051896,1.081717,0.997698,1.140503,0.946064,1.102150,1.042509,1.091919,1.183341,1.110563,1.366104,1.197999,1.046701,1.061036,1.328845,1.232708,0.984665,1.053779,0.976888,1.988915,1.640282,1.325521,1.388671,1.157658,1.648637,1.050693,1.417023,1.137551,1.047858,1.275791
0.000000,7.655064,6.269735,7.320448,3.789767,6.431587,5.539537,3.737168,4.450441,7.245031,7.531463,7.383174,5.504321,9.105680,7.131583,9.186897,6.045552,6.425399,4.458647,3.747104,5.668473,5.654636,7.216311,6.549477,2.867172,0.000000,5.145970,8.219351,5.125477,5.995167,4.434678,3.855823,5.740208,5.644275,4.447143,4.514347,6.662199,5.110319,3.434431,4.829274,4.753556,3.893010,6.921744,5.707739,3.503552,5.858858,6.596341,5.358039,7.324751,5.378434,5.878894,8.176771,5.413962,9.051402,5.937872,5.292509,6.079593,7.528181,6.615138,2.146002,5.525430,6.681260,5.509594,6.007889,6.929949,4.327115,4.138659,7.661051,7.989034,7.177514,7.497464,7.448939,7.721417,7.733357,4.110104,3.306222,4.975457,5.204790,5.245016,6.365197,6.777363,5.551787,5.566420,5.214975,6.828907,6.707288,0.000000,5.296081,5.737364,5.548659,3.609252,6.942539,4.817358,6.532185,5.630223,5.937763,5.329598,6.465466,5.470430,5.296632,4.842309,5.513870,6.133445,4.488286,5.896206,5.469261,6.672907,6.140259,3.838796,3.767563,6.625487,6.188555,2.757683,5.296805,4.676624,7.887776,7.151923,6.530347,7.150303,6.309645,7.174386,5.827343,7.171468,5.791141,4.187108,6.476300
8.235022,3.710583,2.456492,3.304433,1.224279,2.395298,1.698676,1.119755,1.410089,2.866153,3.792278,3.191577,2.033257,6.398615,2.962838,6.256412,2.530356,2.577849,1.531603,1.117894,1.942671,2.124076,3.358321,2.361554,1.006907,5.376453,0.000000,4.819979,1.630501,2.074148,1.361466,1.228695,1.874615,1.778676,1.309506,1.392767,2.589962,1.717045,1.161251,1.484462,1.479182,1.326462,2.884167,1.930101,1.121946,2.013472,2.633160,1.667269,2.876159,1.783691,2.123773,4.149904,1.508394,6.160572,2.302477,1.591321,2.208003,3.517262,2.585330,1.026741,1.647605,2.730864,1.799843,1.883828,3.183712,1.408508,1.240728,4.196299,3.423571,3.289469,3.633605,3.290110,3.776090,3.724026,1.161090,1.017711,1.530854,1.681818,1.602361,2.496252,2.930602,1.893043,1.780358,1.836152,2.730177,2.842661,7.067743,1.848216,1.823748,1.814614,1.249235,3.117838,1.459877,2.673291,2.070282,1.853997,1.887805,2.117858,1.728053,1.885659,1.563883,1.682780,2.181737,1.506566,2.146380,1.872067,2.787765,2.335635,1.148380,1.176237,2.357555,2.247747,0.937896,1.677106,1.360832,4.054586,3.325508,2.777594,3.003672,2.239486,3.403215,2.100979,2.803309,2.227045,1.411827,2.516706
0.000000,7.209381,5.503536,6.702741,3.486249,5.734310,5.573210,3.523719,4.193997,6.325556,7.425269,6.908808,4.866706,8.449299,6.410065,8.603385,5.558587,5.634848,4.473879,3.296817,4.825021,5.193048,6.683595,5.776039,2.558885,8.277365,4.820362,0.000000,4.871888,6.354692,3.883006,3.606027,5.169942,5.550029,4.036543,4.317767,6.808724,5.217129,3.447214,4.346336,4.259791,3.512203,6.621611,5.556126,3.463422,5.447817,6.409746,4.912746,6.175964,5.010729,6.098640,7.795463,5.088097,9.618438,5.360649,5.193976,5.752614,7.556874,5.983538,2.207619,5.594021,5.826333,5.202018,4.722687,6.328849,3.777001,3.483493,7.342336,7.390020,7.049261,6.935663,7.055341,6.843055,6.826666,4.086961,2.871550,4.419160,4.684172,5.052929,5.743620,6.998535,5.154934,5.345170,4.871734,6.573852,6.514249,0.000000,5.074311,4.794398,4.988453,3.366949,6.549387,4.763924,6.213052,5.720341,5.609278,5.323191,6.009304,5.057304,4.779259,4.463735,4.664903,5.389751,4.371698,5.581528,5.468953,6.150707,5.893693,3.613917,3.364124,5.968530,5.496604,2.512277,4.793155,4.374030,7.281064,6.879357,6.895421,6.482978,5.658034,6.925740,5.346227,6.758076,5.211520,3.345691,6.241850
7.827114,3.687351,2.070867,3.234002,1.254970,2.372143,1.843997,1.202253,1.498544,2.918251,3.687638,3.136301,1.983934,6.535194,2.947430,6.101002,2.668530,2.791023,1.415595,1.164807,1.932353,2.111111,3.334896,2.490972,0.937192,5.261767,1.679645,4.796746,0.000000,2.344928,1.435981,1.135472,1.968574,1.962606,1.292470,1.403027,2.844450,1.641468,1.182094,1.502805,1.632462,1.302001,3.055326,1.938200,1.278445,2.136127,2.687693,1.739152,3.020275,1.858896,2.155219,4.132229,1.707313,6.238880,2.103788,1.673002,2.073514,3.565896,2.687838,0.940128,1.874419,2.658293,1.750239,1.989292,3.203032,1.382498,1.313428,4.045386,3.934289,3.366332,3.740866,3.115147,3.674875,3.721872,1.357995,1.087689,1.431018,1.697098,1.611908,2.505929,2.834980,1.971989,1.848107,1.875400,2.847745,2.863037,6.611237,1.760435,2.093497,1.826306,1.267109,2.995293,1.383726,2.613969,1.910765,1.817410,1.980853,2.124704,1.846517,1.933278,1.506518,1.628492,2.215696,1.654166,2.212581,1.898781,2.842808,2.570534,1.166043,1.117673,2.369064,2.101275,1.022992,1.798511,1.403066,4.314758,3.356755,2.846780,2.989352,2.317558,3.277840,1.958127,2.987841,2.343086,1.315527,2.662964
9.069348,4.953038,3.372526,4.876357,1.703101,2.985577,2.304506,1.626667,1.758250,4.596373,5.536700,4.441987,3.010281,7.779078,3.949114,7.059195,3.753372,3.900423,1.844356,1.371729,2.776211,3.314535,5.148714,3.743193,1.333282,6.470587,2.189937,6.399507,2.207782,0.000000,1.838177,1.574112,2.939348,2.150826,1.624938,1.720150,3.242169,2.039448,1.575963,1.862164,2.144347,1.740204,3.921033,2.919716,1.449760,2.740575,4.161713,2.121396,3.995891,2.456985,2.854603,5.198455,2.039531,6.785370,2.954425,2.193351,2.680109,4.778744,3.844371,1.092988,2.269916,3.540725,2.286653,2.633109,4.720244,1.967881,1.800285,5.386863,4.583360,4.562558,4.670179,4.440308,5.296118,5.313225,1.650363,1.337128,1.923105,2.227851,2.171401,3.508432,4.036460,2.227436,2.564271,2.303030,3.978324,3.975447,7.371411,2.052163,3.058883,2.415227,1.673088,4.255121,1.977319,3.225730,2.614440,2.346465,2.513166,2.659921,2.476714,2.468782,1.847440,2.213327,3.026004,2.178203,3.108660,2.464561,3.927473,3.112170,1.429440,1.369128,3.189972,2.999980,1.213190,2.348445,1.825194,5.726078,4.418979,4.016516,4.224523,3.354555,4.707399,3.227986,3.968390,3.284937,2.001187,3.259634
7.539898,2.747041,1.813093,2.448908,0.974391,1.876968,1.392406,0.993659,1.114764,2.159845,2.825177,2.260028,1.587739,5.771255,2.422701,4.977397,1.922615,2.007892,1.289973,1.055591,1.419457,1.760149,2.541664,1.957352,1.004645,4.678472,1.400901,4.059743,1.436968,1.858551,0.000000,1.071523,1.603732,1.396557,1.049809,1.105993,2.098834,1.427093,1.034960,1.163982,1.294657,1.007472,2.523152,1.573509,0.995342,1.639214,2.048231,1.384572,2.218203,1.443304,1.727291,3.390635,1.357002,5.022704,1.782893,1.428528,1.648421,2.747886,1.944569,0.952077,1.348254,2.101896,1.464763,1.552444,2.512682,1.226876,1.121113,2.936968,3.044417,2.592461,2.918639,2.435013,2.819805,2.830251,1.022425,1.018306,1.125788,1.469577,1.362187,2.102120,2.170197,1.423208,1.473956,1.318741,2.122577,2.080620,5.554712,1.371210,1.565162,1.477048,1.063898,2.397661,1.231276,2.121600,1.620443,1.492538,1.513133,1.688687,1.502549,1.392711,1.201642,1.332409,1.612276,1.242804,1.779937,1.422022,1.987972,1.959579,0.957264,1.035927,1.964466,1.762104,0.995305,1.359800,1.126888,3.319074,2.395613,2.175514,2.207651,1.724667,2.555049,1.600215,2.395237,1.481997,1.032067,2.066075
7.208124,2.750013,1.829035,2.597247,0.949711,1.544950,1.253746,0.911011,1.039994,2.335575,2.812048,2.279133,1.280912,5.371601,2.073739,5.119415,1.851801,1.938274,0.988823,0.981319,1.337023,1.552646,2.524222,1.914779,0.962897,3.923780,1.184617,3.701142,1.192402,1.585571,1.006446,0.000000,1.535561,1.146819,0.906205,1.050599,1.720920,1.241638,0.956059,1.058115,1.125524,0.983581,1.989539,1.438606,0.959374,1.391467,1.963323,1.153781,1.985073,1.334674,1.500513,2.743170,1.152821,4.904060,1.454372,1.101889,1.413840,2.522993,1.872193,0.857182,1.172385,1.896480,1.190555,1.377559,2.418360,0.977788,1.047725,3.026442,2.622961,2.571436,2.729512,2.439978,2.947480,2.564360,1.115250,0.908654,1.045956,1.177359,1.125528,1.791370,1.958813,1.213432,1.148412,1.507051,1.963774,2.217846,5.513623,1.173827,1.591600,1.336937,1.052896,2.203854,0.989354,1.861413,1.226087,1.105154,1.423288,1.301540,1.157121,1.264859,0.988877,1.192525,1.691873,1.187912,1.566656,1.158912,2.076339,1.565570,1.078907,0.960188,1.610211,1.455492,0.859113,1.279384,0.993191,3.279357,2.545590,2.135336,2.219690,1.891076,2.189153,1.587168,2.128729,1.615284,1.078838,2.059263
8.397151,3.581608,2.341738,3.303102,1.266928,2.670525,2.204163,1.342321,1.537360,3.000119,3.846676,3.168327,1.980111,6.641832,3.298382,6.416213,2.684068,2.523763,1.746744,1.333402,2.097880,2.083917,3.476382,2.623751,1.061089,5.822188,1.829124,5.180724,1.904113,2.700605,1.498170,1.459168,0.000000,2.461942,1.557339,1.588106,3.293390,2.118306,1.371492,1.742701,1.746714,1.292890,3.414961,2.099906,1.340600,2.380650,2.829793,1.836950,3.097690,2.131670,2.287378,4.343130,1.844557,6.309447,2.240595,1.959631,2.504991,3.713234,2.749036,1.040854,2.482630,2.820857,2.128869,2.227315,3.392782,1.522959,1.427628,4.007734,3.947531,3.567305,3.671116,3.281192,3.783840,3.795011,1.557151,1.265750,1.657735,2.044725,2.071647,2.603701,3.070181,2.060869,2.058510,1.849801,3.020285,3.040852,7.357435,2.353716,2.205963,2.227446,1.287031,3.222965,1.778263,2.731204,2.430836,2.200046,1.966473,2.434140,2.009762,2.058792,1.665260,2.043623,2.116639,1.670367,2.436834,2.276805,2.920816,2.967722,1.406834,1.407377,3.009152,2.560466,1.078610,1.988417,1.504205,4.215979,3.336452,2.987898,2.893358,2.441174,3.100628,2.134165,3.329460,2.317017,1.376890,2.782348
8.498869,4.670289,2.920380,4.336908,1.375790,2.629183,1.682422,1.203090,1.458895,3.786598,4.705510,3.860536,2.573578,7.073310,3.404304,7.255941,3.171045,3.410049,1.438835,1.093224,2.317424,2.553221,4.573974,3.389375,1.198499,5.693032,1.759299,5.413536,1.954493,2.072438,1.323335,1.181060,2.585626,0.000000,1.186734,1.315739,2.464778,1.716233,1.339738,1.531689,1.801107,1.387475,3.140878,2.236876,1.193101,2.111326,3.065608,1.811985,2.866989,1.900635,2.513492,4.151141,1.640594,6.307798,2.427168,1.692778,2.010534,3.752434,3.044706,1.089624,1.647554,3.412971,1.740341,2.161267,3.940044,1.571744,1.359156,4.850002,3.976661,4.470488,4.292903,4.179939,4.722406,4.591902,1.242698,0.979712,1.590378,1.558097,1.678699,2.884708,3.227805,1.886071,1.859533,2.098201,3.125517,3.462527,6.958044,1.534330,2.469647,1.862387,1.347635,3.764983,1.564557,3.000256,1.845589,1.748056,2.133291,2.016190,1.678561,1.960288,1.424343,1.731586,2.464657,2.007520,2.539577,1.734805,3.322203,2.354840,1.136497,1.178640,2.549213,2.399686,1.066160,1.797011,1.232312,5.112095,4.174227,3.798597,3.701409,3.212647,3.926195,2.642781,3.629316,2.929054,1.577256,3.250287
7.276083,2.847488,1.763175,2.738274,1.038643,1.682709,1.186901,0.954876,1.089561,2.497532,3.332272,2.502232,1.646564,5.531520,2.133175,5.358006,2.038556,2.098686,1.157688,1.124845,1.505238,1.650259,2.781422,1.924112,0.998006,4.598513,1.319930,3.939160,1.192850,1.502953,1.094914,1.173663,1.596944,1.258465,0.000000,1.079275,1.788513,1.192809,1.037701,1.101996,1.187109,0.949323,2.146549,1.425276,1.046978,1.660220,2.159543,1.276313,2.124876,1.396935,1.639294,3.165411,1.125319,5.024689,1.647380,1.171772,1.368347,2.668662,2.018941,0.969392,1.260988,2.068476,1.271518,1.352966,2.435184,1.131380,1.011762,3.332348,2.683251,2.775846,2.722620,2.670689,2.924972,2.856468,0.949498,0.972814,1.104211,1.227656,1.110612,1.902899,2.194057,1.470950,1.326904,1.373410,2.279407,2.187296,5.587376,1.121302,1.683361,1.401385,1.047013,2.473847,1.139503,2.052212,1.302695,1.231674,1.547191,1.448046,1.278129,1.423039,0.935158,1.137302,1.612922,1.393145,1.804240,1.268209,2.162970,1.761310,1.018147,0.965959,1.630584,1.480480,0.976952,1.321835,1.090959,3.396382,2.480971,2.276400,2.330821,1.972165,2.513664,1.642228,2.214954,1.773139,1.063272,2.115280
7.813932,2.907089,1.986972,2.746991,1.039394,1.802719,1.416584,1.041555,1.151789,2.601244,3.312947,2.566363,1.737554,6.006660,2.451056,5.446432,2.010087,2.234125,1.187871,1.156782,1.668535,1.715950,3.137535,2.338182,1.103845,4.854230,1.404074,4.169492,1.491202,1.796261,1.144343,1.146047,1.604622,1.401460,1.048789,0.000000,1.993013,1.389094,1.084793,1.217847,1.305434,1.029110,2.269967,1.517717,1.045848,1.602297,2.462719,1.442310,2.264524,1.549161,1.632482,3.303939,1.229274,4.960065,1.691261,1.344572,1.692717,2.969823,2.162280,1.017246,1.316069,2.517627,1.447650,1.602813,2.794025,1.207885,1.143715,3.493381,2.850640,2.762612,3.075653,2.809586,3.189458,3.170299,0.960783,0.984867,1.176192,1.359229,1.480491,2.065595,2.367444,1.407316,1.521067,1.488104,2.389351,2.343461,6.018155,1.369055,1.628885,1.609157,1.211514,2.614960,1.108282,2.044417,1.541589,1.345605,1.521301,1.668044,1.372919,1.488213,1.184309,1.320833,1.774299,1.522215,1.841999,1.482037,2.574900,1.938737,1.111042,0.993234,1.977690,1.906026,0.907683,1.431078,1.095293,3.736279,2.821339,2.426918,2.607163,2.126769,2.722255,1.954757,2.250681,1.971405,1.236659,2.289461
9.257771,5.229203,3.721275,5.089428,1.973746,3.712903,2.615032,1.716137,2.086923,4.789064,5.413353,4.734935,3.347663,7.687873,4.715501,7.846127,4.232025,4.218288,2.076634,1.516460,3.257302,3.379780,5.274303,4.125783,1.576907,7.186408,2.533556,6.584666,2.917939,3.279634,2.258957,1.754437,3.458891,2.608032,1.726178,2.031870,0.000000,2.555317,1.830979,2.108675,2.565538,1.951907,4.335733,3.174269,1.605314,3.202600,4.691402,2.625469,4.179554,2.747801,3.466240,5.454027,2.337988,7.289698,3.230411,2.640299,2.936206,5.417368,4.165160,1.169284,2.462422,4.937424,2.707352,2.966130,5.138323,2.163727,1.895945,5.858291,4.878411,5.609686,5.183421,5.082356,5.821246,6.054278,1.814069,1.485894,2.170856,2.543445,2.532184,3.664996,4.531796,2.773800,2.589078,3.037792,4.466567,4.562722,7.950690,2.357398,3.264968,2.773694,1.887098,4.615697,2.172511,4.060411,2.665459,2.524870,2.969403,2.884937,2.752158,2.861414,2.183331,2.593688,3.834896,2.876379,3.506487,2.633106,4.830378,3.392753,1.669312,1.649032,3.582617,3.188045,1.228282,2.434629,2.040332,6.205939,4.978491,4.655814,4.671808,4.324365,4.831589,3.513291,4.640138,3.927921,2.380862,4.128627
8.229357,3.542657,2.201166,3.585244,1.101010,2.110311,1.777937,1.156605,1.317137,2.886951,4.143912,3.276769,1.904531,6.307526,2.688315,6.061760,2.530821,2.719166,1.433818,1.063178,1.828339,2.163940,3.318653,2.716646,1.002985,5.207644,1.632214,5.172028,1.623326,2.054934,1.377260,1.212224,2.133191,1.711495,1.211714,1.250337,2.522357,0.000000,1.167888,1.441365,1.399617,1.201137,2.755405,1.787051,1.102210,1.732037,2.495522,1.597484,2.829495,1.828529,2.038963,4.268749,1.503420,5.886293,2.056164,1.612933,2.035900,3.616549,2.732574,1.015763,1.783481,2.649016,1.663646,1.958795,3.450625,1.461904,1.232540,4.430604,3.822110,3.555083,3.510349,3.235328,3.769332,3.658128,1.183083,1.029395,1.341655,1.623637,1.619505,2.629172,2.534337,1.812978,1.698939,1.846406,2.672302,2.776954,6.403793,1.563681,2.015112,1.738304,1.294402,2.943889,1.422448,2.656376,1.705376,1.781081,1.729774,2.079075,1.784498,1.737151,1.278597,1.590738,2.041208,1.567818,2.173715,1.773197,3.013515,2.304141,1.075735,1.043079,2.345656,2.170788,1.053712,1.691863,1.330710,4.253725,3.245320,2.881180,2.986675,2.280045,3.247654,2.293790,2.684683,2.374899,1.245126,2.415024
6.649413,2.210915,1.554851,1.997490,0.952966,1.532630,1.280040,1.019094,1.035410,1.788312,2.387839,2.010282,1.274562,4.593509,2.087384,4.483592,1.596987,1.621441,1.094445,1.015524,1.379491,1.394400,2.037247,1.637053,0.959018,3.498012,1.273026,3.307955,1.216089,1.568216,0.988734,0.924696,1.388078,1.315642,0.979879,0.991378,1.685720,1.251877,0.000000,1.079141,1.114167,1.025836,1.913284,1.341328,0.923742,1.340409,1.868052,1.182692,1.812210,1.368480,1.471104,2.753035,1.177715,4.386354,1.376060,1.149662,1.480968,2.351997,1.716956,0.900246,1.200426,1.842278,1.254803,1.313789,2.013886,0.880920,1.089100,2.622928,2.358314,1.922009,2.167775,1.982672,2.319958,2.302925,1.008166,1.019284,1.021624,1.258271,1.226805,1.573565,1.857038,1.233870,1.262359,1.338384,1.811286,1.806482,5.119973,1.258869,1.193849,1.349819,0.942381,1.966924,1.141395,1.713592,1.362503,1.418999,1.270389,1.435413,1.348014,1.312298,1.127029,1.353168,1.425621,1.074718,1.431729,1.343041,1.798807,1.626386,1.002237,0.999813,1.732653,1.503317,0.878493,1.297955,0.974088,2.591896,2.138816,1.774135,1.857451,1.482367,2.018993,1.453349,1.873272,1.393572,0.985341,1.662936
8.077545,3.474830,2.005916,3.143650,1.002499,2.103401,1.553814,0.981228,1.311956,2.854496,3.574009,2.755835,1.817215,6.365920,2.474765,5.233613,2.317697,2.307291,1.211661,1.160892,1.742290,1.902955,2.989757,2.199446,1.095308,5.073925,1.388828,4.159721,1.369304,1.781699,1.140610,1.033808,1.725615,1.573614,1.092222,1.191768,2.161654,1.388718,1.056211,0.000000,1.383555,1.136180,2.370772,1.598217,1.058788,1.872535,2.519321,1.413456,2.640786,1.552104,1.792809,3.507021,1.299694,5.047378,1.805218,1.466182,1.724469,3.023345,2.453979,0.970277,1.353101,2.632557,1.397754,1.839012,2.941012,1.234726,1.131752,4.006087,3.304427,3.288577,3.323535,2.977883,3.515739,3.303147,1.161994,1.013223,1.289500,1.326564,1.354294,2.343213,2.579916,1.531171,1.400858,1.666242,2.459964,2.635390,5.954719,1.418492,1.831474,1.647856,1.099386,2.773655,1.210777,2.280596,1.544118,1.355737,1.820647,1.703535,1.409580,1.608101,1.319041,1.475687,2.064654,1.645613,2.171877,1.462539,2.506919,1.934166,0.973151,1.114774,2.071940,1.834682,1.058168,1.436244,1.099836,3.908460,2.928261,2.730355,2.677649,2.221919,3.120413,1.995478,2.623055,2.079127,1.259527,2.265672
7.768246,2.932631,1.922723,2.907788,1.162007,1.958076,1.679464,1.150100,1.373330,2.620600,3.351259,2.803228,1.571830,6.034389,2.535495,5.374655,2.332782,2.102988,1.224283,1.109242,1.606025,1.808888,2.688135,2.279554,0.989477,4.849164,1.523738,4.388875,1.553130,2.104855,1.285383,1.290462,1.823230,1.764440,1.166714,1.273595,2.488199,1.474902,1.127590,1.344792,0.000000,1.146548,2.662731,1.702663,1.035087,1.821381,2.138232,1.403775,2.711765,1.678191,1.908592,3.823394,1.541615,5.772554,1.959075,1.564006,1.918338,3.126976,2.157411,1.049308,1.677724,2.286061,1.667113,1.667474,2.604331,1.408836,1.041830,3.661875,3.583560,2.817459,2.893756,2.746370,3.032508,2.986078,1.244782,1.009958,1.446338,1.542856,1.739381,2.123723,2.359612,1.732238,1.691019,1.733504,2.456446,2.393380,6.305130,1.579864,1.743522,1.757338,1.187519,2.615678,1.384473,2.332024,1.842981,1.894367,1.607883,1.938331,1.753865,1.773416,1.458767,1.595810,1.954677,1.473939,1.884778,1.839217,2.207784,2.187063,1.139022,1.170830,2.169572,1.831060,1.052709,1.660453,1.429773,3.716495,2.685988,2.552355,2.504537,2.128899,2.842215,1.765480,2.402974,1.877653,1.302784,2.175961
7.054835,2.252238,1.552187,2.043455,0.980094,1.572467,1.320247,1.075059,1.112904,2.076559,2.445373,2.067736,1.384128,5.142832,2.047661,4.659876,1.727061,1.731879,1.097137,1.096238,1.331771,1.480847,2.259102,1.628176,1.083703,3.858326,1.199963,3.498399,1.201635,1.635663,1.021391,1.130298,1.336033,1.311305,1.103065,0.966972,1.844136,1.172817,0.987879,1.083878,1.151169,0.000000,2.074666,1.371079,1.030397,1.375146,1.750662,1.197133,1.980115,1.401907,1.412270,3.029530,1.129339,4.515985,1.406975,1.231641,1.408581,2.313070,1.685378,1.017905,1.314310,1.846527,1.287685,1.429807,2.142863,1.031809,1.097040,2.915190,2.371454,2.309953,2.467990,2.239624,2.557957,2.484618,0.972179,1.087598,1.034497,1.244340,1.167029,1.634454,1.975145,1.311749,1.338025,1.342649,1.769926,1.929103,5.327057,1.140422,1.375618,1.333457,0.935775,2.085054,1.122179,1.833966,1.435249,1.253383,1.233618,1.658818,1.236752,1.351238,0.982837,1.269455,1.538428,1.167070,1.619846,1.417122,1.947050,1.703816,1.088951,0.924493,1.707162,1.492033,1.024078,1.305311,1.008152,2.758143,2.180046,1.933099,1.976819,1.686457,2.087947,1.401760,2.005081,1.487580,1.025310,1.757124
9.315347,5.361292,3.911673,4.843384,1.901412,3.835653,3.205662,2.115226,2.378753,4.869147,5.415263,5.203086,2.991626,7.622568,5.100115,7.742504,4.158797,4.361158,2.688905,1.779681,3.172489,3.113903,5.354247,4.308120,1.700464,7.078180,2.927064,6.418293,3.039452,3.865065,2.577462,2.082086,3.541555,3.473957,2.237892,2.274986,4.317452,2.718884,1.839520,2.441595,2.710578,2.062973,0.000000,3.399500,2.027219,3.510280,4.174277,2.828243,4.847097,3.140532,3.797106,6.119713,3.064507,7.821474,3.647780,3.159709,3.452429,5.419272,4.392737,1.186258,3.371377,4.500676,3.277114,3.316235,4.874611,2.400761,2.171840,5.823454,5.228140,5.290776,5.262715,4.842802,5.452784,5.380028,2.186079,1.681523,2.547616,2.963654,3.012642,3.759582,4.521131,3.084899,2.911462,2.949168,4.545913,4.646622,7.712168,2.837278,3.307322,3.219075,1.955978,4.654291,2.677491,4.332186,3.553836,3.552717,3.159184,3.662254,3.085216,2.944022,2.655651,2.901331,3.769354,2.692252,3.534170,3.373116,4.578954,4.165318,1.973003,1.969894,4.134784,3.760653,1.538232,2.953623,2.346209,6.228768,5.030897,4.610543,4.523199,3.996065,4.980581,3.631611,4.700417,3.776163,2.318075,4.361958
8.610152,4.149505,2.581217,3.513113,1.405131,2.516599,2.018075,1.275949,1.686022,3.055697,3.967475,3.460895,2.061819,7.070289,3.253865,6.522469,2.759459,2.809359,1.810475,1.304527,2.077249,2.411778,3.453370,2.666076,1.143836,5.801813,1.829706,5.092012,1.807036,2.933024,1.642259,1.386184,2.165149,2.115061,1.314193,1.562272,3.100606,1.719640,1.335641,1.627338,1.648040,1.305216,3.323657,0.000000,1.325305,2.306416,2.834835,1.996426,3.117312,2.109348,2.343422,4.666060,1.960310,6.522740,2.470794,1.946753,2.386795,4.036666,2.928483,1.121814,2.084344,2.977376,2.037279,2.243883,3.431111,1.636941,1.427208,4.713072,4.011290,3.638359,3.876669,3.542428,3.994871,4.052498,1.426162,1.066347,1.724501,1.899886,1.996762,2.876139,2.986945,2.095701,1.947434,2.083631,3.007523,3.134335,7.018724,1.939415,2.199595,2.001677,1.287037,3.250520,1.632824,3.016051,2.282409,2.300941,2.019049,2.513725,2.090362,2.058597,1.617333,1.905741,2.400879,1.697485,2.439664,2.119689,3.201828,2.790334,1.329623,1.289437,2.979754,2.555533,1.060701,1.923533,1.599595,4.490625,3.372418,3.182910,3.281317,2.538076,3.195882,2.218730,2.850135,2.453141,1.434142,2.845935
7.696600,2.474452,1.563090,2.117179,1.051258,1.509540,1.172779,1.055719,0.988848,1.952267,2.593363,2.114480,1.364795,4.975841,2.026900,4.381858,1.578444,1.598453,0.990281,1.095128,1.302684,1.420972,2.213312,1.734696,0.992635,3.679535,1.203104,3.630671,1.134880,1.348752,0.917645,1.083453,1.293338,1.142981,1.103703,0.872915,1.552675,1.123940,1.015782,1.103494,1.053109,0.922255,1.801563,1.221827,0.000000,1.364620,1.729305,1.013506,1.885445,1.288819,1.281607,2.721929,1.044047,4.276140,1.432186,1.082929,1.258881,2.372743,1.833998,1.006674,1.174149,1.728365,1.084764,1.367695,2.135526,1.038663,1.044486,2.765049,2.472740,2.272041,2.322554,2.010584,2.671978,2.412206,1.038313,0.922055,1.005916,1.034960,1.259390,1.726866,1.776199,1.145253,1.171731,1.290981,1.732321,1.703327,4.871173,1.109467,1.294019,1.252420,0.969725,1.918666,1.000414,1.805030,1.211705,1.172837,1.135966,1.349139,1.096774,1.146541,0.976335,1.104868,1.531799,1.018425,1.258220,1.226029,1.898536,1.446209,1.053795,1.030660,1.582442,1.321585,1.041886,1.202487,1.033768,2.947034,2.141650,1.851544,1.880705,1.687957,2.155278,1.480586,1.875531,1.385132,1.164199,1.865635
8.887978,4.300891,2.907720,4.279613,1.454693,2.641330,2.052708,1.373912,1.608944,3.480357,4.813874,3.809478,2.360679,6.839513,3.390955,6.899555,3.308922,3.132599,1.635227,1.295129,2.290318,2.589162,4.100576,3.054105,1.205550,5.676592,1.977838,5.820464,2.087980,2.554973,1.590446,1.446630,2.441793,2.096551,1.545482,1.546137,3.042460,1.881757,1.501105,1.803108,1.802166,1.415863,3.375036,2.460464,1.278900,0.000000,3.327009,1.912736,3.495134,2.181850,2.510853,4.947343,1.893382,6.479514,2.406477,2.038720,2.406661,4.153795,3.141310,1.000116,1.935060,3.234559,2.042688,2.319677,3.733339,1.780588,1.417223,5.045620,4.657355,4.022304,4.431481,3.930455,4.850072,4.528613,1.521369,1.095992,1.608267,2.052429,1.841163,3.266819,3.428949,2.244758,2.015156,2.244410,3.380678,3.532633,7.522049,1.961255,2.639192,2.103987,1.464152,3.809091,1.674811,3.356676,2.279106,2.319074,2.158642,2.655392,2.081126,2.120803,1.669705,2.052775,2.596630,2.139305,2.603611,2.174772,3.578731,2.747412,1.345181,1.237744,2.843480,2.660056,1.028253,2.088572,1.642353,5.266826,3.794947,3.754907,3.511278,3.031289,3.923339,2.772169,3.839646,2.717726,1.750869,2.935760
8.692846,5.153336,3.277969,4.661122,1.786658,3.494190,3.065292,2.007875,2.231396,4.275399,5.145555,4.541690,2.665732,7.447009,4.602273,7.316411,3.803147,3.871139,2.691749,1.966356,2.662138,2.924442,4.510310,3.613030,1.430619,6.963858,2.642047,6.258703,2.711302,3.822504,2.129145,2.075294,3.035626,3.176480,2.199603,2.384961,4.775753,2.560039,1.789956,2.602539,2.114300,1.843341,3.985934,3.038763,1.800218,3.059715,0.000000,2.545188,4.757064,2.993406,3.497776,6.522168,3.133003,8.172058,3.444354,3.068952,3.505529,4.964032,4.139466,1.080916,3.453863,3.529900,2.928935,3.275282,4.136662,2.194884,2.088806,5.344305,6.112900,4.858480,4.933300,4.401354,5.070012,5.167583,2.233519,1.781526,2.215796,3.101975,2.779606,4.023787,4.262709,2.865476,3.113145,2.820946,4.311190,3.953161,8.690969,3.054215,3.235961,2.983109,1.951357,4.123742,2.647827,3.887981,3.764240,3.754213,2.596518,3.929013,3.128155,2.567016,2.423347,2.660933,3.034860,2.416238,3.223368,3.408134,4.009266,4.095629,1.928579,1.901884,3.960614,3.228313,1.250781,2.822194,2.384095,5.783200,4.383279,4.005668,4.312189,3.196915,4.333542,3.024611,4.506985,3.104043,1.762030,3.241901
8.256673,3.360334,2.266962,3.156728,1.194558,2.281894,1.793841,1.158715,1.473608,2.859056,3.681302,2.954214,1.915445,6.326390,3.009312,5.764393,2.523106,2.450888,1.444365,1.050205,1.897573,1.915316,3.066130,2.324246,1.049552,5.289734,1.605805,4.966932,1.649211,2.096543,1.378951,1.130556,1.883807,1.781916,1.253374,1.317287,2.511770,1.601343,1.193122,1.423212,1.516352,1.178996,2.646627,1.986022,1.069469,2.003476,2.573896,0.000000,2.907006,1.908650,1.957738,4.163986,1.697046,6.196869,2.039500,1.547872,1.864740,3.248120,2.629839,1.014482,1.658865,2.478939,1.590912,1.925958,3.073885,1.363814,1.204289,3.672600,3.780233,3.404783,3.414178,2.701111,3.686838,3.326870,1.199685,1.061432,1.387136,1.669332,1.606627,2.602654,2.605596,1.623447,1.663178,1.713063,2.783771,2.843143,6.084450,1.598421,1.812237,1.731682,1.178387,3.089794,1.382405,2.453109,1.944847,1.890699,1.789804,2.119062,1.560110,1.835278,1.395893,1.607507,2.019868,1.562821,2.075850,1.764791,2.646728,2.308512,1.056433,1.175542,2.263537,1.880680,1.119246,1.652879,1.323382,4.051941,2.984032,2.467236,2.884235,2.376419,3.054557,2.075423,2.880902,2.015550,1.293642,2.499390
8.641647,4.974089,3.408773,4.640211,1.850784,3.698966,2.829652,1.850507,2.157939,4.714106,5.176293,4.649382,3.216317,7.692848,4.881046,7.762414,4.004090,3.825218,2.212606,1.819357,3.303775,3.184304,4.746971,4.352665,1.445618,7.384263,2.880421,6.538658,2.977443,3.810379,2.283232,2.003426,3.158295,2.679912,2.156681,2.256514,3.946222,2.867225,1.834546,2.489499,2.607487,1.901849,4.690288,3.233399,1.926835,3.607060,4.817280,2.873070,0.000000,2.827162,3.543621,5.264420,2.559749,6.711976,3.541624,2.839197,3.309118,5.017169,3.731308,1.196578,2.896689,4.899841,2.810951,2.901442,4.794367,2.200178,1.903908,5.400743,4.691765,5.327054,5.013220,5.224566,5.297185,5.137073,1.992998,1.533109,2.406477,2.585130,2.610924,3.470203,4.751251,3.142069,2.956616,2.965736,4.665472,4.685888,8.598983,2.643744,2.909195,3.162734,1.924427,4.354064,2.700029,4.141170,3.171980,3.237140,3.113719,3.155629,3.071456,3.170517,2.557774,2.997887,3.555479,2.593383,3.710328,3.253828,4.223662,3.513864,1.863698,1.829089,4.187077,3.546626,1.419362,2.843660,2.153798,5.355820,5.118759,4.610971,4.371059,3.897658,4.439066,3.196933,4.441423,3.652848,2.131274,4.036018
8.002695,3.598652,2.259053,3.411326,1.328317,2.206225,1.914901,1.327766,1.420550,3.313616,3.776397,3.173312,1.972260,6.406469,3.085220,6.127107,2.587309,2.632772,1.457923,1.096820,1.964013,1.951738,3.345000,2.765609,1.039170,5.322460,1.771782,5.147521,1.737643,2.217535,1.450993,1.223728,2.069599,1.736304,1.380754,1.428525,2.621498,1.782713,1.246469,1.445444,1.601206,1.337801,2.780215,1.968875,1.211159,2.061807,3.039789,1.709542,2.776951,0.000000,2.250801,3.908575,1.835721,5.693223,2.105641,1.807143,1.972033,3.589837,2.697722,0.947300,1.821809,2.995683,1.740799,1.912343,3.312832,1.418966,1.318647,3.779122,3.306580,3.256294,3.541626,3.251857,3.450941,3.747016,1.437799,1.119893,1.663017,1.672617,1.807832,2.500047,3.056435,1.811744,1.853422,1.906564,3.026222,2.809102,6.671328,1.639195,1.960998,1.918593,1.222450,2.931336,1.618750,2.580025,1.980951,1.847170,1.933529,2.008178,1.841237,1.945857,1.323013,1.686423,2.320644,1.711548,2.259846,1.986709,2.898613,2.322784,1.197434,1.189512,2.374660,2.186146,0.953739,1.804750,1.373201,4.557822,3.309943,3.059729,2.970174,2.540912,3.252859,2.086719,2.863952,2.266926,1.426036,2.657241
8.171534,4.152882,2.925105,4.200006,1.479170,2.959509,2.378867,1.398168,1.745788,3.572254,4.611024,3.836020,2.249967,7.581613,3.821171,6.963074,3.448800,3.382238,1.887240,1.317061,2.352657,2.678723,4.035380,3.277166,1.227248,5.909407,2.125747,5.952523,2.227557,2.891048,1.776237,1.454510,2.454845,2.348153,1.582268,1.619903,3.203562,2.064193,1.447856,1.745451,1.875316,1.441099,3.670366,2.434483,1.329078,2.559806,3.645463,1.997040,3.693185,2.228692,0.000000,4.995163,2.015207,6.892754,2.787463,2.077183,2.611032,4.325479,3.496107,1.040944,2.285768,3.399722,2.223810,2.768095,4.105262,1.862455,1.560701,5.023878,4.483884,4.080923,4.562164,4.009159,4.870074,4.396906,1.478968,1.260820,1.930575,2.136535,2.063504,3.250484,3.339554,2.360843,2.285658,2.244114,3.611317,3.628597,7.280737,2.088168,2.590076,2.329648,1.433309,3.797010,1.804350,3.279850,2.539302,2.283617,2.343038,2.701912,2.181770,2.210445,1.913159,2.220422,2.666418,2.049194,2.646458,2.230340,3.349442,2.976112,1.371301,1.432395,3.041041,2.772424,1.083586,2.125525,1.742065,5.235003,3.951172,3.656878,3.645922,3.058482,3.793110,2.648483,3.444311,2.677455,1.763166,3.169439
9.808750,6.493747,5.141258,6.203027,2.747241,5.083611,3.978325,2.594951,3.151091,6.128624,6.552942,5.965749,4.980112,8.109774,5.797210,8.661720,5.438130,5.190308,3.180196,2.251256,5.061502,4.672777,6.422305,5.793401,2.276892,7.830116,4.036087,8.068248,3.713400,5.020719,3.203541,2.703022,4.558206,3.893493,2.990545,3.054480,4.978631,3.949310,2.733725,3.585295,3.607177,2.891362,6.050100,4.513771,2.581814,4.852817,6.145624,4.044445,5.642604,3.881111,4.901058,0.000000,3.527291,7.772148,4.342389,3.870042,4.406243,6.578828,5.369539,1.712397,3.960336,6.524017,3.942918,4.001474,6.291162,3.058985,2.619223,6.654986,5.645001,6.713215,6.125088,6.325557,6.195723,6.555061,2.698899,2.219667,3.450309,3.586408,3.430528,4.902973,5.916157,4.494073,3.673144,4.096933,5.897080,6.048811,8.187966,3.655595,4.447471,4.680477,2.625221,5.960285,3.457297,5.584790,4.306781,3.859481,4.102834,4.145143,4.001035,4.313455,3.103957,3.973270,4.836553,4.022554,4.811933,3.865381,5.634839,4.989716,2.520763,2.458721,5.331220,5.086448,1.991884,4.089981,2.848090,7.299543,6.331101,6.446067,6.200307,5.812346,5.946121,4.812838,5.841791,5.260206,3.087394,6.122556
7.987139,3.882184,2.575682,3.624084,1.219227,2.458121,1.807180,1.199658,1.469978,3.634676,4.067952,3.527076,2.069405,6.492022,3.077124,6.359909,2.822620,2.843248,1.412931,1.091482,2.096181,2.341497,3.663374,2.955461,1.128178,5.678418,1.712182,4.878330,1.884302,2.214066,1.423087,1.163859,2.056952,1.712019,1.208294,1.298191,2.509207,1.675278,1.273723,1.491071,1.733192,1.363340,3.112564,2.131271,1.210088,2.089149,3.246181,1.819703,2.881477,2.038802,2.217258,4.090420,0.000000,5.676700,2.108677,1.632389,2.164206,3.785986,2.910509,0.938461,1.668004,3.306838,1.678996,1.960099,3.791502,1.466122,1.228496,4.245174,3.606107,3.847446,3.768655,3.501251,4.355014,4.106311,1.197632,0.967521,1.455911,1.650773,1.658879,2.735294,2.894791,1.966963,1.782285,1.874557,2.885736,3.486956,6.808681,1.545660,2.170603,1.806228,1.250050,3.780243,1.442069,2.994831,1.764438,1.671095,2.024867,1.852530,1.765865,1.835551,1.493441,1.748747,2.332862,1.804839,2.378285,1.985320,2.944909,2.197116,1.139963,1.183627,2.375829,2.234840,1.074660,1.692327,1.269318,4.599326,3.570858,3.093642,3.271649,2.993990,3.486408,2.330178,3.367823,2.327262,1.418259,2.865636
0.000000,7.718388,6.831404,7.926486,4.682252,7.098739,6.236028,4.393656,4.939093,7.677287,8.275422,7.786892,6.784651,9.330550,7.640481,0.000000,7.314728,6.868260,5.400576,4.228101,7.187973,6.503449,7.779226,7.428617,3.590833,9.138600,6.136877,9.034526,6.503296,6.961755,5.042054,4.858783,6.780992,6.368164,5.046486,4.852025,7.533077,5.946500,4.586350,5.246318,5.922772,4.565522,8.128821,6.639631,4.501460,6.879429,8.022834,6.256876,7.117049,6.126828,6.948279,8.349772,5.486290,0.000000,6.511119,5.976009,6.456458,8.402990,7.147140,3.064659,5.880232,8.575540,6.338308,6.248461,7.865965,4.980534,4.626026,8.300734,7.749625,7.928187,7.666817,8.426753,7.857225,8.052271,4.912800,3.731627,5.513743,6.132564,5.911312,7.036482,8.058219,6.358644,6.224051,6.078827,7.743458,7.833154,0.000000,5.825774,6.270533,6.771150,4.337639,7.356182,5.567073,7.815074,6.374411,6.051923,6.373584,6.536816,6.242547,6.596343,5.247431,6.309261,6.875427,6.159822,7.218778,6.178971,7.615055,6.844432,4.502018,4.384480,7.383468,6.414192,3.553030,6.249379,5.124088,8.436749,8.190050,7.390753,7.481463,7.532234,7.696462,6.395785,7.437888,6.769040,4.629376,7.377223
8.231455,3.598337,2.545052,3.265793,1.467630,2.661981,2.310854,1.566517,1.803347,3.142969,3.885936,3.470969,2.198863,6.741132,3.270508,6.319006,2.796834,2.780054,1.809610,1.437135,2.352205,2.269413,3.832458,2.923035,1.120565,5.873369,2.168767,5.426683,2.076409,2.758950,1.655573,1.471481,2.348165,2.549922,1.702618,1.664429,3.082685,2.122126,1.361482,1.781514,1.869914,1.493231,3.420353,2.425721,1.417783,2.577160,3.339635,1.951025,3.576111,2.139302,2.700504,4.366574,1.924446,6.285387,0.000000,1.996825,2.442883,3.968202,2.688071,1.028216,2.243899,3.278426,2.195802,2.340910,3.342339,1.537265,1.318906,4.400817,3.447893,3.681256,3.609711,3.316561,3.592789,4.071387,1.623740,1.282691,1.877081,2.151563,2.061058,2.859126,3.411855,2.287465,1.970423,1.952484,3.182197,3.272510,7.325796,2.205206,2.175045,2.250127,1.396189,3.488682,1.910889,3.162898,2.462504,2.339910,2.271018,2.433509,2.253877,2.409217,1.828799,2.113890,2.585626,1.879865,2.541441,2.131366,3.162947,2.924775,1.431837,1.457981,3.017834,2.703952,1.223829,2.036651,1.685094,4.490621,3.546472,3.120707,3.153391,2.726969,3.423554,2.488300,3.449519,2.563025,1.610010,3.053360
7.952252,3.546343,2.385540,3.245499,1.295470,2.238903,1.781349,1.174593,1.257266,2.963473,3.767569,3.273512,2.011619,6.503260,2.914001,6.031708,2.547483,2.819738,1.319609,1.139617,1.980296,2.013300,3.510593,2.743149,0.985899,5.591234,1.735835,5.370925,1.627557,2.129839,1.404600,1.151593,2.059917,1.714405,1.210761,1.216110,2.463088,1.639252,1.151169,1.406262,1.536306,1.198393,3.035097,1.892446,1.032032,2.090681,3.099734,1.568077,2.822121,1.728040,2.075830,3.853894,1.499290,5.565468,1.970639,0.000000,1.861636,3.388940,2.448954,0.846160,1.608290,2.945090,1.635222,1.774614,3.576835,1.405615,1.164624,4.012181,3.331016,3.214195,3.680152,3.304749,3.784600,3.726647,1.194803,1.017999,1.390325,1.449143,1.553703,2.542671,2.734057,1.701535,1.715975,1.776120,2.736688,2.762206,6.335493,1.447088,1.975139,1.814016,1.126013,3.035073,1.443120,2.545337,1.866828,1.708090,1.712985,1.806340,1.576757,1.608197,1.393901,1.553549,2.135252,1.553744,2.215409,1.693642,2.970785,2.201517,1.088938,1.126894,2.143857,2.069702,0.956146,1.627110,1.186662,4.212862,3.133332,2.709721,3.134104,2.420801,3.377280,2.277336,3.010758,2.378982,1.382599,2.515216
8.498453,4.196958,2.686926,4.050435,1.441733,2.776769,2.140051,1.435548,1.790073,3.665312,4.618478,3.541641,2.443161,6.870353,3.663946,6.756601,3.104650,3.225874,1.780709,1.269235,2.474500,2.476068,4.265550,3.079977,1.146860,6.270265,2.091430,5.760573,1.980959,2.511785,1.772688,1.387237,2.456821,2.152286,1.427822,1.656139,2.933388,1.933369,1.460027,1.726045,1.917249,1.397249,3.365719,2.407112,1.349041,2.522818,3.553974,2.026676,3.424924,2.113286,2.537863,4.627263,2.018189,6.460780,2.508049,2.033155,0.000000,4.434614,2.925032,1.003230,2.088887,3.387763,2.108920,2.372413,3.814360,1.640110,1.498227,4.623105,4.102852,4.174198,4.398025,3.609951,4.501643,4.213039,1.480593,1.222595,1.635810,2.007807,1.927220,3.054218,3.640421,2.093224,2.019041,2.255224,3.528831,3.174524,7.283641,2.028089,2.391938,2.331053,1.449052,3.679617,1.782523,3.099167,2.488955,2.273770,2.199214,2.356753,2.063533,2.169381,1.717766,1.964848,2.834507,2.026058,2.533019,2.303912,3.424088,2.840081,1.304304,1.365403,2.788723,2.599720,1.030627,2.096206,1.604948,5.004065,4.234385,3.522614,3.804258,3.033001,3.931759,2.576496,3.663970,2.711154,1.614769,3.142014
9.255620,5.900004,4.224441,5.404231,2.311493,4.881773,3.697159,2.214440,2.767445,5.359942,6.181965,5.582590,3.979842,8.233188,5.155703,7.609621,4.836397,4.883282,2.937356,2.120364,4.059117,3.977263,5.759365,4.990363,1.746723,7.372923,3.568521,7.240842,3.476501,4.599786,2.606232,2.492514,4.042474,3.683972,2.703795,2.914926,4.913924,3.575649,2.297959,2.954786,3.112462,2.364580,5.126870,4.064821,2.249678,4.107357,5.097216,3.199106,5.285810,3.621339,4.257530,6.493708,3.482480,7.814027,3.876363,3.255776,4.125386,0.000000,5.003881,1.464300,3.596947,5.170632,3.849392,3.853287,5.453288,2.831693,2.675524,6.393111,6.293115,5.913757,6.005509,5.429025,5.795421,6.260095,2.452971,2.055335,3.043119,3.535778,3.507836,4.520288,5.013286,3.459315,3.727033,3.507871,5.019705,4.845158,8.298614,3.476094,3.838708,3.908797,2.340362,5.646115,2.979431,5.071293,4.021300,3.651095,3.696500,3.842838,3.816815,3.899768,2.950690,3.676215,4.319815,3.049478,4.207412,3.570936,5.209507,4.771357,2.173752,2.252776,4.737429,4.374889,1.635017,3.335802,2.724316,6.366364,5.657268,5.010858,5.396379,4.276736,5.625880,4.183530,5.312785,4.515640,2.421816,4.717670
8.048380,3.972778,3.053331,3.852364,1.742482,3.299456,3.110934,1.799415,2.225287,3.397825,4.374788,3.814742,2.550218,7.155642,4.071221,7.265451,3.339667,3.341232,2.434165,1.822866,2.679403,2.779984,4.230012,3.303184,1.246817,6.735568,2.576277,6.162372,2.609140,3.709440,2.038207,1.957762,2.736967,3.153512,2.050976,2.192238,4.134666,2.731257,1.675505,2.284763,2.176844,1.780221,4.492773,2.978369,1.971637,3.333069,4.076577,2.571165,3.822440,2.741899,3.367295,5.198577,2.682771,6.931190,2.579438,2.488200,3.130479,5.159326,0.000000,1.136670,3.226392,4.328539,2.767984,2.661505,3.999342,1.904045,1.751441,4.620490,4.128292,3.981168,4.754410,4.067720,4.317938,4.276381,2.166350,1.609858,2.271570,2.607078,2.652750,3.063331,4.693283,2.689134,2.649702,2.441073,4.025025,4.033438,7.946808,2.874094,2.508566,3.084307,1.688492,3.905511,2.459679,3.657868,3.276667,3.031238,2.605537,3.211962,2.709477,2.998612,2.519612,2.940849,2.973053,2.251852,3.132860,2.961077,3.578594,3.730104,1.797129,1.937928,4.094873,3.231584,1.246482,2.412949,2.155225,5.399012,4.359497,3.764773,3.640229,3.232941,3.882060,2.571393,4.103321,2.973034,1.850926,3.510558
6.096976,1.422713,0.963794,1.306319,1.020023,1.116223,1.014429,0.915718,1.036522,1.250827,1.506844,1.135150,0.930974,3.441230,1.147090,2.589757,1.052988,1.108387,0.961596,1.003275,1.009006,0.970606,1.173829,1.120672,0.981560,2.204466,1.036766,2.125500,1.068254,0.924785,1.006507,0.997556,1.058538,1.012934,0.958135,0.870688,1.092151,0.955961,0.993363,1.017768,0.993427,0.949382,1.139847,0.939626,0.981347,0.977381,1.156748,0.963187,1.219089,0.970366,0.993466,1.688168,1.127453,2.798048,1.049317,1.033596,0.888813,1.366394,1.140220,0.000000,1.101244,1.135635,1.041722,0.990726,1.258367,1.085827,0.955170,1.509246,1.357447,1.313301,1.396343,1.279668,1.507461,1.506873,1.019082,0.887435,1.049095,1.046704,0.992497,1.119242,1.136996,0.997596,0.980610,0.948520,1.134512,1.179469,3.078263,0.882947,0.971162,1.045483,0.974683,1.178853,0.950571,1.143469,0.974055,0.931984,1.007323,0.916425,1.042860,0.964815,0.943457,1.043785,0.965329,0.925220,1.037013,0.914417,1.001263,0.914920,1.021893,0.937113,0.907547,0.935647,1.020372,1.038862,0.977650,1.659542,1.401888,1.130070,1.214394,1.048651,1.294065,1.022288,1.268170,0.967721,1.013388,1.127637
8.466745,4.286783,2.646923,4.069927,1.249916,2.562526,1.780180,1.256007,1.460109,3.662101,4.653458,3.810745,2.321581,7.122791,3.458684,6.170892,3.030912,3.062441,1.420412,1.134012,2.281455,2.615571,4.185030,3.250224,1.235696,5.800116,1.740075,5.624450,1.986533,2.283432,1.427328,1.241031,2.513020,1.618513,1.180688,1.349604,2.461742,1.748659,1.320738,1.343807,1.742032,1.321501,3.053826,2.218503,1.211153,2.170133,3.441073,1.718983,2.891492,2.057785,2.305654,4.173549,1.656371,5.798770,2.396933,1.741115,2.079737,3.873268,3.264583,1.071261,0.000000,3.465983,1.698493,2.289895,3.999620,1.586577,1.202109,5.041918,4.221652,4.064535,4.171700,3.740697,4.819455,4.420826,1.172221,1.089449,1.599017,1.724863,1.758307,2.928868,2.823317,1.962056,1.797382,2.052019,2.953292,3.499290,6.805821,1.643036,2.259556,1.864225,1.331486,3.737822,1.527759,3.134846,1.948603,1.615495,2.080309,1.986724,1.800474,1.989193,1.483016,1.717875,2.434479,1.944459,2.726871,1.799250,3.661698,2.318897,1.170510,1.176965,2.558041,2.417150,0.979300,1.869579,1.323390,5.032190,3.731581,3.472971,3.646766,3.164612,3.840057,2.599996,3.641748,2.639731,1.667656,2.993776
8.356200,4.765504,3.578434,4.360704,1.765589,3.378664,3.066810,1.818723,2.301709,4.023700,5.217866,4.776290,2.779236,7.847103,4.332579,7.122458,3.615311,4.115666,2.488501,1.953991,2.682747,2.855618,4.876399,3.640010,1.324522,6.641653,2.601385,6.080119,2.634270,3.520766,2.021829,1.889628,2.993428,3.107630,1.989286,2.360615,4.665690,2.740911,1.708356,2.535272,2.142447,1.749333,4.103001,2.992544,1.663130,3.038034,3.376751,2.488175,4.900870,3.040471,3.196923,6.227076,2.925739,8.383253,3.458576,2.938576,3.456180,5.122168,4.452282,1.126381,3.303690,0.000000,2.819161,3.172167,4.089567,2.062865,2.090954,5.327830,6.067110,4.555557,4.864657,4.451154,5.209675,4.882525,2.135325,1.592161,2.367817,2.695252,2.678213,4.067974,3.791266,2.875619,2.932018,2.837908,4.242372,4.325396,8.118329,3.211174,2.920661,2.644090,1.864819,4.241694,2.514640,3.786104,3.510241,3.564484,2.641092,3.658887,2.795045,2.814374,2.496239,2.449167,3.263397,2.276309,3.291416,3.249449,3.686542,3.718199,1.886243,1.905158,4.078960,3.444098,1.412989,2.689383,2.239284,5.337717,4.330744,3.759060,4.369788,3.324599,4.817841,3.009267,4.344590,3.036991,1.902254,3.449118
8.559128,4.119707,2.569159,3.665805,1.238407,2.349275,1.628158,1.181816,1.526925,3.494798,4.366339,3.266269,2.115317,6.459919,3.078552,6.498216,2.652211,2.690824,1.484951,1.139416,2.104378,2.485798,3.922465,2.906697,1.082486,5.739355,1.780030,5.292956,1.679054,2.272112,1.436804,1.167628,2.135471,1.620813,1.243386,1.293981,2.535265,1.716118,1.346090,1.510144,1.645921,1.261680,3.151580,2.068755,1.152428,2.108251,3.140526,1.564737,2.897266,1.980857,2.133533,3.925782,1.600640,5.884077,2.292367,1.764822,2.033046,3.867271,2.728411,0.963714,1.689385,2.755886,0.000000,1.985960,3.682102,1.436901,1.435990,4.311728,3.843770,3.510843,3.962647,3.659872,4.084509,4.145155,1.127183,0.986983,1.486843,1.676864,1.662959,2.738652,3.004976,1.969539,1.896627,1.920528,2.745664,3.050290,6.790519,1.722778,2.124926,1.869361,1.219993,3.377893,1.440095,2.866262,1.824938,1.834600,1.853513,1.981597,1.704495,1.899209,1.421935,1.740775,2.141580,1.831662,2.307968,1.862951,3.104722,2.227185,1.101587,1.234707,2.582066,2.282625,0.956386,1.867507,1.349355,4.462307,3.672111,3.147033,3.373462,2.698591,3.377735,2.487149,3.211596,2.370436,1.492887,2.886240
8.090796,3.623979,2.596602,3.415988,1.344674,2.507287,2.000667,1.229769,1.587847,3.149122,4.047702,3.256635,2.021941,6.133498,3.234295,6.487057,2.955891,2.570629,1.667380,1.278051,2.165295,2.203100,3.532002,2.730337,1.101869,5.698927,1.999349,5.041302,1.875613,2.601762,1.570220,1.345592,2.171792,2.245002,1.510607,1.586143,2.838956,1.943818,1.243350,1.844512,1.737655,1.334896,3.387709,2.335939,1.357268,2.365621,3.244739,1.861005,3.214950,2.091324,2.657931,4.200563,1.863803,6.466126,2.380709,1.926745,2.452895,3.879913,2.627997,1.031823,2.141299,3.153681,1.996868,0.000000,3.361292,1.497986,1.420215,4.241039,3.513114,3.685495,4.031234,3.726060,3.750913,3.698399,1.512403,1.153778,1.622487,1.917767,1.757791,2.541471,3.504359,2.223334,1.934360,1.894175,3.128754,3.091014,7.106336,1.934526,2.147872,2.124651,1.314180,3.165809,1.847140,2.737952,2.133218,2.170251,1.964868,2.227946,2.055497,2.137652,1.609198,2.097356,2.368600,1.664984,2.350726,2.086153,2.936000,2.666323,1.257289,1.266622,3.003994,2.450667,1.043772,1.809449,1.493074,4.177030,3.466389,3.103386,3.246775,2.491134,3.420863,2.188378,3.310508,2.374325,1.396421,2.978038
9.038361,5.106431,3.780128,4.838419,2.091183,3.801149,3.753826,2.207781,2.741292,4.389474,5.247393,4.702504,2.863436,7.196374,4.987991,7.804855,3.983175,3.784090,3.045867,2.346596,3.002089,3.108372,4.865245,3.948719,1.510409,6.965702,3.160603,6.250234,3.041204,4.512934,2.615854,2.390180,3.354929,4.186554,2.491807,2.695985,4.854307,3.359938,2.043559,2.997712,2.585639,2.147983,4.888412,3.412506,2.177352,3.633250,4.217591,2.924555,4.992353,3.217162,4.112269,6.141640,3.545544,8.018974,3.303419,3.499183,3.818402,5.891959,4.064535,1.164711,3.702983,4.264577,3.542063,3.428118,0.000000,2.453005,2.340907,5.869168,5.395511,4.931770,4.620267,4.793739,4.786399,5.013145,2.897915,2.052226,2.619956,3.525596,3.518894,3.733293,4.906114,3.493480,3.289496,3.003325,4.806212,4.651238,8.198482,3.701931,3.244434,3.088916,2.191551,4.549127,3.006789,4.584611,3.933305,4.047029,3.287884,4.111591,3.633015,3.488900,3.001523,3.340691,3.476707,2.935902,3.852595,4.022379,4.298077,4.333854,2.159072,2.267639,4.737291,3.929558,1.543273,3.175380,3.171992,5.608250,4.866172,4.349104,4.363856,3.963322,4.761346,3.197248,4.769280,3.469959,2.327718,3.939336
7.064989,2.588815,1.788543,2.203900,1.056620,1.878442,1.461935,1.036139,1.301008,2.182488,2.603163,2.389515,1.599240,4.912583,2.492038,4.858784,1.953450,1.822474,1.259635,1.070054,1.739818,1.640515,2.493670,1.965900,1.026750,4.213331,1.418111,3.956482,1.439560,1.860099,1.233655,1.039630,1.496446,1.522714,1.109474,1.226319,2.184302,1.550001,1.025570,1.288098,1.349117,1.055510,2.438779,1.722818,0.998666,1.772775,2.209775,1.407303,2.234902,1.549165,1.827816,3.022135,1.440284,5.038627,1.567762,1.358354,1.618413,2.893309,1.900555,0.966328,1.539954,2.233855,1.386861,1.561970,2.351545,0.000000,0.972798,2.861694,2.434763,2.675911,2.482235,2.515619,2.609362,2.567532,1.182544,1.038211,1.205107,1.484583,1.337934,1.869582,2.567229,1.569792,1.440283,1.460256,2.253806,2.241903,6.050687,1.398417,1.360702,1.634575,1.094311,2.191720,1.351534,1.931225,1.620540,1.671723,1.388734,1.623337,1.502532,1.624006,1.367349,1.390977,1.753535,1.230369,1.735330,1.655168,2.072469,2.058209,0.945633,1.020899,1.979596,1.779742,1.004671,1.346374,1.138638,3.129287,2.569102,2.111489,2.247053,1.953950,2.264334,1.563863,2.269765,1.657071,1.108646,1.943862
6.951296,2.520857,1.676536,2.327005,1.014777,1.664753,1.327976,0.977634,1.082890,2.234520,2.804910,2.228876,1.420337,5.505430,2.103409,4.961694,1.838001,1.714138,1.014369,0.942486,1.438770,1.563089,2.325408,1.883810,0.954422,4.255403,1.290943,3.444054,1.275244,1.709625,1.006007,0.972057,1.446744,1.396873,1.019270,0.959978,1.779517,1.314088,0.964986,1.025811,1.179970,0.995548,2.071941,1.575077,0.989601,1.477783,2.188476,1.222744,2.054110,1.435662,1.597197,2.773876,1.094089,4.336091,1.412303,1.228012,1.537148,2.730375,1.791130,0.897751,1.195958,2.141782,1.277391,1.467362,2.418722,1.061583,0.000000,3.142132,2.452868,2.339195,2.370618,2.341313,2.609588,2.514455,0.996380,0.945370,1.135519,1.264013,1.236770,1.849310,1.998661,1.357087,1.268930,1.318921,2.057364,2.078956,5.476165,1.235505,1.380056,1.407413,1.089549,2.239427,1.110808,1.979124,1.347171,1.271046,1.362015,1.448551,1.239052,1.419529,1.158327,1.316579,1.562514,1.139102,1.650419,1.379637,1.917426,1.765618,0.990297,0.930111,1.654138,1.554424,0.973087,1.196477,1.034961,3.113900,2.313207,2.077318,2.129339,1.761161,2.498477,1.474412,2.281671,1.605711,1.182901,1.903023
9.119549,5.651678,4.696525,5.654712,2.831857,5.275334,4.799339,2.887233,3.320013,5.151040,5.816118,5.432299,3.696052,8.084061,5.846866,8.163445,4.940213,4.761069,3.895379,3.335392,4.271730,4.105939,5.705599,5.149177,1.990125,7.560678,4.144732,7.933971,3.862683,5.688792,2.954058,3.210710,4.206446,5.036902,3.460199,3.393382,5.970512,4.462441,2.727817,4.128576,3.624664,2.885200,5.909683,4.814690,2.879246,5.121282,5.467909,3.884162,5.628950,3.944410,5.182273,6.730483,4.354639,7.865334,4.586502,4.196801,4.550272,6.670161,4.825679,1.707210,5.219155,5.568867,4.349026,4.159080,5.851054,3.029360,3.233766,0.000000,5.817122,5.478255,5.875088,5.765315,5.919998,6.195506,3.613963,2.675829,3.705829,4.418114,4.565137,4.567287,6.112438,4.482011,4.088319,4.190094,5.766669,5.385668,8.683166,5.039898,3.798906,4.604760,2.777499,5.230615,4.045600,5.390230,5.232558,4.967897,4.223688,5.108941,4.912785,4.694828,4.067230,4.572863,4.558490,3.865739,4.585758,4.912610,4.974349,5.557768,3.215727,2.865907,5.867365,4.731387,2.131034,3.937525,3.822035,7.125240,5.975081,5.733204,5.080071,4.886155,5.556211,3.677857,5.479507,4.040405,2.683391,5.360465
8.678206,4.995202,4.107653,4.891852,2.331493,4.830276,3.626600,2.181026,2.803805,4.797211,5.343088,5.207557,3.645585,7.728203,5.270088,8.515889,4.393680,4.052697,2.869581,2.201477,4.501686,3.767585,5.554586,4.648894,1.713699,7.411530,3.392514,7.134980,3.790635,4.584858,2.932794,2.444197,3.920732,3.954798,2.573000,2.700183,4.693254,3.658073,2.330407,3.223032,3.533801,2.405463,5.484849,3.910998,2.414791,4.739842,5.837454,3.822078,4.793274,3.342231,4.399843,5.361172,3.132904,7.354371,3.636303,3.298445,4.075512,6.190586,4.130751,1.387640,4.220632,6.063897,3.729279,3.293150,5.086083,2.290252,2.415181,5.565689,0.000000,5.713790,5.392108,5.238662,4.814424,5.648688,2.710924,2.077430,2.956857,3.388495,3.143958,3.881902,6.000671,3.827342,3.170145,3.386550,5.388635,5.519728,8.132018,3.787062,3.355862,4.192403,2.277175,4.847833,3.332321,4.620441,4.111282,3.769514,3.617381,3.637000,3.901894,4.190798,3.150853,3.538908,4.264480,3.413188,4.305917,3.710351,4.524402,4.442619,2.090340,2.059790,5.220252,4.273112,1.751524,3.363319,2.682112,6.423320,5.582111,5.180548,5.010594,4.398560,5.058933,3.274459,5.151569,4.154656,2.316401,4.789020
8.671162,5.077114,3.691161,4.513284,2.283636,4.316272,3.748674,2.283969,2.930304,4.689866,5.325674,4.695268,3.064497,7.643345,4.989845,7.800662,3.986518,4.031446,3.282792,2.501036,3.335386,3.283857,4.996025,4.583546,1.624435,7.385123,3.413864,7.104526,3.507645,4.448161,2.567655,2.488115,3.694317,4.567800,2.650649,2.703670,5.573075,3.461164,2.080183,3.141110,2.821877,2.300966,5.146156,3.514943,2.257397,4.236836,5.043450,3.383085,5.429195,3.302500,4.154268,6.315957,3.462596,7.404764,3.722685,3.229051,3.924494,5.813539,4.018983,1.411656,3.949863,4.875102,3.737697,3.664816,4.967076,2.714132,2.391512,5.341808,5.355592,0.000000,5.811578,4.874015,5.090103,5.681051,2.586511,1.980989,2.861345,3.510992,3.483597,4.196893,5.765515,3.542240,3.375516,3.038222,4.794349,4.628526,8.285589,4.236969,3.080591,3.805900,2.083774,4.741877,3.226135,4.792872,4.178881,4.505317,3.191958,4.495839,3.801471,4.064839,3.042253,3.555284,3.489532,2.717728,3.818613,4.131603,4.537140,4.482877,2.394724,2.252931,4.770592,3.952881,1.610248,3.177327,3.265286,5.860476,4.725978,4.323945,4.262609,3.807583,4.917077,3.473136,4.577427,3.366047,2.393489,4.344590
8.656647,5.523339,4.060932,4.991781,2.425436,4.589273,4.082221,2.489247,2.990735,4.857012,5.493695,5.480889,3.462829,7.693390,5.282919,7.932616,4.519019,4.590203,3.349914,2.640038,3.715344,3.605162,5.466004,4.409162,1.718393,7.516666,3.659592,7.072054,3.912527,4.651619,2.871713,2.767452,3.957446,4.491177,2.792916,3.163653,5.158538,3.625287,2.111443,3.250987,2.941470,2.473207,5.241606,4.126800,2.306890,4.307772,5.171998,3.376258,5.256071,3.881362,4.560909,6.067719,3.721473,7.402722,3.784182,3.692653,4.375764,5.899498,4.865823,1.353926,4.191458,5.050544,3.943512,3.885343,4.698783,2.617908,2.518162,5.629898,5.365624,5.639045,0.000000,5.035923,5.099090,5.867676,2.910057,2.185004,2.960986,3.721203,3.939264,4.135312,5.370461,3.739135,3.419470,3.359233,5.041776,5.084730,8.381184,4.060723,3.178635,4.045952,2.642907,4.718729,3.454755,4.989454,4.661034,4.259030,3.656710,4.676241,3.925109,3.980795,3.189686,3.790572,4.016542,3.145761,4.176307,4.184043,4.261957,4.788491,2.517450,2.547487,5.178568,4.105619,2.024606,3.366615,3.029663,6.583943,5.241036,4.640406,4.696467,4.251883,5.087729,3.752915,5.134523,3.851928,2.571944,4.795498
8.845421,4.933928,3.775721,4.617203,2.138770,4.322307,3.722603,2.203420,2.875113,4.242512,5.213620,5.008480,3.222565,7.731018,4.773912,7.542074,4.166848,4.178012,3.131379,2.248997,3.433682,3.016179,4.738106,4.131814,1.563729,7.319544,3.397361,6.680621,3.127517,4.251516,2.532654,2.487491,3.505278,4.298138,2.852912,2.813222,4.896777,3.073990,1.923582,2.748448,2.739173,2.196833,4.842523,3.527713,1.896720,3.817709,4.454336,2.782602,5.323204,3.325458,4.003080,6.046393,3.272169,7.804742,3.338905,3.066569,3.671857,5.435745,4.074904,1.290502,3.846771,4.596819,3.585685,3.732277,4.924351,2.367101,2.322856,5.658074,5.274073,4.917903,5.255063,0.000000,5.336682,5.395994,2.719315,1.829410,2.687341,3.440401,3.491187,3.931129,4.892389,3.347186,3.404140,3.134156,4.538026,4.642455,7.939554,3.781779,3.136792,3.388396,2.087739,4.476380,3.006888,4.439296,4.119022,4.148431,3.030093,4.333699,3.489166,3.662125,2.980548,3.461929,3.753560,2.757547,3.623986,3.724156,4.141440,4.526660,2.417230,2.230285,4.579706,3.792833,1.543761,3.031264,3.083653,5.791918,4.825525,4.291863,4.357030,3.887281,4.553899,3.353421,4.285322,3.443798,2.126461,4.204970
9.239050,5.078222,4.098117,4.711207,2.424067,4.918389,4.422279,2.633765,3.132050,4.837186,5.399318,5.159143,3.398593,7.667820,4.949618,8.074388,4.239535,4.180563,3.486546,2.940741,3.829460,3.638676,5.746197,4.728427,1.810016,7.447670,3.552083,6.943021,3.706039,5.142884,2.725944,3.028462,4.013002,4.886264,3.060387,3.042696,5.743604,3.876144,2.304398,3.628098,3.147027,2.538408,5.576697,4.249414,2.716888,4.886479,5.476461,3.715064,5.270031,3.620976,4.866065,5.970130,4.159220,7.617360,3.705589,3.770350,4.584640,5.684663,4.311584,1.513396,4.782610,5.395912,4.146957,3.738016,5.020184,2.707873,2.737959,5.895935,4.833063,5.254580,5.337957,5.251929,0.000000,5.363929,3.077242,2.387224,3.191817,3.751352,3.803520,3.953059,6.106942,3.963490,3.783700,3.566480,5.342764,5.148628,8.896529,4.669244,3.234441,4.209120,2.413082,4.838416,3.799233,4.648042,4.763121,4.746808,3.634435,4.551907,4.389906,4.123804,3.520752,3.787633,3.954610,3.140200,4.142207,4.209416,4.651570,5.099140,2.626912,2.602938,5.423700,4.477054,1.805423,3.706572,3.342735,6.266506,5.468512,4.853027,4.847023,4.076562,4.707126,3.626775,5.156618,4.192332,2.343978,4.789748
8.667076,5.149527,4.027907,4.864969,2.418998,4.324128,4.226899,2.538326,2.988769,4.700467,5.367458,5.021681,3.189234,7.188329,4.925809,8.025717,4.508312,4.207203,3.444572,2.649840,3.635209,3.336877,5.085807,4.553586,1.623387,7.301467,3.672345,6.467779,3.479535,5.108184,2.723204,2.504530,3.718207,4.301442,2.867883,3.096341,5.821285,3.532837,2.144000,3.157071,2.869477,2.270426,5.072181,3.966283,2.350031,4.317234,4.910381,3.386053,5.210682,3.772514,4.330554,6.433326,3.693865,7.827183,4.122658,3.743768,4.200761,6.010972,4.247404,1.497853,4.461520,4.651753,4.044549,3.326063,4.877292,2.449176,2.427193,5.780042,5.722271,5.265551,5.651554,5.006001,5.180977,0.000000,3.057205,2.122466,2.970045,3.536808,3.714758,3.927730,5.216047,3.763942,3.473302,3.298088,5.289176,5.078999,8.185539,4.243207,3.395289,3.695801,2.386765,4.552744,3.484947,4.676721,4.237527,4.409054,3.659936,4.527857,4.145431,3.911853,3.376084,3.788796,3.695755,3.079558,3.934665,4.015915,4.666041,4.813784,2.453641,2.503177,5.316675,4.158291,1.841966,3.459868,3.048101,6.308031,5.002456,4.990429,4.639226,4.299907,5.171654,3.165889,5.018159,3.697778,2.461057,4.520545
7.432409,3.018483,2.032293,2.820446,0.967161,1.731874,1.245553,0.898472,1.090285,2.826630,3.414503,2.719265,1.732021,5.788267,2.354311,5.157226,2.189465,2.314771,1.152840,1.069165,1.550809,1.718847,2.887715,2.137692,0.930564,4.352691,1.231388,4.173396,1.402135,1.604544,1.037724,1.089143,1.580703,1.315853,0.973108,1.023141,1.804821,1.300036,1.021279,1.025083,1.269406,1.035543,2.198761,1.415655,0.979909,1.602693,2.217137,1.172364,1.969977,1.469825,1.541623,2.869156,1.089840,4.489419,1.601822,1.201208,1.554983,2.516889,2.029242,0.910201,1.139925,2.308390,1.249119,1.603647,2.944283,1.146303,1.060245,3.692150,2.895327,2.728685,3.047902,2.576373,3.310943,3.253472,0.000000,0.838171,1.082413,1.234166,1.185501,1.903588,2.089316,1.408450,1.350508,1.524795,2.199493,2.395578,6.019137,1.235805,1.749987,1.398760,1.023796,2.642463,1.021741,1.983883,1.363618,1.251088,1.471893,1.355561,1.215764,1.349268,1.103293,1.375930,1.736764,1.355214,1.769515,1.284351,2.314768,1.628500,1.001766,0.965606,1.838279,1.733197,0.932072,1.334325,1.013674,3.596408,2.815578,2.506508,2.642637,2.089526,2.527930,1.916274,2.380905,1.715874,1.127012,2.149318
6.982779,2.164717,1.484093,2.079148,1.061110,1.477865,1.035998,0.968399,1.094647,1.916254,2.488793,1.931634,1.216810,4.624854,1.699085,4.024469,1.540442,1.553405,1.041430,1.079054,1.283062,1.274004,2.155900,1.613544,0.933813,3.429211,1.061046,2.876859,1.075520,1.309603,1.137424,0.988287,1.233843,1.037546,0.992367,1.026603,1.441845,1.078803,1.036125,1.015902,1.044995,0.997215,1.632632,1.251767,1.012973,1.183466,1.860189,1.056083,1.612980,1.181428,1.379451,2.175169,1.012490,3.601240,1.227819,1.077647,1.259991,2.034608,1.534634,0.929747,0.988102,1.713015,1.134858,1.247256,2.101707,1.085467,0.984860,2.697728,2.045856,2.071111,2.306110,2.038061,2.373470,2.331180,1.056372,0.000000,0.979622,1.024732,1.037649,1.614344,1.671640,1.092421,1.115896,1.219394,1.822283,1.951040,4.838434,0.956254,1.312353,1.182802,1.040276,1.911450,1.019388,1.556016,1.107388,1.046478,1.155011,1.186104,1.007339,1.205895,0.979193,1.172342,1.297203,1.069923,1.272044,1.165214,1.720082,1.336905,1.038768,0.980049,1.303699,1.305156,1.053291,1.009712,1.092119,2.701361,1.947755,1.954220,1.956082,1.615685,1.949648,1.494519,1.967188,1.421946,1.000828,1.680062
7.542801,2.867366,1.992150,2.463153,1.024016,2.040795,1.601851,1.029469,1.216539,2.417590,3.075325,2.534638,1.500972,5.555526,2.335457,5.406437,2.102174,2.000064,1.262028,1.048940,1.797363,1.598304,2.705071,2.155551,1.022707,4.675582,1.388969,4.357928,1.518002,1.928257,1.108604,0.969225,1.651988,1.470619,1.085605,1.129755,2.152255,1.379232,1.075634,1.345465,1.374799,1.029768,2.501642,1.682289,1.065545,1.651040,2.266434,1.463006,2.439670,1.629882,1.806989,3.348209,1.402772,5.043082,1.881713,1.355210,1.643413,2.967419,2.170282,0.931700,1.503430,2.380157,1.456729,1.641864,2.565532,1.134592,1.108489,3.523111,2.779304,2.673806,2.816577,2.592509,3.055183,3.215993,1.025820,1.093312,0.000000,1.504671,1.404450,2.163167,2.443230,1.592419,1.572526,1.460315,2.308461,2.338571,5.818606,1.423992,1.575580,1.707560,1.102795,2.642936,1.248812,2.322538,1.651022,1.524535,1.422976,1.611364,1.367866,1.680540,1.200308,1.453867,1.694968,1.340573,1.905264,1.572545,2.449749,2.028977,0.952755,1.028488,2.002436,1.803247,1.079247,1.532204,1.203559,3.541263,2.619285,2.484420,2.506324,2.001983,2.463058,1.753376,2.451731,1.785740,1.181988,2.306629
8.366147,3.496743,2.301650,3.323023,1.226988,2.370483,1.692786,1.119570,1.327161,2.992928,3.947106,2.849025,1.951900,6.324244,2.750013,5.935627,2.700727,2.446740,1.328136,1.075921,1.825241,2.266164,3.387036,2.731864,0.983939,5.330078,1.642525,4.628583,1.692729,2.152335,1.369896,1.158837,1.989952,1.506782,1.221946,1.332944,2.365102,1.636720,1.204201,1.386074,1.555804,1.238448,2.917495,1.886818,1.090036,2.080949,2.988656,1.610441,2.582595,1.767724,2.208614,3.662972,1.579449,6.059050,2.069817,1.473500,1.964213,3.566656,2.650727,1.075370,1.702677,2.763843,1.604787,1.839532,3.422937,1.365718,1.292194,4.263330,3.467120,3.417475,3.697891,3.407801,3.624482,3.719669,1.205373,1.112102,1.462104,0.000000,1.532344,2.383667,2.663975,1.668863,1.737862,1.807875,2.819885,2.947459,6.405135,1.584720,2.067702,1.897755,1.157380,3.093229,1.581902,2.408177,1.684807,1.773261,1.819019,1.831793,1.769534,1.781552,1.339466,1.612708,1.954702,1.498520,2.267590,1.765725,2.814377,2.146280,1.109139,1.019934,2.347686,2.312139,1.033826,1.662335,1.200586,4.347677,3.443190,2.977537,3.127390,2.561566,3.543191,2.289495,3.036152,2.156225,1.335999,2.683727
7.820799,3.521176,2.383699,3.227592,1.106227,2.048543,1.577517,0.992104,1.164932,2.817862,3.601000,3.047297,2.015084,6.385296,2.687732,6.099030,2.546523,2.599184,1.326234,1.123570,1.969836,2.130282,3.523887,2.542785,0.938846,5.008998,1.572639,4.984297,1.518958,1.961939,1.262160,1.039718,2.014440,1.558659,1.108531,1.156287,2.301177,1.533000,1.168178,1.275313,1.530861,1.107214,2.805695,1.817857,1.086258,1.961073,2.708773,1.532570,2.457453,1.796017,1.928983,3.454762,1.516568,5.292329,2.051078,1.430641,1.865115,3.389895,2.531743,0.948951,1.568744,2.678643,1.605839,1.630906,3.391826,1.336346,1.181139,4.410916,3.077940,3.442178,3.720464,3.350217,3.680487,3.835110,1.120970,1.061855,1.311103,1.518792,0.000000,2.416746,2.623424,1.688481,1.662251,1.720646,2.537486,3.237567,6.443370,1.512809,2.019166,1.643731,1.163937,3.042441,1.297428,2.627095,1.727763,1.529658,1.884765,1.691244,1.579698,1.716513,1.290374,1.535792,2.123357,1.561376,2.068547,1.645391,2.630645,2.191619,0.985488,1.031581,2.058388,2.039297,1.032997,1.621258,1.153299,4.091906,3.241531,2.994014,2.836980,2.307818,3.255239,2.234316,2.995431,2.187198,1.323640,2.456383
8.308366,3.804950,2.809441,3.463187,1.740605,3.285780,2.729868,1.689528,1.936463,3.680955,3.852506,3.828092,2.404547,6.762182,3.821101,6.614137,3.318792,2.825059,2.249837,1.784627,2.933558,2.604554,4.143601,3.163944,1.264794,6.524485,2.446463,5.813905,2.488305,3.780283,2.175539,1.805894,2.657208,3.046972,2.059393,2.113778,3.713444,2.653287,1.567381,2.384638,2.170788,1.681241,3.851882,2.939851,1.738740,3.409661,4.250834,2.592358,3.636594,2.607739,3.234176,4.743638,2.646536,6.738007,2.842420,2.511875,3.202980,4.625445,3.196103,1.093663,3.035410,4.176105,2.796649,2.603609,3.656021,1.783875,1.858102,4.554192,3.961518,4.165401,4.162333,3.811231,4.155575,4.019209,1.929121,1.513456,2.171009,2.623338,2.579652,0.000000,4.043085,2.814225,2.505105,2.488820,3.771226,3.844547,7.833655,2.712591,2.561579,2.837309,1.726844,3.644468,2.260477,3.476165,3.058017,2.912175,2.509512,3.076712,2.952234,2.917377,2.420904,2.749234,2.783717,2.199201,2.939143,2.714298,3.298575,3.628874,1.780780,1.696739,3.766235,3.104313,1.225350,2.312015,2.155474,5.186963,4.180939,3.618422,3.553650,3.052043,3.764930,2.284629,3.883562,2.721498,1.838262,3.519791
0.000000,5.206381,3.604230,4.961415,1.914710,3.611236,2.817533,1.724469,2.252183,4.668648,5.790428,5.114419,3.010843,8.072109,4.652181,7.190134,4.132543,4.279821,2.424301,1.831496,2.929789,3.308095,5.071049,4.278856,1.390619,6.898778,2.693362,6.948596,2.729512,3.813363,1.977715,1.971909,3.265851,3.142024,2.176381,2.299532,4.311452,2.610765,1.774643,2.424584,2.353600,1.911926,4.334234,2.994405,1.769830,3.328881,4.141690,2.539942,4.681377,3.081578,3.294597,6.310881,2.781625,7.789478,3.431131,2.781911,3.444046,5.075559,4.529791,1.119877,2.807755,3.809454,2.938850,3.372288,5.018419,2.410149,1.960520,5.815813,5.838839,5.597847,5.125384,4.577361,5.801437,5.273133,2.022159,1.634112,2.499823,2.623237,2.727033,4.102432,0.000000,2.995023,2.899615,2.958955,4.404089,4.668715,8.040274,2.732869,3.249771,2.712814,1.850848,5.053173,2.286940,4.390376,3.379097,3.188393,3.172206,3.595202,2.801126,2.993193,2.346846,2.822542,3.324499,2.575377,3.459288,2.890561,4.670210,3.965939,1.716064,1.860933,4.104138,3.739544,1.414010,2.837666,2.191462,6.166112,4.870308,4.654600,4.571714,3.770270,5.043279,3.440110,4.814313,3.524275,1.843587,3.960859
8.351109,3.898847,2.306730,3.516974,1.336739,2.640398,1.870690,1.391963,1.457737,3.345323,3.831145,3.111840,1.960079,6.730519,3.127992,6.433951,2.650474,2.677015,1.621190,1.170012,2.039332,2.109343,3.303308,2.570893,1.068378,5.879659,1.828680,5.028468,1.876097,2.389756,1.451147,1.184297,2.092055,1.956887,1.398834,1.462796,2.758318,1.748608,1.208123,1.495168,1.649556,1.339688,2.863841,2.098160,1.167105,2.196743,2.828161,1.605292,3.268908,1.927529,2.436585,4.318771,1.695904,6.171000,2.187338,1.740784,2.093801,3.548091,2.659466,1.015158,1.986404,3.018260,1.899712,2.219807,3.294416,1.513600,1.306585,4.250251,3.731942,3.411775,3.526107,3.373904,3.873193,3.925904,1.291658,1.066018,1.632271,1.803909,1.776998,2.691612,3.016850,0.000000,1.913655,1.995000,2.905441,2.961959,6.593054,1.899110,1.997868,1.934869,1.201110,2.904375,1.550168,2.802242,2.134279,2.032932,1.999673,2.319463,1.867788,1.953073,1.472604,1.713884,2.354511,1.577251,2.269867,1.955756,2.868130,2.411582,1.202644,1.118327,2.566217,2.281857,0.917598,1.794717,1.451438,4.326198,3.500775,2.969735,2.951856,2.510116,3.617308,2.224739,2.997650,2.404444,1.450730,2.632528
7.598402,3.418678,2.492135,3.467763,1.254458,2.209381,1.881646,1.206892,1.564836,3.006566,3.604568,3.235046,1.940700,5.935266,2.956144,6.362282,2.762588,2.410307,1.537909,1.188208,2.178617,2.080201,3.404044,2.821851,1.041125,5.725418,1.772788,5.058942,1.749611,2.544694,1.543335,1.236715,2.084044,2.017892,1.236762,1.483812,2.580191,1.718035,1.250703,1.527542,1.722817,1.332499,2.972714,2.036590,1.212939,2.159842,3.057702,1.703147,3.032436,2.033885,2.329280,3.712830,1.629519,6.006477,2.071578,1.825643,2.077911,3.758366,2.612496,1.036401,1.938154,2.992508,1.881544,1.839177,3.201119,1.375462,1.250620,3.923418,3.139779,3.610852,3.454889,3.406759,3.501799,3.489364,1.298629,1.006910,1.625590,1.772589,1.728815,2.417572,3.061373,1.834807,0.000000,1.678056,2.992945,3.039012,6.517810,1.772925,2.160442,1.939207,1.263407,3.203929,1.484149,2.714991,1.969135,1.955010,2.053031,1.958553,1.913987,2.114689,1.519316,1.853378,2.244465,1.650629,2.378449,1.754019,2.976953,2.538850,1.158324,1.254359,2.694397,2.367129,1.007394,1.698926,1.519852,4.188437,3.219718,2.884841,2.938035,2.423632,3.057016,2.023815,2.863191,2.259963,1.385290,2.757233
8.024361,3.415839,2.277349,3.093225,1.311648,2.356428,2.076568,1.356163,1.483871,2.815581,3.707047,3.184748,1.893727,5.793435,2.934284,5.931393,2.452722,2.409413,1.554509,1.234006,1.929902,1.915293,3.103975,2.408456,1.026954,5.609106,1.911860,4.926535,1.912554,2.468480,1.396563,1.428650,2.197938,2.124150,1.446672,1.599625,2.877778,1.812650,1.355218,1.703214,1.734770,1.320509,2.829943,2.205491,1.287594,2.199909,2.805053,1.770633,3.156941,2.114976,2.337684,4.343284,1.892139,5.831964,2.097141,1.826320,2.166606,3.605525,2.516897,1.066341,2.048538,2.918032,1.999153,1.983822,3.161590,1.533908,1.244099,4.270750,3.524209,3.204807,3.533063,3.312233,3.687099,3.451346,1.495344,1.149839,1.511773,1.849997,1.948276,2.572399,3.131497,2.034879,1.814918,0.000000,2.876684,2.708898,6.502894,1.801290,2.071540,2.135119,1.231454,3.134651,1.648226,2.665274,2.102839,2.123068,1.904666,2.412814,1.980754,2.004916,1.562254,1.760614,2.069941,1.781436,2.319981,2.144273,2.806296,2.568024,1.180977,1.233505,2.730407,2.373791,1.002455,1.848030,1.527604,4.237696,3.223084,2.734636,2.781657,2.486258,3.157826,2.105186,3.072188,2.263964,1.378699,2.514557
9.351353,5.105580,3.631335,4.669108,1.956196,4.017687,2.922467,2.063746,2.377704,4.384180,5.337217,4.512091,3.125738,7.506387,4.322747,7.299143,3.988661,3.708309,2.355307,1.791557,3.059973,3.099767,4.615952,3.823876,1.530519,7.035511,2.728370,6.487658,2.845956,4.186703,2.178525,1.925697,3.223868,3.142606,2.247799,2.378062,4.398346,2.728247,1.837294,2.603504,2.349513,1.797800,4.586622,3.041198,1.819872,3.235011,4.314996,2.903747,4.667736,3.225730,3.647413,5.837161,2.881732,7.723439,3.274733,2.743543,3.594759,5.250468,4.122411,1.234103,2.895224,4.366212,2.992607,3.011231,4.740386,2.141592,1.909491,5.710699,5.300236,4.801774,5.291114,4.632068,5.226794,5.416111,2.219629,1.809162,2.411053,3.001473,2.592527,3.931945,4.473301,2.915579,2.834442,2.950647,0.000000,4.084533,7.664263,3.017794,3.205989,3.126144,1.900806,4.573329,2.654921,3.885075,3.373538,3.164671,2.994588,3.544510,3.111473,3.198705,2.615177,2.781125,3.331581,2.620505,3.575202,3.287781,4.052392,4.016249,1.829051,2.024075,4.248294,3.668780,1.502355,2.810085,2.395261,5.483581,4.841869,4.301798,4.251002,3.628636,4.690545,3.149136,4.314845,3.464535,2.013152,3.935287
9.374049,4.913383,3.490666,4.832319,2.088617,3.908496,3.290499,1.916801,2.528639,4.610088,5.364264,4.621032,2.922120,7.652420,4.261925,7.482508,3.949476,3.668200,2.799766,1.919070,2.911518,3.095320,4.644568,3.934264,1.525008,6.775488,2.793470,6.353611,2.935365,3.645441,2.178514,2.154468,3.128011,3.583897,2.213751,2.389422,4.526541,2.947057,1.844004,2.691705,2.518180,1.946834,4.593645,3.221867,1.920668,3.433768,4.067636,2.828877,5.043781,3.044243,3.654657,6.466497,3.278166,7.848681,3.321900,2.973940,3.384095,5.046641,4.086523,1.258073,3.495968,4.198082,3.226949,3.255940,4.770972,2.216194,2.086319,5.579292,5.835445,4.512360,5.118636,4.532723,4.939035,5.120992,2.331215,1.826016,2.424335,3.064114,3.294559,4.009858,4.825741,2.967931,3.174697,2.723761,4.295983,0.000000,7.732919,3.196385,3.087719,3.278160,1.996500,4.634683,2.773193,4.246401,3.569763,3.663518,2.783532,3.914873,3.057665,3.162260,2.651220,3.104918,3.140552,2.470613,3.315718,3.561098,4.053645,4.171131,1.882977,2.073475,4.044014,3.356344,1.444185,2.880615,2.596022,5.997215,4.789286,3.957242,4.305892,3.503892,4.564414,3.083567,4.093145,3.456012,2.225235,3.861202
0.000000,8.002715,7.037394,7.984129,4.692193,7.528091,7.197463,4.929805,5.643215,7.014961,7.902376,7.628081,6.724860,0.000000,7.957452,0.000000,7.417105,7.186674,6.081333,5.149916,6.716031,6.544641,7.511344,7.362904,3.815080,0.000000,6.577956,0.000000,6.470596,7.440703,5.496029,5.371477,6.843617,7.000850,5.319750,5.584524,7.462742,6.252906,4.843781,6.084053,5.994681,5.160667,7.353880,7.120955,4.798001,7.145958,7.716454,5.861156,8.006667,6.719504,7.072193,8.093821,6.499563,0.000000,7.069062,6.130720,7.332638,8.671973,7.424162,3.043465,6.761826,7.644706,6.481118,6.433446,7.813194,5.610195,5.176421,7.897844,7.762167,7.909086,7.938335,7.971944,7.597123,8.157772,5.563681,4.744682,5.754641,6.381619,6.409414,7.045713,8.015239,6.379447,6.291978,6.218182,7.696810,7.002221,0.000000,6.916756,6.621998,7.059206,4.951655,7.765477,6.175667,7.357187,6.903072,6.935356,6.547805,7.032143,6.697259,6.690171,5.878839,6.156841,6.657514,5.884851,6.924320,6.514373,7.399056,7.430207,5.070429,4.914319,7.446055,7.107590,4.114055,6.127805,5.616856,8.273676,8.154264,7.120263,7.484504,6.840816,7.546905,6.584795,7.854504,6.197648,5.233845,7.645625
8.580783,4.362707,2.771239,4.198486,1.354114,2.203615,1.742393,1.169455,1.331100,3.988002,4.829947,3.695281,2.479683,7.031998,3.226254,6.731028,3.008768,3.057984,1.312258,1.211881,2.304395,2.521100,4.217495,3.170115,1.189945,5.706571,1.660418,5.246731,1.742326,2.058409,1.542543,1.152610,2.502783,1.656825,1.148731,1.295962,2.574899,1.609962,1.262328,1.389611,1.784021,1.184854,3.231100,1.988481,1.150801,2.014673,3.148016,1.645730,2.774822,2.015494,2.351216,3.979375,1.497186,5.912827,2.297722,1.502131,2.107282,3.658375,3.036525,1.043393,1.662349,3.427338,1.701012,1.978310,3.875116,1.380166,1.263396,5.059916,3.682455,4.257444,4.091210,3.880706,4.613670,4.460657,1.211398,1.138746,1.418049,1.570023,1.700095,2.891286,2.914597,1.921658,1.855312,1.907051,3.149439,3.102652,7.409609,0.000000,2.448471,1.888287,1.245267,3.770763,1.410876,2.851078,1.736924,1.699134,2.117891,1.948855,1.753913,1.809547,1.329661,1.649684,2.402455,1.726636,2.513469,1.748233,3.437140,2.322403,1.048698,1.076106,2.497093,2.311753,0.948838,1.714252,1.271493,4.772830,4.070271,3.606851,3.612905,3.094136,3.750158,2.753547,3.484188,2.874519,1.417062,2.887223
7.536766,3.273476,2.303407,2.952127,1.428118,2.742634,2.271080,1.563300,1.689996,2.840911,3.391376,3.152094,1.906785,6.135198,3.124660,5.938933,2.486180,2.521130,1.930288,1.568608,2.068138,2.098431,3.387432,2.779824,1.075878,5.895264,1.979479,5.115431,2.092798,2.936711,1.602453,1.563316,2.208230,2.693179,1.621408,1.739881,3.241656,2.103508,1.268450,1.844454,1.776239,1.389566,3.367340,2.142711,1.462887,2.748212,3.260439,2.080103,3.017421,2.151108,2.677007,4.361618,2.115111,6.168856,2.307704,2.190926,2.370042,4.022464,2.499794,1.050833,2.308718,2.943703,2.226032,2.003772,3.175614,1.427872,1.432107,3.670892,3.393923,3.089899,3.185511,3.108249,3.306423,3.431472,1.794045,1.326790,1.798617,2.180684,2.119081,2.293793,3.544928,2.060709,2.159853,2.108136,3.118770,3.140885,6.948870,2.425606,0.000000,2.331093,1.399713,2.910696,2.139368,2.935166,2.663926,2.670319,2.060274,2.498878,2.235580,2.394243,1.968190,2.167440,2.444029,1.580033,2.242883,2.624400,2.722265,2.946902,1.456889,1.461349,3.280694,2.417274,1.132657,1.937491,1.805406,4.351567,3.204426,2.818249,2.801818,2.490391,3.155149,1.958500,3.134439,2.461055,1.341009,2.651922
8.253995,3.924975,2.515333,3.496369,1.363624,2.537476,1.873337,1.263996,1.531034,3.260607,4.084424,3.195759,1.958874,6.741403,3.145010,6.539708,2.706006,2.856898,1.625210,1.209002,2.043312,2.246406,3.559071,2.775875,1.078155,5.482773,1.729751,5.029205,1.752883,2.275501,1.514552,1.222670,2.052913,1.906822,1.412555,1.507738,2.712227,1.661063,1.172142,1.559419,1.603426,1.342926,2.962364,2.087171,1.185023,2.080305,2.982054,1.682181,3.169357,1.979801,2.151252,4.647740,1.595937,6.594022,2.208645,1.789242,2.273033,3.688415,3.000553,0.918632,1.862769,2.624958,1.736041,2.085703,3.114799,1.509924,1.288535,4.348925,4.153133,3.517926,4.078727,3.288747,4.029811,3.705045,1.253285,1.052274,1.643452,1.847752,1.666836,2.757745,2.668455,1.928247,1.955154,2.017568,2.938564,3.073523,7.082238,1.862026,2.196642,0.000000,1.334471,3.332220,1.526284,2.828734,2.040988,1.940811,2.025770,2.167614,1.895320,2.110737,1.475233,1.763421,2.406769,1.748201,2.346502,1.935436,3.003479,2.412419,1.229140,1.217720,2.527032,2.354834,1.016188,1.889039,1.520701,4.363604,3.523293,2.910085,3.020719,2.609452,3.356233,2.443681,2.932338,2.359588,1.558378,2.714869
6.737999,2.195315,1.513525,2.102286,1.035323,1.604481,1.333720,1.051725,1.028564,2.013382,2.592232,2.223021,1.337328,5.072369,2.002946,4.724658,1.732018,1.700749,1.092773,1.018077,1.383118,1.549740,2.232910,1.761053,0.915905,3.704644,1.193302,3.367230,1.245722,1.654588,1.063002,1.028794,1.408316,1.346135,1.015143,0.951571,1.921698,1.297233,0.981172,1.119303,1.196985,1.034327,2.030165,1.276808,0.926786,1.477150,1.976566,1.199805,1.862547,1.243701,1.472807,2.732641,1.229234,4.257424,1.455825,1.254331,1.472118,2.426082,1.730350,0.907175,1.324502,1.925806,1.215164,1.290621,2.199233,1.050888,1.090811,2.637392,2.252413,2.132914,2.514953,2.131673,2.413594,2.380224,1.108956,1.074770,1.160365,1.163068,1.268584,1.726529,1.931676,1.323566,1.217990,1.340349,1.965236,2.011738,5.425061,1.283002,1.338875,1.327095,0.000000,1.877500,1.123032,1.814810,1.395230,1.423666,1.343255,1.434377,1.258850,1.301614,1.057576,1.205565,1.491045,1.105249,1.359436,1.308100,1.840103,1.617953,1.004726,1.009304,1.713693,1.543772,0.930111,1.233752,0.968899,2.725698,2.196648,1.922951,1.888369,1.623075,2.174415,1.314454,2.192546,1.289224,1.022798,1.758526
9.077387,5.081332,3.506344,4.516611,2.038444,3.884239,3.578513,2.145020,2.645271,4.357041,4.868987,4.684186,2.803037,7.435260,5.134401,7.518105,4.024291,3.770926,2.878534,2.296984,2.977198,3.169596,4.801068,3.916902,1.462803,6.843332,3.070325,6.430057,3.047815,4.069354,2.474711,2.197240,3.200406,4.094749,2.557150,2.585178,4.710261,3.080283,1.835129,2.835329,2.660583,2.039479,4.595769,3.450418,1.916845,3.779373,4.174767,2.923173,4.703930,3.054890,3.834935,5.832068,3.436768,7.395747,3.502046,3.079084,3.548901,5.778783,4.133837,1.225179,3.896665,4.174741,3.214378,3.018317,4.474781,2.274624,2.231102,5.184080,4.916577,4.921467,4.798629,4.361311,4.931412,4.948268,2.612490,1.960055,2.780974,3.206492,3.222081,3.566235,5.067829,2.972538,3.139150,3.040364,4.525598,4.420411,8.152098,3.648594,2.960950,3.366619,1.943972,0.000000,3.106396,4.327399,3.910367,3.910162,2.865640,3.889756,3.686230,3.678092,2.949116,3.370303,3.393856,2.643155,3.495614,3.766644,4.029934,4.359210,2.201555,2.205405,4.510061,3.694459,1.644759,2.968729,2.748410,5.888020,4.481495,4.102620,4.072189,3.558497,4.520382,3.033816,4.444366,3.463266,2.148093,4.043936
7.900292,3.673545,2.095404,3.322627,1.078842,2.081680,1.474557,0.984883,1.220615,2.998445,3.863659,3.091868,1.794232,6.303413,2.529830,5.776281,2.545026,2.501111,1.164669,0.952145,1.750813,2.138662,3.476925,2.366955,0.970692,5.114326,1.406093,4.787405,1.385000,1.934519,1.243600,1.035767,1.883764,1.529698,1.104745,1.093897,2.243511,1.380216,1.189601,1.175174,1.389377,1.151869,2.754495,1.739199,0.940681,1.764909,2.597212,1.352339,2.716629,1.689260,1.849577,3.598070,1.319448,5.225071,1.777010,1.456991,1.693885,3.202621,2.511779,0.937243,1.420192,2.666521,1.469716,1.885443,3.040099,1.184255,1.027229,4.127093,3.397467,3.232800,3.531119,2.971919,3.600208,3.576971,1.079131,0.901584,1.293134,1.458545,1.352899,2.450603,2.284826,1.651115,1.592260,1.697062,2.706168,2.680585,6.052490,1.443110,2.061375,1.552496,1.133328,3.107733,0.000000,2.507391,1.571702,1.409983,1.682212,1.854325,1.508630,1.778470,1.230553,1.362520,2.114997,1.671584,1.975528,1.548347,2.516124,1.948604,1.058627,0.985323,1.951537,1.923201,0.917247,1.521330,1.091382,4.186041,3.019196,2.829485,2.851784,2.404692,2.760983,2.080000,2.575246,1.993233,1.229720,2.472389
8.571087,4.746945,3.421988,4.221683,1.735145,3.264196,2.880014,1.875262,2.035531,4.133217,4.702128,4.092716,2.811517,7.595005,3.990593,7.235316,3.624088,3.711327,2.437244,1.728725,2.837117,2.999823,4.869983,3.476601,1.291010,6.579834,2.557128,6.297375,2.702487,3.415710,2.109954,1.802289,2.646475,2.883080,2.122389,2.039198,4.081899,2.785432,1.690210,2.363812,2.367598,1.705756,4.449657,3.127984,1.700669,3.387219,3.873708,2.421381,4.301978,2.619849,3.439931,5.533694,2.730707,7.642092,3.255194,2.640440,3.186215,4.991682,3.696759,1.126534,3.092263,3.875355,2.732404,2.832765,4.581152,2.080889,1.889458,5.046804,4.466195,4.648730,4.945951,4.623969,4.523388,4.970060,2.032124,1.525142,2.255797,2.618824,2.872771,3.511171,4.533804,2.573621,2.748139,2.648513,4.039275,4.327933,8.054894,2.807066,2.869154,2.785810,1.761515,4.093037,2.710559,0.000000,3.135730,3.111506,2.726204,3.244478,2.944301,2.767242,2.260654,2.593032,3.030015,2.378077,3.235763,3.137323,3.852321,3.886105,1.742912,1.807153,4.017326,3.365811,1.355337,2.583099,2.146180,6.121416,4.421913,4.061055,4.141201,3.537855,4.494560,2.846605,3.874062,3.153409,1.902275,3.833301
8.350453,4.658597,2.907653,4.274027,1.256960,2.573008,1.842967,1.293860,1.524972,3.837974,4.820415,3.845908,2.454679,7.116923,3.338432,6.938719,3.202215,3.153966,1.471733,1.089574,2.590418,2.620149,4.298982,3.325095,1.071381,5.867602,2.083534,5.900528,2.058876,2.515868,1.506881,1.266813,2.378750,1.826441,1.252453,1.454354,2.582345,1.709122,1.328815,1.559524,1.837855,1.357455,3.558544,2.396230,1.191511,2.302060,3.749834,1.882738,3.182997,2.001911,2.445541,4.660175,1.606216,6.149542,2.478680,1.720738,2.298499,4.199015,3.210242,1.026560,1.922814,3.576700,1.708625,2.089802,4.250705,1.677961,1.340549,5.037999,4.109028,4.226783,4.461826,4.245262,4.809055,4.472850,1.219502,1.015182,1.567239,1.623803,1.768551,2.970694,3.308761,2.129772,2.031820,2.165248,3.294370,3.410906,7.186283,1.603160,2.704014,2.099273,1.330226,3.977292,1.519468,3.234915,0.000000,1.765807,2.083650,2.073249,2.015863,2.161026,1.487824,1.845818,2.659950,1.929177,2.750224,1.898698,3.361073,2.578690,1.165265,1.245863,2.448262,2.267527,1.008551,1.895760,1.441035,4.959791,4.041033,3.631705,3.834250,3.397730,3.582105,2.848457,3.716980,2.710156,1.692356,3.105319
8.141387,4.445365,2.879776,4.344379,1.291738,2.491582,1.689340,1.142315,1.459278,4.047376,4.583387,3.550378,2.422917,6.772597,3.318629,7.232469,3.170094,3.266621,1.308068,1.112540,2.615170,2.696112,4.430382,3.557314,1.094434,6.242661,1.799233,5.800297,1.858793,2.275951,1.599923,1.146236,2.441467,1.772444,1.255990,1.376535,2.463387,1.733085,1.324496,1.460498,1.845677,1.291866,3.377518,2.240637,1.176768,2.445037,3.822553,1.764561,3.174761,2.091574,2.264036,4.163666,1.582496,5.787996,2.220571,1.774384,2.186859,3.965127,3.057187,1.092983,1.518802,3.574323,1.813285,2.191874,4.363914,1.618408,1.274255,4.827565,3.855696,4.398910,4.200790,4.186063,4.766262,4.656836,1.182754,1.122685,1.648711,1.602015,1.698536,2.848687,3.101278,2.128261,1.861503,2.043575,3.123220,3.734252,7.052666,1.652499,2.594970,2.061708,1.209112,3.908243,1.474094,3.258306,1.818959,0.000000,2.207182,1.905852,1.839078,2.027888,1.461940,1.854342,2.498490,2.008365,2.581705,1.650109,3.542038,2.425454,1.216949,1.290743,2.651485,2.462516,0.997452,1.841937,1.217316,4.902130,4.228272,3.847301,3.923753,3.289926,3.681829,2.832355,3.547706,2.963297,1.471038,3.606830
8.060591,3.173668,2.332374,3.101764,1.246604,2.418452,1.920938,1.285626,1.571948,3.002664,3.503500,3.085981,1.802716,6.319681,3.110170,6.031337,2.396501,2.499860,1.816977,1.227777,1.937084,2.055974,3.389117,2.713189,0.998702,5.468851,1.966009,5.051811,2.083255,2.573437,1.456560,1.414877,2.061973,2.017708,1.561525,1.545854,2.827159,1.763069,1.279673,1.825599,1.528599,1.274154,3.096819,2.044952,1.192619,2.337113,2.723406,1.745024,3.143679,1.921384,2.398554,4.034286,1.968502,6.209262,2.275998,1.821737,2.268018,3.736298,2.597310,1.063692,2.129339,2.595028,1.821102,2.045053,3.212740,1.411955,1.297466,4.128602,3.620046,3.201110,3.507745,3.087084,3.535831,3.692158,1.472611,1.155435,1.519941,1.769306,2.013516,2.532176,2.995135,1.921888,2.051086,1.903324,3.014230,2.777065,6.806664,2.028938,1.867836,2.084006,1.262560,2.818109,1.699463,2.770893,2.115184,2.071567,0.000000,2.386494,2.058972,2.162798,1.615021,1.976326,2.198355,1.646829,2.311599,2.284079,2.701927,2.543121,1.351367,1.251045,2.776907,2.246984,0.989149,1.749740,1.564092,4.177609,2.921807,2.692487,2.881514,2.442305,3.026153,2.089148,3.105949,2.107335,1.435579,2.592351
8.311792,4.389746,3.117281,4.231160,1.420274,2.614839,2.032968,1.390150,1.652837,4.037961,4.652620,4.114361,2.508938,6.667721,3.698921,7.013977,3.280406,3.307122,1.654302,1.229113,2.556315,2.962877,4.733798,3.403916,1.053760,6.277673,2.044079,6.424104,2.137949,2.642401,1.639672,1.377454,2.557234,1.971177,1.452243,1.585231,2.687410,2.043326,1.493045,1.853270,1.990352,1.617520,3.765928,2.519208,1.326977,2.890392,3.851337,2.117742,3.265100,2.235032,2.598460,4.390474,1.956975,6.181183,2.518834,1.914938,2.238056,4.036609,3.247733,1.113670,1.954567,3.715520,2.073845,2.236027,4.057849,1.826421,1.489230,4.654288,3.778803,4.382455,4.478598,4.439326,4.498834,4.552854,1.310567,1.163159,1.719178,1.872002,1.831445,3.030191,3.704842,2.263994,1.865609,2.333187,3.717816,3.768243,7.158435,1.792528,2.479480,2.243078,1.396172,3.833573,1.900579,3.221232,2.120417,1.964125,2.477396,0.000000,2.054877,2.425234,1.823301,2.093121,2.724260,2.251530,2.784782,2.041717,3.786781,2.784200,1.351485,1.384334,3.072295,2.880313,1.108701,2.165223,1.532501,5.197954,4.185409,4.185802,3.918898,3.346460,4.112728,2.806235,3.967601,2.870583,1.707957,3.750693
8.489846,4.048104,2.538489,3.743395,1.323198,2.576940,1.791980,1.177391,1.549659,3.277719,3.981841,3.545330,2.289597,6.918410,3.225044,6.306659,2.891917,2.886036,1.477497,1.105077,2.198085,2.230230,3.779664,2.712801,1.020959,5.496722,1.647061,4.778217,1.845369,2.541356,1.543782,1.196022,2.089227,1.774051,1.210631,1.403485,2.569213,1.729675,1.415571,1.490182,1.730035,1.252096,2.983307,2.100102,1.126750,2.036078,2.989085,1.641426,3.026345,1.899805,2.090360,4.165725,1.621887,6.062318,2.262319,1.688772,2.008973,3.931207,2.663922,1.061399,1.684837,2.911442,1.857108,2.167947,3.625913,1.615945,1.243037,4.675465,3.919779,3.629318,3.710408,3.508718,4.074644,4.342831,1.199667,0.989404,1.401310,1.755159,1.598971,2.849707,2.929483,1.802560,1.749075,1.862421,3.052769,3.155091,6.979847,1.695864,2.250594,1.902332,1.300278,3.492063,1.468635,2.819168,2.053368,1.720378,2.009462,2.075673,0.000000,1.851972,1.403276,1.771277,2.207522,1.713513,2.475568,1.699154,3.100275,2.454172,1.125916,1.220345,2.476482,2.235276,1.073605,1.853426,1.346009,4.625336,3.611640,3.307199,3.434925,2.700717,3.496037,2.304623,3.284458,2.584061,1.374922,3.010886
8.313210,4.208914,2.448184,3.675691,1.350567,2.352475,2.064289,1.266813,1.529902,3.469891,4.265166,3.485628,2.002389,7.130294,3.186565,6.409642,2.751920,2.854251,1.492338,1.254704,1.994051,2.295178,3.652353,2.835281,1.067040,5.353091,1.869826,5.056327,1.795570,2.316280,1.457223,1.363145,2.139342,1.894595,1.392296,1.480225,2.867038,1.782599,1.273392,1.594558,1.651029,1.280258,2.886283,2.057134,1.231127,2.081377,2.584831,1.851263,3.264742,2.075923,2.386474,4.365346,1.590940,6.344487,2.269361,1.817151,2.179250,3.825414,3.001774,0.941864,1.990289,2.886420,1.876503,1.971060,3.465075,1.672628,1.483085,4.427255,4.121295,4.005220,3.731973,3.848997,3.953287,4.019775,1.406251,1.062698,1.635295,1.681091,1.768317,2.741339,2.965946,2.028918,2.176249,1.996551,3.189552,3.131246,7.293511,1.632989,2.269001,2.007576,1.240620,3.561251,1.740436,2.778400,2.218950,1.917754,1.950489,2.298134,1.842279,0.000000,1.500887,1.865585,2.318015,1.746327,2.444576,1.914089,2.834554,2.440297,1.192471,1.318950,2.565126,2.349912,1.033978,1.812301,1.325163,4.773656,3.673335,3.238261,3.504421,2.530940,3.473550,2.440385,3.204571,2.502431,1.418466,2.838835
8.423714,3.397218,2.135376,3.072540,1.091750,2.092148,1.480991,1.036168,1.179165,2.913009,3.798287,3.106566,1.759553,6.427780,2.536711,5.712603,2.456415,2.398254,1.109912,1.163710,1.772439,2.090257,3.151729,2.430920,1.155124,5.416329,1.573734,4.823751,1.462725,1.850403,1.233794,0.958496,1.812983,1.349980,1.074445,1.221622,2.220150,1.341310,1.196837,1.332562,1.393863,1.016760,2.655674,1.773281,1.011475,1.786852,2.515509,1.447943,2.678114,1.575864,1.990286,3.372875,1.346805,5.221508,1.818717,1.468454,1.756829,3.175673,2.392416,1.058397,1.488927,2.464078,1.396519,1.684392,3.122466,1.260590,1.147808,4.241088,3.168830,3.176259,3.309074,3.105417,3.657216,3.774666,1.067848,1.134786,1.236362,1.359987,1.314876,2.323355,2.399889,1.493706,1.717587,1.644580,2.527728,2.706057,6.374793,1.303499,1.995854,1.591917,1.081390,3.013478,1.275356,2.552073,1.557247,1.459022,1.630199,1.784818,1.430322,1.594862,0.000000,1.504224,1.857073,1.509821,2.029002,1.507176,2.354973,1.963535,0.867584,1.060715,1.991682,1.938934,1.050917,1.364215,1.131375,3.874371,3.274483,2.615032,2.977673,2.390883,3.025977,2.190783,2.977901,2.055138,1.106879,2.485663
8.302257,3.940514,2.124088,3.471080,1.192689,2.431479,1.796633,1.257567,1.429419,3.095232,4.050581,3.577030,1.919298,6.351597,2.887989,6.010612,2.601364,2.694571,1.472262,1.113587,1.962413,2.107992,3.676604,2.600904,0.970224,5.763572,1.733852,4.696071,1.758556,2.190895,1.433654,1.211410,2.208857,1.764197,1.245464,1.320022,2.441282,1.658149,1.374825,1.417757,1.520066,1.299518,2.842436,1.929990,1.025033,2.128294,2.714250,1.560750,2.986474,1.739680,2.150230,4.221647,1.649213,6.243723,2.117337,1.603758,2.077091,3.717538,2.863304,0.966293,1.789198,2.573700,1.697526,1.951058,3.218992,1.521391,1.265384,4.433018,3.616167,3.502505,3.636003,3.510606,3.613274,3.983562,1.361843,0.988821,1.440433,1.616401,1.648675,2.606505,2.775933,1.752497,1.867379,1.736440,2.792120,3.005669,6.228497,1.659404,2.157703,1.821384,1.182140,3.265641,1.423713,2.528825,1.928017,1.759196,1.994280,2.146204,1.701689,1.790950,1.416916,0.000000,2.373928,1.757100,2.147239,1.804886,2.929153,2.239592,1.118846,1.091237,2.345441,2.146210,0.937640,1.632938,1.241925,4.154948,3.284413,3.129566,3.025863,2.492423,3.458703,2.278525,2.977804,2.523422,1.311924,2.792718
8.377685,3.814293,2.664342,3.482865,1.633908,2.885166,2.386558,1.474265,1.847082,3.435886,4.099079,3.845571,2.193756,6.855326,3.596297,6.277493,2.931773,2.700339,2.023410,1.535119,2.429065,2.338958,3.721667,2.973882,1.120740,6.112814,2.312687,5.458088,2.285183,3.013424,1.729184,1.689324,2.393121,2.673158,1.564194,1.843275,3.731952,2.299845,1.464340,2.142375,1.902270,1.473143,3.815311,2.350769,1.501787,2.620196,3.218314,2.103229,3.611852,2.390663,2.758539,4.888919,2.169450,6.914112,2.758030,2.159974,2.839765,4.388887,3.074818,1.125608,2.494357,3.242198,2.312747,2.331807,3.559289,1.753394,1.627321,4.500113,4.259343,3.555857,4.160406,3.718227,4.021549,3.941826,1.796957,1.474900,1.837412,2.302214,2.168987,2.925064,3.294555,2.324825,2.327401,2.133317,3.430480,3.294943,7.296504,2.476256,2.507296,2.448239,1.565205,3.333223,2.083059,3.293964,2.692791,2.629534,2.200836,2.953274,2.280071,2.428721,2.013369,2.289916,0.000000,1.877476,2.755906,2.665173,3.079988,3.346596,1.571578,1.588842,3.296732,2.838266,1.260694,2.264027,1.959571,4.702595,3.795876,3.307092,3.515937,2.845505,3.701612,2.457443,3.462961,2.520365,1.573410,3.258984
7.750440,2.730177,1.991794,2.760556,1.083070,2.109543,1.895084,1.144743,1.411356,2.491966,3.065446,2.808580,1.696377,6.064955,2.743915,5.477294,2.163517,2.052125,1.459113,1.185464,1.682073,1.712621,2.769339,2.106444,1.023431,4.760610,1.589765,4.347131,1.662932,2.116775,1.197873,1.206834,1.744075,2.065521,1.295789,1.450824,2.868565,1.629439,1.161165,1.535044,1.458846,1.090017,2.595615,1.890169,1.062015,2.120682,2.442664,1.588590,2.600764,1.755740,2.031693,3.902576,1.551622,5.941428,1.928709,1.527048,1.923258,3.086745,2.234286,0.952932,2.009897,2.349575,1.742949,1.762308,2.788186,1.343536,1.242147,3.569303,3.525321,2.872445,3.009080,2.743889,3.222309,3.257165,1.319447,1.030680,1.438897,1.578172,1.769305,2.191121,2.600854,1.626017,1.799569,1.751641,2.597813,2.372468,6.394529,1.639945,1.602373,1.764857,1.053827,2.614843,1.569926,2.550259,1.979394,2.020003,1.639508,2.126663,1.768868,1.655660,1.510996,1.712015,1.883589,0.000000,1.829186,1.887990,2.241349,2.394221,1.178441,1.058727,2.411666,2.013735,0.994117,1.617416,1.421259,3.519949,2.761515,2.524120,2.465004,1.999977,2.827655,1.753123,2.533309,1.863735,1.181427,2.076377
8.514316,4.122549,2.699502,3.566758,1.462889,2.683753,2.308929,1.559117,1.778801,3.418788,4.143522,3.777470,2.036097,6.602936,3.460139,6.639975,3.123033,3.050734,1.990779,1.556689,2.288041,2.342237,3.808450,3.100735,1.183632,5.955480,2.237066,5.387210,2.210854,3.177164,1.729774,1.525580,2.575430,2.607829,1.812944,1.891740,3.414179,2.325832,1.361514,2.092612,1.973410,1.555831,3.514600,2.524221,1.529799,2.767631,3.164848,2.132000,3.678671,2.326165,2.767848,4.856797,2.237806,6.852997,2.500329,2.297852,2.641753,4.378902,2.929589,0.989141,2.625126,3.431606,2.323212,2.165079,3.709075,1.720173,1.580311,4.323906,4.110944,3.692090,4.091784,3.582247,4.139364,3.949109,1.833977,1.455984,1.961024,2.253379,2.287997,2.898389,3.584583,2.326635,2.292892,2.251961,3.404908,3.268369,7.193967,2.406406,2.273635,2.514332,1.294883,3.389262,2.168148,3.201658,2.800140,2.667302,2.285694,2.962397,2.411360,2.417112,1.867189,2.092963,2.698379,1.850085,0.000000,2.293761,3.183085,3.197100,1.603988,1.524631,3.322718,2.791112,1.282513,2.136490,1.628077,4.828038,3.900095,3.334764,3.405088,2.676849,3.581936,2.389169,3.372581,2.716605,1.513836,3.193201
8.457575,4.244692,2.803376,4.013844,1.408375,2.620099,1.796774,1.260101,1.540408,3.577786,4.530690,3.865711,2.384654,7.212935,3.275785,6.531987,3.175166,3.143418,1.369968,1.188459,2.473485,2.553639,3.966117,3.127649,1.042852,5.725994,1.818204,5.291452,2.016962,2.511156,1.422519,1.247302,2.377544,1.734810,1.171821,1.283637,2.564662,1.824113,1.377585,1.450966,1.709869,1.318784,3.005269,2.016048,1.200831,2.256947,3.265245,1.730968,3.238746,2.119099,2.305701,4.123546,1.753257,6.144089,2.176261,1.683150,2.219609,3.737200,2.906372,1.100910,1.712949,3.433510,1.877360,2.073858,4.128437,1.587063,1.332405,4.820418,3.800919,4.173595,4.249143,3.830298,4.452497,4.498234,1.241354,0.980840,1.515403,1.669660,1.658707,2.592146,3.020256,2.024807,1.840118,2.100698,3.052784,3.541690,6.898170,1.653308,2.612932,2.113287,1.405681,3.867849,1.537221,3.146476,1.887555,1.578545,2.257019,1.975121,1.701982,1.945203,1.443056,1.702951,2.508616,1.967563,2.340985,0.000000,3.274439,2.363642,1.195163,1.188926,2.615982,2.317156,1.127096,1.749128,1.276109,4.997481,3.892293,3.684708,3.473296,2.991501,3.916838,2.496904,3.600081,2.778399,1.534995,3.398911
8.319325,4.686127,3.403451,4.383368,1.921395,3.418595,3.242365,1.868461,2.308144,4.023423,4.529315,4.235636,2.713377,7.875529,4.229966,7.105936,3.769586,3.501700,2.446923,1.961875,2.803771,2.952365,4.453320,3.456758,1.436874,6.733496,2.845367,6.311620,2.798485,3.910866,2.106641,2.091545,3.196065,3.460021,2.110837,2.532571,4.732805,3.040337,1.771982,2.626115,2.337878,1.877260,4.509455,3.403138,1.859356,3.521829,4.199308,2.656555,4.354260,2.954504,3.458981,5.558591,2.864580,7.450133,3.299034,2.767944,3.648417,5.305666,3.610266,1.076273,3.637316,3.968368,3.199701,2.779040,4.360227,2.091036,1.939093,5.025072,4.506510,4.609314,4.360645,4.384393,4.842098,4.683760,2.341936,1.681848,2.442721,3.034271,2.924051,3.312944,4.603116,3.002576,3.006761,2.830585,4.178520,4.131232,8.011097,3.281547,2.917180,3.131771,1.946695,4.102880,2.526678,3.968535,3.275965,3.495876,2.815869,3.720971,3.191130,3.003771,2.450488,3.025859,3.126617,2.409975,3.327541,3.428347,0.000000,3.969538,2.022582,1.925678,4.042216,3.567090,1.402576,2.692133,2.535445,5.565223,4.579246,3.771354,3.902784,3.596384,4.367195,2.614538,4.054338,3.018394,2.004458,3.838945
8.361085,4.857209,3.018630,4.293613,1.655843,3.324389,2.402798,1.578305,1.881894,4.145764,5.304896,4.146444,2.795677,7.197754,3.959996,7.339121,3.593092,3.636510,1.886450,1.450054,3.060009,3.066781,4.541166,3.566057,1.231754,6.594916,2.238321,5.843268,2.425327,2.961513,1.817287,1.555553,3.055616,2.321352,1.577851,1.794538,3.472132,2.304822,1.598521,1.871659,2.128934,1.718605,4.180802,2.753170,1.431348,2.883304,4.331267,2.297891,3.547857,2.437013,2.897067,5.157480,1.987581,6.843711,2.835516,2.091411,2.855985,4.819562,3.734016,1.095026,2.195279,3.887028,2.316299,2.706871,4.403208,1.884482,1.728005,5.320834,4.366621,4.724659,4.535544,4.552842,5.197385,4.876111,1.700546,1.306629,1.963119,2.106105,2.306595,3.641087,3.980361,2.459175,2.602736,2.514374,3.744448,3.977384,7.242725,2.213283,2.805333,2.491997,1.527479,4.393313,1.914564,3.664971,2.587663,2.500956,2.621398,2.693658,2.411692,2.482943,1.875476,2.263798,3.281458,2.413940,3.008342,2.348772,3.830626,0.000000,1.387684,1.427527,3.339177,2.946882,1.269302,2.309971,1.654546,5.525438,4.495260,4.081446,4.222971,3.485322,4.387267,3.153203,4.146682,3.083672,1.933878,3.762912
7.140742,2.529080,1.588743,2.361609,1.124551,1.541530,1.159941,0.972627,0.996180,2.224582,2.749630,2.198024,1.392756,5.403080,1.999666,4.584574,1.660552,1.896366,1.091958,1.077680,1.346919,1.528972,2.243138,1.760312,0.994210,3.894568,1.112046,3.611659,1.078429,1.458664,0.999310,1.121734,1.340029,1.199177,1.001532,0.949195,1.661349,1.113424,1.073807,1.038480,1.089737,0.923591,1.865497,1.325711,1.067626,1.344168,1.879725,1.135741,1.826373,1.256725,1.364782,2.600510,0.999702,4.328710,1.408843,1.057252,1.410540,2.269539,1.818534,0.941265,1.189910,1.957167,1.096895,1.290802,2.244948,1.162064,1.055616,3.226695,2.152357,2.414409,2.442933,2.246630,2.607815,2.674104,1.016795,0.986355,0.977537,1.210279,1.165949,1.707501,1.770294,1.205325,1.157606,1.249038,1.747809,1.792728,5.298844,1.027268,1.364464,1.243053,1.016542,2.187167,1.048788,1.751949,1.107670,1.114469,1.333426,1.282719,1.141072,1.277035,1.073475,1.094755,1.458785,1.235967,1.685625,1.175023,1.940260,1.417862,0.000000,1.059216,1.476862,1.434053,0.933781,1.128106,1.034453,3.050999,2.425815,2.076870,2.094977,1.853893,2.099615,1.514878,2.000207,1.631991,1.144160,1.765964
7.320228,2.435991,1.565639,2.140239,1.127946,1.570992,1.256945,1.002761,1.155930,2.150918,2.618789,2.225871,1.479371,4.796477,2.044753,4.682482,1.676746,1.682143,1.062780,1.118937,1.463013,1.504349,2.467004,1.711457,1.128383,4.274570,1.282176,3.514696,1.112016,1.376234,1.090347,1.109170,1.496313,1.202971,0.900809,0.990080,1.549184,1.201492,1.007357,1.110223,1.159666,0.968183,2.092878,1.319379,1.097598,1.402251,2.004133,1.154786,1.915119,1.244750,1.532820,2.662563,0.992005,4.534326,1.433354,1.136224,1.327582,2.374878,1.874611,0.934620,1.186855,1.917738,1.135838,1.368973,2.344037,1.084186,1.071370,3.008136,2.198903,2.282944,2.412826,2.274545,2.616223,2.534532,1.065162,0.999880,1.042683,1.101067,1.165009,1.728811,1.967643,1.210771,1.250585,1.340647,2.027182,2.087838,5.225205,1.122658,1.441918,1.286328,1.088906,2.185041,1.067536,1.773715,1.324949,1.178349,1.304835,1.274352,1.151792,1.292474,0.972416,1.098256,1.509381,1.159008,1.591578,1.230978,1.925314,1.465326,1.051948,0.000000,1.610595,1.555389,1.034373,1.208542,1.076821,3.059209,2.363522,2.122853,2.244218,1.745136,2.205449,1.436538,2.175797,1.514106,1.164881,1.779307
8.953741,5.346799,3.441967,5.024575,1.595331,3.363490,2.554163,1.599911,1.929735,4.641940,5.742498,5.054365,2.875585,7.679465,4.198748,7.579298,4.248509,3.902128,1.902951,1.369055,2.886513,3.228022,5.016602,3.928838,1.216226,6.577491,2.249404,6.107833,2.350655,3.088922,1.939687,1.619838,3.085724,2.468025,1.646170,1.760625,3.460616,2.275867,1.674987,1.929961,2.132812,1.768029,3.728248,2.914056,1.498864,2.879740,4.047869,2.264472,4.228794,2.538049,3.028712,5.560879,2.100876,7.043447,3.023978,2.344997,2.843834,4.946133,4.075747,1.021603,2.443949,4.213600,2.522267,3.075056,4.718899,2.071198,1.618173,5.687967,5.090835,4.736034,4.834617,4.560863,5.320457,5.303551,1.680371,1.351108,1.903053,2.240032,2.181569,3.831432,3.934553,2.557563,2.477557,2.775310,4.155274,4.243493,7.542428,2.334796,3.127086,2.618292,1.611642,4.514333,1.978797,4.021617,2.567397,2.529454,2.808479,2.985112,2.503919,2.575022,1.934087,2.337711,3.209299,2.511136,3.289028,2.547041,4.122668,3.247086,1.404597,1.570436,0.000000,3.065046,1.164653,2.368882,1.827475,5.775313,4.863214,4.117675,4.524283,3.646188,4.865093,3.432497,4.462049,3.286377,2.193081,3.726300
7.971383,3.899850,2.710698,3.888566,1.469146,2.781333,2.345535,1.427783,1.600954,3.758022,4.242159,3.486174,2.343276,6.974239,3.510619,6.913619,3.177240,3.209626,1.762572,1.304324,2.300727,2.520222,3.684268,3.023149,1.192702,6.172537,2.133681,5.267586,2.030163,2.742082,1.664227,1.492817,2.419719,2.253111,1.385152,1.762515,2.979322,1.907536,1.369036,1.763527,1.660879,1.447584,3.641450,2.324970,1.291385,2.740539,2.981484,1.885546,3.482173,2.163127,2.635307,5.128621,1.984728,6.242816,2.752902,2.022579,2.450237,4.558910,3.132102,1.052297,2.310283,3.248450,2.170362,2.387404,3.942220,1.641892,1.464261,4.450636,4.282121,4.013721,4.182149,3.924050,4.150929,4.233941,1.642373,1.369610,1.843668,2.103212,2.066329,3.008814,3.436922,2.181953,2.223504,2.439929,3.655619,3.246929,7.004782,2.059217,2.262073,2.300278,1.424034,3.538039,1.940989,3.077933,2.266202,2.336669,2.210227,2.640904,2.154859,2.175510,1.697127,1.943982,2.753489,1.910803,2.703053,2.333832,3.527100,2.837280,1.388535,1.454981,2.975222,0.000000,1.172393,2.214740,1.644109,4.802421,3.882428,3.344613,3.559976,2.900750,3.564245,2.395321,3.515776,2.693728,1.483025,3.250195
6.508935,1.849609,1.174091,1.721218,1.016178,1.280175,1.020977,1.017429,1.084146,1.680312,2.050954,1.513915,1.083757,3.873724,1.497039,3.425067,1.360919,1.208031,0.978127,1.093375,1.061427,1.220751,1.675381,1.274212,0.998268,2.889943,1.001436,2.597354,1.074962,1.118122,1.000885,1.095164,1.080260,0.987399,1.082063,0.902525,1.271613,1.008016,0.937589,0.979944,1.093876,0.915274,1.596822,0.990836,1.017038,1.140444,1.346300,0.916026,1.449721,1.029368,1.126170,2.008288,1.035882,3.392340,1.109900,1.115263,0.991918,1.783998,1.316559,1.012655,0.946359,1.539516,1.036018,1.038107,1.778564,1.099806,1.042833,2.135865,1.768075,1.604696,1.971774,1.485778,1.876159,1.920276,1.025802,1.045077,1.099112,1.115373,1.044523,1.170182,1.533325,1.089311,1.037699,1.002570,1.461974,1.478578,4.317793,0.982300,1.105827,1.007634,0.978155,1.649096,0.976833,1.258876,1.106929,1.019467,1.152794,1.112441,0.999479,1.150834,0.923130,1.045733,1.140880,1.009227,1.149268,0.957897,1.405738,1.255153,1.052435,1.013435,1.232352,1.257092,0.000000,1.029202,1.006222,2.141398,1.810722,1.404959,1.533533,1.247238,1.656946,1.145412,1.480766,1.238458,1.062769,1.328294
8.069633,3.175933,2.235799,2.898772,1.249923,2.302624,1.832447,1.213749,1.438079,2.985409,3.608643,2.999960,1.870061,6.210881,3.008711,5.995704,2.613952,2.428326,1.428723,1.134428,1.972035,1.961875,3.346910,2.561798,1.023723,5.214608,1.542489,4.747815,1.706882,2.313220,1.445048,1.197353,2.023564,1.815232,1.328081,1.303301,2.517527,1.682503,1.218201,1.424707,1.590700,1.231758,2.843684,1.972405,1.139190,1.928573,2.834868,1.824589,2.808547,1.885104,2.172147,4.035523,1.625334,5.871840,2.018652,1.684420,2.031139,3.490934,2.508419,1.075852,1.788231,2.672178,1.804038,1.730538,3.413898,1.436137,1.304371,3.573376,3.588677,3.142942,3.246819,2.914040,3.593335,3.600942,1.331196,1.026474,1.532351,1.716672,1.704640,2.208052,2.853361,1.860561,1.636592,1.831066,2.927439,2.765369,6.393175,1.616527,1.903486,1.891390,1.303853,2.760427,1.543193,2.702788,1.984468,1.757919,1.840483,2.110237,1.878916,1.832217,1.391758,1.762503,2.270150,1.617696,2.172891,1.771264,2.616099,2.417425,1.189176,1.142625,2.293038,2.120418,1.098610,0.000000,1.358365,3.997904,3.147756,2.730881,2.622876,2.115187,3.200892,2.012458,2.916077,2.108164,1.178336,2.500085
7.432323,3.243255,1.835070,2.828911,0.950530,1.724007,1.340294,0.945420,1.124832,2.816962,3.441139,2.643628,1.758494,5.719470,2.483169,5.637036,2.081146,2.217213,0.986868,0.932273,1.675390,1.783264,2.953813,2.143044,1.054941,4.670662,1.319514,4.228508,1.340179,1.749088,1.055605,1.136045,1.549054,1.364400,0.974660,1.079597,1.971066,1.383997,1.111635,1.141961,1.321138,1.061955,2.203822,1.556119,0.992800,1.695116,2.196207,1.401809,2.124794,1.497707,1.734897,2.948341,1.117863,4.975464,1.741903,1.294213,1.685674,2.910241,2.121909,1.066406,1.228629,2.330628,1.380247,1.487407,3.066050,1.075225,1.103618,3.503402,2.619248,3.014502,2.880265,2.865114,3.002019,3.129177,1.195859,1.007394,1.206890,1.197628,1.196148,2.105035,2.130256,1.393757,1.416923,1.441708,2.458507,2.567535,5.647072,1.100037,1.709961,1.543155,1.068586,2.587480,1.077604,2.143948,1.419083,1.201288,1.563358,1.424559,1.294360,1.480220,1.101029,1.260776,1.662748,1.317089,1.633476,1.295349,2.431130,1.709074,1.062578,1.026160,2.037772,1.775563,0.982442,1.287924,0.000000,3.757834,2.823472,2.485155,2.511580,2.086290,2.781681,1.848151,2.606990,1.930241,1.063206,2.397449
9.042508,6.375341,4.903508,5.676508,2.710244,5.450070,4.878580,2.931669,3.791880,5.775658,6.547144,6.057326,4.090630,8.519242,6.341311,7.911662,5.050487,5.058586,3.935416,3.290942,4.031129,4.113566,5.957750,5.102223,2.044634,7.789963,4.028998,7.731327,4.223340,5.580293,3.328341,3.354238,4.502453,5.522421,3.560916,3.827029,6.249472,4.383165,2.457656,3.973537,3.651180,2.747873,6.040471,4.603425,2.842229,5.156857,5.463794,4.011178,5.989119,4.736786,5.149855,7.318934,4.467594,8.438628,4.631731,3.972558,5.177773,6.394686,5.272454,1.714733,5.210581,5.173953,4.472911,4.360549,5.658048,3.206248,2.947796,7.127680,6.607249,5.756253,6.375837,5.824496,6.459481,6.439231,3.554477,2.667773,3.528325,4.647864,4.268417,5.046677,6.274282,4.521742,4.317715,4.155600,5.408269,5.974339,9.057493,4.721446,4.216943,4.674329,2.708108,5.475072,4.160670,6.071018,5.155902,5.260611,4.213474,5.510427,4.616981,4.787466,3.915751,4.102203,4.651668,3.396191,4.782048,5.078915,5.431516,5.558237,3.045246,3.093810,5.861372,4.990376,2.108360,4.045860,3.992846,0.000000,5.682902,5.213986,5.514561,4.697629,5.917929,4.213368,5.718773,4.684545,2.949399,5.104379
9.031722,4.822674,3.571025,4.826182,2.182165,4.276543,3.598004,2.225134,2.902894,4.544471,5.221816,4.837782,3.094194,7.197759,4.647313,7.165007,3.999454,4.193383,2.913242,2.305812,3.161977,3.489715,4.898882,4.110689,1.546257,7.424296,3.203531,6.983762,3.231235,4.378058,2.512799,2.528399,3.580040,4.149454,2.423153,2.745059,4.694876,3.199426,2.012635,2.763200,2.612667,2.099044,4.920603,3.473289,2.120894,3.831710,4.318314,2.951954,5.126696,3.213460,3.890614,5.905256,3.418485,7.759473,3.687635,3.218071,3.999816,5.646090,4.209798,1.288030,3.580489,4.568735,3.664653,3.458347,4.822189,2.505617,2.273628,5.607537,5.228227,4.728044,5.185853,4.830618,5.018398,5.052046,2.724442,1.888369,2.607877,3.331375,3.266500,3.951584,4.797128,3.588341,3.077628,3.157137,4.712380,4.730035,8.290036,3.933380,2.920776,3.498744,2.158665,4.513803,2.911523,4.601789,4.071755,4.207371,2.908215,4.096140,3.417924,3.726317,3.110588,3.352606,3.684061,2.724280,3.903956,3.999614,4.428867,4.527732,2.376633,2.232307,4.639123,3.770306,1.756850,3.095190,2.724001,5.973498,0.000000,4.485111,4.453425,3.881067,4.865644,3.262872,4.590121,3.513086,2.314054,4.194606
9.006350,4.707972,3.422932,4.437209,1.914071,3.913961,3.359700,2.226220,2.773706,4.307311,5.043904,4.396775,2.878103,7.768937,4.815964,7.392565,3.867448,3.675787,2.751872,2.253469,2.985441,3.011424,4.390532,3.381559,1.426800,7.089112,2.864296,6.982092,2.966877,4.146815,2.160114,2.185315,3.146213,4.062407,2.410329,2.551321,4.816568,3.105927,1.780632,2.843432,2.590403,2.047170,4.583947,3.327659,1.784732,3.732787,4.261295,2.597197,4.901142,3.218388,3.750796,6.364039,3.286144,7.619570,3.359823,2.748903,3.526136,5.255152,3.953757,1.243234,3.666359,4.003931,3.133056,3.341638,4.372457,2.076038,2.213774,5.436982,5.296045,4.643804,4.872327,4.284454,4.793846,5.196406,2.527219,2.041830,2.560626,3.291469,3.259181,3.706031,4.767293,3.234714,2.956985,2.845240,4.418081,4.166921,7.719754,3.623495,2.928042,2.963688,1.919553,3.981163,2.837442,4.238718,3.847925,4.175364,3.112430,4.287678,3.463633,3.340507,2.787287,3.077472,3.474947,2.446467,3.556879,3.861171,3.991077,4.531433,2.067223,2.139333,4.690140,3.591329,1.538048,2.856944,2.853363,5.196492,4.534289,0.000000,4.089382,3.555482,4.410477,2.980656,4.199171,3.338266,2.316585,3.666372
8.733675,4.595897,3.404487,4.130833,2.002805,3.995549,3.371722,1.982240,2.617826,3.951451,4.638980,4.254771,2.698130,6.829502,4.458463,7.520519,3.814790,3.414064,2.736373,2.136854,3.015521,2.896910,4.599492,3.586190,1.427483,6.766053,2.845721,6.355531,3.060842,4.007236,2.269917,2.152662,2.960975,3.796163,2.205037,2.633058,4.589285,3.058950,1.854118,2.668040,2.354149,2.101663,4.531936,3.337518,1.809732,3.495283,4.316592,2.916225,4.455578,3.160721,3.738084,6.149045,3.175622,7.201046,3.123737,3.083541,3.658302,5.488492,3.703364,1.281997,3.624594,4.209913,3.073382,3.065465,4.239186,2.193842,2.065064,4.835252,5.189050,4.419721,4.432504,4.157822,4.516093,4.768416,2.563635,1.854742,2.560135,3.157869,3.092297,3.560121,4.536285,3.140581,3.030616,2.732016,4.263366,4.230215,7.640344,3.586940,2.858510,3.008871,1.913588,4.125110,2.773902,4.277999,3.739647,3.907111,2.868457,3.878729,3.252169,3.425920,2.826572,2.831301,3.410584,2.426656,3.381517,3.340994,3.754509,4.093750,2.067783,2.093212,4.403664,3.537322,1.419471,2.719248,2.663049,5.390538,4.549576,4.007976,0.000000,3.312856,4.327116,2.805473,4.226047,3.049927,2.004222,3.810310
8.826587,3.992425,2.815768,3.653318,1.619375,3.407520,2.691549,1.729205,1.919790,3.107101,4.187782,3.747267,2.333583,6.858309,3.721515,6.960471,2.988524,3.018025,2.381813,1.895747,2.259380,2.464005,3.702179,2.993322,1.159471,6.246155,2.168318,5.774108,2.262496,3.295412,1.713462,1.862126,2.483553,3.244727,1.918675,2.026314,3.837141,2.316215,1.494523,2.138859,2.134828,1.583816,4.016290,2.481437,1.565389,3.020407,3.284731,2.281291,3.871910,2.545416,2.876966,5.555015,2.697358,6.964398,2.656012,2.457945,2.772175,4.321031,3.137909,0.998505,2.884716,3.403596,2.673119,2.477337,3.857251,1.866460,1.754682,4.777991,4.367208,3.869683,4.178526,3.744885,4.004004,4.491168,1.950797,1.572002,2.009672,2.529807,2.289831,2.938507,3.659006,2.499052,2.370933,2.343385,3.528118,3.431158,7.730485,2.970912,2.440587,2.556119,1.557058,3.518735,2.271668,3.514456,3.224154,3.267347,2.329874,3.215032,2.607450,2.499872,2.261406,2.558892,2.802360,1.894455,2.710355,2.822329,3.346297,3.345610,1.647607,1.521378,3.545092,2.921940,1.122007,2.275498,2.119731,4.698347,3.798259,3.383418,3.407121,0.000000,3.867536,2.377940,3.445152,2.681301,1.524139,2.774034
8.369177,4.965090,3.714820,4.738503,2.018574,3.865565,3.633895,2.171145,2.619470,4.534319,5.079516,5.011712,3.012203,7.526708,4.761119,7.730953,3.984159,4.082739,2.665175,2.208763,3.225652,3.216079,4.990653,3.968242,1.514107,6.781990,3.183749,6.867176,3.169991,4.483196,2.451745,2.155420,3.220383,3.862064,2.351597,2.815427,4.660786,3.139016,1.965344,2.973253,2.743923,2.025745,4.990635,3.347125,2.140154,3.963850,4.271545,2.867851,4.755122,3.291166,3.766658,5.982804,3.265101,7.356338,3.397139,3.109548,3.713853,5.474435,3.820994,1.223460,3.803742,4.731109,3.450109,3.288201,4.647226,2.187989,2.394668,5.223748,5.113506,4.918044,5.103052,4.514069,4.694434,5.249303,2.487650,2.104217,2.625777,3.534253,3.242873,3.880919,5.075788,3.527253,3.056233,3.076603,4.483219,4.229140,7.816179,3.623820,2.957275,3.468305,2.028696,4.301820,2.796482,4.446960,3.536077,3.570782,3.125617,4.098633,3.467519,3.390476,2.892705,3.257654,3.726060,2.608047,3.641961,3.749067,4.231313,4.238408,1.974540,2.051946,4.786321,3.578675,1.639746,3.198343,2.740219,5.879920,4.973642,4.244200,4.452214,3.907086,0.000000,3.201707,4.475461,3.687428,2.401737,4.152571
7.602878,3.027915,2.438760,2.998291,1.410651,2.763453,2.489856,1.376474,1.680555,2.570133,3.087218,2.890964,2.075470,6.436313,3.343196,6.477150,2.553541,2.489454,1.960090,1.460980,2.113398,2.027312,3.194786,2.368855,1.114122,5.763789,2.068659,5.043178,1.958134,3.123418,1.565310,1.621081,2.064796,2.687530,1.725511,1.822102,3.354844,2.236402,1.303747,1.932883,1.751686,1.346769,3.436135,2.263752,1.431331,2.590051,3.057867,2.075765,3.188367,2.013812,2.510248,4.664170,2.179642,6.063598,2.469843,2.238427,2.445968,4.301590,2.533973,0.944707,2.716048,3.018967,2.429501,2.209913,2.960961,1.558622,1.408863,3.732066,3.394196,3.334280,3.587879,3.312811,3.466972,3.481354,1.919850,1.338710,1.737006,2.243874,2.265512,2.258093,3.486376,2.241552,2.096644,2.119224,3.135628,2.981739,6.811138,2.564338,1.929584,2.443137,1.366796,2.881236,2.060346,2.807725,2.775633,2.821607,2.033468,2.861500,2.362410,2.456222,2.052639,2.126129,2.345534,1.808454,2.384123,2.502784,2.560488,3.231109,1.560353,1.521489,3.190859,2.347015,1.093221,2.051801,2.042278,4.150369,3.276498,2.814403,2.859247,2.303546,3.129288,0.000000,3.088385,1.952852,1.394362,2.547723
8.509008,4.806623,3.509604,4.593734,2.091416,4.167686,3.401868,2.035615,2.666892,4.145406,4.926980,4.744399,2.968052,7.572052,4.451584,7.214461,3.953336,3.841325,2.937358,2.036474,2.986505,3.158735,4.820984,3.902617,1.552585,7.280721,2.748431,6.688659,3.106063,3.944384,2.401976,2.270220,3.373195,3.844779,2.300201,2.597544,4.649170,2.918553,1.936833,2.759225,2.370705,2.069964,4.873988,3.110476,1.865712,3.799021,4.594989,2.908061,4.403335,3.070297,3.488650,5.883371,3.246835,7.448435,3.380853,3.085101,3.658869,5.283788,3.991326,1.137558,3.438181,4.544695,3.147690,3.183677,4.681634,2.284407,2.100004,5.051596,5.131081,4.596866,5.003245,4.488885,4.887310,5.038291,2.356157,1.922538,2.528664,3.053163,3.204076,3.858671,4.743005,2.999269,3.036772,2.928515,4.327737,4.198013,8.193265,3.630727,3.014188,3.030898,2.122858,4.402685,2.729477,3.885163,3.681074,3.650940,3.053154,4.076029,3.349444,3.200713,2.865811,3.026552,3.361136,2.528612,3.432855,3.604526,3.881049,4.062043,1.968661,2.140409,4.456317,3.706822,1.612760,2.949929,2.617676,5.440425,4.697175,3.922906,4.247507,3.571982,4.578364,3.131988,0.000000,3.349020,2.162012,3.923533
7.721205,3.297827,2.549957,3.050493,1.396664,2.724895,2.695279,1.461209,1.754845,2.987923,3.676207,3.230125,2.004940,6.628317,3.321352,6.021153,2.709294,2.486768,1.939105,1.481233,1.992820,2.229596,3.565534,2.601964,1.088173,5.992001,2.113637,4.984545,2.234411,3.041600,1.492591,1.571223,2.170649,2.710187,1.604695,1.852170,3.569201,2.270624,1.340234,2.092580,1.802658,1.460422,3.484196,2.272911,1.444545,2.634663,3.237164,2.064312,3.484629,2.270238,2.560173,4.858814,2.114993,6.524378,2.382958,2.314198,2.500576,4.469676,2.831425,0.934562,2.486723,3.079481,2.256344,2.228780,3.262737,1.581310,1.521834,3.634242,3.908099,3.292229,3.734160,3.321711,3.840661,3.702732,1.648360,1.295352,1.763766,2.066968,2.305859,2.647442,3.356629,2.480776,2.238905,2.032485,3.416623,3.108834,6.425705,2.740620,2.351693,2.494179,1.317448,3.282145,2.017678,3.101874,2.500140,2.915268,1.980181,2.727976,2.429632,2.468657,1.841854,2.368596,2.407943,1.795624,2.629432,2.632241,2.826059,2.921876,1.523668,1.402166,3.243459,2.595209,1.104692,2.096703,2.036859,4.465239,3.503313,3.034405,3.044726,2.597751,3.507123,2.077978,3.141679,0.000000,1.423933,2.813106
6.498865,2.428743,1.541811,2.099846,1.068553,1.785784,1.481180,1.004875,1.101793,2.015459,2.527827,2.266436,1.300366,4.654473,2.066693,4.805138,1.773010,1.685609,1.152666,0.983261,1.396511,1.562877,2.281995,1.849191,0.920758,4.309004,1.328215,3.378230,1.379250,1.819010,1.097847,1.074808,1.476631,1.580449,1.091731,1.213824,2.354230,1.312874,0.934927,1.256396,1.112487,1.008328,2.300269,1.447892,0.917195,1.533979,1.905289,1.345768,2.229709,1.452457,1.737594,3.290217,1.316523,4.650485,1.513093,1.300584,1.641957,2.593609,1.752276,0.976467,1.648458,1.902038,1.475259,1.447296,2.403034,1.041138,1.012535,2.668645,2.404663,2.367663,2.438610,2.066436,2.365604,2.525539,1.107509,1.089659,1.276606,1.299992,1.483388,1.718403,1.992094,1.415618,1.439680,1.404663,2.119546,2.148713,5.790009,1.410021,1.306275,1.592595,0.957789,2.090034,1.272526,2.098815,1.488947,1.609802,1.386259,1.788237,1.494186,1.485177,1.183794,1.286513,1.528961,1.178236,1.465349,1.538091,1.928397,1.926358,1.033368,1.057290,2.160293,1.522325,0.844093,1.330713,1.136291,2.804347,2.225630,1.954285,1.933508,1.618567,2.405560,1.345126,2.149821,1.523831,0.000000,1.803570
8.521558,4.374751,3.228276,4.153445,1.786018,3.644940,3.012264,1.895488,2.267797,3.588648,4.584245,4.340086,2.638336,7.355978,4.222415,7.018875,3.717006,3.282383,2.361249,2.004912,2.657780,2.731900,4.260225,3.279829,1.327840,6.616520,2.596961,6.144698,2.637876,3.531238,2.048375,2.151320,3.013835,3.254318,2.143415,2.370314,4.076777,2.636549,1.618940,2.253862,2.255038,1.819919,4.187499,3.079752,1.978924,3.124718,3.277036,2.643205,4.162235,2.839464,3.271465,5.901275,2.822563,7.108323,3.033376,2.665043,3.302995,5.001108,3.481766,1.061418,3.064002,3.597240,2.932396,3.015724,3.968781,1.984769,1.910557,5.172266,4.656841,4.298382,4.520608,4.170968,4.818109,4.822859,2.239701,1.745970,2.307291,2.881786,2.593422,3.503122,4.037554,2.686523,2.866772,2.444709,3.958744,3.860821,7.984615,2.903804,2.672288,2.798846,1.880704,3.954705,2.518469,3.894897,3.165415,3.753228,2.653306,3.844665,2.933115,2.983721,2.463652,2.757004,3.188351,2.186830,3.207677,3.393647,3.817902,3.788501,1.792441,1.663013,3.814209,3.225256,1.367493,2.478973,2.538156,5.217818,4.119651,3.590100,3.771948,2.921068,4.154123,2.639031,4.012339,2.969933,1.967425,0.000000
