0.000000,8.254349,7.529985,7.288871,6.895632,8.514846,8.465657,7.185639,7.589793,8.074575,7.975393,7.423783,6.337579,0.000000,7.801123,0.000000,8.407893,7.961944,7.069317,7.230727,7.643821,6.798762,8.269453,7.813861,5.411602,0.000000,8.468596,0.000000,8.442068,8.940832,7.421780,7.762085,8.043096,8.481851,7.962419,8.139724,8.152518,8.380906,6.241496,7.858423,8.058665,6.581644,8.959388,8.341719,7.925194,8.499818,9.350115,8.439233,8.181572,7.215459,8.893174,8.139392,8.522371,0.000000,7.306968,8.298116,8.634447,9.010130,6.830587,5.787391,8.849865,0.000000,8.488422,7.477841,7.836477,6.706575,6.873940,7.813054,7.533898,7.680613,8.492708,7.674912,7.936986,8.060525,8.186920,7.004185,7.701746,8.553516,8.197757,7.469883,0.000000,8.243717,6.869221,6.961770,8.511754,8.474610,0.000000,9.385291,6.999995,8.560028,6.565878,8.012720,8.182446,8.780934,8.844666,8.534924,7.127542,7.777698,8.446484,8.799271,8.667642,8.525424,8.009909,6.966779,7.815057,8.340849,8.312607,9.101197,7.394468,7.311246,9.058100,8.187633,6.455328,8.070257,7.297714,8.647133,7.876348,7.955275,7.790063,8.139158,8.011721,6.628119,8.129340,6.950252,6.302400,8.370754
8.126971,0.000000,3.483521,4.099415,2.365763,4.656954,3.948342,2.853726,3.145881,4.311716,4.512447,4.829497,2.480568,7.871000,4.621152,6.699320,4.222978,3.466337,3.288143,3.008918,4.235642,2.575808,4.643690,4.046434,1.734885,7.614175,3.950148,5.942066,4.014141,5.807700,2.694601,2.905886,4.221626,4.855847,2.913406,3.373600,5.836460,3.875958,2.341630,3.894398,3.501427,2.961207,5.449663,4.339041,2.841636,5.218420,5.602915,4.103217,3.972429,2.862343,4.751199,5.009867,4.343459,6.951575,2.781765,3.934008,4.100149,4.471420,3.094411,1.174033,5.022553,5.982620,4.158533,2.829232,4.617215,1.797537,3.050551,4.463520,4.018344,4.729712,4.738085,4.520985,4.085382,3.794923,3.528701,2.391389,3.313090,3.863822,3.378842,2.729258,6.385143,3.823086,3.007145,2.574513,4.314990,4.254803,8.948456,5.488860,2.408336,4.284967,2.034808,3.332995,3.874988,5.278144,4.727481,5.310680,3.190985,3.765236,4.697410,5.441208,4.022876,3.836681,3.229660,2.610983,3.332782,4.158840,4.133484,4.809945,2.680439,2.202138,6.215644,4.475009,2.315782,3.324703,3.209330,5.381541,4.284702,3.631426,3.671190,3.935476,4.215315,2.725112,3.809951,3.189342,2.187057,3.883551
7.486140,3.491022,0.000000,2.835060,1.592012,3.111989,2.722985,1.795765,1.998959,2.870794,3.433319,3.509157,1.557982,6.824575,3.028475,5.727704,2.976847,2.557154,2.296269,1.801741,2.677971,1.684294,3.132979,2.730704,1.176803,6.148551,2.510710,4.885530,2.638895,3.807340,1.793650,1.786279,2.971101,2.937383,1.833864,2.203510,4.214407,2.410786,1.522924,2.314557,2.436418,1.658390,3.904004,2.719938,1.657041,3.250013,3.875261,2.760611,2.509860,1.739602,3.127832,4.081163,2.496405,6.032980,1.991968,2.498096,2.671627,3.129523,2.466839,0.807296,3.113282,4.143913,2.881805,2.028326,3.442121,1.286814,1.821362,3.710138,3.262390,3.152615,3.663465,2.782103,2.900991,3.118091,2.017882,1.707627,1.996237,2.320472,2.116870,2.073155,4.439754,2.314888,1.804738,1.398141,2.743042,2.990447,7.745538,3.357471,1.675417,2.808765,1.293650,2.564498,2.405726,3.726081,3.156379,3.180891,2.031816,2.264259,2.786117,3.418109,2.374804,2.328047,2.465306,1.696059,2.225984,2.636876,2.777327,2.888350,1.640791,1.451020,3.918719,3.011044,1.531236,2.157853,1.981024,4.112697,3.071510,2.800624,2.607355,2.561192,3.121510,1.730603,2.908595,1.882991,1.286382,2.431587
7.269539,4.021681,2.893744,0.000000,1.995299,4.052037,3.913028,2.389567,2.824243,3.280424,3.558742,3.770046,1.521961,6.234935,4.316793,6.620734,3.234395,3.150451,2.817707,2.888197,3.342913,1.993963,3.885383,3.171401,1.453492,6.726656,3.587649,4.897395,3.381256,4.971508,2.362570,2.495029,3.709114,4.830116,2.875509,3.454729,5.462188,3.377976,1.947841,3.414558,2.858975,2.433273,5.293124,3.486327,2.449221,4.448948,4.570158,3.469967,3.761334,2.429046,4.476059,4.876889,3.667922,6.834008,2.729089,3.728289,3.943928,3.991767,2.097156,1.462967,4.720067,4.962403,3.841243,2.604497,2.851165,1.390609,2.243343,3.607167,3.676228,3.304719,4.447589,3.588778,3.877233,3.590533,3.414577,2.645440,2.811794,3.510149,3.458397,2.875198,5.725819,2.830396,2.594195,1.973201,3.664613,3.934531,8.233971,4.968643,1.804500,3.786982,1.891941,3.130158,3.797693,4.900146,4.523370,4.561559,2.452972,3.489360,3.975959,4.410927,3.601178,3.437939,3.003337,2.314269,2.780982,4.018738,3.311759,4.374888,2.445919,2.009296,5.080066,4.213520,2.061630,3.061523,2.726055,4.925962,3.577730,3.288519,2.978154,2.828664,3.459428,1.926855,3.341620,2.165345,1.977855,3.202920
6.845602,2.710141,1.615546,1.886378,0.000000,1.098593,1.001352,0.883348,0.954815,1.985489,2.551795,1.953613,1.127178,4.811101,1.974128,4.656888,2.036350,1.798781,0.882537,0.962750,1.032511,1.485942,2.435033,2.155858,0.871206,3.447241,1.028531,2.953853,0.893591,1.533194,1.001768,0.965728,1.036110,1.009707,0.924473,0.961768,2.094058,0.938941,1.062678,1.048183,1.028251,0.864539,1.714428,1.159946,1.035239,1.164839,1.305496,1.037140,1.965981,1.106947,1.333356,2.543493,1.048024,4.554904,1.462888,0.965258,1.416898,2.441180,1.627300,0.946607,0.917396,1.404381,0.928079,1.139322,1.550287,1.048717,0.962684,2.086497,2.470012,1.867857,2.254049,2.166782,2.225863,2.386184,1.078134,0.944720,1.115670,1.012892,0.932585,1.291370,1.654150,0.750682,1.207103,1.117088,1.509133,2.034041,5.586066,1.170551,1.416386,1.150105,1.039846,1.757017,1.111884,1.112964,1.212333,1.058079,1.226988,1.078963,1.000794,1.006293,0.949360,0.967374,1.431645,0.990246,1.616324,1.058917,1.884433,1.452881,1.122190,1.062978,1.377198,1.313281,0.950977,1.112450,0.991876,2.937100,2.085670,1.846412,1.924949,1.671553,2.053638,1.216228,1.963540,1.341295,1.051437,1.903720
8.689636,4.830387,3.296760,3.931185,1.248807,0.000000,2.064059,1.364666,1.724020,3.978967,4.868034,4.623463,2.448627,8.200865,3.931296,7.251381,3.694692,3.228203,1.646349,1.337062,2.240415,2.798182,4.173718,3.489962,1.266569,6.240415,2.114701,5.106736,2.157005,3.282702,1.649955,1.368287,2.195391,2.660773,1.434934,1.686567,4.072777,2.080573,1.481048,1.854248,1.757146,1.340170,3.488297,2.014639,1.151856,2.527040,3.104759,1.903463,4.201673,2.600878,2.973969,5.616749,2.327289,7.346678,2.875016,2.199269,2.695425,4.315958,3.434337,0.928161,2.228171,3.056132,2.041274,2.597142,4.362179,1.961862,1.584732,5.133664,4.972193,4.603562,4.891668,4.551057,4.668363,4.605955,1.454236,1.316206,1.704819,1.994476,1.837744,3.900554,2.824032,2.239270,2.560363,2.447621,3.292541,3.450389,7.605409,1.968587,2.943710,1.940210,1.568316,4.126018,1.818402,2.958051,2.585377,2.351155,2.331730,2.639030,2.094594,2.033258,1.742213,1.969736,2.921024,2.064318,3.104248,2.180781,3.716291,3.062803,1.433862,1.610781,3.148490,2.713455,1.227419,1.967813,1.350957,5.680119,3.938402,3.987177,4.083935,3.163546,4.105411,3.012561,3.744020,2.654978,1.625426,3.231018
8.666811,4.500478,2.959812,4.149443,0.958089,1.861571,0.000000,0.786740,1.088759,3.524700,4.624338,3.401840,2.092421,6.799295,3.051784,6.276620,3.563905,3.391044,1.084593,0.706924,1.823630,2.818687,4.211066,3.606535,1.114654,5.605503,1.314933,4.982742,1.622961,2.286796,1.237299,0.917008,2.063082,1.293027,1.066627,1.138995,2.481656,1.414321,1.017543,1.054716,1.376904,1.040100,3.033745,2.061017,1.000003,1.789902,2.662077,1.438909,3.157472,1.949562,2.007496,4.006464,1.083923,5.980920,2.454446,1.396744,2.266416,4.178259,3.068021,0.716580,1.227229,2.976064,1.460767,1.866206,3.211304,1.716236,1.246935,4.753386,4.277463,3.877333,4.122318,4.035815,4.496384,4.686792,1.015912,0.974141,1.141418,0.898217,1.233367,3.141053,2.438734,1.486725,2.051065,2.173689,2.825758,3.700513,6.959938,1.131173,2.706040,1.512986,1.361699,3.678230,0.886048,2.090652,1.534730,1.301615,1.877184,1.516519,1.338659,1.604679,0.985686,1.340228,2.650202,2.037181,2.849254,1.420610,3.615305,1.890424,0.935354,0.977834,2.090196,2.159187,0.912419,1.484195,0.740872,5.035421,3.697867,3.867163,3.994203,3.253428,3.430476,2.387674,3.873377,2.774795,1.460911,3.068885
7.152885,3.038556,1.778994,2.393248,1.077342,1.345033,1.146505,0.000000,0.920792,2.086141,3.021336,1.756984,1.266056,4.317839,1.971806,4.515259,1.872458,1.984132,0.878337,0.799303,1.324440,1.838664,2.570562,2.098865,0.939063,3.214476,0.958349,2.987443,1.182398,1.318311,1.198725,0.844614,1.057731,0.990925,0.804279,0.933931,1.404730,1.201654,0.830803,0.826011,1.001900,1.033449,2.047054,1.137279,0.844602,1.027658,1.607228,0.960910,2.192173,1.328490,0.934347,2.703705,0.759628,4.877315,1.573380,0.749218,1.367492,2.493462,2.082244,0.805271,0.838634,1.634124,0.981745,0.999984,1.564917,1.004878,0.847227,2.999302,3.078938,2.454491,2.527796,2.309487,3.257313,2.959357,0.963276,0.926055,1.071378,0.939030,0.936649,2.108896,1.521963,0.900726,1.371593,1.760247,1.835177,2.351831,5.285947,0.959720,2.021073,0.999430,0.918028,2.660019,0.978993,1.489206,0.765014,0.799156,1.124426,1.007288,0.975480,1.120876,0.967926,1.061625,1.727239,1.356751,1.904574,0.933481,2.444241,1.313727,0.960081,0.993593,1.266041,1.335070,0.842009,0.973074,0.995491,3.297742,2.461568,2.328234,2.509988,1.771254,2.422249,1.575645,2.342374,1.897844,1.073755,1.979307
8.230114,3.490891,1.848906,3.095404,1.008834,1.716381,0.919102,1.095821,0.000000,2.609504,3.401303,2.778462,1.639925,5.937919,2.208235,6.057100,2.692763,2.203168,0.859336,0.888849,1.193310,1.907428,3.521400,2.817846,1.023195,4.299895,1.076382,4.122862,1.056968,1.576757,1.015810,0.883366,1.487592,0.932475,0.905795,0.973685,2.174138,1.121506,1.004950,1.045860,1.170972,1.057002,2.067774,1.294129,1.064919,1.119833,1.926427,1.179279,2.158805,1.235669,1.609881,2.687406,0.854154,4.860268,1.749380,1.211118,1.569227,2.680309,2.245441,0.916665,0.937565,2.214771,1.130082,1.434470,2.598324,1.107420,1.019026,3.205574,2.640843,2.872353,2.981598,3.140194,2.707141,3.175901,0.937286,1.095004,0.950751,1.057008,0.920693,2.030735,2.049282,1.286664,1.307970,1.463985,2.155087,2.382842,6.248385,0.967209,1.751185,1.206139,1.140743,2.206237,1.010631,1.479549,1.227875,0.999745,1.580862,1.079457,0.988649,1.089647,0.880159,1.163624,2.071183,1.401336,2.092907,0.969197,2.626489,1.307936,1.075858,1.061229,1.380374,1.681247,1.063906,1.048184,1.055345,3.875028,2.815200,2.875739,2.615406,2.352638,2.529398,1.895781,2.561043,2.146915,1.226354,2.300735
7.407795,4.726003,3.380035,3.590052,2.182294,4.113260,3.820368,2.221543,2.303219,0.000000,4.222362,3.100677,1.706860,6.351743,4.457285,7.141254,3.255684,3.323985,2.820634,2.824287,2.745928,2.596504,4.303945,3.648283,1.466016,6.598247,2.915469,4.883719,3.273182,4.739720,2.203277,2.482184,3.311908,4.220330,2.872989,2.967049,4.804777,3.417064,1.752733,3.069888,2.962307,2.025874,4.908385,3.382859,2.188277,3.728304,3.952650,2.900438,4.699532,2.617421,4.154358,5.718683,3.372731,7.619803,3.157240,3.481999,3.899485,4.963545,2.988681,1.393477,4.226501,4.701069,3.819546,2.502489,2.797735,1.990920,2.563691,4.444163,4.804373,3.541576,4.599502,3.629100,4.466927,4.160314,2.828102,2.715869,2.547685,2.913445,3.134751,3.471295,5.310483,2.423882,3.009373,2.699094,4.004516,4.180312,7.693323,4.476568,2.790739,3.422320,1.928862,3.581025,3.349462,4.069710,4.388287,4.527929,2.279310,3.562020,3.792839,3.512052,3.441047,2.956357,3.167298,2.736213,3.305368,3.992326,3.752429,4.470505,2.494707,2.541752,4.817466,3.796740,1.889607,2.917627,2.680706,4.880286,3.768329,3.636861,3.659764,3.034124,4.039955,2.317650,3.899374,2.651829,1.798823,3.603148
7.665051,4.831548,3.671685,3.751731,2.472621,4.904380,4.325843,3.059888,3.201727,4.106206,0.000000,4.650855,2.278366,7.206972,5.080979,7.644743,4.184244,3.590213,3.507013,3.186941,3.829301,3.025591,4.920594,3.929101,1.709871,7.702657,4.064140,6.059407,3.921007,5.749088,2.973606,3.171572,3.948000,5.248511,3.356149,3.922456,5.770282,4.203268,2.277220,3.656758,3.669847,2.639196,6.023527,4.024233,2.791619,5.026923,5.602805,3.963163,4.575813,3.095778,4.877837,5.547049,4.386840,7.699507,3.640759,4.061728,4.629343,4.982815,2.976028,1.452883,4.960301,4.953828,4.455233,3.128278,4.298054,2.098375,2.562066,4.781570,4.645083,4.163713,4.964937,4.154755,4.311314,4.328437,3.631614,3.055066,3.270129,3.775030,3.478013,3.044249,6.008434,3.317561,3.442966,3.058867,4.397101,4.943056,9.097298,5.343741,2.608555,4.357055,2.453603,3.883636,4.308875,5.301604,5.516917,5.353430,2.993790,4.580950,4.323039,4.792566,3.985965,4.340329,3.875794,2.686551,3.704137,4.914117,4.389774,5.410210,3.158210,2.955894,6.369816,4.373988,2.192808,3.527713,3.512836,5.641027,4.379361,3.959035,3.545818,3.652158,4.297837,2.563985,4.086481,2.618115,2.332999,3.782962
7.333400,5.244123,4.162698,4.007517,2.363792,4.537136,4.015379,2.217352,2.848113,3.470157,4.956780,0.000000,1.969711,6.269737,4.942724,7.306576,3.707019,3.999797,2.820146,2.781457,3.288095,3.269032,4.789656,4.454419,1.625197,7.555325,3.210919,5.704300,3.596016,4.661594,2.873427,2.726387,3.839079,4.732832,3.309922,3.609536,4.865704,3.765250,1.775796,3.035962,3.083128,1.984791,5.160957,3.621986,2.253818,3.931238,4.252097,3.223240,5.555973,2.994661,4.610342,6.749116,3.877315,8.438201,3.548174,3.486412,4.178025,5.667426,3.314730,1.352651,4.200134,4.904793,3.438060,2.999630,3.172684,2.566001,2.382701,5.213782,5.607249,3.996280,4.779525,4.632859,5.216862,5.377248,3.023614,2.514363,2.840001,3.030015,3.007448,4.204430,5.197317,2.728264,3.561696,3.354472,4.673172,4.802645,8.408784,4.201740,3.195357,3.768703,2.143966,4.482426,3.806535,4.374438,4.399532,4.172783,2.705657,4.121043,3.681788,3.612351,3.381151,3.341636,3.905577,2.997240,3.753554,3.949647,4.191701,4.846183,2.592817,2.847065,4.994834,3.509379,1.872123,3.086667,2.798238,5.269363,4.602737,4.493300,4.411384,3.437025,4.642450,2.341377,4.488640,2.973148,2.062878,4.466600
6.398947,3.069210,2.216864,1.921182,1.271524,2.590513,2.369857,1.377870,1.614155,1.932734,2.927891,1.882582,0.000000,5.133981,2.307108,5.126167,2.141549,2.088172,1.864752,1.753706,1.552322,1.441783,2.613758,2.414713,1.015132,4.860684,2.010508,3.678111,2.021975,2.874187,1.410920,1.363332,2.071033,2.538368,1.551401,2.022569,3.425985,2.015536,1.380593,2.264860,2.021852,1.336224,3.127051,2.322121,1.415524,2.366815,2.199254,1.998632,3.335402,1.726530,2.664527,3.982978,2.148618,5.878359,1.929103,2.258391,1.964317,3.019060,1.693878,1.442090,2.605031,3.376666,2.201572,1.662642,2.117068,1.348684,1.740683,2.684370,3.291977,1.901933,2.895429,2.064054,2.441328,2.599632,1.807593,1.915973,1.665206,2.183325,1.785944,2.118792,3.994504,1.542960,1.706214,1.477850,2.492937,2.670216,7.165134,2.996244,1.333584,2.169245,1.381656,2.062824,2.020559,2.783516,2.875419,2.697992,1.501592,2.353762,1.911010,2.332702,1.856912,1.938652,1.821570,1.801142,1.933213,2.422775,2.259681,2.908131,1.743941,1.455008,3.089201,2.237807,1.412077,1.724559,1.718950,2.820700,2.248460,2.294700,2.187238,1.518682,2.409030,1.553005,2.355689,1.703296,1.025857,2.271855
0.000000,8.003401,6.899937,6.479094,5.235518,8.146629,7.435200,4.951447,6.078663,6.860934,7.036318,5.841890,4.695789,0.000000,7.791808,0.000000,6.719978,6.838149,5.923621,6.066414,7.240101,6.125699,7.462103,7.556547,3.624634,9.131325,7.206328,8.663666,6.751304,7.821744,6.001748,5.889219,6.384227,7.940827,6.812005,7.458621,8.061651,7.331207,3.985402,6.533014,6.584598,5.306107,8.188458,6.001457,5.193994,7.332101,7.549408,6.361007,8.313742,6.565972,7.722823,8.926498,7.367578,0.000000,6.505415,6.975269,7.482794,8.005740,6.268067,2.950494,7.781597,7.262736,6.570163,6.066221,5.498790,5.385207,5.780686,7.126538,8.108532,6.564580,7.586231,6.690508,7.727122,7.594693,7.148022,5.579848,6.211380,6.767410,6.940508,7.151316,8.003220,6.308567,6.993413,6.139597,7.441676,7.579670,0.000000,7.733137,6.373052,7.303502,5.338645,7.208105,6.971233,8.008451,7.741754,7.725702,5.432084,7.259383,7.075397,7.333460,7.057568,7.077550,6.514969,5.907495,6.667772,7.370032,7.147396,8.028261,5.611857,5.545403,8.392070,6.878229,4.910792,6.191522,6.242221,7.480900,7.890089,6.981451,7.241545,6.488378,7.088855,4.910547,7.423510,5.779859,4.576465,7.002059
7.987127,4.696505,3.030005,4.297325,2.040229,3.921234,3.041528,1.962253,2.365544,4.055371,4.853566,4.376398,2.214208,7.506646,0.000000,6.717756,3.828988,3.556907,2.517054,2.083196,3.498130,2.700544,4.292345,3.584668,1.490320,7.033102,3.131567,6.138183,3.361992,4.218035,2.230556,2.133725,3.675571,3.274031,2.288903,2.590087,4.741708,2.884458,1.789420,2.540186,2.850420,1.887976,5.060380,3.412168,2.056819,3.736312,4.917219,3.214041,3.808268,2.254314,3.841399,5.241450,2.888543,6.493684,2.864733,3.047528,3.226619,3.988296,3.173058,1.382179,3.277802,4.929121,3.291278,2.571661,4.077044,1.673184,2.299505,4.998125,4.692405,4.248639,4.541868,4.002826,4.355378,4.235835,2.333056,1.825672,2.436596,2.370086,2.887687,2.934598,5.486007,2.808614,2.528779,2.371426,3.596646,4.222022,8.208121,3.279959,2.296126,3.581261,1.669427,3.679315,2.714820,4.582539,3.447889,3.391511,2.870771,2.677275,3.282632,3.901279,2.615626,2.700719,3.033985,2.467588,3.071665,3.087921,4.146279,3.723432,1.964335,1.641896,4.749380,3.870189,1.756287,2.679561,2.251670,5.501673,4.066094,3.679533,3.736168,3.614772,4.471616,2.705763,3.803254,2.672428,1.983928,3.566639
0.000000,7.187528,5.885609,6.447533,4.792216,7.248248,6.602258,4.750547,5.882832,6.556768,7.411727,7.136050,4.523197,0.000000,7.000407,0.000000,6.364042,6.434296,5.885983,5.366808,6.042477,5.370077,6.410861,6.362236,3.294061,9.431132,6.600533,8.188408,6.518883,7.444222,5.057937,5.367520,6.583109,7.574962,5.573582,5.899858,8.056698,6.142607,4.600633,6.335491,5.694855,4.931231,7.878349,6.855912,5.216143,7.251461,7.106010,6.510838,6.374788,5.215400,7.289338,7.433796,6.834753,0.000000,5.432676,6.333756,6.450553,6.272925,5.710967,2.429946,7.577796,7.972508,7.291926,5.256194,6.362580,3.703465,5.809792,6.834366,6.962835,6.566577,7.264578,6.416039,6.229165,5.992604,6.253424,4.921358,5.993026,6.105721,6.647185,5.587794,8.637923,6.418107,5.347371,5.330243,6.652271,6.583959,0.000000,7.471866,4.893448,6.753300,4.368098,5.686963,6.345926,7.440334,7.194511,7.450989,5.310086,6.376816,6.934026,7.660486,5.930940,6.459267,5.862053,5.032807,6.133931,6.923052,6.252511,7.226431,4.898081,4.849964,7.944321,7.400999,4.188281,5.861258,5.673188,7.069929,6.843522,6.109211,5.903312,6.384475,6.627748,5.208789,6.310179,5.181157,4.753845,6.058730
8.035891,4.076510,2.940856,3.163613,2.074240,3.757604,3.589903,2.003715,2.596709,2.882037,3.959184,3.294305,1.146054,6.916156,3.703634,6.026418,0.000000,2.415135,2.543919,2.386587,2.813338,2.018056,2.901157,2.176305,1.220078,6.533598,3.186315,4.988549,3.200573,4.478781,2.231986,2.307011,2.959764,4.438747,2.765364,2.902355,4.544650,3.125203,1.552962,2.460655,2.707402,1.987523,4.732736,3.186845,2.290717,3.932734,4.182525,3.372012,3.679477,2.234819,3.764167,5.031427,3.362975,6.906535,2.394823,2.995282,3.070511,3.582526,2.118627,0.576225,3.857376,4.369016,3.544878,1.954953,3.193272,1.687572,2.070365,3.802002,3.705463,3.062043,3.796573,3.094554,3.648269,3.445492,3.037593,2.306916,2.552567,2.843590,2.963785,2.546558,5.154166,2.234813,2.331331,2.200151,3.262567,3.414451,8.657910,4.065836,2.102114,3.383296,1.452287,2.696339,3.096349,4.340131,3.740970,3.820263,2.132716,3.221942,3.460765,3.834106,2.876196,2.931720,2.560803,2.025964,2.652436,3.228302,3.243929,4.134849,2.226997,2.049458,4.946606,3.412667,1.619287,2.512384,2.636365,4.246490,3.059926,2.566007,2.731129,2.491358,3.220578,1.877958,2.969908,2.190485,1.475176,2.860097
7.888582,3.581873,2.639072,3.311075,1.713346,3.350435,3.152453,1.871198,1.970053,3.126563,3.620585,3.853540,1.505401,7.168907,3.482977,6.575726,2.527762,0.000000,2.312132,2.431991,2.236870,1.727680,3.226815,2.519970,1.243772,6.620793,2.960374,4.529305,2.840733,4.311015,1.851727,2.026631,2.795268,3.779746,2.097732,2.435395,4.659507,2.551215,1.724791,2.444541,2.471311,1.858161,4.205864,2.953424,1.905332,3.558275,3.811603,3.174960,2.903115,1.989242,3.535707,4.563051,2.920333,6.064156,2.084415,2.976828,2.683809,2.923785,2.215921,1.275467,3.967755,4.169494,3.217548,2.008196,3.340361,1.521681,2.139492,3.727843,3.450865,3.411314,4.083500,2.839484,3.326313,2.988066,2.528900,1.876621,2.393371,2.562248,2.343291,2.076428,4.386447,2.665656,2.133155,1.729205,2.670946,2.822102,8.223034,3.751196,1.864906,3.112020,1.357147,2.428412,2.810268,3.917397,3.517813,3.988128,2.204232,2.829205,3.303992,3.544964,2.707774,2.723980,2.507283,1.851502,2.467990,2.991503,2.868844,3.571795,2.076492,1.714471,4.612677,3.321098,1.811938,2.370826,2.328561,4.322822,3.294789,2.707237,2.526731,2.611274,3.319963,1.872579,2.745602,2.167890,1.423223,2.752772
7.264024,3.671078,2.272540,2.872368,1.104257,1.683444,1.164655,0.824239,1.156037,2.719189,3.610203,2.455230,1.798178,5.209357,2.494554,5.874093,2.432346,2.349423,0.000000,0.992886,2.013358,2.131387,3.149022,2.579063,0.877906,4.497654,1.036413,4.022405,1.353040,1.759580,1.261471,0.937018,1.460221,1.246770,1.093322,1.243501,1.682310,1.231503,0.845413,0.906602,1.365363,1.159822,2.651828,1.583270,1.009517,1.229540,2.345968,1.210785,2.534960,1.459420,1.296208,3.315102,0.880621,5.183019,1.825622,0.871118,1.746291,3.080547,2.376294,0.797796,0.848651,2.638649,1.032128,1.262230,2.025196,1.304515,1.010067,3.508530,3.278929,3.047993,3.108564,2.900282,3.845691,3.760135,1.064899,0.863425,0.916562,0.980822,0.973903,2.513713,1.892409,1.000289,1.588925,1.816961,2.217988,3.316139,5.926685,0.855728,2.239598,1.136640,1.117199,3.249973,0.988768,2.008278,1.121052,0.921459,1.335803,1.205128,0.922445,1.261897,0.968720,0.813569,1.982229,1.719446,2.275608,1.094736,3.040237,1.415837,0.973830,1.024335,1.568338,1.909053,0.918404,1.232149,0.990155,4.082082,2.727391,2.722135,3.018136,2.373720,3.059835,1.946960,2.853156,2.029633,1.102356,2.407147
7.427005,3.455841,1.956694,2.932584,1.178785,1.029960,1.112421,1.116793,0.997977,2.867138,3.290345,2.463674,1.514589,5.360012,2.154918,5.033038,2.300657,2.723374,0.811077,0.000000,1.600085,2.223487,3.216260,2.701476,0.936437,3.777444,0.845090,3.629923,1.081670,1.180374,1.005617,0.974700,1.401875,0.975171,0.962393,1.086265,0.947851,1.008478,0.961774,0.960118,0.985206,1.070560,1.988335,1.116432,1.001869,0.999852,1.984960,1.052266,2.137005,1.480467,1.066653,2.632024,1.227975,4.127098,1.769830,1.098200,1.277790,2.759553,2.560256,0.943739,0.922937,1.829399,0.897457,1.302628,2.476591,1.300712,0.982093,3.425153,2.883069,2.846664,2.713684,3.013074,3.277132,3.672694,1.107294,0.946344,1.147712,1.202396,0.986686,2.255540,1.331170,0.866109,1.360170,1.790213,2.114490,3.026373,4.875850,1.065299,1.907795,1.041635,1.084253,2.789780,1.106697,1.218860,0.738556,1.163324,1.207651,1.108725,1.158743,1.121420,0.931025,1.077169,1.996788,1.790010,2.159869,1.078122,2.958936,1.215690,1.090882,1.019489,0.995799,1.200155,0.988224,1.323361,1.174569,3.720345,2.809668,2.798873,2.804069,2.416231,2.614330,2.155100,2.731633,2.179697,1.057023,2.174989
7.993720,3.941384,2.589340,3.215535,0.926178,2.300154,1.856528,1.534311,0.996609,2.961512,3.945670,3.309670,1.649626,7.468315,3.242313,5.962895,2.858291,2.146443,1.895568,1.595707,0.000000,2.167538,3.362641,2.858286,1.123492,5.184581,1.624256,3.789007,1.496309,2.579460,1.150376,1.396345,1.532916,1.974849,1.362127,1.633688,4.459516,1.654852,1.333989,2.127914,1.182256,1.182430,2.577329,2.002788,1.269617,1.992924,1.359203,1.909069,3.368268,1.631413,3.025953,4.387402,2.689155,6.541990,2.185222,2.093487,2.620998,3.598486,2.069175,1.119299,2.715737,2.243271,1.742520,2.110657,2.443607,1.626213,1.970552,3.213742,4.034131,3.046221,3.726230,3.248320,3.180130,3.351131,1.464864,1.610557,1.623083,1.920258,2.157468,2.206239,3.062953,1.981847,2.087104,1.842435,2.886020,2.594703,6.889671,2.367702,2.050772,1.652205,1.323219,2.389566,1.928672,2.248707,3.335744,2.725497,2.104001,2.439026,2.234814,1.496878,1.752776,2.514898,2.355084,1.555212,1.964752,2.645412,2.554650,3.073852,1.740371,2.066517,2.428848,2.265249,1.088437,1.410956,1.573736,4.372759,3.172457,2.945329,2.822606,2.250943,3.178096,1.985688,3.222128,2.075808,1.358042,2.728148
6.429449,2.177946,1.953001,2.155526,1.362173,2.831361,2.491903,1.398080,1.632380,2.207188,2.769726,2.678018,1.461221,6.075037,2.779442,5.496582,1.620458,1.939358,1.851056,1.855098,2.011834,0.000000,2.342857,1.593156,1.055641,5.731786,2.441349,3.938634,2.262845,3.193407,1.270563,1.697212,2.278072,2.925614,1.691393,1.827570,3.833893,2.259220,1.250580,2.144794,2.249299,1.546449,3.357021,2.352542,1.651948,2.605385,2.749018,2.429477,2.661170,1.428298,2.770028,3.338998,2.404339,5.720192,1.687409,2.529454,2.312601,2.198367,1.487501,1.226107,3.107042,3.629357,2.792926,1.556967,1.785778,1.370924,1.750535,2.421001,2.636011,2.214879,2.851877,2.075210,2.436614,1.860956,1.781903,1.776008,1.886375,1.862444,1.937354,1.249052,4.303876,1.793879,1.574360,1.339302,2.386908,2.690445,7.241190,3.244929,1.461822,2.748222,1.245287,1.897054,2.247752,3.161216,2.954991,3.268108,1.587049,2.145463,2.485748,2.965650,2.296566,1.889223,2.005878,1.411663,1.912987,2.555745,2.215298,2.765382,1.379739,1.463852,3.652557,2.664616,1.496141,1.653796,1.671650,3.220977,2.551609,1.873759,1.897713,2.021434,2.246505,1.729377,1.960768,1.787724,1.158147,2.040513
7.806253,4.811392,3.349576,4.073660,2.514127,4.532636,4.096325,2.609098,3.301527,3.841744,4.693740,4.002999,1.943136,7.415445,4.444825,6.402510,3.433050,3.302550,3.089866,2.934293,3.711546,2.558491,0.000000,3.818122,1.663965,7.676819,3.811936,5.956349,3.765197,5.494969,2.488041,2.804539,4.111776,5.085716,3.146582,3.332757,5.192237,3.632341,2.133716,3.430045,3.437121,2.564038,5.602586,4.189106,2.748670,4.792324,5.145133,3.915109,4.345848,2.756688,4.458118,6.240713,3.983240,7.409291,3.144527,3.694354,3.480470,4.308583,3.197366,1.389528,4.845963,5.412466,4.635951,2.469187,3.590136,1.779230,2.876873,4.749266,5.016042,4.039241,4.599236,4.185115,4.561080,4.076839,3.288408,2.906888,3.031225,3.188739,3.103482,3.153065,5.911979,2.952030,2.881955,2.401126,3.992095,4.278801,8.337492,4.950632,2.572443,4.096719,2.053314,3.413953,3.626398,5.300916,4.675837,4.792179,2.771818,3.819374,4.172707,4.889997,3.611234,3.337037,3.325596,2.652413,3.431280,3.918670,3.869161,4.384872,2.354562,2.446349,6.025588,4.338615,2.219389,3.047147,2.975460,5.282469,3.908050,3.615850,3.453705,3.521702,4.185246,2.460321,3.916990,2.562111,2.038703,3.604041
7.755246,3.845765,2.674989,2.927838,2.024971,3.588830,3.383636,2.038094,2.572798,3.041559,3.581239,4.000899,1.472333,7.206152,3.711765,6.365145,2.478388,2.331781,2.516328,2.639403,2.827593,2.048618,3.230506,0.000000,1.250447,6.348531,3.339551,4.682784,3.012467,4.542825,1.970497,2.282088,2.924040,4.329512,2.565824,2.935148,4.609973,2.730364,1.743466,2.774017,2.705651,2.175407,4.602066,2.961203,2.089284,3.660370,4.091391,3.217974,3.549554,2.145459,3.353762,4.736228,3.548669,6.699368,2.073997,3.124311,3.144844,3.418157,2.445441,0.626230,4.081227,4.076156,3.384249,1.882693,3.356821,1.697248,2.150895,3.774568,4.120894,3.275069,3.936317,3.053442,3.510242,3.307609,2.674138,2.174988,2.467370,3.113874,2.763569,2.423405,4.738921,2.750879,2.262857,1.888257,2.924674,3.253592,8.386639,4.056797,2.072986,3.186653,1.490102,2.809186,3.114212,4.220453,3.993137,4.229494,2.178777,3.399927,3.541324,3.770027,2.959308,2.987460,2.394247,1.868172,2.515535,3.318938,2.952394,3.972596,2.151134,1.904571,5.070871,3.378018,1.826628,2.739592,2.569706,4.734200,2.911498,2.629969,2.558166,2.478723,3.370147,1.842452,2.971943,1.903896,1.479961,2.583047
5.454933,1.613657,1.143313,1.490036,0.988946,1.115874,1.049699,1.091524,1.036266,1.409190,1.668434,1.556571,0.988878,3.758569,1.374317,3.245140,1.126346,1.164138,1.091962,1.071166,1.094691,1.113109,1.607474,1.090709,0.000000,2.860905,1.030722,2.217690,0.970559,1.169293,0.882749,1.071516,1.126011,1.183142,1.094798,1.096297,1.302098,1.013195,1.011746,0.996457,0.999228,0.941086,1.533926,1.019871,1.104376,1.166459,1.504786,1.082112,1.439347,1.006722,1.125363,2.157450,0.957148,3.409975,1.045167,0.924420,1.068254,1.442648,1.287779,1.032605,1.029668,1.229945,0.969292,1.086766,1.649532,1.050201,0.957171,1.924414,1.772716,1.598311,1.874853,1.571318,1.719109,1.698720,0.975903,1.099253,1.100135,0.982434,1.133775,1.247574,1.396629,0.950528,1.018528,0.926824,1.225390,1.437038,4.301125,0.995434,1.037616,0.963953,1.130707,1.379363,1.244169,1.372988,1.052537,1.053323,1.045558,1.202742,1.059124,0.954875,0.983362,1.040241,1.165976,0.985059,1.051236,1.109004,1.455927,1.182346,0.935741,1.075806,1.407584,1.121463,0.961398,0.935319,1.070841,2.058813,1.536276,1.349036,1.369455,1.127115,1.574019,1.086950,1.426118,1.011316,1.006903,1.252917
0.000000,7.235713,5.962491,6.422749,3.495475,6.253302,5.749438,3.620571,4.288135,6.465167,7.142459,7.118034,4.456168,8.360438,6.531978,8.509627,6.611821,6.375220,4.510912,3.986948,5.073566,5.226709,7.173982,5.974836,2.887565,0.000000,5.437500,7.179742,5.049312,6.884168,4.340730,3.817818,5.233496,5.568787,4.301236,4.738694,7.065027,4.915033,3.509000,4.709575,4.593331,3.674989,7.159083,5.727779,3.475730,5.959177,6.314102,5.290673,6.948237,5.157104,6.314738,7.846825,5.440165,9.295929,5.405955,5.192495,5.980132,7.323017,5.557283,1.920244,5.953492,6.723845,5.652851,5.479600,6.092997,4.248840,4.490299,7.075512,7.924861,6.895171,7.016005,6.932593,6.956858,6.909541,4.045823,3.994760,4.920335,5.214370,5.524929,5.698804,7.119260,5.457971,5.444853,5.148470,7.024420,6.923823,0.000000,5.765093,5.736596,5.613269,3.805658,6.394896,4.857156,6.366377,5.770156,5.781508,4.928662,5.692201,5.553412,5.496298,4.927163,5.326669,5.867444,4.947920,5.939372,5.957111,6.127745,6.688700,4.222195,4.301109,6.772194,6.247930,2.847406,5.089080,4.568805,7.724293,6.919238,6.475603,6.949792,6.273582,6.977863,5.264340,6.388614,5.543893,3.994659,6.516673
8.160917,4.006348,2.480262,3.504212,1.017142,2.016948,1.673036,0.954911,1.013301,2.868970,4.223333,2.912176,1.979490,6.989783,3.161123,6.267403,2.981837,2.812365,1.264928,0.963272,1.338987,2.503516,3.657269,3.145249,1.045555,5.184375,0.000000,4.591022,1.519493,2.346232,1.447963,1.063649,1.716418,1.499136,1.149332,1.363550,2.678844,1.674801,1.022333,1.212608,0.925942,0.941879,2.648678,1.647440,0.791033,1.751421,2.106091,1.339197,3.273972,2.061142,2.097852,4.195035,1.421206,6.079462,2.488086,1.405089,2.288807,3.829881,2.746360,0.967564,1.355726,2.119745,1.469391,2.006088,3.051515,1.693413,0.991407,4.353422,4.094970,3.555169,3.970059,3.917471,4.127187,4.151659,0.922168,0.916868,1.134122,1.201905,1.482477,2.666976,2.142025,1.702120,2.035867,2.133579,2.588252,2.995736,6.736794,1.409619,2.257797,1.513841,1.318915,3.111143,1.146297,1.948829,1.737484,1.649072,1.709676,1.699019,1.612958,1.513053,1.309845,1.617731,2.351688,1.626218,2.357944,1.653605,3.140298,2.100003,1.245527,1.329366,2.143678,1.879597,0.819294,1.554371,1.082960,4.691434,3.501153,3.119807,3.507128,2.581637,3.347215,2.272007,3.026818,2.465251,1.396656,2.974337
0.000000,5.914844,4.786060,4.482609,2.876471,5.425668,5.149917,3.240428,3.854872,4.905639,6.136478,5.730380,3.278675,8.093594,6.099041,7.418732,5.427052,4.818663,4.196234,3.766332,3.397701,3.621399,6.008824,4.686154,2.241076,6.934730,4.641539,0.000000,4.910006,6.710577,3.255380,3.750150,5.082214,5.440236,3.504591,4.361128,6.644341,4.556058,3.134224,4.405625,4.186583,3.395275,6.617907,4.697016,3.255506,5.409570,5.472039,4.823391,5.240027,4.164755,5.386008,6.955901,5.253578,8.096439,4.159920,5.155320,5.200968,5.762399,4.725770,1.551851,5.947964,5.933579,5.389862,3.871366,4.617686,2.735985,3.451893,5.953994,6.230443,5.458453,5.521166,5.457358,5.971512,5.288599,4.343954,3.549922,4.052013,4.729422,4.392420,4.239264,7.306352,4.489728,4.068360,3.493759,5.209865,5.354962,9.351483,5.905265,4.163620,4.924532,2.748144,4.859878,4.766752,5.892094,6.224974,5.709352,4.015270,5.126707,4.925382,5.195937,4.317994,4.051078,4.367024,3.710979,4.735745,5.239206,4.991590,5.927152,3.603689,3.535291,6.588762,5.308248,2.462358,4.002895,3.711957,6.906486,5.849077,5.513484,5.076890,4.960014,5.237365,3.522615,4.768039,4.030345,3.108326,4.716831
8.370864,4.213786,2.687605,3.430544,1.048057,1.989440,1.629830,1.111145,1.218629,3.487412,4.123532,3.492161,2.279249,6.752119,3.167550,6.585739,3.237360,2.851903,1.245187,0.922803,1.738700,2.590653,3.754610,2.999039,1.040230,5.182466,1.426842,5.013343,0.000000,2.154081,1.558470,1.150056,1.616149,1.702147,1.165490,1.367271,2.708253,1.566964,1.096178,1.191299,1.164268,0.964982,2.675505,1.387022,0.811592,1.980166,2.120522,1.283795,3.448813,2.102085,2.021585,4.277057,1.653516,6.053894,2.500426,1.271079,2.251542,3.992284,2.959001,0.937775,1.489131,1.986786,1.319339,2.199890,3.315515,1.772613,0.977135,4.144672,4.416366,3.755126,3.926037,3.912818,4.103067,4.289869,1.026267,1.096815,1.378944,1.589350,1.500879,2.897212,2.007622,1.790552,2.108626,2.190176,2.919083,3.293994,6.912058,1.201346,2.521462,1.412109,1.434536,3.322791,1.358305,2.268138,1.858360,1.661488,1.813552,2.006860,1.598170,1.316100,1.222207,1.732323,2.366533,1.701367,2.653315,1.672114,3.140082,2.070895,1.140540,1.295591,2.092489,1.909253,0.851176,1.525139,1.118985,4.786604,3.394790,3.218746,3.579838,2.607030,3.539927,2.543552,3.453806,2.648500,1.414894,2.816794
9.682866,5.822776,3.687370,4.620253,1.616296,3.211253,2.544103,1.379013,1.772453,4.494815,5.675691,4.203153,2.717044,7.486035,4.058852,6.980349,3.932357,4.264796,1.803253,1.383208,2.478353,3.330384,5.219801,3.783791,1.131281,6.649500,2.079319,6.515199,2.270147,0.000000,1.945308,1.568942,2.666075,2.344392,1.728824,1.764924,3.205513,2.205524,1.574700,1.687353,1.762456,1.399210,3.896826,2.626146,1.464447,2.358559,3.606410,2.071103,4.507165,2.393101,2.778733,5.187137,2.150088,7.577898,2.756052,1.932852,2.733314,4.801105,3.878255,0.931311,1.985561,3.667656,2.359897,2.511543,4.168315,1.959441,1.504281,6.191961,5.280849,4.571906,5.061493,4.414251,5.696549,5.411199,1.594819,1.336935,1.933780,2.088913,2.110565,4.188884,3.697758,2.248483,2.571977,2.941922,3.821228,4.363853,7.191498,2.092361,3.242496,2.285643,1.631088,4.271469,1.833609,3.482609,2.267228,2.072609,2.463394,2.389311,2.174137,2.131685,1.840136,2.207754,3.482857,2.513562,3.214721,2.278190,4.772916,3.044205,1.471887,1.661745,3.063438,2.711480,1.104265,2.458571,1.673403,5.762334,4.417392,4.148014,4.613312,3.378802,5.090166,3.475387,4.352618,3.312757,1.838307,3.731471
6.863161,3.023942,1.770970,2.265115,0.980575,1.465202,1.238167,0.818807,0.972000,2.019072,3.021506,2.340840,1.328544,5.638231,2.259145,5.001162,2.257333,2.093852,0.990310,1.117503,1.113931,1.277739,2.647258,2.250461,1.017713,4.478462,1.223888,3.109645,1.301690,2.006668,0.000000,1.016688,1.389588,1.334559,1.074420,1.163053,2.364009,1.337358,0.860872,1.320886,1.233765,0.874522,2.354170,1.598201,1.266352,1.471020,1.800475,1.412504,2.199295,1.260884,1.683509,3.057685,1.192037,5.145151,1.547264,1.530392,1.780425,2.592516,1.604857,1.009649,1.425833,2.229996,1.261281,1.087588,1.624461,1.233727,1.237632,2.413995,2.672173,2.132101,2.748235,2.525233,2.623602,2.434097,1.124196,1.153561,0.963445,1.313068,1.210906,1.330221,2.383655,1.158214,1.357430,1.366181,1.803815,2.209712,6.070846,1.436351,1.692971,1.292899,1.150859,1.954443,0.974671,1.762819,1.616547,1.382980,1.289166,1.464953,1.299278,1.464480,1.027195,1.321876,1.551278,1.374658,1.782261,1.263239,2.191797,1.771218,1.057400,1.176358,1.771345,1.612269,1.206330,1.081658,0.965143,3.312358,2.187019,2.345032,2.198489,1.740928,2.309595,1.201864,2.112474,1.509402,1.053526,1.998502
7.456782,3.291986,1.927272,2.575955,0.933184,1.273589,0.893559,0.903256,1.033302,2.387471,3.208388,2.252171,1.461476,5.465753,2.180939,5.246787,2.416292,2.392611,0.832983,0.869942,1.360029,2.060645,2.963407,2.486135,0.986194,3.961722,0.900047,3.553922,1.231335,1.446375,0.910566,0.000000,1.468739,0.805515,0.879622,0.937803,1.564463,1.072817,0.954571,0.792525,0.884926,1.080372,1.743915,1.288159,0.906829,1.134160,1.931621,1.080945,2.167738,1.281461,1.154954,2.722899,0.905679,4.783871,1.793735,0.821837,1.345550,2.774183,2.224517,0.845887,0.808899,1.967504,0.982959,1.352708,2.342831,1.232959,0.815477,3.227968,2.942879,2.634610,2.741837,2.932169,3.073115,3.050338,0.908338,0.905001,0.980835,0.945126,0.957064,2.210335,1.571204,1.031869,1.506329,1.670121,2.057207,2.676087,5.437480,0.870084,1.936944,0.915201,1.099163,2.560990,1.009290,1.415508,0.706796,1.005746,1.201365,1.084605,0.952044,1.142685,0.897648,1.004332,1.901650,1.613718,2.119822,0.887643,2.710927,1.131903,1.007772,0.854876,1.145988,1.587390,0.981673,0.928834,1.014282,3.760141,2.604834,2.808602,2.726658,2.018368,2.468644,1.794688,2.517715,2.156288,1.008669,2.369453
7.722437,4.047651,2.919184,3.749620,1.139085,2.191403,1.935590,1.223820,1.451699,3.149881,3.945015,3.544816,1.664750,6.356615,3.491771,6.699658,2.955742,2.537178,1.569841,1.379178,1.672787,2.217297,4.035447,2.975159,0.988404,5.548427,1.915036,4.921292,1.688422,2.716998,1.707487,1.462815,0.000000,2.875946,1.707283,2.048222,3.668477,1.975652,1.509509,1.497324,1.600139,1.092906,3.243741,2.084273,1.125650,2.317923,2.453936,1.964293,3.894463,2.363970,2.444650,4.709216,2.103522,6.383379,2.479445,1.878742,2.573135,3.984197,2.838448,0.698388,2.263693,2.445702,2.084082,2.236321,3.253421,1.971141,1.369868,3.874025,4.093090,3.579005,4.018001,3.675463,4.126175,3.805900,1.418095,1.540374,1.531344,1.850156,1.807196,3.072520,2.731480,1.859491,2.291477,2.209474,2.900590,3.375599,7.528636,2.172673,2.489669,1.758868,1.477402,3.805749,1.873776,2.670670,2.554516,2.332499,1.920436,2.523355,2.061958,1.945471,1.634217,2.126442,2.474845,1.679861,2.521384,2.451733,3.157904,2.972261,1.749050,1.752451,2.829791,2.365091,1.092077,1.604337,1.237050,4.675043,3.429790,3.145355,3.213341,2.494716,3.598530,2.320493,3.602208,2.360024,1.282825,2.946846
8.814616,4.968949,2.799664,4.618080,0.783315,2.555162,1.335957,0.873606,0.814991,4.059072,4.975679,4.210259,2.556487,7.450400,3.104948,6.884294,3.949213,3.715238,1.308429,0.721405,1.788029,3.192630,5.277815,4.136412,1.213650,5.679371,1.075169,5.428726,1.879501,2.259451,1.074282,0.847080,2.939630,0.000000,0.846588,0.689159,2.290971,1.312996,0.920672,1.313829,1.415590,1.372940,3.170978,2.439705,0.550907,1.465183,2.840858,1.549642,3.002488,1.697741,2.118118,3.675669,0.992034,6.164224,2.358556,1.513612,1.739892,3.900861,3.676502,0.733501,1.172258,3.809586,1.451871,1.810036,4.061409,1.256229,1.419433,4.991446,4.092130,4.493126,4.068646,5.013112,4.424888,4.931001,0.757060,0.844600,1.229808,1.061297,1.451651,3.026412,3.382996,1.791746,1.559418,1.919902,2.651882,3.722681,7.309808,1.289845,2.355070,1.867573,1.185716,3.715103,0.707807,2.287393,1.450496,1.333984,1.828104,1.235363,1.457141,1.580002,0.998041,1.241106,2.767563,2.102572,3.017277,1.236682,4.137626,1.510491,0.713407,0.805553,1.817124,2.595922,0.901875,1.602258,0.963988,5.883933,4.059755,4.297163,4.418616,3.660855,3.884614,3.098713,3.470669,3.152483,1.634917,3.552077
7.940684,3.270172,2.013060,2.726466,0.964257,1.401836,0.992648,1.122533,0.965378,2.472661,3.283176,2.705095,1.496005,5.964606,2.321006,5.090209,2.514096,2.465922,0.742610,0.868968,1.502863,1.859425,2.952769,2.633605,0.941454,4.350962,0.911395,3.382856,1.220291,1.664554,1.049327,0.876936,1.536659,0.876794,0.000000,0.826219,1.745920,1.028209,0.986036,1.037110,1.019473,1.005601,1.900996,1.455580,0.965585,1.377996,1.983152,1.161949,2.116887,1.376142,1.318119,2.961503,0.665794,4.858810,1.794928,1.014654,1.390136,2.638403,2.265729,0.955378,0.910413,2.117405,1.037008,1.343244,2.481009,1.090922,1.016149,3.403310,3.082344,2.887466,2.686940,2.714846,3.094438,3.061598,0.800134,1.071949,0.840061,0.886958,0.955920,2.029436,2.027174,1.211391,1.339977,1.314674,1.760389,2.438779,5.774937,0.964140,1.703125,0.998476,1.013524,2.485958,1.037960,1.492937,0.942737,1.012384,1.210117,1.000249,1.002010,1.280957,0.931809,0.993328,1.890448,1.402460,2.001434,1.006839,2.387193,1.337258,0.982627,0.848943,1.322897,1.563873,0.994619,0.940650,1.068197,3.912268,2.567330,2.479914,2.613245,2.225389,2.618161,1.738467,2.350016,1.881690,1.123529,2.225785
7.879629,3.698017,2.159707,3.254272,0.949061,1.572230,0.821177,0.978535,1.042781,2.735574,3.864516,2.957185,1.748358,6.758033,2.556180,5.350425,2.845778,2.650747,0.915177,0.791486,1.408665,1.991905,3.508561,3.098892,0.941438,4.605580,0.901509,4.153222,1.162956,1.580869,1.034930,0.843935,1.931320,0.836514,0.836091,0.000000,1.760859,0.895777,0.879857,1.020790,1.152295,0.866597,2.171302,1.715536,0.768439,1.192301,1.958089,1.057752,2.150013,1.360640,1.344412,2.754156,0.669132,5.206970,1.894273,1.052611,1.401763,3.024763,2.579771,0.888982,0.822037,2.562418,0.955040,1.267691,2.857322,1.073476,1.199950,3.718222,3.273244,2.857611,3.107734,3.252592,3.391278,3.353870,0.909054,1.027810,0.801319,1.024495,0.906916,2.023999,2.120176,1.211684,1.191316,1.666012,2.107193,2.577297,6.084522,0.982234,1.909466,1.034585,0.901930,2.515291,0.900131,1.295094,0.990401,0.851085,1.365054,1.006023,0.788071,1.146950,0.918800,0.820126,2.034989,1.639955,2.177851,0.923529,2.988525,1.232844,0.850016,0.970445,1.073855,1.742678,0.979890,1.094656,1.025044,4.288609,3.088686,2.968157,2.838107,2.509872,2.554248,2.065655,2.542179,2.215650,1.256318,2.573196
8.254872,5.898262,4.103459,5.651900,2.049672,3.717877,2.769838,1.580565,2.259625,5.345828,5.574696,4.713886,3.550362,8.128858,4.875571,7.715936,4.459820,4.484825,1.796615,1.186018,3.962791,4.152299,5.506120,4.409519,1.308371,7.186964,2.666155,6.502675,2.964509,3.240444,2.380664,1.767593,3.327882,2.378560,1.962118,2.062971,0.000000,2.451197,1.378050,1.612131,2.520638,1.963327,4.731159,3.058506,1.418513,3.162193,5.588139,2.460356,4.629872,2.908084,2.964234,5.879223,2.027811,7.549501,3.245692,1.817729,2.954127,5.285181,4.317738,0.920048,1.848193,4.259415,2.416156,3.103908,4.751580,2.433600,1.403567,6.162189,5.391649,5.776789,5.386505,5.475211,6.196372,6.180654,1.640966,1.206689,2.085610,1.985761,2.286998,4.490597,3.966339,2.457986,2.569316,3.354511,4.664893,5.325790,8.184686,1.852146,4.058437,2.632005,1.953142,5.201346,1.717553,4.410634,2.160627,2.279859,3.416278,2.987855,2.331035,2.592810,1.806564,2.263906,4.329091,3.420047,4.262022,2.311713,5.307290,3.146612,1.470100,1.528104,3.324140,3.194016,0.984572,2.641501,1.964804,6.731842,5.472854,5.257432,5.064108,4.511574,5.373158,3.872083,5.134919,4.082927,2.344674,4.385108
8.181934,4.012305,2.380429,3.163874,0.946681,2.078749,1.354091,0.841180,1.149797,3.155095,3.931390,3.227660,1.573573,6.780779,2.788086,5.458175,2.908523,2.690783,0.947243,0.692609,1.677352,2.217996,3.358075,2.673007,1.016431,5.087860,1.467023,4.681406,1.632929,2.094611,1.252966,0.908956,1.862614,1.226807,0.865930,1.022525,2.157954,0.000000,1.069554,1.406800,1.546734,1.095114,2.734183,1.809457,1.081304,1.691702,2.384398,1.422491,2.706220,1.658508,1.855354,4.160471,1.221394,5.895305,1.987223,1.380530,1.736797,3.232621,2.700973,0.983661,1.289231,2.867870,1.461586,1.764415,2.854017,1.344607,1.172526,3.827996,4.171997,3.347527,3.500744,3.193105,4.003786,3.584158,0.910865,0.923877,1.333546,1.260213,1.307107,2.344208,2.391853,1.528595,1.693929,1.708436,2.499359,2.964421,6.546715,1.312353,2.123324,1.441374,1.184136,2.716814,0.767366,2.233724,1.414371,1.409894,1.681629,1.777496,1.334518,1.743906,1.014870,1.347284,2.173031,1.544833,2.289637,1.319571,3.056791,1.651756,1.109877,0.916753,1.841068,2.127538,0.977878,1.362465,0.855121,4.433465,3.081565,2.896991,3.266939,2.477899,3.030643,1.982981,2.940021,2.277149,1.273255,2.813652
6.280117,2.530791,1.801018,2.090369,1.101428,1.556788,1.214985,0.929008,1.320075,1.798570,2.508747,1.648010,1.066432,3.953389,1.971640,4.591296,1.862545,1.885129,0.961502,0.989161,1.207786,1.648064,2.298688,1.998771,0.987749,3.611343,1.022241,3.029515,1.052774,1.513501,1.137513,0.915936,1.160184,1.128369,1.053337,1.124711,1.558469,1.376811,0.000000,0.881022,1.071347,0.966200,1.964523,1.131573,1.030955,1.148865,1.603706,1.099265,2.375114,1.373968,1.448521,3.204956,1.095322,4.872591,1.472975,1.041990,1.470456,2.729724,2.025711,0.797493,0.886140,1.464553,1.029486,1.328984,1.771818,1.074530,1.085934,2.562364,2.941161,2.001701,2.192175,2.132219,2.863262,2.593010,0.981537,0.965364,0.896349,1.108403,0.864051,2.011851,1.891927,0.939741,1.426473,1.618670,1.803594,2.121723,5.573623,1.053111,1.777771,1.166270,1.132954,2.130982,0.885873,1.651879,1.236490,1.195321,1.071533,1.239295,0.973070,1.315297,0.858695,1.103902,1.583595,1.314416,1.780255,1.235133,2.046755,1.579217,1.080330,0.947736,1.610044,1.294125,0.912544,1.081381,0.953126,2.768548,2.158623,2.123778,2.162573,1.554842,2.102819,1.347941,2.082845,1.519825,1.007789,1.754559
8.647900,3.909174,2.344549,3.533481,1.171973,1.920381,1.478813,1.085452,1.251955,3.230631,3.832968,3.044144,2.105257,6.368483,2.599139,6.255588,2.433024,2.385540,1.172958,0.840150,1.935422,2.262216,3.626933,2.465296,1.047909,4.845518,1.474090,4.451218,1.473603,2.021395,1.430833,1.089093,1.673842,1.550689,1.143762,1.421499,1.788521,1.635278,1.032981,0.000000,1.306905,1.091497,2.669170,1.438254,0.978351,1.908000,3.386345,1.422405,2.685703,1.895788,1.698750,3.688665,1.113698,5.559942,2.032487,1.278345,1.828844,2.900004,2.663744,0.922057,1.228284,2.043343,1.548460,1.757383,3.602347,1.334478,1.137102,4.231660,3.514677,3.789695,3.601945,3.132321,3.770535,3.920627,0.943800,0.957641,1.223059,1.040415,1.242655,2.609770,2.190503,1.247536,1.615267,2.142561,2.429549,3.186987,6.500897,1.171300,1.990305,1.488059,1.029224,3.108268,1.060970,2.461247,1.227345,1.304311,1.797323,1.576791,1.440782,1.572764,1.123739,1.314942,2.148677,1.793256,2.549396,1.352534,3.358452,1.938849,1.105178,1.165455,2.179168,1.764952,0.932658,1.412737,1.061948,4.603956,3.413781,3.227893,3.227122,2.503499,3.416296,2.367550,2.871835,2.440373,1.408476,2.585780
7.967695,3.090429,2.132611,2.552082,1.059326,1.817984,1.692272,1.123404,1.020548,2.728269,3.551506,2.751861,1.691758,6.556325,2.688189,5.394905,2.278180,2.221785,1.525405,1.272960,1.285765,1.970466,3.118228,2.288919,1.034953,4.489593,1.415996,4.054858,1.344390,2.104474,1.395403,1.273664,1.177691,2.008311,1.347866,1.665313,2.704839,1.791602,1.067457,1.111770,0.000000,1.043202,2.472989,1.240027,0.975180,1.849141,2.141692,1.216731,3.033269,1.939673,1.953233,4.369249,1.479543,5.699409,2.024686,1.633452,2.040973,3.322790,2.267203,0.922917,1.414221,1.769269,1.484971,1.727976,2.868339,1.457647,1.138166,3.671813,3.795668,2.882595,3.323493,3.300618,3.247749,3.321180,1.446965,1.065930,0.892606,1.382442,1.518426,2.393095,2.109501,1.774830,1.893808,1.600673,2.311550,2.187135,6.860262,1.688175,1.887663,1.549314,1.238532,2.905235,1.593090,2.157296,1.760123,2.000871,1.698930,1.805998,1.744200,1.633277,1.155541,1.848850,2.033743,1.336397,1.758906,1.726481,2.446727,2.275104,1.268135,1.456401,2.091033,1.763862,0.850437,1.528268,1.418855,4.086516,2.732861,2.466312,2.485236,2.001736,2.587393,2.022160,2.730720,2.124156,1.291170,2.313328
6.746269,2.886672,1.823983,2.661977,1.117351,1.346911,1.126929,0.912927,0.949349,2.316249,2.960160,1.996891,1.519076,5.343033,2.053738,5.168282,2.070112,1.967443,1.047749,1.011442,1.176599,1.848647,2.666257,2.193325,0.962895,3.835177,1.157358,3.323908,1.003119,1.434282,1.187861,0.888477,1.033192,1.394827,0.999440,1.182565,1.822631,1.183107,0.886509,1.022629,1.000993,0.000000,1.986079,0.944627,1.202454,1.334701,1.717654,0.993179,2.374349,1.444394,1.282323,3.176132,1.106702,4.884082,1.607447,0.987537,1.526125,2.958821,1.922930,0.939096,1.126581,1.436434,1.045426,1.718182,1.878308,1.432965,1.052412,2.886215,2.858500,2.457258,2.825485,2.767263,2.811955,3.046041,1.041991,1.032609,1.116050,1.166723,1.030248,2.037377,1.458906,1.062574,1.628445,1.578068,2.016970,2.191384,5.857756,1.126467,1.825551,1.086278,1.067415,2.272765,0.966591,1.598128,1.292532,1.196638,1.418223,1.420715,1.138311,1.075266,1.087905,1.251355,1.683937,1.250036,1.645876,1.308861,2.076805,1.601015,1.171598,1.060707,1.369903,1.432916,1.018489,1.042406,1.120008,3.529875,2.442450,2.523647,2.364631,1.758475,2.472972,1.739946,2.483066,1.764241,1.040968,1.952210
9.008894,5.473899,4.101262,5.216450,1.662597,3.666504,3.006359,1.862824,2.033397,4.719818,5.849913,4.709301,2.880115,8.153595,5.028824,7.798058,4.592188,4.499653,2.609304,1.828544,2.765695,3.288123,5.304649,4.552040,1.616136,7.195969,2.852692,6.446018,2.846012,4.038385,2.320532,1.959797,3.262798,2.965147,1.970943,2.360500,4.725223,2.909926,1.817887,2.419995,2.492338,2.066982,0.000000,3.570662,1.854453,3.554146,4.273651,3.051822,4.699964,2.938483,3.761615,5.941595,2.920589,7.769769,3.451076,3.002156,3.130377,5.200332,4.004087,0.975865,3.337361,5.121499,3.200780,3.180515,4.583807,2.249646,2.624547,5.628120,5.245602,4.956577,5.371195,4.795898,5.195176,5.096648,2.049351,1.844237,2.370918,2.446207,2.850110,3.796827,4.838088,3.160752,3.209491,3.121981,4.376569,4.594334,8.296360,3.473573,3.367294,3.202524,2.083719,4.139676,2.364896,3.958382,3.444553,3.219424,3.098167,3.253030,3.151573,3.156889,2.315432,3.055352,3.804325,2.950514,3.819337,3.183013,4.647362,4.069813,2.005555,2.316215,4.149799,3.517748,1.681593,2.687549,2.186353,6.318105,4.506169,4.442699,4.642142,3.695392,4.911049,3.353241,4.521019,3.646688,2.313166,4.267116
8.927973,4.436713,2.802152,3.543638,1.410735,2.307973,2.279592,1.258545,1.623222,3.454418,4.266258,3.720520,2.303160,6.736609,3.567144,6.717938,3.065135,2.745491,1.686349,1.453866,1.799064,2.354192,3.849881,2.929770,1.101145,5.672485,1.895737,4.450626,1.783273,2.949287,1.668537,1.526043,1.899559,2.524047,1.763860,1.947254,3.158773,1.930830,1.274769,1.243562,1.177599,1.347567,3.519558,0.000000,1.087502,2.250999,2.888679,1.642297,3.613906,2.489839,2.379651,5.166864,2.152699,6.514224,2.452474,1.857974,2.651464,4.065027,2.713197,0.919003,1.836864,2.175036,1.778683,2.479899,3.605850,1.869443,1.257687,4.676810,4.732197,4.009193,4.103673,3.715724,4.403343,4.271606,1.578621,1.333169,1.574493,1.811580,1.682837,3.142820,2.200726,1.980758,2.245458,2.470840,3.047337,3.154504,7.820518,1.715847,2.426457,1.680691,1.490317,3.466657,1.927480,2.928067,2.176379,2.337893,2.111486,2.605490,2.266902,1.798561,1.554840,2.146934,2.578362,1.658245,2.572274,1.977637,3.400895,2.846144,1.420551,1.531959,3.167148,2.244150,0.928012,1.777479,1.662250,5.106085,3.692215,3.318052,3.244123,2.896162,3.662650,2.686013,3.401706,2.575305,1.559941,3.055079
8.060965,2.958919,1.882990,2.627861,0.939671,1.120593,0.968177,0.865408,0.892971,2.372273,2.935432,2.441163,1.641177,5.205741,2.056568,4.998583,2.151719,2.021903,0.817747,0.967457,1.360191,1.952049,2.710829,2.163088,0.874998,3.393430,0.869672,3.219759,1.054491,1.344930,0.910822,0.833027,1.206469,1.001202,0.836652,1.009556,1.389600,0.923908,0.895725,0.713125,1.034241,0.953010,1.645325,0.974956,0.000000,0.960766,1.584019,0.957194,1.953441,1.418657,1.033611,2.483953,0.872732,4.313856,1.461193,0.833442,1.149646,2.440779,2.180059,0.796195,0.740085,1.468728,0.879096,1.250738,2.367023,1.252395,0.910743,3.078790,3.004494,2.681729,2.631511,2.720389,2.992623,2.963026,0.845075,0.984529,0.959549,1.015781,0.912424,2.035683,1.129398,0.952942,1.292651,1.405681,1.488373,2.032888,4.978936,0.931674,1.757805,0.979205,0.969402,2.324799,0.964118,1.307883,0.900861,0.907932,1.206534,1.009173,0.920667,0.872918,0.871462,0.904650,1.571301,1.235135,1.795862,0.978462,2.428686,1.103013,0.957787,0.911569,1.024441,1.322814,1.043826,1.207682,1.120949,3.567225,2.126773,2.351015,2.545878,1.985967,2.347214,1.966138,2.350558,1.975302,1.032999,2.075508
7.949767,5.067124,3.126705,4.169525,0.952574,2.503516,1.965855,1.137500,1.262885,3.784709,4.991983,3.952881,2.591458,7.197511,3.668454,7.103034,3.662683,3.650944,1.460254,0.973204,1.776590,2.785086,4.640267,3.535359,1.253881,5.961410,1.647529,5.328493,1.933231,2.420269,1.480983,1.135230,2.166245,1.401896,1.378431,1.261236,3.034334,1.684128,1.150733,1.717292,1.377543,1.229855,3.212040,2.227680,0.815955,0.000000,2.748405,1.484474,4.028649,2.379238,2.404658,4.905404,1.676812,7.292699,2.869056,1.756285,2.550396,4.804521,3.799416,0.935038,1.328426,2.901668,1.456190,2.259472,3.474973,1.774446,1.583043,5.156747,5.384678,4.101222,4.717052,4.684654,5.086867,4.828688,0.927459,1.124089,1.468359,1.577135,1.759875,3.660419,2.932948,1.802646,2.310535,2.484947,3.481386,3.916018,7.414131,1.550919,2.984569,1.691366,1.410416,3.854564,1.246545,2.664914,1.906271,1.799504,2.277673,2.286878,1.851673,1.566065,1.412847,1.601830,2.990764,2.268984,3.283293,1.954399,3.871812,2.455927,1.263434,1.392673,2.278416,2.629145,0.939631,1.974675,1.261006,5.795551,4.231611,4.153830,4.271850,3.142428,4.021856,2.675642,3.973077,3.062297,1.817120,3.390377
8.753444,5.497452,3.904171,4.751347,1.081260,3.189624,2.901401,1.957451,1.462554,4.405267,5.756499,4.674249,2.831885,8.379523,4.860443,7.291372,4.221781,3.973438,2.652227,2.201285,1.358121,3.283757,5.244028,4.385982,1.567907,6.856321,2.172400,5.545589,2.054574,3.467507,1.747972,1.815732,2.506503,2.671233,1.821235,1.816812,5.691841,2.436018,1.793699,3.522683,1.716129,1.648610,4.096368,3.138285,1.401192,2.699377,0.000000,2.431547,4.788368,2.785953,3.980440,6.150857,3.713271,7.971710,3.882482,3.052848,3.640159,5.474444,3.770497,1.153832,3.561954,3.082521,2.619881,2.999976,3.972489,2.419578,2.805035,5.214203,6.043045,4.719918,5.261520,4.795143,5.188438,4.991550,1.519796,2.064832,2.200003,3.456148,3.006742,3.253310,3.999509,3.054660,3.245755,2.786171,4.325578,3.830750,7.797722,3.330477,3.413301,2.615449,1.881552,3.709258,2.637815,3.151849,4.634330,4.142902,2.775504,3.735837,3.102168,1.411963,2.548929,3.190244,3.332126,2.384057,3.476109,3.851442,3.976116,4.138068,2.436284,2.474305,3.334752,3.276693,1.535575,2.454449,2.182454,5.821780,4.521229,3.915465,4.565074,3.391566,4.858698,3.332172,4.335297,3.285777,1.966682,3.929933
8.766245,4.104694,2.632147,3.497155,1.036845,1.711169,1.590518,0.933963,1.227958,3.125126,4.084068,3.266625,2.170973,6.568526,3.005863,6.519564,3.111224,2.956695,1.188451,0.923671,1.741271,2.726616,3.657704,3.094603,0.850048,5.235062,1.192588,5.105430,1.335099,2.011890,1.519361,1.007917,1.531192,1.640315,1.117745,1.223191,2.463666,1.513436,0.894615,1.110610,1.192998,1.105236,2.631421,1.282449,0.746421,1.528398,2.406233,0.000000,3.196972,2.155103,1.708604,4.564992,1.256290,6.292472,2.448485,1.266161,2.064176,3.915527,3.059098,0.822767,0.996895,1.736599,1.175843,1.992697,2.905341,1.669094,0.965654,4.495793,4.798280,3.473825,3.735274,3.729645,4.390845,4.170235,1.018883,0.906101,1.156110,1.169623,1.306302,3.067585,1.812762,1.375196,1.968039,2.218813,2.938803,3.126362,6.516577,1.141240,2.552847,1.237700,1.391585,3.600286,0.889009,2.092298,1.493669,1.546614,1.877711,1.945331,1.458144,1.395922,1.042618,1.506186,2.450934,1.573955,2.718508,1.408504,3.441161,2.189430,0.835456,1.262974,2.071787,1.845905,0.970708,1.579897,1.085797,4.807727,3.331282,3.108511,3.343698,2.477877,3.541497,2.508751,3.237147,2.579522,1.483858,2.741613
8.217197,4.253652,2.610240,3.601934,1.676112,3.949599,2.726305,1.770660,2.159961,4.315709,3.987393,4.958415,2.676864,7.732924,3.610856,6.258981,3.659873,2.777284,2.071594,1.681639,3.565766,2.305857,4.246725,3.400222,1.459121,7.447771,2.871194,5.546760,3.282194,4.279988,1.823901,1.779253,4.009831,2.707609,1.713361,1.903864,4.365286,2.590674,1.886852,2.304376,2.853811,2.164459,4.467755,3.496132,1.886054,3.862346,4.932465,3.058487,0.000000,1.752985,3.569435,3.581592,2.527094,5.950428,2.059457,2.993311,2.797474,3.482368,2.644579,0.829768,2.840820,5.422145,3.097466,1.989912,4.545073,1.457314,2.289716,4.349567,3.083035,4.355055,4.485735,3.613341,3.628749,2.826906,1.930549,1.347645,2.187897,2.401969,2.302633,1.598486,5.161506,2.827581,1.833086,2.070330,3.428925,4.076439,8.474689,3.203664,1.766139,3.207560,1.505417,2.615689,2.254335,4.244946,2.740513,2.997763,2.891944,2.375352,3.059109,4.162935,2.453030,2.537203,2.979129,2.465774,3.032697,2.609821,3.905137,3.163549,1.589143,1.544059,4.122556,4.034159,1.675212,2.832280,1.859098,5.560070,3.934381,3.221446,3.197035,3.898608,3.952000,2.528262,3.285049,2.907014,1.895668,3.246620
7.515306,3.308518,2.134523,2.704270,1.225560,2.448964,1.613741,1.095550,1.240483,2.783533,3.014286,2.883058,1.642889,6.574250,2.546673,5.302568,2.811549,2.445034,1.273287,1.000340,1.981071,1.782110,3.406095,2.620264,0.976890,5.676703,1.775741,4.422246,1.787583,2.135910,1.252446,1.133848,2.611880,1.412376,1.157867,1.259936,2.622160,1.625644,1.141584,1.624178,2.037482,1.253291,2.978780,2.290155,0.956150,1.979099,2.779436,1.808057,1.734725,0.000000,2.096611,2.298719,1.467464,4.582988,1.378283,1.743727,1.805055,2.703420,1.843843,0.931511,1.518133,3.169464,1.624089,1.266762,2.430743,1.124100,1.532478,2.896250,2.612855,2.767709,3.156044,2.593592,2.693156,2.365414,1.068920,1.012307,1.420990,1.280980,1.179060,1.407412,3.393621,1.558303,1.004492,1.260841,2.306855,2.755153,6.862465,1.865383,1.341624,1.792673,1.064867,1.861914,0.983526,2.868152,1.646607,1.596260,1.542764,1.400208,1.615107,1.986364,1.446516,1.526216,2.084688,1.824251,2.116753,1.616408,2.827192,1.877716,0.974431,1.001181,2.498594,2.363974,1.141911,1.828122,1.166753,4.006869,2.575085,2.594039,2.565405,2.352603,2.487988,1.857371,2.591962,1.823506,1.245026,2.483623
9.146221,4.964248,3.304921,4.511835,1.337099,2.676103,1.976846,1.180914,1.568862,3.812172,4.988824,4.014114,2.583157,7.120738,3.998409,6.974359,3.927085,3.806333,1.546787,0.985920,2.661799,2.943414,4.449533,3.552155,1.288743,6.099611,1.921419,5.303754,2.171061,2.740666,1.713550,1.244029,2.437912,1.911475,1.442985,1.413064,3.057243,2.142799,1.476638,1.597661,1.979734,1.395824,3.784822,2.376665,0.977679,2.326625,3.362771,1.813410,3.954361,2.403077,0.000000,5.026926,1.585540,7.019579,2.877314,1.614202,2.635095,4.488565,3.591593,0.877735,1.556995,3.421835,1.807005,2.450098,3.727707,1.896275,1.379924,5.455400,5.159958,4.457283,4.431211,4.469395,4.676425,4.815485,1.137086,1.184492,1.547411,1.332191,1.815393,3.563375,2.909138,1.652841,2.274317,2.624192,3.481010,4.181931,7.511652,1.603787,2.955360,1.728564,1.625531,4.073831,1.372539,2.910775,1.994895,1.977778,2.239620,1.975900,1.558907,2.353757,1.335219,1.684817,3.121301,2.578273,3.254156,1.954037,4.154523,2.789245,1.234870,1.281292,2.641194,2.746711,1.024273,1.957988,1.309223,5.735831,4.509680,4.026533,4.172712,3.373731,4.198443,2.799824,4.023875,3.194129,1.840577,3.620765
8.466613,5.580227,4.047762,5.183562,2.182782,5.162772,3.401295,2.203046,2.442711,5.657633,5.376603,6.446866,4.016537,8.687038,5.114586,7.224246,5.311089,4.748955,3.035031,1.814078,4.766740,3.732301,6.757118,4.939777,2.064012,8.564614,3.604563,7.195201,4.235722,4.868818,2.568249,2.198128,4.900071,2.862787,2.145158,2.336573,5.161501,3.715065,2.639330,3.004180,4.110659,3.028519,5.317566,5.158518,2.044085,4.760443,6.505486,4.171261,3.279778,2.443940,4.490149,0.000000,2.878938,6.250116,2.981826,3.510721,3.257557,4.874983,4.083492,1.328871,3.220600,6.845250,3.643756,3.464162,6.370276,1.652903,2.769089,5.801198,3.710131,6.096201,5.743449,5.550145,4.499718,4.392604,2.189344,1.380226,2.880756,3.087497,3.364644,2.709346,6.170555,4.215394,2.411003,2.969199,4.692752,5.390516,9.280830,3.942592,2.688630,4.362193,2.029004,3.761105,2.791029,4.964486,3.888522,3.779464,3.958201,3.111381,3.985946,4.750181,3.066197,3.310680,4.088155,3.660107,4.218315,3.541838,5.291069,4.112737,1.846686,1.990027,4.751134,4.964411,2.043367,3.904501,2.499785,7.014367,6.008852,5.065592,4.813889,5.350843,5.335417,4.320810,4.914717,4.372871,3.031061,4.653228
8.556098,4.731690,2.711752,3.769364,0.972578,2.165756,1.346478,0.833294,1.227415,3.252747,4.327290,3.323376,2.171547,7.024434,2.978746,6.533739,3.418836,3.188022,1.209996,0.644597,2.054208,2.737203,4.248170,3.679623,1.141586,5.062100,1.141088,4.902349,1.714894,2.211074,1.360268,0.834724,2.270461,1.095311,1.012419,1.019561,2.142424,1.490074,0.880354,0.949785,1.148346,1.220359,2.733594,2.017037,0.715572,1.597435,3.058722,1.457611,3.230646,1.997989,1.691896,3.939268,0.000000,6.063981,2.447335,1.275633,1.820557,3.884288,3.090959,0.600824,1.063018,3.330283,1.401774,1.572626,2.982477,1.374299,1.171977,4.344256,3.916733,3.905174,3.850829,3.897524,4.358887,4.502863,0.850567,0.981073,1.180193,0.740076,1.322509,3.185463,2.417356,1.159606,1.905886,2.373832,2.727811,3.655138,6.768094,1.154158,2.628414,1.329633,1.129432,3.516648,0.904330,1.980406,1.089461,1.212691,1.771554,1.231593,1.165804,1.758165,1.056944,1.168262,2.725345,2.364240,2.973343,1.207212,4.135324,1.983498,0.760832,1.116021,1.740309,2.124712,0.857492,1.484606,0.773039,5.363592,3.425995,3.624225,3.833180,2.999397,3.983519,2.544633,3.589170,2.884628,1.240105,3.213720
0.000000,7.658919,5.665949,6.716650,3.919696,6.716195,5.793936,4.138635,4.416599,7.484262,7.006831,7.527681,5.669726,0.000000,6.550793,0.000000,6.657200,5.950035,4.676145,3.553959,6.855766,5.984694,7.129115,6.756605,3.075233,9.259587,5.407831,8.085724,5.533812,6.830494,4.631532,4.005262,6.376149,5.337404,4.043274,4.781601,6.728041,5.030449,4.277365,4.607795,5.141697,4.348900,6.913534,6.152551,3.606841,6.776269,8.024883,5.915994,5.240972,4.463123,6.303321,5.701118,5.322473,0.000000,5.446895,5.127023,5.200730,6.850151,5.862911,2.353563,5.350135,7.618762,5.686765,5.525471,7.934836,3.605451,4.326612,7.667707,5.459442,7.670355,6.977231,6.987878,6.504751,6.751904,3.931984,3.105951,4.639976,4.998499,4.698487,4.948470,7.403375,5.723560,4.222200,4.995456,6.578132,7.280751,0.000000,5.968989,4.957925,5.509502,3.724795,6.339245,4.946615,7.146971,5.979539,5.522738,5.738826,4.781939,5.928265,6.879929,4.973608,5.545155,6.383871,5.277035,6.345358,5.489078,6.974516,6.363246,3.702628,4.133088,6.490743,6.227282,3.463307,5.575374,4.185977,7.883945,6.835294,6.440402,6.589866,7.411411,6.947370,6.339132,6.563132,6.148082,4.154088,6.804578
7.526108,3.005405,2.158930,2.647004,1.419934,2.822654,2.139514,1.298716,1.577383,2.870482,3.396791,3.246328,1.419641,6.344886,2.688575,5.440534,2.351105,2.146003,1.603244,1.339748,2.559315,1.568319,2.927968,2.302901,1.079664,5.705031,2.287067,4.321181,2.375242,2.803826,1.371885,1.401885,2.593475,2.218136,1.496419,1.663646,3.114643,1.908593,1.156336,1.850732,2.292999,1.602150,3.399339,2.378367,1.290987,2.650896,3.737801,2.295356,2.104498,1.347383,2.359752,3.191164,1.934581,5.825478,0.000000,2.009099,1.866521,2.622022,1.816735,0.432424,2.342586,3.996207,2.138259,1.477442,2.673938,1.265855,1.613969,2.962791,2.765058,3.062784,3.384607,2.528435,2.689543,2.617168,1.728842,1.151654,1.616359,1.650058,1.640505,1.489386,4.169412,1.915561,1.380205,1.452176,2.343302,2.910611,7.846948,2.372316,1.512021,2.331595,1.198212,2.157175,1.602545,3.194799,2.261839,2.219017,1.610556,1.711334,2.230505,2.878199,1.801309,1.850836,2.007099,1.744137,2.053278,1.726986,2.840172,2.657949,1.192011,1.120518,3.137602,2.709948,1.368547,1.797122,1.349102,3.812753,2.867373,2.257603,2.390234,2.601613,2.816586,1.658928,2.327635,1.739699,1.224658,2.236721
8.570064,4.054791,2.542132,3.712223,1.259899,1.995335,1.531201,0.878835,1.461071,3.560700,4.257351,3.464192,2.446029,7.081968,3.263714,6.083085,3.005775,3.070850,1.141079,0.988326,2.354567,2.891917,3.874345,2.880390,1.003086,5.040437,1.373421,4.855211,1.654264,1.919877,1.608469,1.071553,1.752826,1.581303,1.301405,1.407207,1.939917,1.605929,1.001926,0.994509,1.286856,1.016521,2.874304,1.502033,0.966310,1.746618,3.273109,1.319192,3.158995,2.232092,1.499599,3.909407,1.085889,6.137671,2.311626,0.000000,1.872508,3.816148,2.980603,0.749155,0.965220,2.152011,1.388290,2.072040,3.618988,1.700240,1.070447,4.442053,4.241729,3.770469,3.737217,3.771410,4.244671,4.420040,1.111239,0.829371,1.158601,1.185082,1.400275,2.754827,2.140389,1.467262,2.006222,2.119579,2.841895,3.475749,6.383607,1.115799,2.572672,1.414653,1.331802,3.567242,1.010368,2.344938,1.271516,1.313947,1.816285,1.781267,1.224013,1.641516,0.980045,1.366005,2.349954,1.887209,2.584322,1.485519,3.626204,2.024991,0.926620,1.063357,1.961202,2.125984,0.993892,1.534194,1.063097,5.127585,3.653610,3.576205,3.753092,2.955071,3.562853,2.836214,3.518765,2.840993,1.331902,3.026282
8.525932,4.530741,2.776411,3.822924,1.310387,2.482180,1.997315,1.121650,1.740226,3.300033,4.514186,3.459138,2.192606,6.944108,3.299343,5.815049,3.066009,2.851208,1.608989,0.936030,2.637556,2.416345,3.532948,3.076688,1.207747,6.190317,1.995894,5.272610,2.217920,2.783028,1.452001,1.358390,2.533515,1.921333,1.339278,1.525390,2.728804,1.886108,1.144491,1.597418,2.031194,1.481678,3.332539,2.508875,1.194783,2.362304,3.558185,2.063593,3.061692,1.964788,2.449916,4.093430,1.461321,6.337266,2.082576,1.818645,0.000000,3.377881,2.914042,0.905108,1.806637,4.045516,2.027981,1.643154,3.488780,1.467708,1.501896,4.454201,3.584716,3.692638,4.282631,3.288124,3.929077,3.871141,1.291895,1.196722,1.480066,1.366302,1.761126,2.621808,3.791536,1.775855,1.608991,2.219778,2.664410,3.440801,7.505968,1.994135,2.216874,2.170145,1.062243,3.300714,1.187430,3.102136,1.816182,1.721325,2.028822,1.770011,1.815585,2.395609,1.377032,1.613709,2.724750,1.983484,2.901133,1.824536,3.685409,2.658637,1.039448,1.328836,2.957067,2.626553,1.208554,1.935058,1.189951,4.984547,3.574743,3.689524,3.517015,2.896884,3.843595,2.261517,3.080612,2.518450,1.488079,3.039384
9.189157,4.565856,3.312104,4.210671,2.270586,4.300394,3.812850,2.082978,2.658113,4.593791,4.903338,5.056971,2.416788,7.762041,4.171092,6.040747,3.620937,3.048307,2.681313,2.210811,3.825858,2.601841,4.394632,3.554610,1.508993,7.457228,3.918194,5.876385,3.970264,4.908587,2.213965,2.477274,3.907589,3.909664,2.368444,2.826162,5.050921,3.403821,2.178293,2.707758,3.470618,2.802432,5.264152,4.040494,2.463195,4.680159,5.806457,4.009176,3.190445,2.554893,4.203731,4.716482,3.285223,6.619481,2.688564,3.428940,2.920870,0.000000,2.617250,0.689026,3.960758,5.946565,3.992224,2.570146,4.701576,1.626955,2.404347,4.797830,3.972740,4.434419,5.316570,4.340570,3.863496,3.983385,2.857521,1.878878,2.842390,3.010176,3.145604,2.324460,5.874959,3.226057,2.273736,2.232184,3.655473,4.092600,8.742026,3.964512,2.556465,4.206722,1.805677,3.125192,2.998241,5.039675,3.853072,3.937339,2.910794,2.862401,3.760717,5.125493,2.973965,3.426211,3.240685,2.268037,3.282006,3.301875,4.231751,4.245239,2.107085,1.785860,4.978831,4.498421,1.909857,2.917214,2.221116,5.562528,4.390645,3.898131,3.692037,4.079590,4.480634,2.996925,3.298681,3.024460,2.255097,3.600329
7.061410,3.770187,2.981074,2.819944,1.724930,3.522851,3.093633,1.935330,2.225433,3.297063,3.291856,3.464896,1.599987,6.784456,3.632456,6.441975,3.025059,2.647598,2.217194,2.273075,2.635292,1.668500,3.910880,3.021265,1.268133,6.584027,2.847980,5.419798,2.793762,3.963013,1.929025,2.041557,3.118821,3.480136,2.309784,2.546462,4.092236,2.865696,1.834797,2.721302,2.712385,1.739012,4.158488,3.242182,1.979502,3.601267,3.867208,3.154499,2.878592,1.812865,3.596018,3.932452,3.107816,6.415469,2.062876,2.806915,2.950849,3.280737,0.000000,1.246331,3.717249,4.839692,3.207581,2.093638,2.821436,1.282978,2.063382,3.264699,2.849998,3.411632,3.948346,2.736025,3.110607,3.098111,2.375093,1.901821,2.323061,2.718389,2.529492,1.948512,5.261512,2.750703,1.978289,1.716165,3.178921,3.193601,8.419148,3.634318,1.936977,3.418458,1.423180,2.383852,2.967115,3.960806,3.542853,3.504010,2.270655,2.734941,3.275805,3.597168,2.764073,3.126461,2.473559,2.091536,2.597354,3.071603,3.344858,3.743427,2.094619,1.732911,4.255228,3.316819,1.647733,2.601588,2.226422,4.232137,3.382917,2.904443,2.941360,2.892727,3.398119,1.779188,2.836701,2.085536,1.627969,2.856661
5.853255,2.062256,1.527788,1.286037,0.961296,1.115566,0.907096,0.899497,1.006754,1.424755,1.826582,1.361835,1.217483,2.658681,1.108262,2.793444,1.596231,1.122719,0.857048,0.937566,1.142428,1.183046,1.304661,1.756085,0.877041,2.035369,0.984065,1.652494,1.019388,1.234229,1.014844,0.994568,1.166051,0.891775,0.839632,0.879744,0.819268,0.899117,0.882587,0.923012,1.036726,0.960001,1.319022,1.117383,0.838126,0.839381,1.212265,0.995571,1.627437,1.032705,1.041266,1.988111,1.080449,2.959455,1.202235,0.967517,0.799209,1.810422,1.306073,0.000000,0.901116,1.212248,0.880405,0.964111,1.557569,0.829367,1.011219,1.717169,2.043148,1.533624,1.436619,1.441869,1.813018,1.309260,0.989185,0.926591,0.884420,1.168959,1.004330,1.507433,1.304762,1.080648,1.000492,1.413372,1.056131,1.877611,3.132060,0.933675,0.944680,0.995026,1.067747,1.544111,1.079921,0.925703,0.884920,0.804779,1.122953,1.051705,1.123091,1.008112,0.922646,0.825242,1.128211,1.370304,1.633004,1.050559,1.200574,1.086324,0.977111,0.959509,0.665233,0.923453,0.946706,1.271287,0.921879,1.764308,1.265626,1.198850,1.232921,1.108230,1.274050,1.427728,1.175795,1.169683,1.074373,1.443689
8.643983,5.056761,3.149280,4.629692,1.199876,2.037250,1.521281,0.967580,1.174227,4.129033,4.812932,3.860365,2.667792,7.157338,3.266856,6.747944,3.598568,3.728082,1.137761,0.893187,2.379421,3.365313,4.526840,3.776203,1.053467,5.482506,1.122752,5.457948,1.709953,2.004770,1.445286,0.926077,1.905431,1.295989,1.048933,1.132732,1.907899,1.481741,0.907175,0.789679,1.461745,1.180213,3.123565,1.448261,0.982264,1.476247,3.444104,1.139764,3.250360,2.103402,1.505629,4.063138,0.913003,6.208641,2.482012,1.070388,1.850265,3.936829,3.745679,0.805441,0.000000,2.388516,1.185053,1.940230,3.661738,1.640526,0.977756,5.337752,4.570407,4.481123,4.391654,4.693811,5.099576,5.236999,1.106824,0.920845,1.038656,1.126573,1.223375,3.527405,2.065424,1.276849,1.937191,2.503904,2.949774,4.150767,6.894835,0.997014,2.992623,1.202545,1.182322,4.401284,0.958569,2.550091,1.212326,1.154157,1.951556,1.520263,1.143083,1.589135,0.948854,1.107723,3.017845,2.133610,3.287464,1.107821,4.339959,1.782444,0.944868,1.021736,1.824566,2.138381,0.824142,1.748147,1.078841,6.049982,4.162783,4.250686,4.354119,3.474164,4.017849,3.330803,4.011586,3.323121,1.680004,3.682235
9.515273,5.285907,3.597683,4.570775,1.535896,2.919861,3.153198,1.872192,1.906716,4.708034,5.121974,5.273374,3.477814,8.173339,4.515232,7.844164,4.003955,3.874741,2.557438,2.421432,2.051265,3.511931,4.871100,3.508954,1.365183,6.445440,2.384361,5.253600,2.139473,4.012018,2.161372,1.903938,2.221448,3.641080,2.098493,2.339889,4.727087,2.439593,1.883933,1.648018,1.639999,1.332828,4.458603,2.017554,1.200242,2.863405,3.209016,1.808744,4.898764,3.104898,3.400279,6.688567,3.553303,7.645259,3.491998,2.539056,3.776327,5.435718,4.355050,1.412819,2.435975,0.000000,2.513371,3.704200,4.649778,2.557644,1.922987,6.058640,5.912956,5.255151,5.602270,5.357053,5.563104,5.372971,2.120268,1.544366,2.281094,2.999499,2.280404,4.211740,3.107774,2.614633,3.607303,2.880500,4.171050,4.104200,8.360742,2.805869,3.433523,2.263244,2.190628,4.158773,2.707205,3.761811,4.203642,3.820950,3.057730,3.936311,2.805969,2.045687,2.326173,2.931011,3.049822,2.198713,3.643965,3.543457,4.373887,4.054615,2.185359,2.439405,4.150261,3.128406,1.419881,2.340353,2.239834,6.603112,4.867454,4.437052,4.643173,3.856855,4.860416,3.441188,4.662963,3.684073,2.118618,4.046711
8.504306,4.128148,2.840060,3.933725,1.118932,1.881524,1.476158,0.922668,1.245694,3.694883,4.471834,3.414313,2.441038,6.292188,3.334936,6.852336,3.216735,3.163697,1.230805,0.800524,1.535308,3.025414,4.253361,3.136889,1.104340,5.469310,1.376464,5.021601,1.248842,2.427384,1.419247,1.062301,1.877087,1.355638,1.163531,1.176276,2.204591,1.465437,0.995006,1.197225,1.304415,1.096544,2.824090,1.602173,0.800003,1.557073,2.443692,1.287943,3.216297,2.050298,1.744841,4.029866,1.371280,6.358343,2.412163,1.131366,2.116363,4.116276,3.275148,0.866286,1.075047,2.366817,0.000000,1.942085,3.559876,1.772048,0.995847,4.673195,4.417671,3.960297,4.303112,4.271914,4.892355,4.787064,0.910750,0.913667,1.180515,1.328631,1.495463,3.264061,1.988162,1.443265,1.965050,2.235579,2.939244,3.355801,6.473950,1.098747,2.677551,1.284121,1.341816,3.849854,0.976374,2.285773,1.437600,1.451953,1.807805,1.978036,1.391251,1.382153,1.155357,1.505933,2.570692,1.923245,2.671523,1.393036,3.469872,2.046926,0.907731,1.049594,1.913372,2.120771,0.977571,1.485437,1.070816,5.324896,3.317324,3.397558,3.819252,2.818840,3.964258,2.778843,3.517512,2.893042,1.251959,3.201476
7.612041,3.512951,2.490656,2.891659,1.142602,2.650782,1.769083,1.231841,1.342918,2.439695,3.207291,2.704659,1.737029,5.881473,2.660167,5.507148,2.524455,2.493046,1.405129,1.031098,2.068342,2.005720,2.646560,2.648340,1.116120,5.674282,1.725031,4.075334,2.026497,2.613310,1.249036,1.186832,2.215659,1.829385,1.354738,1.462292,2.931410,1.907786,1.042189,1.653938,1.979339,1.324262,3.573830,2.388792,1.037991,2.250267,2.803806,1.796837,2.595897,1.504715,2.572921,3.790183,1.570918,6.127886,1.831226,1.827786,1.999484,3.062551,2.045431,1.210619,1.946844,3.681055,1.932821,0.000000,2.567045,1.372710,1.610180,3.098762,3.376060,2.878719,3.117689,2.570355,3.193431,2.708372,1.177715,1.273483,1.495976,1.562966,1.519662,2.019673,3.579395,1.675585,1.343266,1.994241,2.661915,3.265729,7.053902,1.785442,1.810679,2.127152,1.282772,2.289241,1.358357,2.670564,2.107001,1.754152,1.713528,1.523761,1.654955,2.166489,1.343479,1.508838,2.449271,1.919491,2.230984,1.724541,3.216184,2.400065,1.131408,1.159644,2.725896,2.516763,1.278226,1.784370,1.280215,3.882632,2.553584,2.404240,2.741887,2.329304,3.017662,1.845656,2.405929,1.970547,1.141986,2.607586
7.867681,4.627235,3.863611,3.751421,1.970640,4.154643,3.661651,1.981770,2.475446,3.486246,4.553394,3.531048,1.433895,6.266666,4.785016,6.945265,4.004185,3.747581,2.717613,2.535769,2.509710,2.557054,4.489696,4.134300,1.527269,6.708471,3.052819,5.168180,3.091178,4.163409,2.349552,2.563326,3.583556,3.841351,2.811788,3.183975,4.949775,3.222196,1.642594,3.570014,3.003930,1.836350,4.807526,3.622975,2.227141,3.485090,3.165652,2.900151,4.825932,2.171186,4.397016,5.842184,3.470176,7.772266,3.142481,3.311907,4.008358,5.281563,2.693353,1.172653,3.932173,4.392376,3.466162,2.147670,0.000000,1.977776,2.708497,3.935777,5.108971,3.707405,4.306170,3.528006,4.515959,4.387174,2.567399,2.513982,2.789571,3.088358,3.028419,3.302333,5.254150,2.571963,3.318567,3.076458,4.118321,4.457212,7.866906,4.517293,2.914756,3.419357,1.652123,3.808119,3.289446,3.938123,4.503717,4.541831,2.231811,3.892197,3.326313,2.986385,3.155411,2.896361,3.200830,2.621066,3.173754,3.820424,3.702917,4.396307,2.462039,2.562152,4.281765,3.815028,1.957101,2.720171,2.137792,5.125174,4.029981,3.966926,3.888372,2.991411,4.242737,1.660827,4.295855,2.015520,1.945200,3.470732
6.939957,2.151829,1.550693,1.621740,1.069525,1.872349,1.283234,0.965725,1.052761,1.668614,2.125647,2.170811,1.313603,5.454574,1.654872,3.764324,1.369191,1.415832,1.187944,0.851094,1.731996,1.550712,2.056552,1.438538,1.082227,4.693608,1.545000,3.004300,1.592861,1.835605,1.200024,0.995230,2.035704,1.377379,1.040818,1.064734,2.330218,1.498001,1.100303,1.299266,1.670684,1.136488,2.483380,1.810252,0.993434,1.714585,2.215030,1.593866,1.510736,1.105844,1.815284,1.886117,1.251356,3.884209,1.278752,1.554008,1.292210,1.621904,1.364283,0.901310,1.561994,2.915670,1.603078,1.000228,1.446357,0.000000,1.309081,1.720741,1.744332,1.742664,1.869362,1.720909,1.680750,1.244872,0.988008,1.098651,1.064222,1.310790,1.323726,1.121679,3.124718,1.271279,1.282376,1.260039,1.675121,1.743732,6.458560,1.841549,1.241744,1.740766,1.174418,1.359280,1.079272,2.124244,1.429354,1.503120,1.397877,1.256325,1.444794,2.090900,1.229347,1.427076,1.523521,1.287209,1.464938,1.225244,1.737228,1.583575,1.034125,1.061169,2.026128,1.929557,1.152696,1.170298,0.896295,2.579085,1.646916,1.453934,1.791440,1.495427,1.640853,1.451304,1.496860,1.501100,1.055737,1.529923
6.870313,2.855026,1.881831,2.568760,1.270930,1.384280,1.638183,0.934453,1.335435,2.344826,2.784201,2.119995,1.534259,5.556644,2.406953,5.527666,2.169536,1.939891,1.187298,0.721876,1.867789,1.732766,2.760998,2.038102,1.013751,4.178200,1.385233,3.074042,1.376689,1.765036,1.491575,1.193064,1.493981,1.703479,1.430040,1.463467,1.476054,1.485769,0.945482,0.786734,1.097987,0.939651,2.581020,1.074701,0.968184,1.658113,2.553745,1.180043,2.415332,1.699025,1.294143,3.257562,1.213636,4.996453,1.711328,1.009512,1.628192,2.614071,1.989613,0.790742,1.245390,1.689404,1.350368,1.550405,2.267205,1.359360,0.000000,3.054758,2.866395,2.354711,2.716126,2.670594,2.882954,3.048444,0.996001,0.983562,1.170075,1.061426,1.179928,2.039141,1.609222,0.997606,1.525248,1.923858,2.121080,2.515401,5.633769,1.153953,1.638570,1.348435,1.166670,2.645362,1.260667,2.197079,1.189015,1.310980,1.309238,1.565219,1.287108,1.657170,1.162756,1.260711,1.656254,1.589104,1.948101,1.505960,2.225043,1.863359,1.160670,1.186034,1.805957,1.231251,0.811415,1.273438,0.992541,3.635160,2.645327,2.587367,2.394172,1.936781,2.656917,1.686267,2.490968,1.593144,1.047624,1.899918
8.521801,4.622493,3.861407,4.119093,2.468530,5.195439,4.582271,2.705009,3.081165,4.603287,4.853163,5.510231,2.714654,7.455731,5.000584,6.896212,3.991689,3.872791,3.151917,3.086449,3.617389,2.660555,4.956129,4.184915,1.839206,7.521788,4.220281,6.017366,4.049833,5.839481,2.540680,3.054440,4.040091,5.233726,3.483132,4.000968,5.701857,4.047942,2.469260,3.817475,3.728158,2.594699,5.693164,4.267224,3.024729,5.248101,5.135210,4.065763,4.203980,2.557145,5.317791,5.199320,4.394071,7.107205,2.931412,3.943299,4.472680,4.782590,3.050572,1.475023,5.241248,6.236371,4.655192,3.112675,3.811682,1.526477,2.842012,0.000000,4.264874,4.246582,4.981302,3.900955,4.124739,3.770320,3.418929,2.966648,3.460666,4.097592,3.850359,2.715138,6.564703,4.033343,2.852592,3.001522,4.875050,4.411648,8.711139,5.468617,2.610942,4.828314,1.817219,3.496033,4.277631,5.168120,5.111660,4.694211,3.240289,4.538400,5.008928,4.997719,4.390631,4.298234,3.342975,2.772888,3.454029,4.306847,4.293755,4.967347,2.873410,2.679343,6.052596,5.012577,2.136048,3.513047,3.053786,5.793166,4.705717,4.292363,4.001219,3.979546,4.332225,2.053163,4.445980,3.233468,2.620829,3.875988
7.753673,4.617019,3.279324,4.047288,2.324382,4.614989,3.606302,2.417079,2.371252,4.510017,4.408149,5.293995,2.934098,8.044168,4.586661,7.057285,4.257527,3.572901,2.742021,2.079960,4.441396,2.933512,5.330143,4.309229,1.740596,8.097300,3.704007,5.882318,4.054619,4.861683,2.243181,2.366531,4.188006,3.349057,2.439659,2.837650,4.970556,3.647291,2.431905,2.901363,3.830478,2.454886,4.901339,4.376303,2.631937,5.101188,6.332057,4.486596,2.667868,2.072321,4.639288,3.168155,3.057465,5.833891,2.319853,3.650282,2.964814,4.155263,2.869235,1.131230,4.116995,6.518552,4.164424,2.889118,5.525220,1.381531,2.571487,4.390693,0.000000,5.053251,4.940092,4.875385,3.179029,3.881224,2.876466,1.508357,2.872098,3.211796,2.841116,2.006440,6.275907,3.939898,1.583465,2.713624,4.637028,4.827512,9.100770,4.508257,1.946526,4.328128,1.628159,2.963377,3.189011,5.017034,4.173847,3.842710,3.846110,2.954725,4.396637,5.013616,3.388391,3.840176,3.927146,3.194832,3.450796,3.595350,4.417520,4.111963,2.065414,2.215946,5.079492,4.348843,1.979630,3.487746,2.541540,5.780291,4.626833,4.107688,4.288208,4.418187,4.180953,3.166217,3.959365,3.126879,2.151814,4.235956
8.268329,4.885211,3.401529,3.563848,2.079240,4.672117,3.907198,2.461425,2.869086,3.828062,4.443123,3.776118,1.787923,6.723940,4.694009,6.894286,3.525965,3.663034,3.160228,2.767633,3.241523,2.648088,4.326875,3.830564,1.659808,7.374312,3.641733,5.871918,3.637661,4.891154,2.474153,2.592614,3.931608,4.601603,3.028379,3.300392,5.442120,3.600060,1.997709,3.773619,3.148133,2.129605,5.205205,4.051931,2.542956,4.375373,4.725843,3.542363,4.633573,2.624156,4.880610,5.871797,4.053598,7.804618,3.243455,3.498466,3.912431,4.537985,3.151164,1.476513,4.506211,5.540462,4.013716,3.102258,3.308663,1.915068,2.650315,4.148582,5.061934,0.000000,4.829813,3.509918,4.071206,4.387388,3.085340,2.871732,3.014921,3.667420,3.355309,3.306908,5.903491,3.355986,3.267581,2.666288,4.341438,4.079702,8.318134,5.025565,2.758468,3.942206,2.101421,3.577375,3.873134,5.036916,4.487239,4.704455,2.661807,4.240386,4.073401,3.857846,3.664000,3.625371,3.243798,2.551904,3.196423,3.826255,3.794700,4.447012,2.721932,2.380759,5.234993,4.253992,2.143184,3.070362,2.778561,5.182030,4.039002,3.697524,3.707487,3.013089,3.945265,2.205425,4.054046,2.262439,2.326919,3.779031
8.323842,4.952753,3.902156,4.593088,2.429802,4.943986,4.239624,2.478908,3.226382,4.414487,4.835099,4.445771,2.379220,7.525211,4.844930,7.331336,4.247495,4.041976,3.069493,2.723393,3.836296,3.032197,4.822530,4.345812,1.788241,7.410823,4.117552,6.115790,3.850042,4.950468,2.992545,2.809724,4.265129,4.401993,3.097564,3.346240,5.441672,3.778893,2.351408,3.619905,3.671803,2.646886,5.690772,4.358916,2.599818,4.699408,5.098605,3.849874,4.794685,3.068274,4.739736,5.852580,3.975046,7.266129,3.318518,3.761324,4.335668,5.319462,3.506473,1.430277,4.474721,5.924346,4.327948,3.225694,4.070468,1.739670,2.843268,5.160725,5.001772,4.633237,0.000000,4.235267,4.395459,4.498857,3.157339,2.449318,3.091873,3.380422,3.443886,3.383471,6.434302,3.328531,3.120702,2.967075,4.616809,4.872736,8.295021,4.752700,2.995736,4.617441,2.347420,3.930816,3.709225,5.042165,4.473376,4.545941,3.256974,4.097335,3.944632,4.788552,3.702233,3.660239,3.994423,2.704444,3.554957,3.956694,4.246735,4.707241,2.595557,2.577669,5.428335,4.428872,2.185329,3.195573,3.118583,5.805635,4.482564,4.160136,4.339231,3.945788,4.297163,3.067053,4.569778,3.104411,2.426685,4.072356
8.936455,4.876174,3.285109,4.134394,2.352699,4.853980,4.090619,2.532544,3.086137,3.849670,4.612012,4.598082,2.134745,7.168668,4.424186,6.868457,3.765414,3.448577,3.070610,3.052407,3.459094,2.468223,4.472921,3.604980,1.646856,7.878067,3.909679,6.183959,4.000865,4.672511,2.713862,2.808228,4.051223,5.035986,2.929561,3.435636,5.597826,3.425432,2.175098,3.471152,3.653207,2.585932,5.199183,3.948712,2.725285,4.760530,4.723250,3.838458,4.124451,2.599775,4.578234,5.860126,4.237412,7.856181,3.033078,3.755376,3.148691,4.682710,2.780931,1.394171,4.873246,5.628050,4.330205,2.387489,3.387822,1.808809,2.973451,4.110587,4.975082,3.499786,4.538712,0.000000,4.024842,4.177129,3.329875,2.833011,3.278705,3.766565,3.665013,2.871400,5.951149,2.919830,2.491031,2.202209,3.663349,3.988944,8.229104,5.300136,2.627281,4.181697,1.916194,3.395356,3.893364,4.927460,4.414906,4.781844,2.748802,3.834347,4.142888,4.816311,3.701057,3.468367,3.092593,2.396734,3.036385,3.882374,3.585788,4.450287,2.517559,2.412984,5.708864,4.414761,2.294363,2.911883,2.968831,4.955826,4.069719,3.554021,3.332105,3.340440,4.104990,2.259344,3.799374,2.331149,2.252839,3.479291
9.123848,4.547565,3.369083,4.352574,2.212330,4.782022,4.011429,2.841563,2.543136,4.378912,4.649661,4.944989,2.341360,7.982354,4.648569,6.598903,4.125802,3.619508,3.721564,2.824547,3.606543,2.224193,4.846841,4.164373,1.804092,7.724363,4.178801,6.192785,4.058091,5.486870,2.570788,2.815481,4.375021,4.208671,2.822905,3.062822,5.945729,3.859759,2.643228,3.850490,3.490195,2.762214,5.316549,4.249657,2.833164,4.947088,5.398645,4.281216,3.666342,2.417343,4.953880,4.305781,3.971112,7.055135,2.767665,4.096443,3.684658,4.314285,3.174096,1.266825,4.966243,5.920321,4.962858,3.087793,4.344304,1.452357,2.950458,4.232989,3.647225,4.010757,4.581540,3.900977,0.000000,3.751161,3.219131,2.239429,3.202849,3.496998,3.776385,2.060550,6.343706,3.874310,2.438406,2.426807,4.583250,4.373004,8.657675,5.152555,1.583823,4.748338,1.949847,2.319247,3.896018,5.070733,4.783582,4.740910,3.374799,3.902537,4.811753,5.050483,3.727391,4.193357,3.726540,2.763672,3.372443,4.155743,3.946225,4.784487,2.727354,2.650804,4.973721,4.613795,2.171635,3.300687,3.026754,5.313067,4.652146,3.950661,3.461685,3.897572,4.126601,2.588633,3.784441,2.976467,2.177924,3.695655
8.520831,3.999807,3.373394,3.971631,2.516631,4.902347,4.313757,2.615625,3.157401,4.063243,4.366820,5.028754,2.194831,7.742821,4.406934,6.449116,3.867828,3.148435,3.506471,3.340930,3.945174,2.116962,4.245098,3.545171,1.826585,7.605768,4.241707,5.608534,4.314604,5.393851,2.449249,2.840956,4.026316,4.913911,2.988119,3.283627,5.856041,3.786891,2.421669,3.807773,3.787617,2.730035,5.463804,4.160792,3.019585,5.198056,5.059869,4.106089,3.184914,2.130738,4.968843,4.201264,4.513929,7.166527,2.514541,4.275317,3.902051,4.143250,3.079896,1.464436,5.069850,5.940684,4.777255,2.507975,4.282824,1.356682,3.024951,4.036103,3.856637,4.293292,4.615954,3.789112,3.590743,0.000000,3.570013,2.282586,3.354163,4.257395,3.755212,2.204969,6.937689,3.763418,2.268217,2.291629,4.139549,3.993249,9.192402,5.685297,1.950246,4.622835,1.936680,2.644257,4.162898,5.282214,4.970344,5.659175,3.052096,3.897192,4.693786,5.288336,4.169676,3.845424,2.936741,2.453721,3.107508,4.176423,3.889768,4.575399,2.582873,2.157998,5.753850,4.538989,2.233571,3.441536,3.271911,5.313800,4.117934,3.277337,3.366969,3.419643,3.987435,2.467512,3.453234,2.598998,2.361490,3.774096
8.886662,4.124936,2.135304,3.788721,0.911059,1.346460,0.820165,0.788223,1.011240,3.072323,4.033931,2.835319,1.686580,6.704847,2.587652,5.910964,3.135081,2.734039,0.615437,0.854116,1.666543,2.506791,3.724175,3.085372,0.912586,4.280951,0.968995,4.651521,0.950979,1.523482,0.910703,0.882785,1.445273,0.775550,0.969438,0.852054,1.540078,0.991932,0.786034,0.921270,0.763031,1.032167,1.751014,1.356972,0.832661,1.053208,1.615044,0.965982,2.381168,1.659609,1.239238,2.837873,0.819342,4.936409,2.193957,0.816148,1.296063,3.054497,3.083974,0.745932,0.613995,1.883910,0.865642,1.540347,2.795158,1.330628,0.952743,3.929187,3.606067,3.541904,3.250849,3.577762,3.699922,3.948801,0.000000,0.854741,0.816714,0.947763,0.987648,2.567077,1.519428,0.853524,1.483604,1.840967,2.253498,3.104297,5.704735,0.966274,2.231111,0.986784,1.014568,2.971383,0.919431,1.150331,0.921890,0.848657,1.479940,0.937885,0.876116,0.952646,0.870570,0.935707,2.136448,1.707874,2.516158,0.901114,3.166612,1.313430,1.002161,0.915924,1.057810,1.494716,0.891658,1.183805,0.912189,4.513934,3.262520,3.191580,3.514053,2.581396,3.047143,2.425717,2.887710,2.655373,1.204238,2.592657
6.982648,2.282885,1.317746,2.183508,0.895603,1.191249,0.924855,0.726311,0.936598,2.281001,2.362612,2.133465,1.600061,5.106867,1.504121,4.234061,1.910176,1.679333,0.890618,0.839356,1.555801,1.371876,2.355669,1.545956,0.930906,3.890726,0.855245,3.110570,1.180634,1.154670,0.804806,0.786140,1.379839,0.752918,0.872914,0.840626,1.164933,0.880851,0.773147,0.866515,1.073932,0.877988,1.531820,1.116750,0.795975,1.036546,2.066735,0.995639,1.121702,1.027622,0.893794,1.841190,0.586304,3.458981,0.994315,0.839157,0.780990,1.776395,2.118116,0.753907,0.720807,1.547772,0.960325,0.931529,2.616689,0.724086,0.774113,3.212282,1.870389,2.674158,2.276002,2.302744,2.236404,2.175082,0.860077,0.000000,0.903310,0.811443,0.864739,1.401752,1.610357,0.932418,0.844562,0.955430,1.255903,2.117100,5.232703,0.842411,1.161122,0.860121,0.948402,1.927609,0.898597,1.435173,0.681047,0.718479,1.143302,0.683395,0.897113,1.213523,0.972297,0.709188,1.600091,1.364287,1.547237,0.687033,2.138555,0.940965,0.799094,0.882966,1.131491,1.170935,0.896334,0.910221,0.902732,3.586119,2.111548,1.950368,2.001076,1.854843,2.011156,1.782309,1.713109,1.608971,0.973971,1.729597
7.825196,3.539744,2.119920,2.845499,1.018391,1.712082,1.400322,0.828076,1.156200,2.563704,3.405792,2.658246,1.744908,5.966916,2.728892,5.836282,2.677706,2.498754,1.056290,0.907613,1.556170,2.147197,3.021957,2.647744,0.968668,4.798719,1.219783,3.890575,1.335241,1.904766,1.383280,0.958418,1.536667,1.343744,1.108278,1.177467,1.913849,1.586829,1.005940,1.020992,1.114030,0.922486,2.385569,1.500669,1.109863,1.332845,2.165392,1.155502,2.594019,1.771751,1.474252,3.483168,0.859995,5.134769,2.008912,1.133388,1.648052,3.204796,2.369842,0.748107,0.837918,2.150670,1.167657,1.705601,2.653652,1.235705,1.013314,3.516483,3.383374,3.022680,3.038629,3.266401,3.402262,3.444209,1.012905,0.927659,0.000000,0.834731,0.914036,2.307160,2.121457,1.065511,1.673819,1.948316,2.329971,2.704846,6.435073,1.062685,2.060458,1.241387,1.087289,2.820756,0.905854,1.936341,1.144948,1.310916,1.453916,1.253714,1.274752,1.434546,0.978641,1.198743,1.946371,1.487737,2.315012,1.479086,2.796967,1.683907,0.822474,1.113434,1.697818,1.662617,0.957268,1.234960,0.997016,4.203004,2.915033,2.672550,2.813960,2.452934,2.879089,2.056993,2.810848,2.363479,1.075139,2.508688
9.005005,4.466909,2.901245,3.939564,1.206660,1.796526,1.497100,1.066321,1.158019,3.302971,4.233203,3.023246,1.859067,6.645050,2.684573,6.403296,3.345820,2.986816,1.107647,0.902462,1.686377,2.789165,3.738149,3.670047,1.068103,5.281856,1.230121,4.623882,1.647173,2.056161,1.051883,0.944738,2.084397,1.457247,1.185599,1.115859,2.195499,1.788885,0.983409,1.008117,1.288261,1.007694,2.817056,1.726134,0.968500,1.668722,2.632228,1.231417,3.374214,1.959776,1.606655,4.112902,1.075242,6.041877,2.521400,0.979274,1.913754,3.802726,2.979797,0.913147,1.091385,2.417431,1.322410,1.522015,3.022987,1.404521,1.158465,4.275587,4.225779,3.856682,3.719220,3.906253,4.050441,4.286588,1.248678,1.079441,1.197363,0.000000,1.188140,3.193667,2.241382,1.169716,1.945090,2.269566,2.847916,3.542699,6.439613,1.180620,2.663369,1.248042,1.192563,3.389820,1.169290,2.036200,1.241597,1.251119,1.704568,1.385073,1.150231,1.523059,0.961447,1.396777,2.557009,1.704175,2.784633,1.274996,3.840627,2.036929,1.049435,1.061630,1.836754,1.834838,1.005271,1.281983,1.049930,4.973135,3.480252,3.552504,3.631182,2.881491,3.883653,2.485776,3.653743,2.727928,1.291038,3.377089
8.759326,3.970851,2.505665,3.700053,1.050453,1.766327,1.349065,0.793183,1.097008,3.270852,3.946735,3.201441,1.665881,7.036097,2.997471,6.749467,3.313669,2.606064,0.802506,0.819509,1.969918,2.576737,3.648737,3.312629,0.927043,5.706942,1.011199,4.516375,1.138304,1.814532,1.241222,0.839709,1.836035,1.132690,1.041566,1.074133,2.220111,1.463736,1.091236,0.899972,1.027349,0.960770,2.658959,1.428661,0.614380,1.246387,2.735904,1.236658,2.925153,1.647645,1.502105,3.480562,0.903189,5.688112,2.164591,1.061431,2.037792,3.844825,2.953428,0.843016,0.817615,2.052966,1.089902,1.711959,2.957426,1.362135,1.015122,4.082558,3.572625,3.522351,3.640589,3.711168,4.116595,3.985777,0.657344,0.879363,0.865274,1.007503,0.000000,2.697284,1.991665,1.182787,1.672428,1.982261,2.710574,3.151052,6.314367,0.851797,2.377628,1.162806,1.129230,3.174934,0.706109,2.167986,1.180937,1.147242,1.471687,1.049384,0.935643,1.278474,0.754521,1.140447,2.255191,1.574892,2.558605,1.102912,3.323056,1.554318,0.988450,0.977719,1.667796,1.936575,0.843266,1.391445,1.016156,4.820844,2.953353,3.010998,3.295291,2.786424,3.336685,2.378527,3.024398,2.535654,1.256658,2.916742
7.662422,3.226087,2.174353,2.887558,1.443973,3.760984,2.532256,1.535542,1.905368,3.181701,3.080431,3.602427,1.676973,6.652224,3.086418,5.414006,2.937254,2.457158,1.925813,1.595201,2.851377,1.921701,3.563557,2.744028,1.339588,6.145106,2.658149,4.835911,2.931704,4.092609,1.569464,1.699210,3.232274,2.708655,1.617749,1.841337,4.028953,2.304962,1.444707,2.195951,2.711620,1.812565,3.677154,3.109879,1.788350,3.801422,3.851425,3.043733,1.837672,1.356732,3.197582,2.835255,2.535604,5.358318,1.508211,2.493896,2.149785,2.709052,1.890148,0.586810,3.216658,4.951055,3.120548,1.691738,3.107830,1.254973,1.983875,2.821921,2.241887,3.274803,3.325434,2.780316,2.034393,2.233871,1.935811,1.115891,1.884835,2.389805,2.156992,0.000000,4.949220,2.636083,1.222778,1.668545,2.919034,3.029707,8.229034,3.448824,1.409039,3.145390,1.291540,1.535741,2.260521,3.507099,3.598495,3.328469,2.306654,2.151733,3.010870,3.812341,2.351404,2.700092,2.374673,1.994503,1.930162,2.529475,2.669849,3.040639,1.485529,1.601526,4.021003,3.137528,1.522889,2.085407,1.889673,4.379847,2.986186,2.634473,2.521869,2.966668,2.867412,1.772373,2.512144,1.963688,1.600072,2.860387
0.000000,6.088627,4.346974,5.376188,1.725770,2.766881,2.590019,1.458813,1.986350,5.627987,6.257403,5.378249,4.005831,8.399969,5.303457,8.569529,5.145253,4.530763,1.812299,1.370721,2.895058,4.279939,5.685403,4.610330,1.516753,6.813287,2.261208,7.111144,2.277656,3.757394,2.353050,1.675080,2.584293,3.216865,2.079398,1.980637,4.178180,2.181748,2.095039,2.010951,1.879044,1.643435,4.210203,2.113056,1.097465,2.817006,3.806708,2.226249,4.907240,3.610324,3.013942,6.378239,2.361174,7.654384,4.155286,2.294666,3.524887,5.727086,4.862833,1.082726,2.274269,3.072731,2.029980,3.543827,5.369242,2.879323,1.495892,6.625819,6.297582,5.736089,6.264369,5.600967,6.145824,6.860054,1.489779,1.362819,2.080861,2.333013,1.978560,4.864162,0.000000,2.623331,3.118617,3.408209,4.639310,4.863384,8.259111,1.960726,3.857173,2.153264,2.122327,5.664550,2.121343,3.722091,2.791444,2.801920,3.158351,3.457185,2.785118,2.436297,1.720798,2.869606,3.961150,2.402199,3.898187,2.617425,4.952979,3.782136,1.702711,1.732717,3.641452,3.456058,1.277967,2.757480,1.662199,7.133764,5.238998,5.108608,5.417611,4.505302,5.624917,4.323231,5.333319,4.417156,2.234980,4.536482
8.402115,4.191273,2.791407,3.330310,1.308088,2.338747,1.815557,1.143242,1.277495,2.692942,3.831420,2.765006,1.696216,6.215284,3.082190,6.484579,2.680625,2.963530,1.335156,1.093159,1.719836,2.290422,3.260868,3.134433,0.981561,5.526554,1.589981,4.679096,1.639145,2.385459,1.520267,1.302612,2.038127,1.703947,1.446188,1.471026,2.591482,1.935737,1.044753,1.335087,1.751311,1.134907,3.160686,2.165912,0.925974,1.778118,2.413066,1.424489,3.417916,1.897953,2.108854,4.714573,1.485985,6.424696,2.371949,1.471105,2.240378,3.926739,2.827496,0.975544,1.511510,2.444218,1.485951,1.663178,2.423783,1.666458,1.185086,4.183195,4.189082,3.508999,3.721653,3.019543,4.226759,4.007431,1.286252,1.314174,1.247652,1.541888,1.535446,3.070811,2.639838,0.000000,2.021798,2.289132,2.912025,3.321250,6.466122,1.534766,2.484248,1.467126,1.181934,3.262418,1.270229,2.594450,2.071659,1.794013,1.611421,1.719490,1.521724,1.444666,1.363061,1.498800,2.297657,2.268654,2.730543,1.844268,3.207096,2.591958,1.375747,1.433069,2.491593,2.185971,1.032844,1.499821,1.342623,4.826874,3.118052,3.278179,3.353706,2.529271,3.331591,1.867385,3.038906,2.301173,1.147108,2.857804
7.286478,3.075945,1.838116,2.471993,1.063075,2.139686,1.520300,0.941125,1.124702,2.596281,3.094938,2.978649,1.519682,6.263722,2.271360,5.027884,2.365956,2.146149,1.116891,0.841962,1.920898,1.522165,3.127281,2.251015,0.969697,5.473845,1.575780,4.031533,1.851558,2.133982,0.997282,1.115910,2.268595,1.240794,1.112729,1.095542,2.317430,1.600840,1.004772,1.318793,1.895616,1.226697,2.809308,2.130060,0.939894,2.045491,2.967387,1.772819,1.643691,1.008448,1.839849,2.531291,1.219110,4.522811,1.336936,1.512363,1.242465,2.287897,1.985439,0.877103,1.587827,3.605352,1.686587,1.041752,2.938154,0.878136,1.233466,2.765976,1.850113,3.003725,2.807146,2.135631,2.194459,1.893805,1.006414,0.985783,1.248713,1.070597,1.319795,1.132705,3.007363,1.395512,0.000000,1.485510,1.938222,3.022478,6.881624,1.710214,1.005633,1.724494,0.995006,1.683061,1.124685,2.578674,1.672102,1.587509,1.470299,1.166213,1.503500,2.171829,1.058085,1.275439,2.030040,1.474545,1.926981,1.415477,2.654961,1.890002,0.953878,0.912948,2.102907,2.241647,1.015614,1.462745,0.942561,3.877445,2.532667,2.536929,2.526789,2.345388,2.560006,1.605433,1.995452,1.602719,1.150547,2.208018
6.874557,2.374197,1.523450,1.903815,1.254220,2.522946,1.827888,1.267563,1.335240,2.123383,2.763201,2.626867,1.367880,5.813490,2.225653,5.031638,2.369596,1.840828,1.286485,1.172134,1.983908,1.637196,2.311062,2.067905,1.167198,5.278494,2.075877,3.732913,2.122787,2.691004,1.291310,1.184522,2.492639,1.783111,1.300783,1.418334,3.239221,1.597342,1.213389,1.792737,2.096777,1.442348,3.033400,2.319328,1.175746,2.478342,2.972554,2.135767,1.966759,1.354097,2.404311,2.644761,1.612071,4.901712,1.376277,2.029747,1.857791,2.265984,1.567581,0.239727,2.297095,3.468190,2.199466,1.495596,2.456310,1.286480,1.607510,2.353492,2.362643,2.086066,2.534704,2.293913,2.333425,1.967786,1.304570,1.392925,1.495344,1.310606,1.396616,1.407419,3.446804,1.596797,1.421725,0.000000,1.817842,1.919075,6.991566,2.361080,1.542493,2.199753,1.267143,2.113043,1.514172,2.938485,2.096863,2.293452,1.279108,1.375085,1.930607,2.859080,1.583234,1.510479,1.488252,1.195628,1.603056,1.530574,1.981620,1.839933,1.088540,1.134260,2.963507,2.568316,1.461976,1.547045,1.083668,3.228177,2.121859,1.870768,1.915666,1.986413,2.130140,1.638744,1.824481,1.517204,1.186656,1.801254
8.479578,4.513231,3.135446,3.946327,1.629108,3.361703,2.805706,1.963318,2.231329,3.591967,4.439113,4.333104,1.980174,7.597907,3.834701,6.539585,3.505509,3.001726,2.316678,1.799492,3.060822,2.151372,4.086806,3.149391,1.307039,7.283165,2.776769,5.726613,3.078801,3.946113,1.923765,2.037700,3.201756,2.915590,2.029481,2.362966,4.747724,2.780842,1.793190,2.318255,2.824019,2.068229,4.594715,3.255074,1.629299,3.507547,4.378368,2.998774,3.700683,2.247806,3.394392,5.053063,2.724084,6.925912,2.595115,2.888520,2.916147,3.681877,2.938360,1.220454,3.108712,4.563926,3.092563,2.461625,3.793120,1.584056,2.049695,4.879309,4.878558,4.002765,4.351531,3.534120,4.177333,4.153421,2.028466,1.879781,2.256281,2.454472,2.589752,3.015597,4.848888,2.541219,2.336047,1.995768,0.000000,3.698904,8.296725,3.637390,2.145906,3.155551,1.543327,3.079870,2.352190,4.240434,3.222807,3.406818,2.342291,2.532528,2.923329,3.825859,2.709223,2.451730,2.832485,1.897720,3.003755,3.002336,3.688912,3.261163,1.878734,1.541711,4.431772,3.527091,1.703180,2.436871,2.110279,5.395467,3.637067,3.569891,3.532781,3.281976,3.943591,2.343219,3.593254,2.640402,1.681391,3.409578
8.196321,4.124426,2.903907,3.874585,2.004646,3.703195,3.491687,2.134275,2.397326,3.774439,4.769600,4.373471,1.882144,7.814544,3.958160,6.374518,3.437903,2.958987,2.904374,2.718830,3.049401,2.233315,3.980254,3.266730,1.525193,7.341644,3.398386,5.490729,3.369852,4.543577,2.175701,2.338986,3.373480,3.970414,2.399780,2.605832,5.297892,2.958781,2.109097,3.086187,2.777291,2.060756,4.641087,3.250716,2.127198,4.067172,4.187184,3.350339,3.782553,2.040380,4.027713,4.926747,3.606366,6.923852,2.588778,3.383892,3.226824,3.521031,2.310715,0.940390,4.370334,4.681153,3.581573,2.742393,4.101805,1.885051,2.494922,4.394916,4.360760,3.656329,4.619005,3.491783,3.965208,3.595167,2.793767,2.250972,2.608425,3.116069,2.804675,2.493686,5.187296,2.815195,2.742312,1.906407,3.412399,0.000000,9.035944,4.222629,2.229071,3.786463,1.645512,2.970049,3.259515,4.681156,4.149948,4.301481,2.299957,3.324512,3.602917,3.834082,3.246865,3.416045,2.337950,1.731050,2.446804,3.567232,3.196664,3.915654,2.108598,2.126878,4.908066,3.741168,1.928476,2.728120,2.542823,4.856759,3.763574,3.287427,3.072083,2.932704,3.795500,2.234387,3.573234,2.403148,1.874314,3.102325
0.000000,8.879591,7.655989,7.972773,6.067027,7.737905,7.585592,5.509188,6.375302,7.697123,8.804055,8.015766,6.781985,0.000000,8.599327,0.000000,8.040616,7.932445,6.351178,5.716100,6.728809,7.383200,7.834693,8.249078,4.269862,0.000000,6.881946,9.144445,7.278470,7.824103,6.360398,5.800389,7.500386,7.594666,6.226871,6.709849,8.473105,7.227591,5.216633,6.468674,6.631784,5.722220,8.799307,7.354045,5.417794,7.888997,7.533872,6.875137,8.903899,7.150252,8.251869,9.827975,7.532030,0.000000,7.763089,6.830249,7.830567,8.749060,8.213738,3.394666,7.510574,8.521422,7.207442,7.201202,7.742387,6.225822,5.885202,8.388859,9.144731,7.799097,8.329018,7.913109,8.271508,8.464409,6.310048,5.822508,6.545341,6.473087,6.979261,7.982811,8.669235,6.748055,7.429062,7.147412,8.426742,8.302368,0.000000,7.507510,7.127216,7.416982,5.680993,7.953814,6.752445,7.939185,7.837754,7.609992,6.397448,7.936336,7.106258,7.436907,6.842067,6.970112,7.369043,6.388142,7.653902,7.037122,8.275667,7.820000,5.759952,6.012159,8.479043,7.504989,4.714411,6.854788,6.296982,8.774237,7.903359,7.799938,8.044057,7.526823,8.274676,6.736124,8.222888,6.988156,5.922857,7.937555
9.658136,5.231503,3.281626,4.895248,1.133249,1.695198,1.315819,0.887114,1.186388,4.626361,5.384731,4.304998,3.273440,7.168808,3.206425,7.036235,3.844476,3.695825,0.936053,0.872727,2.532607,3.580703,4.993251,3.684533,1.055464,5.288776,1.318841,5.545099,1.583631,2.141340,1.573858,0.914054,1.924648,1.129545,1.056467,1.076297,1.678692,1.366255,0.966360,0.946039,1.421982,1.133512,3.389155,1.345702,0.996248,1.442133,3.388241,1.049130,3.239668,2.153484,1.451308,4.571209,1.017807,6.344635,2.652816,0.888404,1.997590,4.048436,3.906851,0.773661,0.856506,2.716878,1.046580,2.002132,4.643433,1.794583,1.084932,5.857886,5.188972,5.004106,4.796786,5.270910,5.626328,5.757131,1.293228,0.969791,1.083464,1.060900,1.244219,3.815909,1.688365,1.336544,2.056923,2.411506,3.518574,4.119555,6.911574,0.000000,3.211300,1.205997,1.330745,4.931019,1.064342,2.308746,1.085266,1.053833,2.216180,1.657477,1.087062,1.295292,1.132297,0.961823,3.226903,2.277315,3.395121,1.087750,4.694908,1.690208,0.991380,0.917559,1.746795,1.986823,0.859473,1.569425,1.025673,6.201330,4.623024,4.544692,4.777418,3.703233,4.418364,3.559495,4.460522,3.703675,1.549782,3.628487
6.891748,2.505940,1.575978,1.941151,1.149769,2.902778,2.077077,1.326650,1.526978,2.268727,2.386041,2.591508,1.389066,5.994601,2.049186,5.011674,1.590422,1.567109,1.646003,1.371489,2.125592,1.435197,2.463096,1.789912,1.079275,5.692438,2.178088,4.094953,2.419900,3.086395,1.102126,1.564436,2.391476,2.152888,1.466085,1.818807,3.560259,1.951917,1.251275,1.986086,2.158461,1.530522,3.305815,2.373398,1.571711,3.007154,3.318883,2.375498,1.637978,1.206550,2.603668,2.632537,2.096131,4.760647,1.408853,2.428875,1.771204,1.907782,1.527982,1.198136,2.659544,3.842234,2.526133,1.429908,2.311070,1.055170,1.441153,2.260404,1.856760,2.389946,2.656851,2.191740,1.581453,1.684798,1.753863,1.435743,1.575042,1.706792,1.847853,1.084219,4.114167,1.789242,1.467052,1.461863,2.033818,1.736591,7.239631,3.059390,0.000000,2.507292,0.984632,1.414858,2.044024,3.057735,2.661304,2.600493,1.650082,1.806381,2.685171,3.043674,2.064067,1.987529,1.669884,1.241184,1.712586,2.203020,1.801261,2.672706,1.360730,1.409955,3.562976,2.655426,1.295254,1.766064,1.468338,3.374005,2.095454,1.960338,1.941599,1.814761,2.255989,1.567274,1.825641,1.528119,1.486295,1.804502
8.417213,4.221360,2.812834,3.936388,1.066073,1.719081,1.644054,1.004500,1.254496,3.811719,4.881872,3.706563,2.497406,7.290047,3.582902,6.715340,3.273049,3.174145,1.201832,0.919519,1.724152,3.059083,3.981443,3.012537,1.041980,5.394732,1.337400,4.895505,1.443875,2.380417,1.450693,1.118094,1.484962,1.721587,1.224261,1.190701,2.661998,1.518441,1.141143,1.170265,1.070751,0.990858,2.852668,1.537245,0.816750,1.587453,2.546107,1.273441,3.364396,2.217459,1.873875,4.576858,1.425113,6.183705,2.502050,1.229096,2.120147,4.215887,3.429652,0.832964,1.141726,1.868070,1.238898,2.239319,3.610254,2.033640,1.104418,5.037022,4.525689,3.887239,4.636469,4.198398,4.722698,4.501213,1.022585,0.903722,1.212448,1.148653,1.389722,3.224207,1.720080,1.602520,2.054001,2.329097,3.075981,3.478611,6.931121,1.111805,2.784684,0.000000,1.507920,3.541907,1.155930,2.178287,1.817152,1.748435,2.087875,2.115823,1.588080,1.432196,1.198964,1.613262,2.576334,1.839992,2.759007,1.779569,3.848840,2.476248,1.162357,1.345619,2.057609,2.113798,0.990939,1.659966,1.149489,5.501508,3.338617,3.474811,3.708603,2.916268,3.828471,2.709173,3.615696,3.038940,1.586681,3.161831
6.579951,2.399110,1.620842,2.060903,1.092651,1.466423,1.186431,1.068324,0.987573,1.806769,2.438064,2.004580,1.201892,5.122887,1.935138,4.354707,1.890255,1.582075,1.019541,0.962420,1.264103,1.341303,2.420993,1.961899,0.937740,4.032946,1.020401,2.846989,1.277383,1.543545,0.881009,1.011209,1.552877,1.042403,0.942713,1.003300,1.630381,1.288478,0.929116,1.109984,1.095486,0.875648,2.035064,1.430393,0.937540,1.329913,1.623653,1.227800,1.881719,1.047316,1.495472,2.381760,0.990043,4.080437,1.163538,1.079799,1.296116,2.283973,1.652720,0.937419,1.014545,2.160188,1.119564,1.097957,1.781380,0.994373,1.078460,1.983634,2.082680,2.063382,2.343936,1.954469,2.116506,2.135511,1.126208,0.927165,0.934147,1.115626,1.043566,1.220943,1.970330,1.087155,1.266024,1.159689,1.689847,2.003048,5.368168,1.008414,1.414456,1.212866,0.000000,1.704899,0.995133,1.677940,1.234560,1.184501,1.300110,1.253491,1.033620,1.321154,0.912624,0.981406,1.254874,1.147642,1.609116,1.151093,2.034126,1.503032,0.975903,1.045388,1.475844,1.420556,0.955822,1.114992,1.074679,2.869987,2.253815,1.952461,1.886177,1.684366,2.064946,1.228600,1.818623,1.372039,0.911575,1.802605
8.287917,3.678585,3.004509,3.448739,1.661430,4.186481,3.293564,2.100416,2.379155,3.592231,4.025692,4.288319,1.671718,7.402449,3.734274,6.182363,3.087945,2.845343,2.786849,2.213198,3.033658,1.961993,3.787107,3.243498,1.472471,6.853691,3.334129,5.342960,3.370580,4.226291,2.088379,2.291087,3.799637,3.800815,2.299549,2.568329,4.911601,2.872311,2.010011,3.208237,3.200407,2.174568,4.471716,3.625759,2.245823,4.070061,4.297305,3.398192,2.390474,1.681454,4.258014,3.608120,3.239732,6.289078,1.892851,3.309710,3.200114,3.294868,1.893839,1.001804,4.270308,4.933345,3.795625,1.968185,3.744711,1.080159,2.712107,3.606441,3.343492,3.491679,4.087712,3.315362,2.584007,2.654093,2.786734,1.960270,2.582846,2.974954,3.096429,1.382958,5.815997,2.999082,1.757086,1.895430,3.317596,3.490470,8.363149,4.656580,1.593462,3.510896,1.580608,0.000000,3.310818,4.114330,4.208015,4.384466,2.734419,3.220147,4.056689,4.232014,3.123198,3.164683,2.349955,1.732500,2.204778,3.400389,2.948384,3.857001,1.955177,1.853058,4.799137,3.926621,1.922360,2.779908,2.406845,4.721635,3.800056,3.136658,2.912559,2.998182,3.384289,1.849279,2.931244,2.087901,2.003884,2.965288
8.236007,4.464206,2.533216,3.725010,1.020434,1.667272,1.184121,0.662529,1.018047,3.188547,4.266452,3.317069,1.848683,5.945916,2.931336,6.166211,3.191335,3.007319,0.589728,0.805344,1.967226,2.744773,4.085528,3.265728,0.784581,4.686485,0.870940,4.643403,1.459543,1.729529,1.233690,0.761615,1.779979,0.882359,0.876578,0.831193,1.601864,1.181291,0.821959,0.861529,1.186352,0.988638,2.351361,1.642195,0.671401,1.152111,2.461906,1.026023,2.899601,1.800479,1.260434,3.846497,0.567906,6.060185,2.264113,0.884948,1.516039,3.706591,3.456277,0.659337,0.540205,2.451449,0.895979,1.687526,3.078748,1.550692,0.881648,4.535819,4.235022,3.988731,3.786145,4.011258,4.639461,4.527097,0.795562,0.813847,0.881375,0.901399,1.005746,3.049298,2.061788,0.972509,1.743804,2.157684,2.425333,3.465109,5.729057,0.793723,2.724262,0.968379,0.938414,3.780676,0.000000,1.833370,0.779535,0.920075,1.506969,1.249567,0.776327,1.103751,0.841631,0.869344,2.401651,1.905622,2.745565,0.960006,3.796453,1.552732,0.868567,0.874209,1.339199,1.695557,0.901495,1.144677,0.865795,5.264984,3.688302,3.704305,3.603685,2.831078,3.467492,2.443900,3.345715,2.929540,1.266947,2.881422
9.167522,5.307214,3.946431,4.825579,1.280701,2.844111,2.209207,1.545470,1.445101,4.271262,5.305065,4.320908,3.002374,7.967644,4.693760,7.385749,4.149860,3.938639,1.817735,1.248208,2.340601,3.417358,5.364906,4.025896,1.438389,6.275585,1.804223,6.079000,2.081341,3.563178,1.922178,1.420263,2.421875,2.451698,1.746558,1.787208,4.507527,2.322882,1.547950,2.371704,1.869797,1.492766,3.774617,2.759934,1.174997,2.794917,3.081421,2.045804,4.450207,3.067897,3.095419,5.439636,2.277048,7.588474,3.277459,2.266018,3.110652,5.249113,3.994002,1.099533,2.546962,3.690357,2.134286,2.863123,4.203998,2.357016,1.835498,5.373689,5.254021,4.981764,4.935788,5.009639,5.150526,5.273362,1.393516,1.404438,1.991633,2.097200,2.335036,3.643547,3.270992,2.687518,2.919285,3.015222,4.258113,4.296968,7.839864,2.420240,3.325739,2.247226,1.874526,4.247769,1.737176,0.000000,2.779944,2.552327,2.687791,2.937343,2.508830,2.293821,1.964759,2.577438,3.404696,2.735216,3.602712,2.898557,4.254551,3.671219,1.689691,1.909479,3.273532,2.831076,1.299757,2.160790,1.658139,6.006973,4.749570,4.410134,4.893565,3.735037,4.735026,3.290733,4.496006,3.662600,2.151699,4.047057
9.191588,4.664472,3.169241,4.442862,1.509000,2.506224,1.890100,0.977292,1.743793,3.914284,5.108492,3.803204,2.458058,6.935381,3.628309,6.694238,3.339812,3.402361,1.456185,0.999191,3.105151,2.942979,4.392989,3.497406,1.070464,5.619696,1.657200,5.578109,2.060610,2.271671,1.750867,1.238611,2.523986,1.863753,1.440782,1.537630,2.143330,1.879833,1.155147,1.179031,1.648033,1.411118,3.631756,1.921107,0.956663,1.936294,4.144524,1.616205,3.383400,2.180944,1.976605,4.809295,1.231100,6.709271,2.535257,1.389136,2.161247,4.013818,3.567161,0.811776,1.365459,3.638713,1.604774,2.114014,3.880683,1.536704,1.120196,5.120430,4.776294,4.325779,4.368934,4.211525,4.843426,4.975008,1.272162,1.127233,1.377456,0.946609,1.478664,3.891495,2.678201,1.639531,2.052219,2.444331,3.156559,4.092635,7.024058,1.375798,2.894688,1.723936,1.402589,4.256981,1.008887,2.945684,0.000000,1.532379,2.006610,1.866909,1.544757,2.024044,1.294450,1.354860,2.857618,2.241872,3.113238,1.540413,4.303915,2.297374,1.088393,1.110449,2.568631,2.509819,0.864643,1.741608,1.246192,5.539473,4.140601,3.963210,3.865812,3.608564,4.182082,3.036417,3.916503,3.178924,1.542421,3.648959
9.173642,5.827524,3.436671,4.832584,1.137202,2.134789,1.413946,0.881954,1.287111,4.410608,5.281713,3.801264,2.246429,6.949312,3.486986,7.265306,3.636834,4.238191,1.136213,0.846363,2.586393,3.779988,5.045385,4.182327,1.168409,5.734095,1.312336,5.992707,1.712194,2.156529,1.569248,0.918495,2.262076,1.430992,1.128516,1.218943,2.143544,1.582533,1.074356,0.977588,1.651810,1.143525,3.307750,1.886515,0.784634,1.647310,3.581294,1.409686,3.445888,2.136142,1.748252,4.388879,1.008208,6.143369,2.716532,1.212184,2.053823,4.291138,3.607889,0.884775,0.995791,3.250335,1.318573,2.007844,4.240812,1.766510,1.006045,5.026180,4.480989,4.777004,4.584831,4.884155,5.315721,5.879950,1.010802,0.828812,1.274776,0.893546,1.354468,3.913247,2.446320,1.451268,2.017828,2.753034,3.360387,4.500664,6.983317,1.130513,3.125665,1.528472,1.246801,4.897990,0.814676,2.514896,1.263825,0.000000,2.042064,1.468736,1.273250,1.670436,0.994287,1.300401,3.149008,2.790080,3.239549,1.278067,4.480103,1.897918,0.898251,1.063955,2.019329,2.164568,1.009886,1.616415,0.918972,5.980925,4.370204,4.911212,4.856937,3.725665,4.314123,3.453397,4.501914,3.382556,1.436084,3.907684
7.449850,3.192681,2.178774,2.743728,1.191061,2.371274,2.139119,1.150675,1.519315,2.423447,3.212117,2.773013,1.435907,5.658985,3.067553,5.609425,2.572187,2.538474,1.593895,1.385228,1.972820,1.567627,3.116292,2.545784,1.083896,5.495675,1.849865,4.443899,1.809688,2.538913,1.548823,1.337377,2.224146,1.990019,1.538192,1.600156,3.486792,1.943520,1.209451,1.788677,1.958248,1.339541,3.245000,2.106784,1.226542,2.395800,2.528878,1.943841,3.089263,1.525555,2.455776,3.976464,2.043083,5.995416,1.843869,1.880263,1.744459,3.023630,2.081458,0.893570,2.276419,2.959915,1.930670,1.766888,2.191502,1.236175,1.466981,3.297138,3.822738,2.699304,3.324594,2.884757,3.280166,2.907384,1.427803,1.309254,1.634418,1.837318,1.803428,2.157217,3.327283,1.657772,1.775511,1.581439,2.520045,2.527195,6.839895,2.326685,1.873892,1.986309,1.262250,2.677096,1.714444,2.563294,2.482522,2.277857,0.000000,1.868500,1.837009,2.245663,1.683587,1.536600,1.846615,1.553757,2.092988,1.969262,2.413546,2.293613,1.126456,1.104405,3.065928,2.356121,1.332139,1.754933,1.284272,3.933573,2.754738,2.312971,2.523917,2.233183,2.904735,1.555053,2.723700,1.889586,1.215026,2.383797
8.300722,4.705540,2.761673,3.921000,1.206902,2.360817,1.497645,0.976839,1.118699,3.744192,4.738596,3.841431,2.543822,6.478414,3.139851,6.780421,4.077403,3.562348,1.380329,0.825715,2.299045,2.912379,4.609913,4.143706,1.174980,6.017489,1.457517,5.488010,1.842064,2.286535,1.187961,0.889638,2.907641,1.176939,1.052177,1.189872,2.780943,1.831829,1.080687,1.453800,1.809938,1.266159,3.470585,2.483740,0.872839,1.979382,3.210085,1.798280,2.863778,1.858534,2.254149,3.756076,1.183140,5.289552,2.460340,1.706750,2.144585,3.868579,3.136386,0.905661,1.430971,3.888263,1.680569,1.806808,3.747416,1.241071,1.518759,4.785046,3.842855,4.553644,4.191360,3.925613,4.213944,4.282333,1.032850,1.016480,1.168699,1.043722,1.182741,2.706553,3.286092,1.385831,1.744424,2.230385,2.988783,4.182552,7.582237,1.543250,2.444987,1.921398,1.304747,3.623481,0.909184,2.747201,1.692720,1.424190,1.904235,0.000000,1.507178,1.775485,1.178147,1.395315,3.060421,2.358302,3.090989,1.365654,4.126363,2.230164,0.849246,1.255276,2.198262,2.640798,1.211627,1.895603,0.918930,5.552000,3.927012,4.165283,4.130784,3.636369,3.956117,2.687591,3.371643,3.060706,1.403313,3.625446
7.964133,5.072523,3.043936,4.155804,1.005822,2.147096,1.448128,0.887363,1.046038,3.781478,4.317732,3.363583,1.897582,5.924150,3.200273,6.840635,3.443592,3.386104,1.091248,0.651548,1.941517,2.967940,4.280837,3.842150,1.003008,5.427514,1.422351,4.612365,1.591066,1.977075,1.378161,0.705211,1.945359,1.134013,1.040858,0.959688,2.252976,1.520286,0.824322,1.219310,1.431438,0.997469,3.044952,1.971663,0.747177,1.447727,2.496083,1.203148,3.394401,1.907085,1.477051,4.421547,0.937408,6.552187,2.598747,1.065715,1.859296,4.190513,3.398180,0.756605,0.822799,2.133081,1.216551,1.865743,3.125287,1.656201,1.126340,5.272150,5.073444,4.102611,3.860750,4.213570,5.225231,4.892873,0.764583,0.982634,1.054653,0.911934,1.107349,3.638400,2.423639,1.064819,2.056069,2.414555,2.782278,3.696208,6.383516,0.958528,3.196124,1.283033,1.236046,4.378792,0.559213,2.180738,1.277138,1.257955,1.633179,1.486609,0.000000,1.229645,0.780381,1.090172,2.681206,2.296650,2.843897,1.259617,4.103478,1.874273,0.661143,0.971580,1.755533,2.105004,0.874640,1.330247,0.781837,5.598349,3.736978,3.800583,4.010365,3.045151,4.048101,2.829312,3.851178,2.896184,1.489478,3.382891
8.960687,5.429414,3.068001,4.241002,1.031966,2.067943,1.650308,1.154122,0.971960,4.072833,5.136145,3.991029,2.771615,7.663250,3.701741,7.388439,3.367717,3.664148,1.397339,0.915069,1.401834,3.366287,4.832492,3.380025,1.020542,5.539478,1.455094,5.090107,1.370814,2.049647,1.431083,0.964552,1.642642,1.331437,1.072894,1.058840,2.339111,1.486162,1.025039,1.243313,1.269731,1.168737,2.907397,1.733428,0.816118,1.720774,1.869106,1.357958,3.945751,2.197805,2.359871,4.646358,1.651068,6.851401,2.828640,1.522643,2.294277,4.766425,3.600920,0.846486,1.432792,2.041730,1.221618,2.356126,3.718235,2.043494,1.510823,5.239690,5.249191,4.107071,4.735439,4.802193,4.967237,5.164640,0.978531,0.769721,1.382087,1.759019,1.687259,3.496344,2.458576,1.913235,2.305524,2.435041,3.428744,3.298305,7.283345,1.216189,2.848015,1.525398,1.503174,3.879799,1.089704,2.300360,1.914816,1.648266,2.363978,2.126812,1.388053,0.000000,1.138802,1.643901,2.727637,1.985856,3.036989,1.751665,3.549360,2.231773,1.098492,1.245032,1.907062,2.381135,0.991574,1.527630,1.107811,5.771488,4.182480,4.142033,4.117815,3.082183,4.247533,3.106699,4.105762,3.129378,1.682031,3.400842
8.247192,4.119218,2.375504,3.556879,1.087329,1.596514,1.172700,0.882110,1.205183,3.211718,4.012031,3.018593,1.924025,6.355477,2.587649,5.709131,2.913945,3.014042,0.840423,0.918558,1.545151,2.497165,3.723865,3.043573,0.995893,4.697360,1.114363,4.149569,1.421675,1.818925,1.217691,0.906134,1.609367,0.836634,0.940653,1.073907,1.821053,1.254109,0.892634,1.065022,1.322888,1.076862,2.334355,1.505639,0.919519,1.241339,2.126903,1.091215,2.715340,1.637323,1.429468,3.697112,0.747309,5.501637,2.099596,1.053561,1.519064,3.265294,2.978173,0.904813,0.839986,2.313582,1.155807,1.307293,2.751706,1.272646,1.088017,4.360063,3.984420,3.551643,3.406372,3.441972,3.949901,4.117794,1.067594,0.950440,0.869839,1.206526,1.130020,2.767553,1.898749,1.029015,1.520811,1.803422,2.413346,3.390679,6.285643,0.850520,2.365331,1.168517,1.119403,3.489728,1.145695,1.874463,1.051126,1.017123,1.570672,1.032785,0.786204,1.244033,0.000000,0.926282,2.261608,1.895601,2.277043,1.011420,3.316272,1.447384,1.003997,1.109782,1.420966,1.719925,0.916290,1.093508,1.155431,4.625210,3.356592,2.990056,3.267715,2.484195,3.080692,2.254358,2.951536,2.467984,1.292653,2.722921
7.759078,4.273752,2.711005,3.370845,1.022441,1.929152,1.434214,0.819142,1.266251,2.713278,4.074727,2.889967,1.902556,6.164060,2.882274,6.099874,3.056060,2.936092,1.130849,0.754447,2.230382,2.255037,3.547327,3.205679,1.185123,5.019486,1.371901,3.675832,1.588756,2.115831,1.401887,0.778667,2.150213,1.127207,1.164663,1.136578,2.296651,1.620301,0.924707,1.178610,1.586058,1.156703,3.123797,2.078422,0.837847,1.398212,2.342436,1.379524,3.027774,1.756071,1.738964,4.034980,0.999250,6.197108,2.279565,1.279933,1.991725,3.874365,2.954364,0.762554,1.112482,2.771033,1.450635,1.459800,2.181087,1.368250,1.387260,4.119317,4.474933,3.423289,3.515691,3.286498,4.319604,3.808107,0.851253,1.071461,1.133679,0.884803,1.340073,3.148114,2.839194,1.218910,1.803500,2.044787,2.520730,3.604986,6.076527,1.085905,2.505816,1.505203,1.187105,3.390647,0.923584,2.285721,1.487893,1.298826,1.533697,1.394910,1.088902,1.624035,1.003404,0.000000,2.393733,2.087107,2.758700,1.241789,3.530621,1.749850,0.774584,0.978957,1.727180,2.027302,0.916827,1.573173,0.808031,4.539656,3.297164,3.062449,3.235560,2.506646,3.536816,2.116222,3.323114,2.205433,1.331999,2.934490
7.956747,3.235010,2.142840,2.899582,1.524813,2.913626,2.479331,1.408384,2.019724,2.854563,3.554701,3.416526,1.251380,6.797085,2.771787,5.626302,2.698621,2.550136,1.833750,1.770687,2.526039,1.546887,3.096622,2.342098,1.156399,6.122762,2.388174,4.716461,2.337142,3.346550,1.539496,1.622395,2.435896,2.758837,1.694391,2.033512,4.134350,2.130178,1.350042,1.974682,2.374127,1.639696,3.660521,2.435669,1.548305,2.930277,3.607362,2.468129,2.791433,1.705966,2.896318,3.577092,2.494318,6.160194,1.916942,2.260061,2.553834,2.962095,1.964470,1.015575,2.979496,3.613072,2.598263,1.780753,2.836063,1.352104,1.570328,3.364069,3.708636,3.080515,3.636107,2.777224,3.370347,2.687898,1.799169,1.571826,1.783035,2.119663,2.005828,2.057658,4.007093,1.957565,2.042359,1.733225,2.532283,2.458623,7.472394,3.182787,1.878672,2.651872,1.351469,2.478383,2.066479,3.375669,2.700657,2.857915,1.645197,2.466781,2.463475,3.017978,1.986123,1.954151,0.000000,1.591305,1.905158,2.366508,2.452663,2.850950,1.529230,1.454669,3.786225,2.956373,1.593611,1.950568,1.759437,4.006681,2.831960,2.533409,2.301929,2.354526,2.755559,1.677692,2.522640,1.762597,1.471237,2.194731
7.385259,2.352328,1.563174,1.911715,1.387029,2.227697,1.921714,1.296249,1.704347,2.190343,2.552573,2.388740,0.988876,6.080120,2.193928,4.748791,1.898731,1.712931,1.434213,1.697849,2.051746,1.454662,2.292229,1.629599,0.985981,4.998775,1.861457,3.669336,2.008579,2.672118,1.412707,1.514002,1.882426,2.532323,1.542125,1.931413,3.450921,1.699465,1.224211,1.773884,1.859543,1.397033,2.949027,1.641121,1.422327,2.551176,2.740167,2.048442,2.061332,1.404551,2.243672,3.130406,1.970260,5.116795,1.371776,1.967692,1.755557,2.121109,1.475823,0.579571,2.410759,2.791521,2.143766,1.473070,2.257708,1.299028,1.424083,2.463937,2.681825,2.195511,2.467739,1.963565,2.175214,2.056214,1.733623,1.199498,1.427087,1.683185,1.543023,1.420791,2.741287,1.718567,1.644961,1.308066,1.750696,1.795403,6.703486,2.532293,1.506492,2.182413,1.242622,1.779918,1.908407,2.789381,2.312956,2.659787,1.333219,1.943293,2.341067,2.557067,1.779602,1.910429,1.450877,0.000000,1.502627,1.800980,1.837460,2.284775,1.382397,1.391578,3.153674,2.083977,1.370026,1.579882,1.462260,2.944754,2.158061,1.691832,1.441639,1.645483,1.904169,1.181600,1.758847,1.115847,1.146143,1.572732
7.617102,3.245794,2.158347,2.789116,1.537225,3.057156,2.675926,1.625221,1.990986,2.749963,3.467874,3.206282,1.154588,6.504491,2.795807,5.793921,2.709386,2.366088,2.039042,1.918311,2.143267,1.492047,3.110753,2.519162,1.143839,6.154617,2.375626,4.678889,2.612626,3.366712,1.442920,1.901871,2.645405,2.905509,1.824614,2.156074,4.038765,2.318612,1.522925,2.376868,2.335396,1.723050,3.736120,2.616520,1.564314,3.254038,3.565655,2.646724,2.838690,1.504244,2.899561,3.974553,2.445566,6.145996,1.792464,2.542744,2.660064,2.927768,1.909360,0.528239,3.263424,4.112293,2.724707,1.801664,2.818484,1.386533,1.852166,3.282888,3.179732,2.876156,3.321325,2.547898,2.896656,2.888549,2.111119,1.697098,1.909490,2.110930,2.035689,1.731158,4.097426,2.102111,1.745119,1.490568,2.665387,2.549788,7.924356,3.504256,1.796622,2.773221,1.229441,2.120274,2.371964,3.610480,3.188086,2.871923,1.757532,2.260165,2.464775,3.149911,2.070494,2.338014,1.939359,1.619287,0.000000,2.221835,2.532523,2.949598,1.430246,1.540804,3.751651,2.992949,1.557337,1.931264,1.793490,3.886671,2.784325,2.604546,2.329852,2.231370,2.817306,1.312392,2.598685,1.570314,1.277801,2.341772
8.219325,4.418783,2.806295,3.873080,0.922580,2.028907,1.280848,0.892104,1.042996,3.443436,4.503492,3.408270,2.001389,6.733666,2.903484,6.391030,3.055017,2.982931,1.043135,0.742788,2.215147,2.531547,3.821917,3.083873,1.069502,5.738569,1.390134,4.881554,1.601863,2.077380,1.288402,0.885673,2.409180,0.950289,0.894369,0.925035,1.968549,1.513106,0.968844,1.040131,1.654395,1.238001,3.201139,1.757094,0.888247,1.693952,3.323566,1.387367,3.002184,1.590547,1.872970,4.121001,0.972826,5.970943,1.983702,1.327724,2.023267,3.645648,3.043220,0.573384,0.943219,3.274906,1.276909,1.629677,3.174620,1.245302,1.319812,4.227430,4.084439,3.782732,3.611505,3.591140,4.411352,4.228188,0.931765,0.930309,1.039659,0.731201,1.196544,3.092645,2.601921,1.255629,1.706909,1.580844,2.717857,3.647780,6.715390,1.115641,2.273240,1.483687,1.142378,3.419285,0.661230,2.564673,1.234087,1.163572,1.803277,1.203353,1.194112,1.874827,0.877602,1.038412,2.402823,1.704065,2.622563,0.000000,3.668294,1.657931,0.603080,0.794490,1.818660,2.173951,0.983583,1.494865,0.816586,4.855685,3.820933,3.510170,3.502829,3.108028,3.549919,2.583004,3.051036,2.566297,1.298400,3.191005
8.000966,4.059203,2.767919,3.303765,1.927152,3.836105,3.337416,2.015440,2.590893,3.326016,4.214969,3.573820,1.459427,7.087032,3.936039,6.308557,3.341104,2.932257,2.693139,2.476208,2.870816,1.846168,3.809010,2.979612,1.462737,6.738924,3.312945,5.074442,3.152322,4.778020,2.341450,2.414953,3.212898,4.032101,2.322760,2.900787,4.948682,3.041134,1.825178,3.173513,3.004331,2.070331,4.669845,3.498627,2.300325,4.033317,4.049767,3.476869,3.691836,2.175640,3.735261,4.765782,3.607969,6.696963,2.540476,3.470712,3.492223,3.880921,2.647708,1.404051,4.387381,4.939821,3.532644,2.502822,3.243263,1.683798,2.171907,4.112037,3.988160,3.521482,4.032357,3.015378,3.537512,3.537553,2.722107,2.257357,2.575984,3.057066,2.692478,2.343994,5.050717,2.672126,2.623138,1.872624,3.575669,3.262457,8.524269,4.508082,2.000579,3.756594,1.635172,2.832245,3.376414,4.311634,4.198404,3.990027,2.128122,3.211347,3.858815,3.841578,3.063659,3.215215,2.541516,2.050721,2.695302,3.366467,0.000000,3.948692,2.193422,1.827716,4.918660,3.669524,1.990749,2.723900,2.415512,4.514010,3.430504,3.151397,2.908970,2.768126,3.274070,1.638514,3.163123,2.096099,1.746323,2.749645
8.574365,4.931392,2.938401,4.467429,1.452518,2.924763,1.981245,1.146246,1.636372,3.979892,4.874072,4.135118,2.506251,7.300952,3.759239,6.821867,3.974775,3.651173,1.391422,1.033131,2.896331,2.784729,4.525749,3.922865,1.258937,6.682798,1.780016,5.868594,2.164717,2.914118,1.746989,1.247294,3.181335,1.523035,1.400684,1.418026,2.995343,1.872397,1.374669,1.571447,2.333843,1.486424,4.204000,2.739959,1.108592,2.460149,3.944564,2.056900,3.471081,1.958637,2.565886,4.679844,1.610895,7.110884,2.869991,1.925891,2.574741,4.288722,3.474935,0.858374,1.719388,3.998478,2.203470,2.364269,4.029088,1.374966,1.562162,4.975197,4.623249,4.385724,4.354586,4.110866,4.718080,4.574098,1.198860,1.177062,1.427630,1.298718,1.523041,3.288128,3.948196,2.109236,2.198063,2.247189,3.185127,4.176476,7.696614,1.856608,2.675718,2.379818,1.426357,3.837551,1.085279,3.536801,1.914739,1.749207,2.082823,1.923812,1.893859,2.466011,1.494048,1.689816,2.958087,2.399690,3.340427,1.641649,4.262317,0.000000,0.986444,0.987829,2.741553,2.941201,1.238759,2.155438,1.129175,5.626786,4.158339,4.157566,4.104757,3.744400,4.256157,2.856238,3.797624,2.914397,1.715430,3.756275
7.437398,3.060450,1.846948,2.216033,0.968656,1.207557,0.852160,0.902157,1.085532,2.064749,2.836772,2.053827,1.267511,4.919295,1.962188,4.542783,2.172532,2.235026,0.804224,0.975612,1.547381,1.763562,2.366397,2.280258,0.953661,4.019728,0.887466,3.409452,1.159098,1.240620,1.033609,0.789162,1.679085,1.070737,0.879540,0.922699,1.301758,0.905097,0.865753,0.680383,1.328334,0.988331,2.039761,1.210505,0.971739,1.098295,2.241335,1.159816,1.997832,1.218279,0.907048,2.467172,1.053289,4.570901,1.449413,0.879108,1.195539,2.196492,2.143293,0.832895,0.879499,2.240970,1.044763,0.967573,1.891777,1.068756,0.814625,2.976454,2.832855,2.702719,2.408086,2.341260,2.953003,2.557496,1.051434,0.910796,1.093847,1.075254,1.053623,2.037551,1.783372,0.730163,1.200854,1.464978,1.693136,2.475509,5.047595,0.992247,1.512028,0.902223,1.059971,1.957759,1.084710,1.369832,0.701119,0.639634,1.234252,1.100769,1.051177,1.149678,1.057125,0.831464,1.422022,1.428942,1.856278,1.047403,2.577288,0.868594,0.000000,0.948112,1.197295,1.498949,0.951196,1.179998,1.077660,3.259261,2.263245,2.175834,2.278993,1.966952,2.228233,1.555140,2.206568,1.645545,1.040038,1.859434
7.217412,2.356706,1.537269,2.053103,0.929225,1.532139,0.936849,0.860103,0.895281,1.880117,2.486990,2.135463,1.469905,4.990479,1.635861,4.230673,1.807148,1.585567,0.715778,0.789687,1.735647,1.729414,2.326846,1.614181,0.820392,3.875310,1.030315,3.237744,1.438930,1.407460,0.931300,0.694089,1.704816,0.849810,0.729663,0.875358,1.418579,0.875209,1.023409,0.778543,1.430796,0.946141,2.117466,1.419357,0.842197,1.118913,1.982206,1.241517,1.506128,1.150594,1.059661,2.285948,0.659615,4.243312,1.300234,1.069199,1.225196,1.629787,1.923568,0.858217,0.815621,2.614323,1.012338,0.884948,1.704342,1.042070,0.979739,2.534816,2.563834,2.098352,2.231444,2.012612,2.515828,2.143703,1.057235,0.821749,0.822851,0.749573,0.863430,1.663223,1.858924,0.808470,1.031546,1.333891,1.451175,2.059643,5.207431,0.976209,1.779356,1.071142,0.992716,2.013739,0.922711,1.600873,0.781757,0.773655,1.110162,0.798305,0.868526,1.418755,0.941742,0.649801,1.353619,1.363252,1.535032,0.677618,1.943183,0.978165,0.877653,0.000000,1.454063,1.507040,0.968892,1.021055,0.940399,2.802647,1.922804,1.869878,2.067307,1.594429,2.050152,1.587430,1.786441,1.561364,1.041797,1.639525
8.329183,6.124448,3.933834,5.173174,1.459326,3.067041,2.468206,1.333036,1.629499,4.940788,6.323613,4.850591,3.250508,8.030423,4.660012,7.673010,4.839267,4.616272,1.862364,1.148294,2.032005,3.976708,5.811763,4.897657,1.452516,6.119168,2.114735,6.370971,2.251909,3.160847,1.900392,1.385182,2.584913,1.934376,1.590362,1.533349,3.419732,2.143907,1.475286,1.933079,1.673757,1.484457,4.168306,3.027258,1.193848,2.431202,3.338886,2.154790,4.638835,2.886151,2.778291,5.518247,1.964894,7.397695,3.338282,2.073406,3.001130,5.165180,4.564662,1.135109,1.820617,4.047671,2.119991,2.893814,4.638895,2.210332,1.728401,6.177695,5.679862,5.224115,5.359772,5.502097,5.423783,5.917934,1.248460,1.227854,1.846997,1.713054,2.178292,4.257641,3.734392,2.528884,2.668844,3.250531,4.306939,4.785294,7.756579,1.836668,3.793571,2.328919,1.787487,4.901410,1.436098,3.030018,2.496839,2.282349,3.071868,2.432652,2.216326,2.050777,1.594442,1.968448,4.057083,3.013452,3.897856,2.196539,5.154768,2.978802,1.447899,1.779517,0.000000,3.300249,1.074115,2.181266,1.689663,6.527505,5.317105,5.161164,5.315804,4.156300,5.289498,3.926301,4.948761,4.108624,2.279176,4.442018
8.564350,4.700674,3.174116,4.265132,1.635763,2.710249,2.423814,1.514045,1.979912,3.992489,4.746895,3.552626,2.356665,7.089285,4.011705,7.058977,3.414470,3.223479,2.021512,1.511692,2.294577,2.933364,4.125558,3.396076,1.149607,6.358404,2.112148,5.586605,2.077514,2.904434,1.910938,1.756806,2.316410,2.837556,1.993148,2.144978,3.236893,2.264334,1.431739,1.722697,1.622683,1.421938,3.697728,2.231456,1.391154,2.671893,3.176180,2.016603,4.218493,2.639548,2.863691,5.283650,2.447691,6.610294,2.884619,2.059938,2.765448,4.602809,3.391488,1.126899,2.347825,2.895609,2.179006,2.760630,3.895293,2.125449,1.143739,5.208993,4.720724,4.341033,4.495565,4.422639,4.603181,4.598968,1.799043,1.318647,1.794617,2.150884,2.004285,3.075165,3.216945,2.308222,2.589249,2.766618,3.661265,3.606773,7.653426,2.162314,2.814453,2.104794,1.718260,3.894298,2.128695,3.145433,2.624233,2.487623,2.397013,2.927886,2.417346,2.207079,2.009015,2.433413,3.048044,2.111121,2.938979,2.701009,3.632234,3.281223,1.786152,1.903435,3.486089,0.000000,1.059370,2.028313,2.066012,5.508798,4.134096,3.964739,3.901505,2.889730,4.146369,2.818938,4.060419,3.020957,1.539592,3.333007
6.678002,1.952591,1.227084,1.864004,1.109242,1.093004,1.088960,1.050782,1.061911,1.879208,2.093714,1.727666,1.278208,4.534464,1.456724,3.719477,1.213573,1.512560,0.978883,1.069809,1.265551,1.271292,1.789396,1.199893,0.944610,2.759470,1.089096,2.336994,1.111560,1.218846,1.015504,0.949660,1.067237,1.150451,1.076085,1.208903,0.922049,1.122386,0.971479,0.964603,1.024280,1.043659,1.522614,1.049501,1.114675,1.191341,1.872947,1.074507,1.578695,0.995291,0.958770,2.284657,1.000075,3.667251,1.014396,1.012757,0.914258,1.596010,1.524992,1.035491,1.143231,1.318615,1.122933,1.240813,1.997364,0.862981,0.944135,2.238347,2.057886,2.088897,1.931224,1.945935,2.010061,2.061592,1.051990,1.103548,1.118679,0.941856,1.060913,1.486005,1.196031,0.951045,0.979468,1.082879,1.318960,1.642468,4.683748,1.099108,1.145809,1.079493,1.186541,1.720654,1.099363,1.445245,1.008882,1.018041,1.235138,1.063301,1.072105,1.162562,0.998880,1.147379,1.362023,0.936563,1.221118,0.864157,1.813244,1.150854,1.020318,1.078432,1.342644,1.081090,0.000000,1.169077,1.120587,2.441212,1.883226,1.690470,1.696012,1.309166,1.628125,1.365863,1.758895,1.296966,1.090748,1.379580
8.185609,3.505565,2.390040,3.189167,1.035362,2.117586,1.685955,1.050722,1.301619,2.824281,3.487533,2.802977,1.505318,5.893566,2.830254,5.752121,2.600208,2.416831,1.297948,0.721145,1.744444,1.854041,3.229475,2.701914,1.035055,4.838606,1.814735,3.861914,1.663078,2.344543,1.404707,1.238221,1.724458,1.769534,1.397224,1.546746,2.549978,1.798346,1.083699,1.481781,1.592845,1.187703,2.814773,1.753361,0.989722,1.970858,2.461176,1.769150,3.120418,1.751741,1.984019,3.979492,1.575265,6.051741,1.935337,1.509643,2.071819,3.204270,2.471057,0.792077,1.824670,2.495763,1.749504,1.741445,2.625487,1.299284,1.261262,3.676948,3.801537,3.032001,3.264525,2.736346,3.479455,3.391424,1.062589,1.218102,1.305187,1.163509,1.566618,2.275760,2.687374,1.275140,1.873021,1.912127,2.423286,2.777151,6.742923,1.627342,2.245632,1.698504,1.149994,3.021993,1.103856,2.353646,1.706075,1.564986,1.724222,1.770831,1.473432,1.757747,1.214753,1.625408,2.041984,1.623867,2.215148,1.705674,2.811231,2.361587,0.882193,1.216716,2.396177,2.025233,1.036677,0.000000,1.200442,4.151392,2.835870,2.955789,2.782823,2.131961,3.269177,1.910081,2.859878,1.978924,1.256770,2.284369
7.894196,3.550767,2.000383,3.005052,1.065714,1.273548,1.142348,1.064511,0.987370,2.444620,3.524487,2.498851,1.758502,5.852575,2.158938,5.306383,2.589374,2.421524,0.904248,1.056341,1.544526,1.936000,3.062440,2.689067,0.891202,4.359111,0.809084,3.742913,1.145554,1.520893,1.033307,0.954965,1.474448,0.850590,0.925153,0.975860,1.876470,1.003169,0.938762,0.815294,1.147028,1.027800,2.281985,1.388404,1.130568,1.174822,2.045908,0.997941,2.163519,1.291055,1.356399,2.884312,1.287081,4.684747,1.750573,1.063622,1.412126,2.570871,2.343258,0.895826,0.793670,2.387636,0.922698,1.124167,2.422983,1.045638,0.967027,3.348735,3.092968,2.987338,2.909862,2.979495,3.263744,3.480097,1.056307,1.086845,1.270594,1.300339,1.149892,2.301697,1.646070,1.022405,1.321674,1.632900,1.965322,2.793110,5.590621,0.992339,1.868802,1.089707,1.036129,2.681834,1.202649,1.587803,0.838806,1.144185,1.315918,1.031767,1.062897,1.114219,0.917762,1.027956,1.640177,1.462997,2.132095,1.015317,2.837588,1.086853,1.077538,1.141436,1.403682,1.713418,0.922393,0.976182,0.000000,3.811772,2.701926,2.649100,2.941377,2.494532,2.689769,1.919414,2.607744,2.121980,1.090636,2.198758
8.707150,5.328384,4.442201,5.166149,3.027268,5.484404,4.947826,3.212165,3.694575,4.820148,5.850859,5.164782,2.806556,7.940900,5.589414,7.387606,4.519610,4.578674,3.930466,3.605431,4.232560,3.538925,5.500106,4.924838,2.039807,7.893978,4.413612,7.228840,4.477317,5.765414,3.374889,3.596411,4.639928,5.694698,3.967253,4.376648,6.512375,4.474942,2.690419,4.428793,4.032753,3.221652,6.388245,4.890082,3.178129,5.725880,5.340970,4.621535,5.712370,3.815973,5.682487,6.873373,5.106744,8.039140,3.872728,4.628435,4.969139,5.342807,4.048210,1.536652,6.008481,6.363465,5.062770,3.841771,4.761126,2.690519,3.552545,5.889943,5.778471,5.195626,6.042214,4.819099,5.406175,5.416066,4.085788,3.582594,3.998833,4.354155,4.397989,4.398127,6.555539,4.497315,4.081334,3.583356,5.515818,4.918790,8.769361,6.062663,3.541040,5.147789,2.867720,4.553496,4.936086,5.882685,5.675866,5.808452,3.644728,5.122651,5.414406,5.419670,4.558218,4.719576,4.201104,3.284429,4.114566,5.198406,4.872453,5.815104,3.335808,3.111044,6.314331,5.292185,2.623879,4.204438,3.688984,0.000000,5.207941,4.333313,4.846399,4.341578,5.050428,3.255965,4.904867,3.784380,2.952600,4.394541
8.154852,4.510729,3.556471,4.016736,2.179391,4.101787,3.683540,2.453135,2.882577,3.774595,4.674312,4.473190,2.169599,8.153380,4.536733,7.225711,3.772260,3.511731,2.829021,2.694937,3.474609,2.748144,4.344348,3.610719,1.582811,7.493773,3.599078,6.089403,3.502734,4.474671,2.305852,2.707470,3.842404,4.321348,2.671930,3.204064,5.436554,3.329015,1.986507,3.342662,3.325004,2.266730,4.959927,4.080226,2.176753,4.435787,4.531124,3.505373,4.190393,2.585473,4.837798,5.981081,3.784152,7.739421,3.139006,3.618794,3.728392,4.681633,3.073801,1.386603,4.308304,5.233016,3.587005,2.493886,3.914659,1.784218,2.856126,4.749382,4.816840,4.064530,4.583710,3.886798,4.544966,4.085486,3.045433,2.640256,2.955882,3.403884,2.970884,3.071022,5.642867,3.081116,2.801372,2.665175,3.839785,4.137855,8.681339,4.837702,2.655318,3.403547,2.080387,3.489563,3.529990,4.681575,4.340723,4.265106,2.742738,3.756161,3.949982,4.238056,3.570130,3.306044,3.292773,2.555252,3.330608,4.196964,4.033103,4.386509,2.481120,2.405205,5.342689,4.084334,2.193759,3.048358,2.754447,5.584586,0.000000,3.386057,3.818705,3.456008,4.325275,2.746630,3.778447,2.785563,1.990884,3.673782
8.148831,3.848812,3.009621,3.530787,1.798852,4.159973,3.725778,2.244905,2.732029,3.401964,3.889954,4.336960,1.477078,7.623304,3.878676,6.368112,2.748585,2.844555,2.822240,2.669071,2.738648,2.064208,3.665020,2.877158,1.381036,7.061360,3.077860,5.927885,3.090479,4.361966,2.164222,2.524586,3.241871,4.619888,2.527358,2.976779,5.462669,3.070881,1.972497,3.479979,2.720695,2.298817,4.759569,3.533803,2.339446,4.276356,3.943966,3.329976,3.742337,2.272212,4.148720,5.323007,3.554834,7.187125,2.452497,3.556063,3.962225,3.832659,2.570940,1.325368,4.316880,4.818947,3.598509,2.257900,3.458980,1.628789,2.550952,4.000267,4.291750,3.336619,3.995053,3.249254,3.828849,3.234791,3.015359,2.565662,2.506873,3.138772,2.889140,2.669012,5.374423,2.973597,2.710025,2.081777,3.542342,3.563863,8.241012,4.760774,2.207957,3.470426,1.801953,2.730663,3.618460,4.447408,4.410010,4.939186,2.183889,3.688920,3.763375,4.322512,3.156305,3.168687,2.739591,2.181722,2.790888,3.727070,3.258738,4.278407,2.307895,1.983576,5.352662,3.877546,2.039752,2.882125,2.606254,4.417199,3.205333,0.000000,2.714855,2.722085,3.449383,2.091198,2.872880,1.966440,1.891432,2.989063
7.796897,3.954670,2.740753,3.166053,1.964701,4.064963,3.719951,2.203128,2.407505,3.267836,3.443816,3.850001,1.600276,7.338719,3.866607,6.210144,3.046394,2.755684,2.744009,2.472986,2.972315,2.008122,3.558521,3.006154,1.379742,7.409767,3.417741,5.410141,3.469031,4.351281,2.227723,2.385544,3.380084,4.461441,2.534343,2.931733,4.801261,3.199327,1.933384,3.081484,2.992520,2.116663,4.884323,3.163089,2.287605,4.367460,4.512795,3.283946,3.517960,2.348902,4.032171,4.970368,3.586352,6.918047,2.515403,3.516384,3.398548,2.973873,2.558487,1.286116,4.265584,5.006742,3.792689,2.329602,3.298654,1.518855,2.371579,3.866666,4.301072,3.244790,4.242886,3.040980,3.422557,3.289221,3.026461,2.417070,2.682360,3.161077,2.786164,2.466003,5.488509,2.929720,2.532576,1.810722,3.579286,3.474985,7.949491,4.695046,1.901706,3.647301,1.763520,2.617883,3.336922,4.876939,4.060182,4.579286,2.398050,3.679590,3.754975,4.198772,3.236569,3.087394,2.537394,1.952761,2.533248,3.600711,3.214268,4.195598,2.182447,1.854041,5.155017,3.696664,1.950816,2.652597,2.725989,4.831889,3.585628,2.746250,0.000000,2.621811,3.319018,2.054938,2.922065,2.056428,1.817965,2.690575
8.305246,3.931965,2.860941,3.058284,1.740477,3.350034,3.194807,1.856337,2.305749,2.725151,3.676935,2.987565,1.572460,6.257739,3.825073,6.485629,2.919267,2.641047,2.455858,2.378142,2.081108,1.967650,3.602771,2.974562,1.220921,6.281297,2.659308,4.905762,2.708841,3.528537,1.878512,1.987638,2.683159,3.808730,2.299671,2.729940,4.533173,2.801803,1.512404,2.743523,2.465703,1.551354,3.871686,3.069344,1.992152,3.203199,3.021402,2.544522,4.004726,2.099207,3.621405,5.341914,3.163737,7.515567,2.583258,2.957859,3.185975,4.105229,2.551305,1.243757,3.549223,3.876423,2.912716,2.095521,2.448738,1.538472,2.039441,3.774192,4.484210,2.667642,3.840897,2.842253,3.636181,3.262216,2.295548,2.231318,2.274854,2.704574,2.538272,2.840089,4.251316,2.281733,2.438897,2.147923,3.345151,3.101465,7.768734,3.769273,2.080356,3.001784,1.446489,2.793433,2.825878,3.631476,3.872642,3.873557,1.966478,3.242300,3.091842,2.964407,2.614111,2.602423,2.625131,1.976851,2.488216,3.216285,3.005402,3.822004,2.258005,2.006340,4.307758,2.935569,1.554101,2.217944,2.399430,4.029660,3.149544,2.676255,2.704913,0.000000,3.316234,1.850174,2.986785,1.849594,1.499172,2.502520
8.164907,4.538125,3.237039,3.451275,2.258749,4.076463,3.723374,2.256866,2.663629,3.611333,4.289907,4.216379,1.706371,7.128260,4.577982,6.562265,3.506392,3.474844,3.062537,2.644790,3.292215,2.397933,4.188704,3.683570,1.605191,7.248123,3.395481,5.494278,3.609126,5.066047,2.270833,2.553217,3.712022,4.233547,2.870027,3.007010,5.313011,3.478381,1.990769,3.392086,2.921993,2.371356,5.213690,3.663286,2.232859,4.290281,4.786072,3.357688,4.214483,2.362305,4.051906,5.416736,3.865619,6.914499,2.771226,3.580081,3.769457,4.584573,2.904332,1.376791,4.198409,5.337751,3.929520,2.680609,3.572593,1.609408,2.572003,4.066919,4.278463,3.609897,4.012262,3.801414,3.762844,3.649943,3.141181,2.487207,2.600126,3.330218,3.232809,2.851917,5.776346,2.914855,2.705755,2.184176,3.890634,4.000613,8.355811,4.547824,2.451146,3.663924,1.841808,3.091491,3.336332,4.869507,4.443691,4.166152,2.536732,3.627682,4.086367,4.321085,3.270080,3.515096,2.998487,2.316852,3.023957,3.847250,3.565059,4.293919,2.405556,2.343120,5.252072,4.044134,1.966744,3.301173,2.706592,5.028467,3.876907,3.283491,3.358592,3.187672,0.000000,2.233664,3.471341,2.356593,1.971114,3.271023
6.323326,3.015636,2.331326,2.398148,1.496458,3.023001,2.462275,1.639047,1.646598,2.410853,2.869171,2.216757,1.170226,4.971622,3.043670,5.635187,2.782278,2.459585,1.728791,1.696944,2.051462,1.312099,2.999968,2.829553,1.138725,5.689892,2.357459,3.853794,2.270855,3.296245,1.702816,1.642332,2.653245,2.915751,1.962722,2.245596,3.577964,2.244638,1.339150,2.371224,2.340227,1.525091,3.549844,2.655422,1.563673,2.696292,2.907154,2.253360,3.041129,1.558014,2.892045,3.887161,2.601872,6.275054,1.951923,2.471819,2.636375,3.300480,1.574770,1.171516,3.198416,3.653358,2.626321,1.465511,1.970605,1.210371,1.942027,2.499874,3.294678,2.090780,3.050397,2.052000,2.343953,2.624201,1.551526,2.125388,1.902894,1.949344,2.031858,2.113029,4.353173,1.645465,1.674693,1.390329,2.762163,2.840251,7.152404,3.238420,1.484138,2.498495,1.393269,2.008793,2.289313,3.086117,3.264013,3.228948,1.664016,2.075203,2.709623,2.974366,2.274305,1.923888,2.215935,1.889798,2.148259,2.802385,2.419921,3.107346,1.802733,1.212627,3.565350,2.657055,1.518341,1.960133,1.606037,3.274805,2.766292,2.348437,2.332795,1.505385,2.547832,0.000000,2.646589,1.536571,1.231302,2.253718
8.305354,4.102230,3.059506,3.685935,2.081661,4.273051,3.754036,2.332825,2.658346,3.554476,4.216049,4.232784,1.873686,7.712312,3.922727,6.307891,3.415283,3.119664,3.014613,2.689708,3.323267,2.024306,4.183863,3.360804,1.464870,6.992666,3.191754,5.628169,3.422682,4.699322,2.144379,2.411428,3.780227,3.782933,2.459427,2.840313,5.368383,3.122020,2.042964,2.913276,3.058218,2.346127,4.883285,3.613568,2.397626,4.272509,4.359594,3.412599,3.660526,2.289126,4.253278,5.256735,3.638511,6.955726,2.577963,3.632533,3.365907,3.359075,2.722072,1.336904,4.311049,5.247182,3.682005,2.266028,3.798010,1.702610,2.592413,4.480915,4.222449,3.768852,4.407773,3.451120,3.565065,3.351975,2.915736,2.314456,2.791312,3.225375,2.988195,2.510240,5.500553,2.834216,2.282997,2.043562,3.743377,3.803125,8.491922,4.585796,2.130979,3.746973,1.704251,2.844455,3.321978,4.672483,4.243728,4.603686,2.508437,3.162582,3.803219,4.179328,2.993948,3.402994,2.854828,2.169060,2.924681,3.424463,3.515871,4.058872,2.329773,2.062152,5.212497,4.127017,2.128598,2.978307,2.704913,4.803279,3.662291,2.872885,3.033744,3.063921,3.768936,2.491029,0.000000,2.311506,1.905131,2.980208
6.990994,3.622653,2.400738,2.498899,1.543453,2.973893,2.802894,1.676092,2.183131,2.517388,2.993600,2.645399,1.388866,5.907863,3.048079,5.515663,2.698293,2.526379,2.113787,1.950226,1.915700,1.679470,2.490890,2.655347,1.187360,6.131332,2.572078,4.400580,2.639336,3.388994,1.696968,2.084729,2.637915,3.542813,2.153566,2.637055,4.002730,2.504732,1.410941,2.541095,2.451905,1.631623,3.966817,2.616584,1.745774,3.031564,3.121255,2.534160,3.243520,1.879693,3.275734,4.527749,2.772013,6.501922,2.119919,2.729653,2.885603,2.843678,1.873603,1.373852,3.232713,3.785014,2.959075,1.679791,2.371175,1.395196,1.842691,3.040220,3.328415,2.282490,3.197649,2.570056,2.980521,3.016209,2.117469,2.156476,2.161054,2.086400,2.082291,2.210365,4.551626,1.850770,2.001831,1.560946,2.907820,2.946866,7.259787,3.654614,1.572301,2.962739,1.409931,2.232331,2.690085,3.683104,3.562474,3.305102,1.818013,2.715816,2.613387,3.182696,2.506577,2.249776,2.205444,1.897615,2.248760,2.762976,2.614817,3.265406,1.880411,1.681622,4.218929,2.890728,1.660588,2.024369,2.023507,3.847674,2.790466,2.396275,2.402325,1.996940,2.747077,1.744403,2.476419,0.000000,1.343674,2.327902
6.425886,2.345168,1.525775,2.085583,0.984979,1.613941,1.556443,1.065696,1.142499,2.050167,2.412764,2.173972,1.382338,5.008723,2.083080,4.926814,1.815125,1.675906,1.282190,1.077317,1.244485,1.514597,2.373639,1.893720,1.002821,4.159149,1.340200,3.441741,1.430339,1.849218,0.896061,1.021573,1.318767,1.413852,1.163065,1.150923,2.288570,1.351145,0.923382,1.319582,1.104837,1.234651,2.082773,1.560227,1.010210,1.687481,1.705884,1.389016,2.168067,1.232095,2.109722,2.953896,1.409265,4.259144,1.442943,1.348694,1.609531,2.463973,1.681601,0.859779,1.590706,1.871144,1.337589,1.441371,2.137190,1.249480,1.132955,2.764098,2.369377,2.387955,2.553344,2.314257,2.162418,2.316311,1.171018,1.100718,1.081993,1.480891,1.412107,1.586674,2.221694,1.356073,1.351101,1.445038,2.047235,2.065765,6.305519,1.607511,1.555852,1.445809,1.092173,1.814483,1.108753,2.149231,1.763385,1.663621,1.252169,1.658253,1.508090,1.325049,1.365606,1.183444,1.553242,1.276067,1.425807,1.483886,1.929089,1.925890,1.225940,1.146460,2.118107,1.574544,1.050513,1.266849,1.223900,3.121858,2.064634,2.013267,2.098682,1.674636,2.126223,1.351080,2.057594,1.598138,0.000000,1.866449
8.124891,4.073533,2.666108,3.434855,1.774620,3.246141,3.132318,1.870759,2.259714,3.425416,3.854861,4.109288,1.905417,7.339525,4.011191,6.675592,3.401366,3.056519,2.477051,2.161085,2.663492,2.079090,3.919954,3.089786,1.294060,6.812718,2.972511,5.115485,2.643926,3.925457,1.865214,2.303432,3.128195,3.804951,2.341285,2.627140,4.420348,3.031048,1.865564,2.793820,2.607278,1.978678,4.377129,3.167641,1.868920,3.390821,3.738312,2.961561,3.706865,2.386167,3.536963,4.783849,3.313441,7.040779,2.482410,3.036381,3.201786,3.977620,2.658174,0.724313,3.929906,4.301220,3.169497,2.490487,3.143876,1.642492,1.926106,4.090186,4.306151,3.603901,4.023130,3.437989,3.477373,3.887127,2.568519,2.240114,2.395304,2.844182,2.851583,2.780569,4.702142,2.612231,2.478173,2.130754,3.301101,3.525767,8.277953,3.730955,2.014043,3.032735,1.579061,2.820408,2.781983,4.271742,3.892163,3.946909,2.183781,3.295879,3.294124,3.506224,2.692716,2.940269,2.687762,2.102141,2.682013,3.261121,3.084550,3.910659,2.041563,1.753021,4.470832,3.257851,1.637678,2.449727,2.204409,4.791561,3.528958,3.100429,2.881759,2.691694,3.350483,2.024522,3.205397,2.058786,1.686257,0.000000
