0.000000,8.248474,7.547962,7.284144,6.868393,8.509202,8.468593,7.217089,7.605842,8.057399,8.046756,7.481926,6.331165,0.000000,7.866727,0.000000,8.410275,8.017735,7.060922,7.245741,7.790098,6.772526,8.282757,7.853763,5.392468,0.000000,8.431089,0.000000,8.440702,9.006217,7.428561,7.817785,8.038983,8.384208,7.925817,8.185145,8.219098,8.409223,6.237201,7.820154,8.020876,6.586197,9.008363,8.396488,7.981708,8.520153,9.391848,8.385077,8.258875,7.162036,8.915111,8.160544,8.365443,0.000000,7.346802,8.277294,8.593384,9.005630,6.862442,5.777999,8.763041,9.045617,8.626585,7.596741,7.833189,6.743886,6.957513,7.804474,7.605982,7.672759,8.461004,7.653007,7.906264,8.054659,8.179586,7.036585,7.624903,8.556470,8.209945,7.596039,0.000000,8.321205,6.952621,6.985990,8.460570,8.496920,0.000000,9.439698,7.037712,8.591643,6.609128,8.022282,8.261434,8.754060,8.761268,8.614815,7.110247,7.757176,8.484272,8.721181,8.663478,8.374118,8.008767,7.020090,7.845596,8.354765,8.308330,9.101018,7.348837,7.269322,9.051774,8.293139,6.431378,8.020686,7.288003,8.647425,7.867641,7.908954,7.838539,8.131633,8.041869,6.637631,8.122239,6.948530,6.275019,8.323974
8.121870,0.000000,3.506025,4.109464,2.349063,4.640896,3.976468,2.866828,3.134246,4.336000,4.507034,4.817846,2.461691,7.833399,4.679271,6.732914,4.200450,3.471747,3.292834,2.998074,4.195629,2.556909,4.645820,4.073928,1.733890,7.605529,4.011271,6.009368,4.034166,5.791957,2.694099,2.918268,4.220004,4.796521,2.916008,3.402305,5.859950,3.921548,2.357013,3.853122,3.534074,2.984309,5.449812,4.390877,2.836648,5.246739,5.661544,4.031868,3.970808,2.904944,4.736413,5.067987,4.322935,6.952610,2.800895,3.927581,4.084699,4.503815,3.130019,1.183088,4.994467,5.930629,4.190485,2.848687,4.691734,1.803102,3.038421,4.485740,4.049927,4.699998,4.723038,4.526061,4.069476,3.782934,3.565375,2.406019,3.304381,3.866567,3.340483,2.712426,6.285350,3.795799,3.022472,2.559442,4.342044,4.248270,8.886422,5.441531,2.421571,4.261163,2.056304,3.372528,3.882862,5.269594,4.702900,5.304055,3.227297,3.795198,4.672985,5.471611,4.041215,3.841358,3.250397,2.618697,3.317987,4.213384,4.154527,4.839558,2.696348,2.219449,6.212717,4.482971,2.309033,3.308110,3.223692,5.381961,4.301037,3.703013,3.620881,3.936012,4.256684,2.800613,3.814547,3.212308,2.208989,3.828738
7.468652,3.504883,0.000000,2.855423,1.592961,3.100388,2.688854,1.846492,1.988262,2.881952,3.409217,3.506561,1.582907,6.854799,3.025723,5.701875,2.956452,2.604799,2.312034,1.794173,2.703318,1.689432,3.168316,2.762630,1.179522,6.174877,2.490669,4.892290,2.663047,3.763355,1.796663,1.774093,2.979120,2.941727,1.849187,2.188879,4.207421,2.422773,1.536846,2.328719,2.409112,1.668015,3.867703,2.723184,1.680640,3.274969,3.854305,2.785516,2.533976,1.770369,3.183040,4.082072,2.521895,6.019513,1.983471,2.499945,2.663096,3.099847,2.471509,0.808684,3.126943,4.207814,2.932310,2.034295,3.449002,1.285034,1.813488,3.730625,3.247858,3.130011,3.701289,2.782322,2.928906,3.154068,2.011073,1.713674,2.013805,2.383103,2.159952,2.092191,4.434053,2.329506,1.797555,1.393914,2.768991,3.026061,7.701225,3.375706,1.661846,2.845946,1.298618,2.584013,2.415461,3.704016,3.150441,3.155707,2.066422,2.242611,2.797380,3.437277,2.406814,2.319934,2.436227,1.720131,2.224851,2.653256,2.776521,2.878782,1.649556,1.450311,3.910083,2.996232,1.516654,2.184726,1.950799,4.163640,3.082554,2.833423,2.605119,2.547020,3.143478,1.722570,2.928292,1.897297,1.345642,2.433686
7.264944,4.042817,2.899390,0.000000,1.999730,4.083563,3.916841,2.450693,2.847864,3.274057,3.617947,3.760140,1.549252,6.249346,4.351737,6.531975,3.235776,3.170230,2.840812,2.912156,3.333185,2.009037,3.936969,3.166716,1.479817,6.786957,3.601245,4.886457,3.418869,5.032998,2.367250,2.542032,3.722833,4.845238,2.930269,3.524940,5.507497,3.394997,1.927473,3.450379,2.943189,2.446447,5.301307,3.526093,2.517691,4.472080,4.601833,3.499208,3.794568,2.410080,4.465089,4.876963,3.707092,6.875625,2.768793,3.748758,3.946693,4.002651,2.166670,1.480181,4.818288,5.010631,3.876174,2.614386,2.848291,1.403504,2.224042,3.678279,3.738671,3.260623,4.487200,3.605339,3.912886,3.610906,3.441040,2.674952,2.828522,3.547579,3.478327,2.852341,5.764879,2.829047,2.603830,2.140501,3.635506,3.949964,8.169803,5.063748,1.803810,3.798957,1.866741,3.138891,3.852788,4.935972,4.515831,4.604562,2.510118,3.480108,4.029023,4.388024,3.575737,3.461403,3.008869,2.312674,2.819827,4.018545,3.292417,4.398149,2.442611,2.037553,5.071232,4.240483,2.065704,3.084846,2.739874,4.944057,3.544951,3.325950,3.022577,2.818172,3.433153,1.935784,3.331775,2.171947,1.979104,3.179987
6.794127,2.676274,1.623145,1.890145,0.000000,1.132925,1.009124,0.886908,0.962058,2.014901,2.558129,1.976475,1.134854,4.831122,1.969416,4.630556,2.017927,1.821975,0.892623,0.961277,1.034864,1.494013,2.427116,2.120617,0.873284,3.467902,1.029180,2.953113,0.916337,1.550426,0.984028,0.954430,0.941660,0.936121,0.933620,0.961151,2.140080,0.918151,1.057281,1.043109,1.031052,0.873345,1.711227,1.169981,1.038758,1.107935,1.302487,1.040280,1.956642,1.122581,1.350224,2.607721,1.035605,4.553243,1.465253,0.987850,1.424839,2.413249,1.654107,0.947917,0.913306,1.413646,0.969832,1.161705,1.540201,1.030706,0.982072,2.108024,2.536079,1.865137,2.252702,2.166614,2.261330,2.332917,1.072913,0.945206,1.125703,1.012748,0.929569,1.548973,1.686114,0.780779,1.204925,1.121495,1.494235,2.059861,5.536067,1.173125,1.393624,1.145592,1.064144,1.765662,1.121051,1.132763,1.237886,1.054682,1.238640,1.071915,1.009216,1.021710,0.943477,0.987857,1.433373,0.992997,1.619381,1.182783,1.875187,1.459744,1.124658,1.052191,1.376056,1.329379,0.941168,1.112901,0.976334,2.921166,2.106397,1.877382,1.918702,1.677990,2.065309,1.238892,1.981026,1.361225,1.063465,1.921755
8.690105,4.814335,3.280600,3.964563,1.267989,0.000000,2.072155,1.375767,1.698941,3.999326,4.827297,4.559425,2.445210,8.180624,3.960245,7.184994,3.708019,3.185224,1.653871,1.337425,2.203143,2.802567,4.245514,3.474074,1.256727,6.274115,2.099261,5.113299,2.116846,3.237562,1.677183,1.370440,2.151125,2.664733,1.431202,1.673948,4.072099,2.081194,1.496515,1.881616,1.747331,1.335515,3.487710,2.031979,1.164379,2.502085,3.098144,1.889776,4.189101,2.586785,2.995339,5.663053,2.318035,7.307131,2.888184,2.210911,2.749312,4.339516,3.421579,0.921132,2.258272,3.064326,2.058005,2.659536,4.289533,1.991718,1.607614,5.106943,4.968196,4.558447,4.941584,4.620514,4.707756,4.568037,1.486873,1.345097,1.684154,2.039088,1.866261,3.882633,2.876005,2.232778,2.565147,2.457098,3.321628,3.499630,7.573491,1.980765,2.935004,1.964027,1.566402,4.112713,1.792129,2.982110,2.552900,2.365018,2.331350,2.664636,2.109035,2.085269,1.725359,2.008910,2.862310,2.008346,3.099937,2.175880,3.719033,3.032544,1.424708,1.616232,3.141591,2.713149,1.207215,1.943007,1.344302,5.694673,3.938690,4.084074,4.053235,3.162286,4.050405,2.988213,3.781695,2.688967,1.620103,3.238012
8.671994,4.515488,2.912657,4.173661,0.960677,1.882768,0.000000,0.772797,1.077261,3.564874,4.651106,3.443942,2.087797,6.791192,3.045739,6.223790,3.559920,3.343208,1.090498,0.717546,1.796628,2.802770,4.204742,3.577706,1.135920,5.666898,1.333341,4.972335,1.646537,2.302794,1.242881,0.927556,2.053185,1.286568,1.077496,1.160728,2.462640,1.431393,1.026986,1.078791,1.369425,1.035413,3.038343,2.039433,1.013055,1.778295,2.681314,1.439130,3.177004,1.941919,1.994585,4.021963,1.086549,5.928788,2.481656,1.409364,2.268844,4.173238,3.075909,0.725870,1.220454,2.959876,1.476944,1.871841,3.182793,1.718013,1.274446,4.711137,4.293338,3.878744,4.137577,4.027174,4.519800,4.706477,1.024307,0.997733,1.129804,0.942204,1.248034,3.154383,2.448578,1.473179,2.045733,2.207402,2.817038,3.705931,6.960917,1.148825,2.733564,1.538928,1.389859,3.630343,0.866084,2.084746,1.540015,1.327876,1.883359,1.512821,1.366355,1.620309,0.991056,1.366586,2.695416,2.074648,2.861603,1.418562,3.630115,1.912933,0.948697,0.978499,2.079012,2.190397,0.919051,1.515261,0.756960,5.006448,3.693678,3.834417,3.999360,3.277434,3.407152,2.388033,3.852490,2.798086,1.469108,3.075373
7.166798,3.023604,1.844336,2.440752,1.094915,1.346944,1.151245,0.000000,0.918456,2.069237,3.065948,1.739241,1.256328,4.331114,1.962807,4.532534,1.870598,2.032751,0.897467,0.795094,1.303946,1.870717,2.586057,2.120281,0.947211,3.209943,0.988930,2.959814,1.202397,1.321192,1.214957,0.839269,1.059727,0.999465,0.817434,0.938002,1.415298,1.195599,0.834358,0.837235,1.013818,1.013459,2.061715,1.155220,0.842342,1.021424,1.617432,0.973084,2.215076,1.342248,0.947733,2.722034,0.774578,4.865959,1.587093,0.769192,1.360326,2.512338,2.097642,0.811937,0.839261,1.624531,1.005676,1.008565,1.585337,1.025397,0.841370,3.030436,3.089473,2.444783,2.527138,2.319959,3.331994,2.962620,0.974964,0.929968,1.082735,0.941258,0.948876,2.118238,1.534700,0.898120,1.379480,1.753115,1.842167,2.371087,5.264329,0.969009,2.030692,1.022095,0.945396,2.666562,0.962690,1.495535,0.795624,0.797728,1.019932,1.009933,0.981447,1.108481,0.953630,1.064781,1.737985,1.337469,1.921704,0.937104,2.482796,1.286120,0.964227,1.004289,1.245795,1.330830,0.851613,1.009204,0.997980,3.326136,2.443420,2.332590,2.510350,1.764662,2.423840,1.574951,2.368715,1.912064,1.087307,1.980253
8.224027,3.501778,1.851654,3.103767,1.018662,1.703724,0.923128,1.107080,0.000000,2.630749,3.459107,2.797977,1.666537,5.945568,2.229843,6.025936,2.714264,2.206628,0.862601,0.911631,1.193793,1.950524,3.533067,2.806416,1.024933,4.297517,1.074100,4.137145,1.076527,1.563233,1.009572,0.888918,1.506370,0.941410,0.934738,0.990379,2.188492,1.147031,0.983251,1.065352,1.185692,1.053614,2.057142,1.313803,1.078434,1.193354,1.939521,1.200519,2.190527,1.234849,1.625454,2.711456,0.859290,4.874733,1.767134,1.202022,1.566609,2.673252,2.260947,0.909552,0.953532,2.224623,1.137693,1.423690,2.584328,1.126033,1.041767,3.260767,2.660516,2.863864,3.019508,3.172763,2.686984,3.162623,0.951489,1.095934,0.959253,1.056005,0.935651,1.997642,2.055386,1.297792,1.328604,1.470518,2.173431,2.414608,6.232741,0.970717,1.786677,1.210541,1.129260,2.195362,1.011796,1.464333,1.193071,1.000353,1.571945,1.079126,0.983855,1.103644,0.848649,1.171355,2.041867,1.431491,2.118471,0.981342,2.655423,1.312934,1.087833,1.079587,1.376074,1.683645,1.071119,1.052234,1.076963,3.882846,2.870439,2.882818,2.632918,2.362552,2.559363,1.898191,2.586938,2.145882,1.221571,2.277170
7.418261,4.822384,3.361856,3.641412,2.209987,4.082131,3.834775,2.227474,2.290276,0.000000,4.273177,3.110772,1.731928,6.388176,4.417904,7.114804,3.295427,3.366583,2.836710,2.908744,2.796289,2.620085,4.213616,3.709869,1.468649,6.730485,2.943302,4.921453,3.283330,4.754340,2.264947,2.454234,3.333833,4.258274,2.909570,3.007340,4.817232,3.448774,1.778227,3.101682,2.994846,1.985281,4.883758,3.417635,2.187931,3.727746,3.924664,2.885867,4.736413,2.644417,4.134862,5.668276,3.371768,7.532734,3.218413,3.480612,3.867012,5.016206,3.055751,1.362744,4.200957,4.689013,3.840241,2.477511,2.817737,2.016962,2.584520,4.517160,4.797735,3.595202,4.689484,3.689287,4.501003,4.182644,2.836813,2.760717,2.571732,2.899800,3.100177,3.511317,5.318655,2.436113,3.011471,2.714736,4.078302,4.284545,7.781709,4.489113,2.820367,3.423020,1.934102,3.613278,3.377093,4.156137,4.409962,4.537098,2.301723,3.551973,3.798249,3.468459,3.453685,2.954998,3.165909,2.719619,3.317431,4.021060,3.750588,4.492428,2.451921,2.576593,4.813208,3.791182,1.922558,2.949659,2.720549,4.915840,3.788218,3.705908,3.736633,2.987187,4.076967,2.309677,3.879292,2.665248,1.809574,3.616389
7.696061,4.840882,3.645413,3.809158,2.481906,4.868701,4.347618,3.083948,3.241798,4.153131,0.000000,4.696033,2.316151,7.204491,5.093142,7.650590,4.180399,3.554802,3.524497,3.190408,3.822128,3.042792,4.914335,3.937137,1.686469,7.717116,4.095698,6.060393,3.896375,5.768316,2.994000,3.173898,3.939101,5.253241,3.384618,3.939701,5.728934,4.245546,2.279218,3.704482,3.678316,2.638698,5.991665,4.075752,2.802876,4.998231,5.638241,3.973014,4.603887,3.126084,4.860643,5.491084,4.401045,7.715632,3.621477,4.086762,4.600357,4.972493,2.964584,1.442685,4.984561,5.043460,4.467998,3.095381,4.315962,2.123988,2.599169,4.849214,4.716193,4.165847,5.028387,4.187201,4.399389,4.405165,3.675328,3.106247,3.243309,3.824424,3.519517,3.077067,5.961858,3.362443,3.480417,3.086018,4.356392,4.961152,9.131519,5.375868,2.642296,4.321078,2.435607,3.850299,4.306555,5.267372,5.508200,5.350461,2.974204,4.601698,4.329849,4.752367,3.974066,4.329260,3.850911,2.699977,3.667750,4.882643,4.376083,5.415837,3.163878,2.981794,6.399103,4.339830,2.212141,3.489399,3.484870,5.557647,4.335275,4.008867,3.500429,3.637918,4.225761,2.549471,4.084859,2.658236,2.342726,3.810989
7.387308,5.234587,4.140806,4.044163,2.390461,4.461972,4.034236,2.206229,2.833215,3.464822,4.992604,0.000000,1.931617,6.260664,4.938468,7.263992,3.662347,3.983847,2.816936,2.746758,3.363089,3.259783,4.786545,4.438254,1.619281,7.498636,3.223275,5.661522,3.588746,4.703659,2.891965,2.722616,3.828387,4.768939,3.281325,3.620936,4.852213,3.743538,1.676944,3.093458,3.085283,1.977286,5.103058,3.673305,2.250056,4.008051,4.268123,3.209462,5.583411,3.012992,4.611579,6.684496,3.943259,8.493633,3.551582,3.497906,4.210275,5.642567,3.325037,1.353832,4.185468,4.874544,3.464211,2.960418,3.163090,2.583101,2.424586,5.262229,5.600867,4.047633,4.737970,4.707631,5.246512,5.410808,3.045199,2.513290,2.869776,3.065673,3.041633,4.134551,5.194182,2.766927,3.538168,3.358817,4.661764,4.860016,8.408497,4.273075,3.229366,3.778985,2.114986,4.512522,3.828633,4.366321,4.374866,4.156412,2.710296,4.171852,3.679937,3.615198,3.386292,3.338826,3.883090,2.986247,3.749958,3.972505,4.228164,4.787208,2.593169,2.847480,4.967121,3.540845,1.845611,3.076041,2.827470,5.252052,4.620572,4.499862,4.382031,3.412666,4.617052,2.377625,4.504067,2.965295,2.068567,4.454625
6.390795,3.068239,2.238288,1.893687,1.268676,2.591433,2.345049,1.402372,1.618537,1.945712,2.925530,1.911931,0.000000,5.141938,2.318160,5.094624,2.128093,2.092760,1.845415,1.734969,1.591503,1.443258,2.621084,2.421456,1.023586,4.890244,1.995029,3.642290,2.010832,2.812343,1.419876,1.380220,2.091430,2.610741,1.558552,2.037035,3.395980,2.035992,1.373020,2.269108,2.043496,1.331367,3.120309,2.306574,1.426647,2.374323,2.203422,1.988582,3.327845,1.727666,2.636048,4.016454,2.128717,5.896469,1.929179,2.278921,1.968211,3.042321,1.707485,1.459071,2.571302,3.349625,2.166164,1.663907,2.081997,1.341216,1.742281,2.672391,3.286756,1.919968,2.921614,2.069596,2.454614,2.597624,1.817287,1.911887,1.657324,2.203920,1.780569,2.138954,4.024772,1.551014,1.741728,1.507321,2.485008,2.658403,7.149156,3.011112,1.348637,2.187992,1.383397,2.125585,2.035227,2.803822,2.890482,2.691102,1.520608,2.375335,1.928513,2.304716,1.856054,1.932444,1.823313,1.798518,1.965467,2.408722,2.246115,2.904666,1.739250,1.461544,3.073969,2.233341,1.417266,1.715428,1.732279,2.785032,2.274953,2.325189,2.181980,1.507832,2.388092,1.585015,2.384531,1.679606,1.019997,2.289033
0.000000,7.966042,6.856623,6.499529,5.244431,8.163674,7.417298,4.970544,6.099088,6.839358,7.031208,5.844672,4.712463,0.000000,7.829917,0.000000,6.688828,6.813385,5.918423,6.066655,7.367156,6.132832,7.461356,7.451494,3.617656,9.159696,7.312619,8.654239,6.797398,7.823856,5.984426,5.952663,6.460025,8.056725,6.783165,7.498808,8.073763,7.366616,3.907914,6.515711,6.590993,5.269985,8.185853,6.023281,5.167906,7.267453,7.519135,6.391410,8.374433,6.548667,7.678449,8.972764,7.309634,0.000000,6.472844,6.990190,7.451379,8.000712,6.269589,2.961310,7.801438,7.382164,6.640892,6.141968,5.456592,5.319350,5.793744,7.123549,8.175101,6.623160,7.731055,6.703914,7.679974,7.562154,7.155905,5.603945,6.129684,6.751149,6.905991,7.175216,8.002445,6.312446,6.959610,6.157132,7.450253,7.602327,0.000000,7.747032,6.486802,7.342308,5.322472,7.211972,6.946108,8.100359,7.703672,7.700338,5.436933,7.304894,7.116538,7.373047,6.968215,7.089452,6.503092,5.806107,6.656648,7.375631,7.204106,8.059836,5.698565,5.587632,8.373654,6.959033,4.900155,6.222199,6.219072,7.461444,7.881532,6.942490,7.281556,6.500909,7.137265,4.927819,7.421327,5.760469,4.573152,6.993106
8.049394,4.740091,3.047002,4.331269,2.041807,3.941891,3.006872,1.957373,2.385168,3.999581,4.830830,4.364510,2.267588,7.548413,0.000000,6.685734,3.837919,3.543764,2.489885,2.094755,3.486652,2.732273,4.310324,3.610134,1.505572,7.012338,3.134567,6.178743,3.405996,4.205796,2.202430,2.137931,3.664276,3.305719,2.304514,2.570393,4.739492,2.902638,1.812267,2.516436,2.891900,1.885626,5.013329,3.397135,2.052591,3.719555,4.993017,3.215470,3.875737,2.270176,3.823320,5.183462,2.855252,6.470796,2.880099,3.103975,3.218569,4.009158,3.197200,1.392122,3.292313,4.960967,3.310307,2.564009,4.052716,1.653090,2.317582,4.976429,4.786996,4.277681,4.483114,3.994955,4.406269,4.235327,2.327953,1.803652,2.478131,2.394188,2.903892,2.931342,5.418635,2.835353,2.556910,2.373743,3.613401,4.211937,8.136764,3.322251,2.311361,3.575562,1.654230,3.674401,2.674500,4.619599,3.481874,3.396090,2.920113,2.671714,3.251768,3.942022,2.622757,2.703375,3.018382,2.495946,3.072700,3.092487,4.159781,3.735416,1.957684,1.632126,4.750631,3.883351,1.755255,2.693853,2.237051,5.514584,4.085976,3.670378,3.715265,3.555089,4.443366,2.703594,3.806897,2.687463,2.022989,3.569957
0.000000,7.278530,5.917450,6.449895,4.816156,7.235730,6.560827,4.790216,5.875976,6.700996,7.468894,7.168410,4.542751,0.000000,6.990019,0.000000,6.419182,6.477486,5.879538,5.394566,6.143254,5.382717,6.453943,6.403100,3.378553,9.454967,6.665148,8.185624,6.654004,7.500565,5.019987,5.386468,6.692255,7.575691,5.602056,6.061195,8.043214,6.113543,4.629184,6.312692,5.733334,5.014107,7.904194,6.882930,5.230916,7.294843,7.064724,6.549746,6.438648,5.319438,7.296949,7.554249,6.900363,0.000000,5.485417,6.371280,6.532109,6.299267,5.744554,2.472839,7.627431,8.121198,7.317265,5.200826,6.442224,3.768193,5.811992,6.854640,7.160834,6.583408,7.396348,6.474567,6.331527,6.050479,6.287295,4.903208,6.010380,6.120648,6.660260,5.642351,8.584932,6.444815,5.456254,5.320680,6.663891,6.681089,0.000000,7.557676,4.944924,6.764298,4.433621,5.719190,6.372746,7.472066,7.156208,7.519269,5.364265,6.412119,6.949510,7.788972,5.966923,6.471634,5.849411,5.097202,6.193173,6.979573,6.268251,7.232315,4.931358,4.889345,7.960287,7.433781,4.230680,5.906990,5.723100,7.107173,6.874996,6.150549,5.944428,6.392514,6.661133,5.226660,6.368547,5.210320,4.761134,6.153365
8.033304,4.063720,2.910855,3.156428,2.068062,3.759367,3.587493,2.008726,2.640994,2.859070,3.971637,3.261939,1.149787,6.832417,3.714084,6.017465,0.000000,2.439687,2.594342,2.374412,2.789665,2.034673,2.887070,2.251883,1.247613,6.545434,3.201337,5.012787,3.233347,4.465868,2.239531,2.311081,2.944303,4.435739,2.774586,2.926912,4.563871,3.143500,1.565077,2.446085,2.687028,1.999357,4.768096,3.171164,2.295802,3.924091,4.148549,3.359879,3.731394,2.219113,3.758541,4.996250,3.393084,6.906001,2.376364,2.994098,3.102543,3.600031,2.097639,0.574906,3.858475,4.387086,3.515211,1.935205,3.198827,1.696208,2.077242,3.802211,3.722027,3.043915,3.790610,3.154486,3.642708,3.411603,3.030868,2.314821,2.592909,2.900352,2.952504,2.535705,5.107664,2.289871,2.365831,2.148447,3.225803,3.387857,8.548211,4.101717,2.107766,3.386205,1.467135,2.718527,3.158234,4.324986,3.749884,3.826321,2.149037,3.246384,3.419266,3.773361,2.912036,2.944242,2.554986,1.993498,2.651100,3.220032,3.259269,4.137326,2.219101,2.027852,4.979909,3.464102,1.629353,2.512939,2.595041,4.219672,3.092588,2.642814,2.766899,2.511768,3.231536,1.884688,2.946562,2.151734,1.483799,2.878897
7.985465,3.585443,2.688731,3.348944,1.691894,3.324124,3.118668,1.931857,1.957850,3.145612,3.578114,3.832902,1.525642,7.150834,3.460099,6.566531,2.492352,0.000000,2.336178,2.401894,2.243881,1.712706,3.218152,2.516800,1.259161,6.628939,2.986066,4.538989,2.831120,4.293907,1.892275,2.025326,2.805171,3.809362,2.115285,2.439076,4.703363,2.577910,1.739702,2.436680,2.479317,1.847868,4.194760,2.915842,1.900551,3.554087,3.850642,3.161015,2.885639,2.003400,3.486491,4.540033,2.956241,6.179469,2.095180,2.948814,2.693075,2.887789,2.189446,1.294620,3.917068,4.185043,3.212801,1.962585,3.345018,1.518534,2.123730,3.772101,3.430574,3.376347,4.051527,2.870861,3.269741,3.015194,2.493318,1.886359,2.413602,2.618693,2.358956,2.009097,4.453453,2.737801,2.136522,1.735232,2.709212,2.862176,8.302747,3.779613,1.836393,3.179872,1.341956,2.439638,2.845702,3.870424,3.562062,3.981982,2.188896,2.824995,3.284755,3.468848,2.722893,2.736044,2.554872,1.851259,2.453216,3.019064,2.858594,3.565303,2.083303,1.732422,4.616864,3.377179,1.828386,2.393315,2.335778,4.293635,3.269678,2.716779,2.599042,2.623640,3.371561,1.901771,2.721421,2.187750,1.429000,2.739885
7.262424,3.682953,2.299693,2.879359,1.122862,1.682132,1.152116,0.832127,1.161970,2.734089,3.628556,2.431434,1.790519,5.212400,2.482109,5.828985,2.454526,2.364060,0.000000,0.989288,1.972472,2.149600,3.157882,2.581664,0.887372,4.462567,1.055253,4.016712,1.363556,1.760286,1.282181,0.915390,1.479930,1.241859,1.118006,1.242016,1.704345,1.220093,0.849388,0.906136,1.379990,1.151676,2.632340,1.586617,1.004967,1.223018,2.343686,1.211094,2.549796,1.456993,1.304066,3.348298,0.890215,5.091371,1.841627,0.901042,1.765088,3.116947,2.368544,0.807115,0.863671,2.618711,1.048876,1.257086,2.046350,1.304393,1.022302,3.512248,3.292393,3.078149,3.155958,2.918124,3.895720,3.744892,1.086360,0.875927,0.936523,0.960535,0.970203,2.501033,1.901528,1.018851,1.576566,1.787772,2.252900,3.333251,5.900081,0.857044,2.283642,1.161023,1.118521,3.238572,0.702150,2.016002,1.138818,0.911312,1.351278,1.240816,0.915348,1.259120,0.964463,0.791564,1.983650,1.747206,2.297243,1.104673,3.096829,1.410370,0.989282,1.025541,1.583021,1.890260,0.918229,1.233350,0.977275,4.128125,2.736372,2.732609,3.070053,2.337931,3.077755,1.931989,2.847310,2.024495,1.093329,2.413916
7.449351,3.447945,1.964420,2.958831,1.171738,1.040731,1.114938,1.110666,1.003475,2.917397,3.318530,2.458510,1.509506,5.340633,2.172754,5.085833,2.309129,2.718141,0.811125,0.000000,1.578116,2.258788,3.257223,2.666704,0.920241,3.734610,0.865238,3.593966,1.102398,1.207765,0.986193,0.966716,1.390098,0.982634,0.963201,1.092811,0.966482,0.998700,0.974115,0.967043,1.006288,1.065770,1.975710,1.110833,1.014937,0.996718,1.973335,1.061581,2.131910,1.494807,1.083090,2.682367,1.229666,4.157300,1.762597,1.114131,1.272990,2.743707,2.591333,0.951393,0.911562,1.884024,0.898798,1.285039,2.488597,1.319631,0.979114,3.430539,2.906794,2.857895,2.724395,3.062953,3.368021,3.704619,1.119893,0.965098,1.147955,1.221713,0.990789,2.306701,1.322838,0.876493,1.350518,1.784452,2.129379,3.057956,4.879279,1.080586,1.922544,1.036025,1.108502,2.815946,1.118735,1.234513,0.729198,1.153207,1.212824,1.104454,1.147423,1.121982,0.916654,1.068073,1.992800,1.784929,2.171715,1.070414,2.979057,1.201048,1.106061,1.024740,1.007750,1.174316,0.996722,1.338704,1.178075,3.679395,2.833456,2.818663,2.854523,2.443888,2.611116,2.155220,2.760695,2.201500,1.054044,2.216133
8.065811,3.864737,2.617857,3.220445,0.937846,2.308719,1.867845,1.534239,0.991040,3.024848,4.030295,3.363746,1.657771,7.547549,3.221276,6.113304,2.833390,2.194823,1.871789,1.593782,0.000000,2.156532,3.391205,2.842675,1.130407,5.198861,1.641915,3.830687,1.549549,2.537262,1.138763,1.397010,1.547455,1.960383,1.356020,1.651066,4.533376,1.666181,1.348678,2.160249,1.157155,1.184635,2.603465,2.054698,1.265634,2.020011,1.395527,1.924666,3.343817,1.648790,2.999313,4.456145,2.682094,6.546294,2.193615,2.111919,2.616088,3.596332,2.124588,1.140252,2.742877,2.217380,1.762236,2.127298,2.448960,1.633051,1.991177,3.239689,4.049914,3.047130,3.773218,3.267453,3.182008,3.251181,1.455260,1.636334,1.681185,1.933724,2.119610,2.247296,3.057276,2.001316,2.111718,1.841579,2.929999,2.550105,6.978106,2.379816,2.060611,1.666675,1.304407,2.416523,1.934196,2.209807,3.326745,2.742166,2.128305,2.454429,2.281430,1.514357,1.759665,2.509077,2.391500,1.538477,2.015437,2.666733,2.520080,3.075348,1.762186,2.062091,2.419258,2.277543,1.113884,1.445386,1.572284,4.432746,3.198208,2.939568,2.905946,2.276849,3.251763,1.966198,3.286517,2.129753,1.335336,2.753235
6.405674,2.192496,1.952184,2.173201,1.342918,2.860765,2.481849,1.409816,1.685200,2.202783,2.778750,2.681326,1.460476,6.089372,2.797548,5.455302,1.649035,1.908616,1.868345,1.869550,2.000723,0.000000,2.405212,2.272363,1.071456,5.728094,2.461700,3.979123,2.241913,3.241050,1.321270,1.705864,2.292915,2.979670,1.670233,1.856493,3.838252,2.294518,1.248145,2.135337,2.238729,1.553820,3.390123,2.391802,1.656802,2.673043,2.754621,2.401383,2.653404,1.457284,2.756850,3.353434,2.402857,5.672728,1.683943,2.508834,2.317795,2.187183,1.454688,1.232786,3.122470,3.660142,2.801576,1.546235,1.814192,1.380443,1.754235,2.403323,2.653061,2.243246,2.821683,2.115777,2.503873,1.846999,1.777537,1.780249,1.915836,1.907845,1.976423,1.224444,4.201268,1.845001,1.630796,1.354400,2.393168,2.691761,7.228286,3.307398,1.476011,2.763328,1.254083,1.898256,2.231617,3.142293,2.949068,3.268362,1.592612,2.154994,2.538140,3.013905,2.280095,1.904177,2.013573,1.403802,1.912726,2.580111,2.230980,2.772722,1.403951,1.457414,3.591744,2.628649,1.518876,1.674346,1.698092,3.251368,2.556938,1.866089,1.897845,2.029519,2.280723,1.729148,1.944135,1.803951,1.171111,2.010945
7.847925,4.819091,3.378745,4.125999,2.499524,4.587966,4.072519,2.634025,3.319546,3.772944,4.719394,4.032533,1.965466,7.417022,4.460583,6.420573,3.400271,3.326416,3.083396,2.926909,3.708123,2.541253,0.000000,3.847721,1.670086,7.731264,3.822143,5.999293,3.798892,5.548716,2.495290,2.787968,4.128060,5.141087,3.142558,3.338254,5.299998,3.618982,2.143770,3.467775,3.463937,2.582862,5.601062,4.205560,2.737783,4.775872,5.092776,3.892389,4.373043,2.782142,4.458897,6.290977,3.995719,7.407446,3.152684,3.741826,3.498805,4.334576,3.211104,1.372929,4.824375,5.350931,4.584132,2.625222,3.648184,1.818503,2.886388,4.767693,5.015448,4.043940,4.532129,4.156484,4.558499,4.114121,3.304367,2.935373,3.049695,3.228211,3.131916,3.176627,5.969067,2.914617,2.939422,2.385399,3.968638,4.251080,8.365823,4.944505,2.582800,4.122768,2.056518,3.460307,3.616759,5.337308,4.689306,4.759013,2.797230,3.816089,4.108171,4.806002,3.662223,3.365382,3.327380,2.666921,3.435988,3.932610,3.865875,4.371756,2.388148,2.455663,6.038255,4.381696,2.219507,3.102670,2.955481,5.284920,3.943177,3.667614,3.483156,3.541070,4.218676,2.450171,3.919050,2.720174,2.080832,3.652018
7.837753,3.868846,2.708201,2.922582,2.020378,3.564104,3.357392,2.047483,2.573522,3.085380,3.600168,4.002706,1.490657,7.108381,3.770143,6.381870,2.501322,2.335544,2.513510,2.620308,2.814883,1.743814,3.286394,0.000000,1.270936,6.410202,3.377960,4.738855,2.980234,4.540192,1.996460,2.286242,2.946041,4.316649,2.582739,2.951277,4.608615,2.742160,1.745237,2.780467,2.749678,2.157557,4.625211,2.945167,2.130351,3.658777,4.072437,3.230440,3.566266,2.146751,3.411283,4.771696,3.540151,6.686085,2.098426,3.129635,3.156188,3.413008,2.443569,0.618688,4.171112,4.116462,3.425904,1.891594,3.350133,1.709255,2.135332,3.811986,4.161420,3.224698,3.989041,3.070134,3.517012,3.275786,2.685420,2.155361,2.530797,3.176955,2.754405,2.416295,4.695686,2.752254,2.291013,1.871312,2.914848,3.304788,8.334002,4.067933,2.067242,3.218028,1.484240,2.795099,3.140695,4.255944,4.028749,4.250917,2.175172,3.414760,3.576419,3.798996,3.014581,2.982176,2.414485,1.859995,2.528578,3.328608,2.937173,4.007254,2.145621,1.902648,5.093673,3.395354,1.832116,2.709049,2.570986,4.680626,2.922029,2.654003,2.593974,2.474342,3.350016,1.852822,2.981063,1.894629,1.506774,2.606628
5.433068,1.625682,1.161987,1.531459,0.984381,1.115548,1.075240,1.114425,1.036134,1.434615,1.650174,1.572806,1.001197,3.760162,1.391583,3.285584,1.152485,1.175846,1.099297,1.067473,1.129744,1.097093,1.599085,1.102931,0.000000,2.858994,1.043187,2.260047,0.998792,1.188542,0.885626,1.075706,1.146638,1.181761,1.091080,1.101134,1.314550,1.013500,0.999975,0.987820,1.007988,0.945749,1.561302,0.993748,1.104218,1.183986,1.506554,0.935978,1.456656,1.029189,1.150460,2.158842,0.966697,3.435030,1.045079,0.931315,1.074648,1.453464,1.298778,1.042849,1.036069,1.252465,0.970466,1.081580,1.665147,1.065654,0.975131,1.942633,1.768266,1.640195,1.883870,1.585440,1.757592,1.694507,1.001846,1.101886,1.123576,0.999089,1.159151,1.249484,1.409804,0.962540,1.207940,1.032922,1.243119,1.462064,4.334885,1.001015,1.044078,0.966412,1.147760,1.383824,1.250123,1.395233,1.058164,1.048306,1.058166,1.194055,1.064181,0.981358,0.993777,1.042069,1.177720,0.998214,1.062408,1.100142,1.471593,1.190005,0.938151,1.089543,1.396025,1.129879,0.964452,0.936912,1.071142,2.041202,1.546990,1.388895,1.382566,1.156065,1.596144,1.091292,1.443443,1.030811,1.009883,1.255445
0.000000,7.252484,5.970433,6.495634,3.520834,6.298042,5.793262,3.653464,4.283171,6.569558,7.174343,7.073525,4.505030,8.429646,6.526675,8.463737,6.611335,6.377075,4.509223,3.975327,5.036816,5.249456,7.208929,5.994787,2.874693,0.000000,5.434035,7.215279,5.109641,6.823247,4.429171,3.814935,5.254986,5.508515,4.306057,4.729438,7.082207,4.925690,3.503377,4.746868,4.601728,3.739664,7.131230,5.776935,3.482886,5.909794,6.386660,5.269955,7.003672,5.161369,6.359705,7.861159,5.466797,9.299945,5.455623,5.201949,6.022611,7.292284,5.534535,1.935577,6.073130,6.723840,5.623043,5.495758,6.141953,4.243488,4.586349,7.091124,7.930313,6.899468,7.037673,6.889572,6.943991,6.980082,4.047815,4.021256,4.955521,5.284545,5.541878,5.655938,7.114229,5.466020,5.458393,5.128768,6.967981,7.072576,0.000000,5.749554,5.794406,5.661670,3.818098,6.424137,4.811101,6.270412,5.774321,5.794176,4.944815,5.744055,5.561017,5.535319,4.974465,5.361779,5.908738,4.904007,5.956646,5.950873,6.145338,6.648677,4.258085,4.284821,6.808985,6.215245,2.848076,5.091685,4.587567,7.808273,6.939150,6.500195,6.943962,6.247468,6.951629,5.264779,6.383526,5.549571,3.989317,6.499149
8.109702,4.002360,2.478583,3.491932,1.019879,1.981633,1.684152,0.972778,1.008175,2.915330,4.252246,2.973224,1.946684,7.015458,3.152997,6.313087,2.975991,2.845179,1.150508,0.986372,1.298573,2.520235,3.630827,3.193352,1.041588,5.168798,0.000000,4.608715,1.509914,2.334346,1.442623,1.067111,1.716534,1.506737,1.147032,1.393004,2.690950,1.660148,1.018658,1.234149,0.936894,0.912853,2.646628,1.660595,0.771436,1.759204,2.135212,1.346690,3.321673,2.085400,2.115680,4.176773,1.490608,6.087827,2.505052,1.432309,2.318980,3.830972,2.740462,0.970281,1.379741,2.122098,1.466387,2.003566,3.085552,1.690164,1.019331,4.362504,4.151171,3.547058,4.046470,3.943121,4.178817,4.152688,0.938625,0.913994,1.129325,1.218975,1.507801,2.702082,2.148844,1.707749,2.069484,2.135403,2.603802,3.014651,6.714888,1.401779,2.293517,1.528022,1.321368,3.115098,1.140251,1.951473,1.775992,1.668982,1.723054,1.708254,1.651712,1.528881,1.329132,1.618469,2.357308,1.635882,2.394804,1.671731,3.105184,2.118755,1.251347,1.333093,2.127082,1.894818,0.837388,1.530785,1.107718,4.747387,3.538403,3.138024,3.517581,2.595532,3.334594,2.277744,3.048041,2.495615,1.385808,3.030378
0.000000,5.961568,4.783925,4.485478,2.907001,5.475527,5.157145,3.225078,3.879993,4.963280,6.140014,5.681963,3.290517,8.091054,6.164550,7.376147,5.439603,4.822937,4.200594,3.737572,3.387525,3.650677,6.054025,4.716694,2.278885,7.011451,4.674314,0.000000,4.885468,6.757018,3.274860,3.707428,5.073157,5.503221,3.494427,4.382640,6.653442,4.563348,3.118247,4.384737,4.192996,3.433469,6.693555,4.679514,3.237814,5.460630,5.517388,4.816499,5.271411,4.187877,5.406177,6.939803,5.212818,8.093131,4.168656,5.110042,5.272452,5.739308,4.750686,1.557329,5.997034,5.947443,5.365847,3.904513,4.568268,2.755560,3.457097,5.906502,6.229196,5.448880,5.558044,5.450652,6.003182,5.246408,4.321751,3.558863,4.089012,4.707559,4.380801,4.197748,7.237630,4.498164,4.064212,3.486350,5.219628,5.384264,9.377269,5.890265,4.204786,4.954418,2.801544,4.869160,4.807734,5.923196,6.234151,5.704234,4.051679,5.109677,4.871585,5.185434,4.340318,4.137475,4.420095,3.702332,4.738338,5.274409,5.035709,5.844875,3.587621,3.537493,6.595718,5.319526,2.480558,4.000830,3.658259,6.924474,5.844514,5.530619,5.103650,4.957327,5.261899,3.522001,4.767507,4.007672,3.080979,4.677601
8.368678,4.240470,2.710054,3.484099,1.053811,1.973869,1.624579,1.113179,1.228481,3.495265,4.140390,3.530120,2.271911,6.780125,3.216732,6.622286,3.280774,2.879139,1.259789,0.927432,1.757337,2.597577,3.800989,2.967717,1.049560,5.217300,1.431456,5.009226,0.000000,2.176030,1.540064,1.154550,1.618925,1.721965,1.167499,1.368607,2.676198,1.575969,1.114034,1.209477,1.192684,0.964691,2.622033,1.477538,0.822574,1.967277,2.125508,1.285765,3.452999,2.114870,2.059288,4.237230,1.634692,6.082246,2.515977,1.283656,2.243390,4.001275,2.973027,0.942872,1.491779,2.066553,1.311766,2.215695,3.312214,1.782093,0.994468,4.117645,4.445505,3.740048,3.951929,3.907602,4.121409,4.291747,1.047248,1.096223,1.359253,1.570976,1.515482,2.907230,2.041848,1.814078,2.107128,2.200178,2.927159,3.354255,6.898154,1.206596,2.543571,1.445064,1.440229,3.331508,1.370962,2.265254,1.874283,1.659152,1.842973,2.004523,1.625699,1.284267,1.237886,1.750010,2.363276,1.701789,2.627856,1.699189,3.198308,2.129761,1.168496,1.314207,2.079678,1.920718,0.846780,1.519151,1.110810,4.813724,3.454962,3.227684,3.589439,2.671742,3.561186,2.562306,3.448307,2.693889,1.422623,2.847013
9.799019,5.773306,3.646969,4.685504,1.628895,3.158032,2.532395,1.390031,1.777251,4.521856,5.674891,4.213740,2.663095,7.488448,4.063370,7.007193,3.929571,4.226434,1.809571,1.397125,2.458827,3.334268,5.253371,3.752742,1.131983,6.597503,2.079312,6.573700,2.267379,0.000000,1.952803,1.584495,2.704303,2.316053,1.753753,1.802268,3.164764,2.203138,1.569653,1.691751,1.752646,1.402276,3.920382,2.692290,1.455453,2.356057,3.648764,2.081678,4.525478,2.423572,2.805433,5.205368,2.165113,7.626376,2.762302,1.939349,2.729868,4.823978,3.907892,0.940653,2.008967,3.661196,2.404643,2.488358,4.150810,2.004141,1.507906,6.189768,5.303983,4.611326,5.068062,4.433258,5.818676,5.401181,1.600037,1.358613,1.926061,2.110844,2.098290,4.143322,3.720551,2.265377,2.561170,2.954915,3.817523,4.363848,7.174324,2.096293,3.233890,2.321773,1.636067,4.240631,1.846065,3.475043,2.311710,2.072987,2.464531,2.390636,2.210219,2.161638,1.856295,2.246789,3.509953,2.524390,3.175558,2.289555,4.749747,3.035325,1.477825,1.670402,3.067142,2.680839,1.106489,2.496172,1.687161,5.733956,4.454522,4.161651,4.587575,3.402468,5.099988,3.456362,4.340649,3.298324,1.845319,3.763481
6.871202,3.040802,1.800283,2.303334,1.000065,1.504900,1.249895,0.837535,0.976002,2.038517,3.046382,2.341051,1.313078,5.585591,2.265528,4.958646,2.253126,2.118107,1.005591,1.138392,1.139294,1.270820,2.646378,2.262702,1.014724,4.558384,1.248110,3.122678,1.308450,2.028669,0.000000,1.048056,1.383633,1.329829,1.090997,1.154907,2.371982,1.342407,0.879065,1.323078,1.256642,0.869713,2.365040,1.629744,1.282326,1.492086,1.817811,1.400410,2.243847,1.255889,1.675599,3.050916,1.205582,5.150324,1.535574,1.534443,1.819715,2.566386,1.625387,1.031419,1.453238,2.217273,1.280541,1.113342,1.683212,1.245042,1.246884,2.394488,2.705634,2.163737,2.758801,2.523066,2.630075,2.451813,1.121650,1.142885,0.979587,0.821679,1.216583,1.332883,2.441268,1.169581,1.358228,1.366328,1.836077,2.252277,6.082868,1.460610,1.698930,1.343330,1.165803,1.954467,0.976884,1.755622,1.649310,1.401622,1.327558,1.485056,1.298501,1.434313,1.051110,1.318099,1.606690,1.378255,1.817700,1.270992,2.203014,1.774092,1.059884,1.199920,1.756494,1.622459,1.239271,1.059938,0.982160,3.323877,2.184517,2.351806,2.215912,1.737867,2.371430,1.224082,2.130043,1.531702,1.079470,2.027994
7.503840,3.288308,1.940209,2.640022,0.925247,1.271072,0.902029,0.916708,1.018575,2.384472,3.246806,2.235710,1.468956,5.486012,2.172310,5.277186,2.419208,2.388783,0.838320,0.887412,1.371886,2.075601,2.964683,2.484923,0.988467,3.962975,0.880275,3.519865,1.217897,1.450951,0.896811,0.000000,1.483294,0.807583,0.903692,0.948924,1.575986,1.066271,0.963767,0.793436,0.911015,1.081830,1.734552,1.291917,0.746758,1.146498,1.939139,1.087256,2.163647,1.279150,1.156194,2.728711,0.909225,4.811744,1.827797,0.833932,1.370268,2.774951,2.231749,0.858564,0.809654,1.981040,0.991132,1.356392,2.337730,1.231601,0.835124,3.209789,2.951544,2.649169,2.764110,2.950603,3.074337,3.044320,0.922588,0.909152,0.992509,0.958348,0.974413,2.235744,1.600517,1.031929,1.502617,1.687098,2.067632,2.704678,5.410108,0.869701,1.980218,0.921199,1.096736,2.568384,1.013246,1.437519,0.711248,1.002401,1.237465,1.112351,0.940420,1.134947,0.883122,1.030034,1.908691,1.639788,2.123535,0.889043,2.695150,1.126812,0.989034,0.915277,1.160918,1.572457,0.993355,0.935188,1.008645,3.771637,2.601580,2.820034,2.756996,2.040883,2.486836,1.801410,2.518000,2.169534,1.018057,2.354709
7.716896,4.010181,2.904239,3.748218,1.168687,2.194870,1.926363,1.228390,1.478835,3.182011,3.939528,3.545757,1.678879,6.411385,3.487146,6.740590,2.988735,2.561126,1.604818,1.387174,1.656806,2.239237,4.037916,3.027690,0.996638,5.550808,1.900787,4.910920,1.702130,2.740525,1.704663,1.471350,0.000000,2.835271,1.704198,2.025975,3.659699,1.990786,1.537623,1.521382,1.599222,1.102498,3.245488,2.116438,1.115526,2.299973,2.485397,1.970197,3.908741,2.361526,2.455213,4.755936,2.093762,6.388684,2.486210,1.897462,2.596147,4.004635,2.816857,0.705788,2.285841,2.477826,2.100093,2.214638,3.263675,1.974071,1.383869,3.814628,4.116153,3.553017,3.980731,3.757415,4.133337,3.824229,1.285502,1.537648,1.543615,1.860398,1.794093,3.084216,2.725392,1.870925,2.295167,2.240260,2.914634,3.413375,7.446563,2.199631,2.503308,1.789046,1.487520,3.811979,1.881289,2.673187,2.610257,2.333887,1.930864,2.496869,2.040905,1.935331,1.623149,2.128007,2.489976,1.697576,2.540364,2.497982,3.162678,2.983315,1.753651,1.756953,2.836721,2.393941,0.905054,1.598027,1.214557,4.717607,3.476224,3.171220,3.229405,2.558800,3.613279,2.293043,3.640577,2.411373,1.273464,2.954419
8.705799,4.925585,2.796874,4.642190,0.855887,2.543359,1.318856,0.886867,0.850147,4.073277,4.990848,4.245601,2.610259,7.502353,3.107818,6.886426,3.937296,3.756349,1.290378,0.726493,1.823862,3.228611,5.298224,4.087438,1.232428,5.617186,1.069388,5.505358,1.905103,2.219862,1.098925,0.872489,2.902603,0.000000,0.855543,0.677026,2.254528,1.325678,0.926261,1.332594,1.414645,1.390090,3.198919,2.441418,0.555068,1.458662,2.846478,1.551738,3.016291,1.697257,2.112211,3.608355,1.011540,6.115237,2.353891,1.519021,1.745582,3.911443,3.704756,0.713793,1.176512,3.863621,1.449583,1.786579,4.016728,1.247517,1.439954,4.999707,4.137221,4.483311,4.072659,5.016217,4.461975,4.921368,0.779904,0.834330,1.232407,1.020490,1.451156,3.039761,3.398376,1.792192,1.565093,1.922534,2.673157,3.767188,7.202480,1.299842,2.375632,1.872938,1.169704,3.709197,0.688293,2.313461,1.432705,1.349788,1.843999,1.267010,1.417338,1.579080,0.996102,1.218744,2.803623,2.067038,3.051091,1.261365,4.123250,1.523204,0.717989,0.812508,1.819837,2.618951,0.913296,1.607552,0.958309,5.832900,4.090047,4.292946,4.435060,3.695805,3.853169,3.072171,3.437536,3.177103,1.649784,3.580045
7.898674,3.247454,2.025540,2.767327,0.950667,1.384703,1.022150,1.138304,0.951570,2.480314,3.335538,2.726409,1.498412,5.941324,2.333550,5.123598,2.531879,2.457285,0.757032,0.875365,1.505802,1.854142,2.941556,2.646831,0.950215,4.362309,0.927203,3.381722,1.232376,1.677057,1.044261,0.868033,1.541866,0.865382,0.000000,0.835463,1.748905,1.031211,0.996529,1.063630,1.026041,1.006456,1.935099,1.490297,0.968268,1.384541,2.010788,1.159448,2.140613,1.411346,1.335267,2.974697,0.661120,4.904074,1.803135,1.015283,1.393074,2.666643,2.246789,0.968225,0.937478,2.080956,1.048090,1.323328,2.577255,1.117770,1.027942,3.402916,3.111095,2.905762,2.697035,2.736853,3.096336,3.080615,0.829011,1.081715,0.872206,0.881688,0.974388,2.058199,2.049729,1.218009,1.336922,1.303578,1.776351,2.440801,5.783172,0.974719,1.739678,0.988638,1.008150,2.480471,1.040962,1.498314,0.948619,1.007190,1.213655,1.021840,1.000250,1.284673,0.914962,1.008142,1.918611,1.439524,2.027212,0.945380,2.402873,1.337932,0.993426,0.842651,1.286329,1.580767,0.993887,0.954261,1.087687,3.921079,2.597190,2.518797,2.667225,2.244111,2.653786,1.751227,2.384371,1.901362,1.106322,2.245990
7.901734,3.694749,2.160092,3.340721,0.964137,1.559081,0.852068,1.004248,1.038229,2.762080,3.890391,2.980678,1.745086,6.791265,2.532620,5.462422,2.848430,2.662030,0.919340,0.787459,1.435638,2.002998,3.501523,3.122096,0.946403,4.601325,0.898852,4.169307,1.185081,1.614755,1.031695,0.871850,1.902448,0.832127,0.872735,0.000000,1.793265,0.897595,0.947677,1.010246,1.136801,0.867288,2.171088,1.695760,0.755084,1.177243,1.968052,1.035451,2.123526,1.354428,1.352704,2.789270,0.686309,5.258971,1.882961,1.070777,1.436912,3.062059,2.577167,0.890828,0.820105,2.568524,0.978405,1.282437,2.897845,1.076975,1.191467,3.783905,3.291462,2.874944,3.103633,3.313713,3.365429,3.341785,0.918937,1.044284,0.789535,0.773056,0.889972,2.019270,2.131040,1.236574,1.201484,1.681092,2.128471,2.618079,6.117099,0.970275,1.945104,1.054617,0.919823,2.540309,0.896035,1.307871,1.003097,0.867346,1.358936,0.977369,0.830485,1.166862,0.908412,0.815265,2.076280,1.652932,2.184417,0.905124,3.009349,1.234966,0.858490,0.972593,1.073025,1.761365,1.001728,1.092738,1.014990,4.298558,3.114280,3.020119,2.829057,2.535155,2.552588,2.044074,2.561392,2.207534,1.258141,2.588976
8.312810,5.928289,4.092536,5.706716,2.063631,3.709650,2.767811,1.571898,2.272591,5.330155,5.547450,4.712208,3.513148,8.152998,4.831050,7.665063,4.467053,4.525565,1.820454,1.192550,4.025136,4.166004,5.586883,4.405805,1.308475,7.209166,2.696750,6.520259,2.950593,3.187291,2.390100,1.749226,3.343284,2.358687,1.966581,2.071015,0.000000,2.490201,1.401839,1.643401,2.531132,1.957296,4.714224,3.084448,1.433373,3.183555,5.565542,2.457549,4.660829,2.925995,2.991555,5.880063,2.071664,7.539958,3.279835,1.830670,2.966594,5.300509,4.400148,0.914669,1.875007,4.246199,2.443882,3.115724,4.767858,2.435163,1.421312,6.254346,5.394983,5.799325,5.400739,5.533298,6.292605,6.230214,1.655151,1.232830,2.094363,2.008684,2.298738,4.462615,3.976273,2.461016,2.572605,3.391774,4.707445,5.377123,8.178306,1.872341,4.118134,2.602895,1.969345,5.233592,1.722252,4.348179,2.171491,2.276728,3.419250,2.981027,2.324502,2.594445,1.796993,2.264281,4.273148,3.460725,4.295644,2.325729,5.363770,3.124650,1.481521,1.502597,3.321554,3.207208,0.988718,2.624023,1.967566,6.777531,5.489953,5.212097,5.074958,4.513518,5.359584,3.899698,5.198715,4.122361,2.338449,4.404347
8.300761,4.060039,2.387552,3.199401,0.956485,2.083726,1.352865,0.858181,1.162747,3.173250,3.984988,3.199581,1.576392,6.802552,2.810673,5.465001,2.925077,2.696572,0.948850,0.707274,1.701532,2.233534,3.347125,2.689618,1.032633,5.115005,1.472436,4.694906,1.643880,2.100270,1.273583,0.932948,1.879377,1.238013,0.870397,1.034608,2.165609,0.000000,1.064449,1.411964,1.524721,1.131225,2.777714,1.824263,1.086375,1.691974,2.393854,1.432444,2.723275,1.664036,1.883669,4.241362,1.240161,5.913351,1.993395,1.409411,1.754788,3.273262,2.705344,1.001603,1.282241,2.873573,1.472867,1.775404,2.852979,1.359801,1.182015,3.803528,4.173707,3.376044,3.514079,3.185691,4.018836,3.640047,0.897177,0.924546,1.341385,1.253076,1.318918,2.371348,2.352412,1.534672,1.690608,1.735315,2.546448,2.961548,6.487271,1.309457,2.129305,1.445797,1.190897,2.706253,0.781892,2.233401,1.390968,1.429762,1.689278,1.791900,1.329042,1.749613,1.014222,1.350359,2.182803,1.537659,2.282806,1.326711,3.037317,1.672833,1.125175,0.924175,1.841692,2.160325,1.005849,1.366228,0.850631,4.422614,3.122525,2.885669,3.264968,2.508536,3.039918,2.001380,2.983198,2.312559,1.294680,2.839135
6.276838,2.550207,1.827670,2.098168,1.130277,1.559796,1.216266,0.919900,1.318637,1.815252,2.528957,1.437966,1.055841,3.861787,2.005381,4.610873,1.876899,1.894989,0.966857,0.993245,1.211483,1.666535,2.301665,2.004709,1.006220,3.597310,1.014681,2.994072,1.057361,1.514333,1.145681,0.923596,1.166940,1.142073,1.056202,0.996313,1.582940,1.380734,0.000000,0.891502,1.049735,0.960151,2.015802,1.149711,1.024239,1.144662,1.590322,0.932923,2.375939,1.376073,1.441670,3.210008,1.087631,4.892934,1.476195,1.051806,1.474717,2.730951,2.021079,0.801012,0.914045,1.483914,1.048468,1.334457,1.811869,1.066513,1.087258,2.558176,2.971424,1.997041,2.175398,2.121816,2.897203,2.565502,0.985799,0.975867,0.909966,1.108943,0.878045,2.018292,1.936787,0.955700,1.423121,1.630464,1.796010,2.123451,5.582797,1.059205,1.769499,1.182080,1.133356,2.106307,0.893175,1.658159,1.241300,1.196747,1.091422,1.219348,0.981787,1.324922,0.855917,1.100025,1.574335,1.355952,1.797073,1.247313,2.060016,1.583531,1.090003,0.956096,1.604861,1.305660,0.914606,1.081261,0.964468,2.759562,2.194786,2.139476,2.151790,1.585678,2.112435,1.351574,2.093329,1.523336,1.050546,1.762489
8.590347,3.854129,2.366173,3.573936,1.165960,1.903499,1.473598,1.091816,1.266750,3.238547,3.879271,3.108693,2.101226,6.322247,2.561089,6.175254,2.409534,2.389466,1.206164,0.829375,1.937238,2.245517,3.666368,2.445485,1.047290,4.884859,1.495896,4.423042,1.478367,2.029638,1.439239,1.095612,1.677524,1.522402,1.170843,1.422539,1.791654,1.641914,1.026277,0.000000,1.314191,1.087368,2.654286,1.445355,1.004138,1.908146,3.456460,1.424719,2.674730,1.902404,1.722559,3.693727,1.130123,5.532743,2.031475,1.288832,1.818259,2.884628,2.664139,0.926322,1.245425,2.014977,1.561509,1.751103,3.614316,1.338986,1.152775,4.302404,3.547771,3.875678,3.642773,3.140559,3.782391,3.923163,0.958260,0.974164,1.229263,1.058728,1.253170,2.640090,2.219717,1.264008,1.617626,2.169099,2.457885,3.206091,6.539802,1.177150,2.009091,1.486568,1.031444,3.076597,1.058866,2.457274,1.218492,1.315750,1.817700,1.596613,1.445204,1.592908,1.119925,1.335481,2.150738,1.819284,2.578947,1.373901,3.404426,1.953770,1.120420,1.181801,2.158726,1.770143,0.950011,1.423746,1.052071,4.649450,3.380597,3.234417,3.241769,2.514325,3.405063,2.360718,2.910017,2.446273,1.413461,2.599008
7.932222,3.105783,2.126815,2.634941,1.044063,1.794362,1.677762,1.154851,1.026812,2.721046,3.581143,2.761047,1.713356,6.520872,2.691330,5.418742,2.289255,2.215780,1.575061,1.292467,1.331420,1.988435,3.115593,2.301347,1.059589,4.469551,1.429361,4.042183,1.385474,2.132612,1.416009,1.308349,1.200622,2.013271,1.357422,1.689011,2.694532,1.793449,1.060491,1.107323,0.000000,1.071130,2.436082,1.181570,0.991571,1.880543,2.168375,1.232728,3.049451,1.963920,1.951495,4.359201,1.480864,5.731516,2.046073,1.609950,2.081307,3.347709,2.268946,0.938493,1.410500,1.779436,1.507882,1.775910,2.873046,1.461282,1.151868,3.734943,3.745543,2.910060,3.306550,3.372331,3.246060,3.305507,1.450123,1.070211,1.014417,1.381793,1.533728,2.409732,2.115711,1.777553,1.878744,1.623648,2.327468,2.196069,6.888330,1.438864,1.888522,1.588048,1.240488,2.860013,1.601585,2.172362,1.765584,2.027017,1.711321,1.812155,1.748706,1.662475,1.378836,1.852982,2.039728,1.328462,1.778671,1.748940,2.495896,2.304825,1.282933,1.468933,2.094055,1.836878,0.865989,1.536736,1.418484,4.067852,2.738186,2.499716,2.533044,2.004001,2.548655,2.050082,2.747226,2.128105,1.318911,2.325717
6.763684,2.905747,1.845334,2.683661,1.106472,1.306400,1.123245,0.915375,0.934847,2.318354,2.953514,1.998601,1.518765,5.318354,2.075125,5.208897,2.103684,1.995226,1.059143,1.004109,1.184762,1.882754,2.712004,2.185069,0.988021,3.891802,1.166169,3.329384,1.010751,1.439429,1.176095,0.906016,1.017155,1.393361,1.009434,1.190111,1.809575,1.184770,0.902435,1.024471,1.008039,0.000000,2.027027,0.939624,1.214879,1.330504,1.714226,0.984102,2.372502,1.457811,1.293634,3.196388,1.098142,4.930786,1.626603,0.987117,1.540968,2.944446,1.940739,0.963911,1.150535,1.417454,1.033002,1.713295,1.942351,1.448520,1.061848,2.891499,2.843531,2.448092,2.818869,2.790202,2.806218,3.055738,1.031503,1.017297,1.149787,1.185139,1.021787,2.042642,1.430836,1.048140,1.580958,1.605704,2.045156,2.226106,5.823812,1.108517,1.836229,1.095209,1.097566,2.302722,1.018139,1.609809,1.291444,1.219671,1.435449,1.398859,1.139834,1.059633,1.103533,1.277836,1.714379,1.275449,1.671039,1.328614,2.110315,1.603230,1.173288,1.075218,1.387135,1.402523,1.008964,1.179403,1.128329,3.560436,2.479731,2.563397,2.365069,1.743660,2.463615,1.782698,2.517043,1.788765,1.066484,1.973317
9.026510,5.479528,4.089774,5.248737,1.655998,3.682469,3.027553,1.876657,2.025527,4.684565,5.806072,4.712013,2.890066,8.151625,4.977511,7.787788,4.628721,4.478016,2.586220,1.815553,2.780945,3.298413,5.301796,4.594476,1.627662,7.165556,2.840655,6.497828,2.835130,4.078829,2.334637,1.943712,3.260128,3.005066,1.994837,2.354285,4.709730,2.967497,1.864543,2.419713,2.447959,2.091896,0.000000,3.592265,1.849988,3.581766,4.281910,3.073465,4.695696,2.927609,3.734971,5.936879,2.928838,7.780369,3.479970,3.004507,3.120394,5.229255,4.058581,0.965221,3.360095,5.062206,3.173218,3.166011,4.564449,2.264780,2.612837,5.641103,5.276518,4.965431,5.362454,4.838506,5.230811,5.100408,2.013595,1.827565,2.383360,2.453815,2.922283,3.836512,4.845536,3.157192,3.210990,3.107727,4.395719,4.590330,8.335918,3.494177,3.412968,3.235904,2.089106,4.118616,2.347725,3.999504,3.466734,3.270193,3.130684,3.238322,3.129446,3.142944,2.344541,3.074351,3.775297,2.947197,3.828781,3.192603,4.687512,4.045778,2.007910,2.294321,4.155996,3.529297,1.673778,2.699072,2.160392,6.289187,4.562634,4.410027,4.693669,3.692128,4.933188,3.331793,4.528550,3.679050,2.302613,4.233550
8.925273,4.489669,2.834211,3.574696,1.425320,2.323259,2.262477,1.262317,1.645373,3.495196,4.297958,3.732378,2.272980,6.745043,3.557216,6.795213,3.061431,2.721616,1.696967,1.434547,1.877136,2.391217,3.855780,2.910899,1.138939,5.737059,1.910465,4.455692,1.850333,3.009058,1.706908,1.527261,1.900605,2.520681,1.781886,1.944665,3.209029,1.942456,1.280571,1.250234,1.382364,1.350362,3.534373,0.000000,1.108483,2.248367,2.953130,1.658048,3.639364,2.487827,2.355549,5.179209,2.187883,6.482639,2.403764,1.896091,2.652151,4.015568,2.741293,0.935127,1.855820,2.234353,1.778820,2.495924,3.690577,1.835376,1.270710,4.714838,4.725174,3.944263,4.097481,3.714605,4.425101,4.235925,1.581296,1.336935,1.581647,1.840022,1.708868,3.180766,2.190107,1.970013,2.263074,2.493779,3.068623,3.192385,7.835092,1.725296,2.447773,1.717654,1.476855,3.493914,1.952882,2.933602,2.186672,2.356320,2.111725,2.616085,2.285057,1.799785,1.558298,2.131787,2.612610,1.680729,2.620273,1.985894,3.430278,2.875663,1.416756,1.546222,3.154391,2.217652,0.928721,1.771875,1.658172,5.104341,3.680763,3.304686,3.242486,2.893901,3.672535,2.714897,3.421818,2.622115,1.565175,2.988790
8.076721,2.977587,1.915681,2.660841,0.961155,1.098654,0.959855,0.884389,0.895091,2.394531,2.931764,2.415332,1.639505,5.177402,2.034582,5.009017,2.160499,2.021265,0.830260,0.972723,1.362766,1.936310,2.694865,2.161088,0.873157,3.373404,0.868178,3.200796,1.044492,1.357279,0.909009,0.908050,1.221051,1.012133,0.841290,1.019659,1.367246,0.921237,0.895922,0.721111,1.031606,0.953992,1.641346,0.983706,0.000000,0.959802,1.604634,0.937123,1.963663,1.425212,1.049853,2.483023,0.863479,4.325960,1.460889,0.845679,1.160674,2.443500,2.212578,0.812423,0.812729,1.460793,0.907981,1.243829,2.349651,1.286171,0.904673,3.084569,3.003499,2.663127,2.652153,2.749542,3.115295,2.978001,0.858822,1.001000,0.984000,1.020488,0.779622,2.029904,1.124390,0.933936,1.304864,1.419297,1.522294,2.060691,5.038317,0.943791,1.773883,1.004334,0.981177,2.328059,0.975073,1.287170,0.908077,0.906672,1.217926,1.009038,0.923915,0.887079,0.882537,0.882320,1.575418,1.240980,1.799089,0.980546,2.462260,1.106340,0.959470,0.927709,1.015287,1.340143,1.052218,1.196133,1.125012,3.562740,2.145820,2.335445,2.541635,1.980585,2.336593,1.960943,2.327405,1.976612,1.019107,2.079200
8.012274,5.092788,3.148746,4.228339,0.977870,2.484046,1.961714,1.127701,1.296398,3.794043,5.008344,4.035036,2.602396,7.184122,3.665232,7.193402,3.656019,3.613231,1.483608,0.963591,1.797816,2.855465,4.638546,3.509059,1.258772,5.926328,1.635115,5.395809,1.938417,2.416051,1.489085,1.152120,2.171563,1.400156,1.395719,1.266469,3.032884,1.715702,1.147068,1.712184,1.397209,1.247580,3.260744,2.229120,0.808639,0.000000,2.738166,1.465319,4.016566,2.387109,2.385080,4.945806,1.684351,7.302792,2.879579,1.738809,2.547639,4.805690,3.795158,0.928308,1.347290,2.910012,1.447364,2.298197,3.461041,1.778079,1.587483,5.167046,5.376633,4.118500,4.736227,4.758239,5.119508,4.883376,0.930762,1.124803,1.491837,1.575767,1.764449,3.670900,2.975766,1.786146,2.308650,2.509480,3.480183,3.988595,7.417890,1.540920,2.979828,1.700258,1.401629,3.921457,1.242938,2.695784,1.931975,1.782376,2.287176,2.287504,1.844464,1.553724,1.414841,1.582125,2.995464,2.277894,3.261706,1.952483,3.921970,2.486485,1.272712,1.423972,2.268064,2.633521,0.931982,1.978506,1.259346,5.769553,4.245763,4.185134,4.334955,3.197979,4.024303,2.661689,3.957588,3.064137,1.844098,3.434464
8.867317,5.562037,3.895763,4.822317,1.104912,3.233004,2.951993,1.966994,1.475069,4.376095,5.821499,4.689983,2.855110,8.357709,4.949143,7.249396,4.143969,3.969114,2.677070,2.221727,1.374332,3.298925,5.232322,4.358433,1.585064,6.910390,2.207769,5.590852,2.091926,3.508128,1.778390,1.851785,2.559952,2.701393,1.871969,1.866659,5.688520,2.472261,1.789373,3.609692,1.750311,1.664374,4.078555,3.206229,1.414219,2.762892,0.000000,2.431236,4.788811,2.811505,3.992683,6.246242,3.661118,8.001621,3.917133,3.053185,3.707326,5.462449,3.747125,1.149061,3.615410,3.079392,2.672242,3.014368,3.985269,2.453172,2.829877,5.259657,6.114562,4.727416,5.224765,4.847346,5.188430,5.051772,1.531965,2.072718,2.238087,3.490357,3.006855,3.303260,4.025096,3.101748,3.279761,2.795199,4.393607,3.841110,7.841968,3.363785,3.470849,2.656392,1.923419,3.755835,2.618687,3.097534,4.716054,4.132796,2.796389,3.782436,3.105398,1.427179,2.562443,3.203950,3.378866,2.429520,3.469435,3.865607,4.002066,4.145267,2.473424,2.466223,3.381147,3.300625,1.558569,2.470045,2.202826,5.924249,4.582168,3.955850,4.657055,3.442056,4.914258,3.296592,4.406813,3.362163,1.991150,3.968003
8.713555,3.984028,2.631678,3.510788,1.041829,1.689538,1.582911,0.951416,1.243521,3.129963,4.091344,3.226223,2.164697,6.580124,2.978075,6.515909,3.089675,2.980163,1.181802,0.925230,1.753482,2.712085,3.643626,3.104347,0.982749,5.216512,1.217479,5.090623,1.340196,2.034579,1.533721,1.001220,1.538851,1.635144,1.109211,1.205849,2.465624,1.538590,1.059209,1.129192,1.208205,1.094141,2.616325,1.293265,0.756862,1.517228,2.410001,0.000000,3.239314,2.159154,1.711843,4.599526,1.251710,6.265388,2.432297,1.274189,2.058090,3.904375,3.044832,0.825227,1.014012,1.721529,1.172548,2.029463,2.917510,1.678727,0.996809,4.463694,4.784239,3.500217,3.739286,3.792330,4.429096,4.228562,1.017509,0.905226,1.172114,1.134551,1.326527,3.080160,1.825380,1.361812,2.014321,2.214915,2.972911,3.188084,6.487858,1.151609,2.554055,1.242836,1.393071,3.603357,0.897066,2.104323,1.497646,1.555983,1.896164,1.996080,1.466525,1.402760,1.042269,1.507063,2.432922,1.563999,2.726149,1.416603,3.436800,2.215460,0.847177,1.281902,2.051472,1.820210,0.988224,1.571223,1.078617,4.735066,3.329767,3.115040,3.384181,2.473788,3.501802,2.487750,3.220596,2.586972,1.508640,2.708794
8.253568,4.255451,2.611351,3.652849,1.693552,3.940179,2.758028,1.759672,2.176912,4.334560,4.028223,4.977645,2.680157,7.791889,3.681336,6.261953,3.707877,2.762040,2.069673,1.677325,3.536691,2.308710,4.270077,3.441439,1.461671,7.507677,2.914826,5.550279,3.290704,4.338280,1.845566,1.782837,4.018389,2.710952,1.720613,1.869167,4.368961,2.600475,1.883499,2.280845,2.875878,2.146826,4.446998,3.475119,1.847453,3.835256,4.955014,3.072468,0.000000,1.792833,3.601251,3.600386,2.523575,5.872215,2.062453,3.015129,2.771955,3.451634,2.698809,0.809021,2.863315,5.420717,3.082271,2.000092,4.616725,1.458251,2.272016,4.379062,3.168089,4.358258,4.432251,3.577130,3.632253,2.822301,1.920141,1.351941,2.192289,2.426096,2.328678,1.572103,5.242819,2.849797,1.822368,2.039484,3.460563,4.084032,8.397168,3.281839,1.749293,3.226060,1.526250,2.591331,2.248996,4.231763,2.783857,2.987309,2.917065,2.389263,3.088867,4.171352,2.424265,2.523363,2.988897,2.480158,3.028077,2.576580,3.931030,3.206385,1.598854,1.601443,4.126848,3.991316,1.692163,2.833103,1.840787,5.614665,4.001603,3.282689,3.194326,3.893890,3.927727,2.558158,3.284359,2.889710,1.946849,3.275542
7.507208,3.326894,2.150279,2.702401,1.256318,2.449020,1.615549,1.097110,1.254270,2.824438,3.054868,2.932382,1.669907,6.591129,2.563479,5.396706,2.805280,2.453597,1.275740,1.024395,2.023250,1.775177,3.431842,2.636770,0.985779,5.666900,1.768503,4.430886,1.790675,2.156887,1.254558,1.120774,2.614450,1.422437,1.187488,1.274485,2.639258,1.608786,1.146369,1.621042,2.053607,1.270958,2.996234,2.281563,0.957297,2.001113,2.800525,1.805574,1.777262,0.000000,2.120990,2.332336,1.462208,4.608969,1.392869,1.749848,1.811256,2.695382,1.854311,0.935786,1.489812,3.205207,1.651321,1.481890,2.501083,1.124340,1.525734,2.931636,2.651606,2.779088,3.151938,2.630568,2.733130,2.444179,1.088175,0.996470,1.439292,1.258550,1.178432,1.428856,3.395492,1.561195,0.983245,1.269495,2.320900,2.782690,6.979491,1.868726,1.340163,1.846364,1.068159,1.899746,0.988920,2.889036,1.663208,1.606015,1.520055,1.422399,1.602749,1.968426,1.480520,1.552006,2.099909,1.843753,2.137856,1.628891,2.859308,1.870581,0.975707,0.991881,2.481693,2.380591,1.148113,1.812243,1.174406,4.040026,2.594324,2.615479,2.601810,2.405511,2.509815,1.890611,2.573567,1.846215,1.237182,2.511872
9.123197,4.966209,3.339026,4.503756,1.367585,2.677813,1.971709,1.170316,1.615117,3.837334,4.957581,4.031955,2.556950,7.095682,3.985518,6.977480,3.955195,3.791921,1.559064,0.978806,2.634692,2.945175,4.460786,3.628267,1.297203,6.112610,1.916282,5.300862,2.185497,2.792114,1.719052,1.260274,2.448171,1.915683,1.459684,1.401777,3.094579,2.165701,1.458976,1.613684,1.973040,1.393011,3.765580,2.354713,0.989737,2.274258,3.369667,1.832373,3.950194,2.431637,0.000000,5.060227,1.591102,7.051475,2.879832,1.599756,2.641989,4.538619,3.599193,0.889819,1.571453,3.470035,1.826579,2.456046,3.734958,1.897142,1.396466,5.452991,5.259856,4.428504,4.422206,4.525567,4.772083,4.822442,1.134169,1.180923,1.579165,1.323855,1.835522,3.598494,2.906350,1.672127,2.267764,2.651731,3.507168,4.157268,7.604735,1.622296,2.969440,1.702472,1.629845,4.040856,1.344307,2.902299,2.023287,2.005466,2.265225,1.940806,1.591165,2.328948,1.375140,1.650971,3.137997,2.608744,3.277279,1.941510,4.166223,2.818860,1.241980,1.296316,2.606499,2.779822,1.022751,1.954663,1.315128,5.716296,4.525643,4.064388,4.199347,3.397249,4.215222,2.826692,4.078508,3.195023,1.842323,3.611399
8.514670,5.615675,4.037354,5.185695,2.215126,5.213271,3.400520,2.234767,2.455295,5.607667,5.357352,6.388780,4.042673,8.631829,5.063539,7.230058,5.244488,4.649393,3.033378,1.842132,4.852970,3.732955,6.790518,4.951961,2.070628,8.595187,3.609343,7.163737,4.167967,4.899819,2.584985,2.174564,4.921114,2.819408,2.187642,2.360689,5.180518,3.768948,2.672682,3.013612,4.112198,3.042507,5.341431,5.189583,2.040498,4.780579,6.565805,4.216554,3.307963,2.474098,4.479875,0.000000,2.941510,6.227915,3.024050,3.546892,3.248567,4.944416,4.133889,1.333012,3.260489,6.794489,3.699703,3.458204,6.513250,1.628668,2.744577,5.915410,3.751224,6.096356,5.745440,5.596687,4.460218,4.428903,2.223946,1.386855,2.958993,3.067577,3.371779,2.725452,6.224524,4.220016,2.378943,2.965585,4.807302,5.442337,9.321532,3.936246,2.729734,4.343487,2.035322,3.741817,2.766616,5.037453,3.934198,3.753525,3.919727,3.131459,3.932081,4.720916,3.043341,3.326194,4.103307,3.651486,4.279377,3.548354,5.261464,4.187395,1.873737,2.003273,4.711860,4.898152,2.062345,3.870796,2.514273,7.013603,5.963514,5.070551,4.851727,5.335810,5.313791,4.285758,4.929777,4.475943,3.032756,4.658849
8.426873,4.725398,2.728409,3.807504,0.983213,2.172448,1.338148,0.830873,1.222958,3.246767,4.339829,3.347203,2.142932,6.905980,2.941166,6.594675,3.447152,3.246300,1.195701,0.653774,2.033043,2.754407,4.253492,3.666246,1.155829,5.075259,1.158059,4.854401,1.713495,2.245583,1.352755,0.852399,2.258081,1.109390,1.004898,1.037402,2.167312,1.523158,0.900090,0.961612,1.164926,1.222413,2.715043,2.039481,0.740539,1.630948,3.047626,1.454102,3.258786,1.998854,1.702648,4.002982,0.000000,5.994181,2.467508,1.277261,1.844928,3.885648,3.082312,0.606064,1.075426,3.404088,1.398598,1.595366,3.036807,1.420877,1.152075,4.380293,3.893729,3.914147,3.840344,3.883106,4.388139,4.534613,0.882869,0.991948,1.174850,0.727929,1.312027,3.207377,2.450768,1.151039,1.920466,2.374627,2.740661,3.711368,6.762921,1.146420,2.645868,1.346323,1.148265,3.518362,0.875897,1.976438,1.089129,1.223512,1.769733,1.218235,1.156676,1.726679,1.086602,1.181811,2.717974,2.374168,2.982268,1.224611,4.090498,1.968684,0.745893,1.110200,1.747026,2.159281,0.862021,1.481739,0.760264,5.347808,3.446265,3.682781,3.848794,2.992948,4.030123,2.527765,3.585848,2.906376,1.256840,3.184067
0.000000,7.656075,5.615239,6.796712,3.932502,6.707425,5.754988,4.113178,4.426617,7.396867,7.082137,7.644282,5.669117,0.000000,6.534640,0.000000,6.640761,6.014924,4.540320,3.582203,6.879077,5.926407,7.127918,6.727462,3.062793,9.266426,5.422066,8.083804,5.565575,6.908674,4.631762,4.051221,6.420216,5.275569,4.071740,4.818753,6.782698,5.026572,4.275963,4.574479,5.163730,4.394004,6.938123,6.133879,3.630307,6.793217,8.054492,5.917463,5.200416,4.464685,6.357030,5.683661,5.187479,0.000000,5.468208,5.108596,5.215159,6.824496,5.898419,2.336449,5.370848,7.676770,5.640579,5.516427,7.963772,3.591431,4.332839,7.665450,5.474208,7.788273,6.987625,6.997443,6.662020,6.815933,3.939453,3.062754,4.677267,4.978567,4.722664,4.995383,7.452193,5.683338,4.322188,5.028017,6.566243,7.210866,0.000000,6.001584,5.061037,5.497331,3.683632,6.331041,4.882763,7.160009,5.975824,5.529183,5.774869,4.742677,5.965271,6.828241,5.034674,5.539730,6.296230,5.239733,6.397155,5.475698,6.963353,6.406147,3.677352,4.125437,6.580959,6.290779,3.500283,5.642735,4.228691,7.842448,6.848102,6.412546,6.614239,7.418893,6.958548,6.367617,6.601377,6.141268,4.206882,6.780572
7.543308,3.010326,2.166931,2.717613,1.437889,2.829149,2.158718,1.305641,1.604201,2.877811,3.390595,3.238819,1.420380,6.304135,2.694044,5.462629,2.361901,2.142992,1.626672,1.328612,2.576657,1.589653,2.958872,2.338987,1.097561,5.756372,2.310722,4.325601,2.407561,2.809562,1.391133,1.460059,2.581359,2.217516,1.499266,1.656410,3.121856,1.914305,1.159917,1.865173,2.306873,1.595614,3.423175,2.348273,1.280076,2.667117,3.748372,2.284859,2.116731,1.358750,2.386490,3.203781,1.942596,5.840046,0.000000,2.004441,1.860049,2.625148,1.845051,0.443662,2.386095,3.979762,2.145584,1.515312,2.680791,1.260253,1.600734,2.940984,2.751197,3.022483,3.394139,2.551907,2.661856,2.637981,1.719394,1.161173,1.645939,1.650018,1.644771,1.495745,4.110717,1.914893,1.378585,1.449998,2.346794,2.925316,7.851567,2.386821,1.509608,2.384192,1.236392,2.175319,1.637306,3.133336,2.277258,2.228775,1.642400,1.746371,2.190412,2.878634,1.798995,1.840728,1.991184,1.723689,2.057872,1.744987,2.861076,2.642186,1.202488,1.127732,3.130539,2.759219,1.377236,1.788537,1.331798,3.795436,2.843838,2.295883,2.412112,2.585472,2.805463,1.692556,2.354845,1.733722,1.225631,2.242340
8.532986,4.029911,2.562667,3.734291,1.269196,2.024444,1.542900,0.877673,1.443697,3.571820,4.272918,3.459933,2.455915,7.102785,3.306280,6.092391,2.995574,3.074146,1.149431,0.982064,2.365754,2.883925,3.915038,2.894824,1.010862,5.068553,1.397124,4.815441,1.641128,1.915262,1.631377,1.084758,1.729242,1.582036,1.293541,1.418798,1.954604,1.594380,1.020838,1.004941,1.284498,1.019977,2.860097,1.540496,0.986134,1.735149,3.273180,1.305842,3.191563,2.232837,1.498981,3.952466,1.073252,6.125487,2.309545,0.000000,1.865847,3.816063,3.002350,0.746774,0.996466,2.184541,1.386695,2.065339,3.590966,1.721330,1.064132,4.456973,4.257571,3.846507,3.745088,3.816908,4.307722,4.474747,1.116419,0.844969,1.166954,1.171150,1.416762,2.768160,2.128464,1.446581,2.020217,2.132357,2.841784,3.496857,6.365621,1.150540,2.597787,1.416895,1.338300,3.568085,1.014249,2.380380,1.288835,1.291926,1.844041,1.775577,1.212673,1.629476,0.974322,1.345839,2.352321,1.902637,2.596082,1.503174,3.660898,2.011082,0.935768,1.082932,1.954955,2.117087,0.980958,1.519474,1.057498,5.162097,3.676227,3.622268,3.747362,2.944745,3.526307,2.887028,3.519260,2.858754,1.332763,3.033266
8.501619,4.511310,2.800444,3.844523,1.330987,2.548857,2.006594,1.106767,1.746157,3.298755,4.484640,3.484377,2.205657,6.916179,3.313997,5.885978,3.101951,2.881440,1.630606,0.934128,2.619652,2.421867,3.553379,3.126961,1.215626,6.251200,2.008056,5.292794,2.238020,2.797093,1.503437,1.370680,2.534432,1.931468,1.345195,1.538989,2.757383,1.899870,1.108237,1.595458,2.063155,1.485905,3.333448,2.507425,1.207451,2.365114,3.606112,2.052946,3.054966,1.950661,2.454389,4.116077,1.473301,6.368184,2.075671,1.808219,0.000000,3.378704,2.885789,0.914000,1.813074,4.061258,2.014604,1.645047,3.506393,1.473024,1.520452,4.453734,3.578479,3.713640,4.289296,3.318124,4.009729,3.895310,1.294300,1.214393,1.484894,1.353614,1.769936,2.634789,3.832361,1.796126,1.643533,2.229899,2.662532,3.445243,7.614247,1.991155,2.237239,2.150838,1.086996,3.319107,1.186040,3.114898,1.859275,1.716015,2.048716,1.802737,1.819679,2.406744,1.396248,1.605390,2.739358,2.129326,2.903129,1.854980,3.666378,2.655668,1.059573,1.348393,3.006945,2.666046,1.236959,1.935205,1.221190,4.976106,3.588893,3.696542,3.539208,2.919508,3.850011,2.279018,3.109123,2.499714,1.455913,3.038873
9.183486,4.597594,3.309029,4.248317,2.252871,4.317243,3.777394,2.120176,2.687389,4.617293,4.887420,5.035301,2.453152,7.761156,4.201970,6.041464,3.700803,2.988499,2.716479,2.181139,3.787841,2.591254,4.400305,3.555257,1.551948,7.401526,3.922982,5.829678,3.983638,4.920560,2.203802,2.463049,3.904661,3.931981,2.402985,2.892870,5.058887,3.417131,2.158715,2.700845,3.482547,2.815711,5.288526,3.989032,2.454796,4.699143,5.751686,3.986599,3.191210,2.545394,4.235996,4.744859,3.243024,6.590693,2.688693,3.427759,2.901409,0.000000,2.623442,0.686858,4.017792,6.014722,4.007274,2.573018,4.678057,1.617207,2.415866,4.905026,4.001111,4.437099,5.359517,4.353464,3.863509,3.925297,2.832425,1.881229,2.858454,3.031419,3.153004,2.308898,5.843927,3.207511,2.298055,2.198453,3.676091,4.106781,8.717678,4.003467,2.545331,4.211509,1.798367,3.107336,2.980691,5.088904,3.847387,3.953021,2.930044,2.910622,3.761360,5.162750,2.985810,3.432096,3.223686,2.302561,3.291478,3.293427,4.226775,4.240859,2.095867,1.770645,4.957107,4.489432,1.918029,2.896893,2.196905,5.553632,4.375322,3.899333,3.737608,4.040265,4.493901,3.011482,3.448476,3.017384,2.253713,3.622076
7.117509,3.793864,2.988722,2.857498,1.753565,3.528549,3.069213,1.944841,2.239884,3.353060,3.255982,3.468536,1.616079,6.834516,3.636153,6.453189,3.020131,2.649228,2.191373,2.308207,2.704451,1.871030,3.898210,3.016154,1.273855,6.562195,2.849555,5.420861,2.816649,3.997313,1.947854,2.051667,3.108658,3.491936,2.296042,2.557995,4.178216,2.867538,1.852519,2.723421,2.722922,1.724213,4.180299,3.239244,2.013530,3.590195,3.839611,3.133947,2.953749,1.816321,3.587722,3.963830,3.075976,6.463592,2.068625,2.840974,2.924002,3.281499,0.000000,1.242962,3.688651,4.850455,3.214348,2.081619,2.854876,1.280759,2.089401,3.323829,2.878430,3.378489,3.944283,2.746561,3.154126,3.177398,2.396380,1.896207,2.318663,2.758991,2.568636,1.935190,5.248933,2.769109,1.982172,1.692035,3.172105,3.249983,8.446504,3.671525,1.913439,3.440158,1.424142,2.376920,2.990354,3.993347,3.548248,3.495505,2.269379,2.731131,3.334661,3.592210,2.788295,3.125559,2.475373,2.080090,2.586530,3.078714,3.357149,3.727236,2.076754,1.717635,4.257339,3.330635,1.636812,2.591048,2.214493,4.231897,3.432862,2.962373,2.905479,2.928282,3.404017,1.773004,2.855170,2.061777,1.635669,2.879917
5.847836,2.070989,1.532368,1.280920,0.973485,1.103720,0.930773,0.909167,1.019769,1.408160,1.849539,1.362111,1.216070,2.680437,1.096755,2.815868,1.600240,1.124715,0.851298,0.944121,1.136651,1.186667,1.332833,1.759546,0.887723,2.035369,0.992000,1.633780,1.015994,1.241051,1.020016,0.993281,1.180050,0.874848,0.860235,0.882368,0.839170,0.893268,0.886725,0.922787,1.044506,0.961084,1.324043,1.133990,0.845598,0.845254,1.199778,1.005531,1.627347,1.040817,1.034678,1.993558,1.082408,2.947286,1.220143,0.960606,0.811740,1.824477,1.301292,0.000000,0.901320,1.202526,0.878992,0.968765,1.588790,0.840795,1.017364,1.717500,2.059833,1.528972,1.434048,1.458609,1.834332,1.296378,1.000431,0.936569,0.888641,1.156418,1.009180,1.519578,1.320166,1.096573,1.007014,1.419506,1.057361,1.874077,3.122670,0.945428,0.955302,1.008166,1.063210,1.270166,1.085753,0.935833,0.866439,0.819999,1.135765,1.058563,1.119589,1.014579,0.948509,0.836772,1.137656,1.378270,1.639070,1.049895,1.223743,1.088322,0.991519,0.959258,0.683840,0.946127,0.945212,1.287320,0.909680,1.762138,1.287337,1.194318,1.253053,1.132902,1.254718,1.448393,1.182003,1.174105,1.090814,1.445226
8.596224,5.040808,3.138979,4.720927,1.193989,2.068219,1.526698,0.944238,1.185654,4.114659,4.838622,3.828201,2.627651,7.155771,3.306113,6.785580,3.622769,3.738945,1.157183,0.910520,2.395860,3.388337,4.526419,3.834125,1.066505,5.565942,1.154155,5.532874,1.713771,2.037052,1.481980,0.926427,1.962657,1.286200,1.074904,1.146290,1.901841,1.474243,0.921569,0.800527,1.460430,1.197209,3.148550,1.451137,0.829061,1.503542,3.507270,1.147967,3.284304,2.099673,1.538051,4.107307,0.912827,6.228370,2.498450,1.105562,1.865021,3.988224,3.709697,0.812071,0.000000,2.409534,1.204607,1.942902,3.661929,1.664699,0.988430,5.411579,4.560574,4.475775,4.395707,4.762285,5.180493,5.212166,1.098871,0.936062,1.053462,1.096250,1.240703,3.509162,2.103568,1.315097,1.922599,2.526530,3.001687,4.219359,6.847789,1.017683,3.022783,1.225732,1.209526,4.379830,0.955029,2.525473,1.229318,1.165100,1.945507,1.529681,1.149263,1.597563,0.946809,1.123966,2.990284,2.153530,3.266093,1.129852,4.359757,1.820410,0.954493,1.043965,1.815827,2.120561,0.822610,1.733197,1.075235,6.034824,4.123227,4.279477,4.453690,3.509853,4.069505,3.359498,4.041853,3.385938,1.697493,3.743860
9.433953,5.234371,3.651131,4.612855,1.550475,2.900072,3.127854,1.879633,1.915963,4.761752,5.142630,5.263908,3.450850,8.171314,4.527703,7.926090,4.008577,3.896606,2.548885,2.428733,2.000150,3.542622,4.817970,3.540044,1.354534,6.431966,2.375502,5.285218,2.183661,4.000400,2.175445,1.930810,2.189696,3.655648,2.073721,2.359941,4.725770,2.460119,1.903475,2.080523,1.708311,1.308664,4.367347,2.070695,1.214923,2.878253,3.174876,1.811197,4.896889,3.124207,3.475995,6.650707,3.639511,7.676107,3.517259,2.597359,3.792456,5.544542,4.366959,1.418909,2.450914,0.000000,2.541369,3.655270,4.618062,2.578777,1.927173,5.978101,5.926048,5.206479,5.562139,5.321195,5.607122,5.449269,2.165060,1.571757,2.313884,3.052444,2.286192,4.224523,3.111230,2.608724,3.590579,2.906083,4.172675,4.172810,8.243671,2.777796,3.363793,2.320482,2.211063,4.145625,2.682709,3.758613,4.183797,3.833334,3.132884,3.919121,2.843225,2.074242,2.311942,2.932303,3.065153,2.194069,3.666568,3.603785,4.454137,4.059372,2.195751,2.440845,4.149676,3.145160,1.408773,2.372359,2.224916,6.628876,4.814708,4.440245,4.619278,3.880858,4.865991,3.462290,4.678674,3.670535,2.141948,4.069467
8.572240,4.164799,2.880344,3.975475,1.131275,1.901251,1.498775,0.957727,1.263310,3.740164,4.477402,3.442820,2.407653,6.386534,3.333756,6.874408,3.189560,3.141236,1.235726,0.800787,1.527588,3.007806,4.208733,3.193477,1.108957,5.420462,1.374289,5.002650,1.260959,2.459483,1.435377,1.060884,1.895376,1.355624,1.176747,1.181570,2.231363,1.466166,0.982544,1.192781,1.318281,1.124057,2.770575,1.606812,0.814502,1.548999,2.486028,1.277964,3.189647,2.080065,1.766813,4.088497,1.392867,6.300673,2.406861,1.145546,2.106047,4.130838,3.300262,0.870772,1.079163,2.401792,0.000000,1.955137,3.562759,1.755976,1.033534,4.681175,4.431363,3.989728,4.318478,4.288518,4.911919,4.804036,0.918048,0.900785,1.169092,1.346587,1.495099,3.253558,1.978207,1.452572,1.948763,2.283737,2.963948,3.423960,6.510284,1.126126,2.709862,1.313558,1.355699,3.832865,0.960326,2.326839,1.463637,1.453958,1.829923,2.008484,1.409131,1.383439,1.145686,1.489460,2.611026,1.959929,2.713893,1.401607,3.489851,2.075296,0.915196,1.038319,1.950664,2.130251,0.972637,1.488932,1.106469,5.296332,3.340381,3.446183,3.831008,2.827051,3.919086,2.769834,3.549342,2.963598,1.260196,3.205375
7.663025,3.520902,2.494498,2.926578,1.155705,2.670536,1.770392,1.209949,1.341922,2.440337,3.164572,2.667329,1.753621,5.915507,2.666698,5.467838,2.526861,2.459088,1.398774,1.022615,2.078550,1.980231,3.003253,2.655207,1.127550,5.698515,1.744818,4.107580,2.042048,2.579352,1.257364,1.182768,2.208604,1.831821,1.349666,1.443194,2.913948,1.902255,1.029542,1.659144,2.028857,1.342819,3.537454,2.387253,1.052733,2.262053,2.801069,1.820841,2.583190,1.522229,2.548018,3.812461,1.580493,6.094051,1.839995,1.834407,1.984493,3.056467,2.035327,1.226919,1.936562,3.658592,1.951342,0.000000,2.592601,1.402005,1.626393,3.184417,3.372037,2.888376,3.098986,2.606276,3.154660,2.716932,1.170053,1.291634,1.521879,1.588735,1.549789,2.015341,3.544317,1.684314,1.435145,1.974512,2.645425,3.275276,7.037398,1.786267,1.832570,2.135443,1.281152,2.406093,1.340896,2.716648,2.128055,1.737392,1.729706,1.490057,1.681052,2.176071,1.371880,1.507089,2.418996,1.926635,2.221564,1.744001,3.219454,2.365891,1.094498,1.176222,2.724599,2.539818,1.293552,1.801441,1.274367,3.920370,2.588066,2.449794,2.720011,2.313568,3.015624,1.875159,2.393466,1.985803,1.133792,2.597430
7.854272,4.687733,3.876907,3.747883,1.971972,4.104791,3.624415,2.008610,2.408143,3.489021,4.578167,3.555316,1.460384,6.210009,4.753201,6.983714,3.977666,3.733875,2.742955,2.545978,2.501039,2.593900,4.534110,4.086076,1.513477,6.731441,3.106250,5.090550,3.106310,4.135825,2.398076,2.550226,3.568836,3.844510,2.863472,3.209213,4.975894,3.225061,1.653199,3.578617,2.986353,1.832142,4.769388,3.715956,2.188054,3.487127,3.184738,2.893719,4.882724,2.595269,4.381907,6.021820,3.553689,7.785616,3.159025,3.286518,4.025253,5.249187,2.723685,1.194010,3.954987,4.372031,3.469229,2.164135,0.000000,1.999581,2.706722,3.939634,5.130645,3.715197,4.281748,3.539859,4.554472,4.373866,2.543159,2.521751,2.781022,3.145106,3.062991,3.387185,5.283652,2.576357,3.300310,3.091514,4.136382,4.484653,7.874957,4.474454,2.973882,3.438904,1.660834,3.780545,3.334141,3.945059,4.478012,4.529507,2.255334,3.900976,3.336061,3.074275,3.157463,2.871553,3.183514,2.621553,3.187649,3.822814,3.775780,4.348398,2.449715,2.571726,4.272314,3.861441,1.958654,2.727639,2.121076,5.145645,4.044588,3.971986,3.914237,2.938502,4.282000,1.709630,4.279569,1.991380,1.959778,3.493587
6.983885,1.871700,1.534434,1.623880,1.067773,1.911302,1.258551,0.982623,1.063044,1.668516,2.153356,2.189703,1.332850,5.351145,1.631690,3.796518,1.349094,1.415064,1.194209,0.871135,1.710696,1.562385,2.084606,1.422482,1.110478,4.653750,1.541032,2.998569,1.587300,1.867247,1.183467,0.998388,2.044540,1.363427,1.042669,1.067402,2.335672,1.508635,1.109188,1.310715,1.691744,1.174639,2.505473,1.783531,0.993494,1.730970,2.247923,1.601825,1.531747,1.126994,1.817229,1.871858,1.274176,3.826261,1.287653,1.598293,1.283663,1.615347,1.378389,0.914402,1.604852,2.953028,1.593163,0.997245,1.449366,0.000000,1.294718,1.750609,1.752659,1.739292,1.858700,1.784525,1.709441,1.267349,1.004103,1.122459,1.061194,1.317848,1.335183,1.139421,3.142338,1.277962,1.281551,1.273048,1.698670,1.763630,6.489500,1.851851,1.261931,1.716760,1.186664,1.370266,1.073061,2.139399,1.450824,1.516826,1.393685,1.260846,1.453284,2.091919,1.242141,1.413895,1.555848,1.294195,1.481105,1.243211,1.767460,1.589857,1.035819,1.065755,2.033733,1.948310,1.161546,1.181176,0.907698,2.567740,1.646166,1.488584,1.770814,1.514265,1.684738,1.472946,1.547929,1.495920,1.069289,1.553368
6.900352,2.852473,1.896409,2.532405,1.272333,1.398271,1.618342,0.930086,1.323666,2.383976,2.805432,2.149032,1.522435,5.568134,2.386269,5.524761,2.157486,1.954171,1.199874,0.726446,1.860291,1.745918,2.765811,2.014837,1.015920,4.226090,1.392052,3.057262,1.377366,1.761675,1.490894,1.171244,1.480234,1.723789,1.427727,1.470357,1.495636,1.473214,0.945327,0.774233,1.112290,0.941909,2.542169,1.093381,0.989193,1.652217,2.572715,1.170139,2.425960,1.700907,1.290024,3.240105,1.195483,4.991358,1.683006,1.006405,1.624924,2.621342,1.979008,0.795608,1.241180,1.651295,1.382616,1.562506,2.228668,1.325259,0.000000,3.099396,2.885856,2.357463,2.716492,2.653433,2.856774,3.046193,0.993713,1.004621,1.187257,1.095363,1.164314,2.065595,1.624788,0.998408,1.524143,1.915928,2.161181,2.501140,5.592452,1.127155,1.624154,1.354094,1.159086,2.613039,1.254499,2.176667,1.200054,1.305140,1.339455,1.552881,1.303065,1.676638,1.165081,1.262553,1.661303,1.598045,1.895661,1.510897,2.251109,1.851605,1.167960,1.199832,1.818840,1.245357,0.876519,1.257902,0.984849,3.603356,2.647740,2.594391,2.383884,1.923627,2.635472,1.708768,2.452445,1.588232,1.061364,1.907339
8.513227,4.659481,3.886800,4.178517,2.479891,5.155891,4.541125,2.722176,3.114656,4.668497,4.881584,5.549935,2.746098,7.456967,4.958905,6.809549,3.996761,3.902884,3.170704,3.093820,3.648782,2.635337,4.958136,4.197140,1.840218,7.553924,4.249528,5.995022,4.058645,5.815838,2.526197,3.043205,3.974185,5.215844,3.504307,4.049162,5.799965,4.038659,2.473694,3.896519,3.775665,2.607993,5.682799,4.286454,3.038894,5.237385,5.153410,4.068962,4.240887,2.561602,5.309652,5.365947,4.423730,7.046919,2.962937,3.963053,4.515748,4.843749,3.089914,1.496270,5.329976,6.143155,4.659656,3.179423,3.836389,1.538868,2.914634,0.000000,4.268874,4.239158,5.006502,3.965396,4.183162,3.772075,3.444960,3.015380,3.491362,4.110500,3.862803,2.690543,6.454181,4.007585,2.867658,3.018016,4.852068,4.423715,8.706521,5.483036,2.585300,4.742762,1.823548,3.478649,4.248267,5.140519,5.125491,4.803291,3.279173,4.474269,5.026558,5.069322,4.424683,4.264869,3.340388,2.801706,3.428065,4.330511,4.314068,4.970921,2.896582,2.699106,6.107735,5.018122,2.117769,3.491909,3.053439,5.763553,4.725354,4.323245,4.078982,3.927883,4.386041,2.036863,4.438250,3.226049,2.626141,3.909463
7.778015,4.624953,3.282579,4.099212,2.335338,4.586553,3.581689,2.431617,2.379499,4.546414,4.503459,5.273005,2.939033,8.083406,4.658851,7.078422,4.280976,3.555676,2.725659,2.063936,4.452107,2.941374,5.320342,4.309860,1.759483,8.131101,3.733784,5.886157,4.070071,4.846596,2.281797,2.342541,4.202666,3.318219,2.462782,2.831718,4.954508,3.621973,2.446703,2.890974,3.791606,2.434382,4.930871,4.380458,2.622938,5.099911,6.391643,4.489977,2.731539,2.062950,4.719175,3.235073,3.017351,5.843065,2.299588,3.640933,2.936602,4.168978,2.909589,1.131549,4.089651,6.549322,4.184905,2.894996,5.497799,1.382918,2.580199,4.408843,0.000000,5.034795,4.925037,4.857911,3.088989,3.876185,2.822911,1.490571,2.843901,3.153745,2.811425,1.973925,6.300167,3.989568,1.618097,2.729687,4.650264,4.902682,9.076054,4.511553,1.972950,4.347404,1.644128,3.007203,3.169339,5.018634,4.225603,3.809137,3.880296,2.942175,4.396568,5.015427,3.320140,3.816114,3.947346,3.192840,3.546538,3.630789,4.444099,4.078620,2.049737,2.173698,5.048074,4.426082,1.979969,3.484795,2.534520,5.820288,4.602110,4.134084,4.278908,4.396873,4.219996,3.181086,3.938008,3.105521,2.157620,4.235884
8.258845,4.840382,3.406847,3.561867,2.053545,4.614567,3.895757,2.435795,2.872075,3.927254,4.457596,3.819680,1.759070,6.749591,4.732263,6.821925,3.524900,3.670241,3.183792,2.768438,3.246480,2.667126,4.324054,3.841470,1.675167,7.410694,3.656095,5.851953,3.640561,4.939335,2.528946,2.606750,3.909750,4.600017,3.054892,3.315970,5.488131,3.626660,1.990969,3.835891,3.192447,2.133283,5.224999,4.017339,2.529558,4.347736,4.708223,3.550663,4.619246,2.638813,4.845621,5.849694,4.068915,7.865642,3.220790,3.548835,3.923902,4.536777,3.127461,1.481307,4.524413,5.505182,4.027821,3.102528,3.319521,1.907310,2.662163,4.146710,5.040442,0.000000,4.828151,3.505439,4.060799,4.322975,3.075879,2.872705,3.011311,3.647372,3.336054,3.315902,5.914784,3.342813,3.254315,2.690913,4.346498,4.148453,8.386076,5.014158,2.758813,3.973069,2.106466,3.563032,3.853232,5.072630,4.456013,4.683330,2.655898,4.180881,4.084037,3.876968,3.633074,3.648476,3.222121,2.558769,3.187072,3.834683,3.872066,4.473523,2.720395,2.400806,5.174339,4.260924,2.139237,3.084762,2.805409,5.191774,4.031972,3.666767,3.722790,3.012661,3.947208,2.247977,4.024874,2.254188,2.331532,3.778465
8.260208,4.936732,3.945798,4.593834,2.414827,4.976320,4.231298,2.475462,3.257605,4.477419,4.879243,4.414473,2.403781,7.595197,4.793794,7.383964,4.230734,4.003281,3.098519,2.742721,3.902977,3.035187,4.772048,4.362218,1.795285,7.436777,4.198533,6.112364,3.884113,4.963133,2.973091,2.822108,4.226383,4.401216,3.089486,3.353312,5.484598,3.780460,2.361292,3.655076,3.660807,2.659826,5.699595,4.335036,2.608103,4.709417,5.055629,3.855200,4.744921,3.043423,4.722998,5.866640,3.968471,7.297271,3.321736,3.747186,4.337414,5.359356,3.501772,1.421886,4.483537,5.842565,4.300862,3.255203,4.042266,1.759116,2.850394,5.175427,4.971353,4.611679,0.000000,4.240116,4.382936,4.489696,3.194802,2.466923,3.085945,3.389312,3.481285,3.344977,6.557904,3.293601,3.137983,2.967863,4.650808,4.904689,8.219344,4.789058,3.031832,4.635296,2.354248,3.923597,3.713973,5.096593,4.454139,4.539620,3.237473,4.152085,3.918259,4.799034,3.686700,3.678135,3.989619,2.716390,3.552589,3.927467,4.298292,4.735618,2.614887,2.588765,5.420878,4.415788,2.219693,3.247389,3.105906,5.845852,4.434533,4.175034,4.312025,3.930664,4.347500,3.070713,4.613707,3.104919,2.455595,4.118079
8.884804,4.873600,3.269592,4.123011,2.396256,4.920434,4.095755,2.544810,3.097792,3.883260,4.656144,4.677981,2.124610,7.165176,4.411194,6.850036,3.781210,3.493787,3.090370,3.116583,3.485759,2.491799,4.436784,3.630909,1.663086,7.829241,3.935145,6.207017,4.002323,4.704837,2.716022,2.813176,4.095656,5.033350,2.940869,3.490985,5.621497,3.435713,2.157513,3.482328,3.721200,2.601271,5.223844,3.941895,2.746173,4.849906,4.755897,3.888878,4.092785,2.638856,4.624897,5.891865,4.237839,7.887494,3.060310,3.801606,3.168657,4.666689,2.771775,1.395349,4.971648,5.629765,4.344905,2.409489,3.411715,1.835727,2.937126,4.161789,4.965595,3.481160,4.523858,0.000000,4.056786,4.158964,3.346833,2.838636,3.261619,3.865817,3.655500,2.902488,5.973471,2.951478,2.491988,2.170964,3.650737,3.992289,8.296689,5.325023,2.639924,4.165698,1.910733,3.406814,3.899844,4.921496,4.397867,4.797217,2.802157,3.807794,4.160388,4.851065,3.743207,3.483446,3.090082,2.441701,3.039398,3.908179,3.618418,4.495101,2.547845,2.101577,5.689662,4.425055,2.329839,2.949275,3.002511,4.971367,4.065123,3.575539,3.322580,3.343196,4.071776,2.322105,3.811679,2.388168,2.294178,3.471355
9.040919,4.505419,3.406308,4.348547,2.263140,4.826427,4.050070,2.943143,2.536356,4.406293,4.662135,4.945379,2.311230,7.850972,4.728858,6.537363,4.093000,3.589526,3.783846,2.893133,3.579798,2.199117,4.835953,4.134644,1.825937,7.709716,4.220505,6.204294,4.067000,5.592535,2.599853,2.835876,4.394282,4.237399,2.866121,3.047671,6.040483,3.851915,2.689679,3.885931,3.469171,2.780569,5.321301,4.276942,2.940713,4.930816,5.362640,4.312146,3.637811,2.414929,5.015391,4.312433,3.979182,7.186947,2.691495,4.144537,3.772026,4.265136,3.152273,1.284734,5.039931,5.983534,4.967196,3.071800,4.354180,1.431525,2.941565,4.278154,3.560995,3.961332,4.552187,3.933564,0.000000,3.634619,3.247212,2.275646,3.253508,3.598617,3.828673,2.105172,6.321343,3.996141,2.418600,2.398467,4.537614,4.381710,8.556432,5.235555,1.587665,4.781597,1.962228,2.240601,3.933793,5.143958,4.926338,4.812471,3.379418,3.921937,4.860112,5.055513,3.800912,4.204752,3.701241,2.739230,3.360054,4.155713,3.967191,4.862201,2.777912,2.704280,5.126587,4.631457,2.179001,3.376567,3.075275,5.338568,4.610904,3.863885,3.507936,3.908678,4.113418,2.582561,3.821704,3.011468,2.184210,3.752056
8.510399,3.985496,3.427554,3.987163,2.487325,4.862180,4.324011,2.627135,3.153250,4.090591,4.472258,5.084105,2.186741,7.689866,4.410383,6.411712,3.815426,3.153985,3.511199,3.360207,3.861661,2.114162,4.265358,3.520721,1.818796,7.730484,4.255377,5.525196,4.295534,5.406727,2.485975,2.837133,4.021716,4.932853,2.990751,3.297544,5.885676,3.819443,2.394318,3.805207,3.751295,2.738642,5.452882,4.137975,3.015943,5.224264,5.112326,4.172230,3.214788,2.199717,4.966489,4.190276,4.518696,7.246984,2.560342,4.296570,3.917833,4.110332,3.126517,1.488578,5.064693,6.005855,4.782037,2.518686,4.264272,1.379528,3.054840,4.053360,3.906563,4.220759,4.606277,3.796912,3.532128,0.000000,3.594109,2.297875,3.331404,4.260864,3.722164,2.197889,6.960719,3.761841,2.355488,2.285105,4.150483,4.012177,9.189939,5.723166,1.992154,4.648973,1.954465,2.668170,4.143955,5.211544,4.991059,5.657584,3.089961,3.868557,4.645235,5.300265,4.182442,3.843099,2.873189,2.467628,3.080052,4.203274,3.903795,4.563607,2.594512,2.374660,5.801749,4.590888,2.255994,3.462243,3.214627,5.307268,4.209519,3.273810,3.413432,3.418909,3.984017,2.472443,3.463350,2.609731,2.374685,3.753770
8.848565,4.109371,2.136193,3.804441,0.901097,1.390866,0.815084,0.766199,1.009010,3.086053,4.078379,2.867864,1.682459,6.721045,2.576635,5.936593,3.108561,2.730308,0.625827,0.854589,1.681277,2.514169,3.707444,3.076324,0.918175,4.278667,0.992168,4.620497,0.967472,1.514257,0.925557,0.863754,1.453820,0.762285,0.972008,0.851858,1.548452,0.992228,0.774757,0.919799,0.781761,1.035474,1.705573,1.379399,0.840396,1.044566,1.624907,0.964044,2.362958,1.667748,1.256395,2.846379,0.830735,4.958952,2.198224,0.826929,1.302515,3.053380,3.107637,0.749989,0.606640,1.931658,0.886842,1.534165,2.787218,1.343384,0.956831,3.921075,3.548846,3.549416,3.278746,3.573204,3.734781,3.962745,0.000000,0.880276,0.804086,0.961211,0.989191,2.583679,1.513817,0.889486,1.467664,1.871055,2.253357,3.110881,5.732077,0.973816,2.229853,1.004452,1.009166,2.944876,0.862580,1.180431,0.921132,0.861461,1.502661,0.886631,0.880226,0.956813,0.865738,0.939824,2.145943,1.728968,2.489828,0.895759,3.168024,1.315400,1.015431,0.912165,1.057762,1.499725,0.920875,1.198164,0.927320,4.492240,3.284075,3.228974,3.467702,2.564839,3.062202,2.450327,2.889178,2.686554,1.220243,2.605671
7.020972,2.292202,1.329614,2.223120,0.902805,1.212159,0.945225,0.713892,0.949532,2.324712,2.373432,2.131361,1.594857,5.101751,1.482624,4.241234,1.936175,1.697896,0.881513,0.857928,1.579930,1.372401,2.388250,1.532049,0.930576,3.917349,0.852961,3.104619,1.181081,1.169582,0.817617,0.789472,1.397545,0.752582,0.873087,0.851828,1.190050,0.876711,0.797232,0.855369,1.093995,0.884827,1.546423,1.113077,0.802711,1.032217,2.086619,1.015619,1.145027,1.033361,0.905835,1.837618,0.573322,3.432593,1.017247,0.845166,0.787313,1.775605,2.116804,0.754212,0.707707,1.554009,0.953336,0.938280,2.604709,0.708043,0.764369,3.259521,1.865069,2.721719,2.257077,2.312891,2.268589,2.199206,0.868806,0.000000,0.911663,0.823905,0.869787,1.394132,1.636273,0.929477,0.863449,0.964275,1.295897,2.148703,5.296008,0.849570,1.145875,0.859263,0.948480,1.921582,0.897466,1.420370,0.674427,0.728666,1.145308,0.707409,0.887935,1.200057,0.978857,0.727854,1.590450,1.356814,1.564249,0.686520,2.131720,0.956618,0.814374,0.892922,1.126489,1.180417,0.907275,0.919772,0.905706,3.643983,2.120692,1.942272,2.014108,1.837846,1.995175,1.793199,1.734995,1.632296,0.968527,1.747001
7.771826,3.557611,2.143062,2.870196,1.011368,1.700162,1.378194,0.842466,1.184357,2.591307,3.411993,2.708554,1.745731,5.920685,2.756679,5.839618,2.719965,2.535145,1.072290,0.918067,1.581288,2.161574,3.041182,2.666383,0.987308,4.853623,1.228761,3.939741,1.337855,1.884883,1.356641,0.985825,1.532797,1.325602,1.117851,1.171066,1.919244,1.576298,1.025458,1.037674,1.086638,0.913832,2.400606,1.505284,1.121755,1.344650,2.185803,1.170411,2.627044,1.785690,1.498982,3.534611,0.863657,5.164402,2.025964,1.146236,1.645965,3.213063,2.371276,0.750181,0.831152,2.156028,1.178768,1.726933,2.690417,1.240855,1.018546,3.563178,3.372691,3.009328,3.059565,3.249810,3.493919,3.441472,1.021399,0.940243,0.000000,0.838361,0.922820,2.283097,2.091608,1.064574,1.665287,1.956011,2.363077,2.725082,6.415806,1.067895,2.082495,1.238989,1.084876,2.794123,0.922315,1.917840,1.157439,1.338856,1.481905,1.269099,1.239194,1.469751,0.832769,1.205336,1.963871,1.505942,2.322691,1.477447,2.808702,1.678947,0.832703,1.128503,1.668095,1.635192,0.947152,1.253498,1.006903,4.154153,2.931736,2.705191,2.835199,2.484610,2.859636,2.059168,2.769271,2.363107,1.104229,2.516658
8.994277,4.470979,2.961245,3.984863,1.217610,1.853450,1.527983,1.069764,1.149835,3.295383,4.273978,3.051805,1.880773,6.636365,2.707918,6.433629,3.377910,3.021600,1.113290,0.895197,1.728291,2.815528,3.765489,3.677095,1.073634,5.336016,1.259108,4.615499,1.629009,2.068058,1.513047,0.989943,2.087836,1.467185,1.196488,1.244559,2.219459,1.800899,1.008000,1.032580,1.298595,1.016751,2.832662,1.738669,0.985285,1.667813,2.662734,1.246301,3.435392,1.956403,1.624961,4.105875,1.049110,5.976543,2.522158,0.994988,1.930991,3.812870,3.022353,0.916455,1.070418,2.446631,1.316628,1.575384,3.083094,1.386709,1.183608,4.284162,4.220259,3.819400,3.722932,3.997176,4.174045,4.309249,1.257029,1.096206,1.172182,0.000000,1.214422,3.226498,2.265840,1.166084,1.962914,2.288953,2.845713,3.633169,6.413101,1.164937,2.705647,1.235741,1.205531,3.393265,1.148662,2.063639,1.252116,1.278072,1.699118,1.373103,1.160246,1.522983,0.933240,1.386697,2.551734,1.703025,2.800663,1.314596,3.897612,2.044260,1.053484,1.071556,1.859352,1.860321,1.024756,1.289606,1.025413,5.020464,3.507577,3.559860,3.646584,2.919162,3.897564,2.519222,3.704689,2.732644,1.280592,3.431713
8.725540,3.917161,2.541805,3.712344,1.041404,1.770599,1.360864,0.782673,1.178668,3.249479,3.968190,3.254235,1.672466,6.974014,3.048772,6.727406,3.320025,2.608961,0.799139,0.829070,1.956275,2.612644,3.680419,3.318002,0.938379,5.684188,1.023019,4.518350,1.161051,1.828011,1.275080,0.826362,1.802607,1.129690,1.051812,1.088474,2.225557,1.448207,1.068027,0.931430,1.053237,0.985677,2.713592,1.459633,0.955085,1.247998,2.696520,1.245459,2.957683,1.655428,1.533328,3.510075,0.916758,5.710534,2.186808,1.072801,2.043668,3.828748,2.993194,0.860052,0.810699,2.070464,1.072590,1.750477,2.960646,1.375882,1.023237,4.056129,3.578223,3.515652,3.647382,3.680194,4.184164,3.955271,0.665021,0.900387,0.876721,1.010520,0.000000,2.716481,2.002945,1.142363,1.677644,2.034584,2.680533,3.188911,6.387096,0.972030,2.407615,1.162887,1.139883,3.244344,0.702729,2.195268,1.212834,1.122724,1.489678,1.044595,0.963958,1.279971,0.971302,1.137536,2.235800,1.819024,2.596552,1.117949,3.338893,1.535533,0.990874,0.986514,1.663457,1.976923,0.845792,1.402975,1.034368,4.821194,2.962136,3.056992,3.317054,2.838434,3.320141,2.393488,3.028397,2.558571,1.255157,2.928339
7.751561,3.220980,2.178973,2.879273,1.429753,3.726123,2.544809,1.528242,1.893062,3.207527,3.086163,3.553887,1.673286,6.726085,3.081241,5.380910,2.908102,2.415381,1.930166,1.625005,2.904798,1.919026,3.571449,2.757407,1.340501,6.112709,2.677865,4.723867,2.947121,4.072119,1.595856,1.719073,3.227874,2.702122,1.635915,1.856783,3.994901,2.297126,1.453846,2.238533,2.711678,1.794421,3.717714,3.131697,1.785098,3.799249,3.874840,3.056742,1.845230,1.402221,3.242751,2.814659,2.549699,5.371121,1.518498,2.509680,2.155877,2.699018,1.863840,0.592955,3.181152,4.942131,3.138385,1.718925,3.166459,1.237766,2.009574,2.802799,2.229852,3.243655,3.331735,2.808951,2.080150,2.259576,1.966608,1.109906,1.851517,2.392621,2.178552,0.000000,4.966081,2.631519,1.229145,1.679380,2.963377,3.055414,8.202573,3.482124,1.425761,3.148568,1.249099,1.533393,2.258178,3.462299,3.647487,3.352171,2.339536,2.188601,3.045109,3.806059,2.359219,2.693604,2.357380,1.979213,2.178543,2.527905,2.681401,3.041364,1.479493,1.602331,4.039164,3.171532,1.519853,2.066892,1.863096,4.366681,2.938771,2.624919,2.526525,3.021412,2.874234,1.783185,2.523855,1.947023,1.627699,2.827565
0.000000,6.021742,4.334093,5.402844,1.746311,2.805510,2.594215,1.459676,1.975657,5.613715,6.189832,5.357053,4.025845,8.403027,5.245514,8.529189,5.034193,4.574271,1.808532,1.354762,2.875224,4.181357,5.730893,4.560662,1.516567,6.753336,2.250610,7.023740,2.290210,3.817914,2.420436,1.712895,2.568725,3.228310,2.106101,1.955795,4.152951,2.175701,2.122526,2.044802,1.874849,1.496491,4.204518,2.071632,1.152844,2.798368,3.847943,2.229029,4.956185,3.625124,3.009150,6.429240,2.364252,7.706550,4.066911,2.293494,3.559006,5.761994,4.853493,1.090672,2.322078,3.062542,2.069144,3.540193,5.391868,2.879657,1.512834,6.519686,6.366804,5.756535,6.391729,5.604623,6.136820,6.872385,1.480134,1.392089,2.056522,2.390516,2.026050,4.862439,0.000000,2.641158,3.112386,3.418619,4.659467,4.951867,8.228942,2.013533,3.882595,2.199830,2.138037,5.611135,2.078314,3.734072,2.778716,2.814146,3.142909,3.539675,2.789129,2.469719,1.724852,2.836467,3.904308,2.414045,3.869065,2.573707,5.076258,3.832430,1.688220,1.777653,3.648346,3.428114,1.305563,2.780315,1.697340,7.102744,5.391750,5.117585,5.418445,4.496534,5.572433,4.323930,5.318470,4.399647,2.222520,4.525569
8.462587,4.163590,2.791294,3.312842,1.306465,2.339982,1.804194,1.147885,1.276690,2.722732,3.855123,2.826557,1.675095,6.232997,3.118321,6.486448,2.684500,3.002277,1.324817,1.088892,1.732492,2.330547,3.255359,3.120317,0.989126,5.545530,1.579868,4.662428,1.667271,2.415682,1.512139,1.281068,2.028299,1.724382,1.449343,1.481284,2.580494,1.912510,1.098399,1.345903,1.754732,1.130059,3.144705,2.163801,0.922914,1.755952,2.442757,1.411891,3.444417,1.935201,2.130810,4.737461,1.482723,6.390833,2.371777,1.447797,2.235054,3.913880,2.829297,0.993311,1.563847,2.446251,1.473222,1.684475,2.406755,1.674663,1.215248,4.162970,4.273931,3.489037,3.697298,3.046268,4.331604,4.010325,1.216980,1.323303,1.253164,1.545057,1.515399,3.064978,2.646135,0.000000,2.078429,2.296457,2.914421,3.380858,6.430325,1.550826,2.523326,1.465988,1.166716,3.249898,1.254234,2.627238,2.079582,1.791765,1.610505,1.717967,1.482090,1.431708,1.387587,1.472068,2.286710,2.252661,2.716312,1.844940,3.203895,2.584404,1.390482,1.446429,2.512605,2.173116,1.035522,1.524609,1.327166,4.844272,3.177008,3.307060,3.374588,2.531728,3.322561,1.897714,3.048533,2.316483,1.209208,2.867926
7.342965,3.092201,1.826762,2.493415,1.067923,2.150937,1.517406,0.936073,1.170756,2.573578,3.125384,2.944332,1.525033,6.253606,2.294008,5.054662,1.814055,2.154443,1.124175,0.838141,1.930651,1.536967,3.172830,2.281780,0.895618,5.493733,1.619759,3.991532,1.856459,2.133551,1.016377,1.122363,2.260434,1.244749,1.117559,1.116894,2.344442,1.596990,1.008485,1.304760,1.915987,1.214338,2.820684,2.116983,0.962549,2.043298,2.999028,1.827618,1.663681,1.007592,1.833943,2.549992,1.239513,4.573943,1.356996,1.528484,1.260353,2.289893,1.983194,0.894382,1.591560,3.599180,1.671796,1.096690,2.915235,0.882065,1.256409,2.741139,1.843413,3.009759,2.803234,2.125803,2.199677,2.280856,1.008122,0.993514,1.233742,1.109693,1.324822,1.125537,3.002388,1.417790,0.000000,1.460800,1.981156,3.055317,6.894734,1.707815,0.980622,1.761929,0.996098,1.715577,1.113477,2.579708,1.657387,1.599136,1.496727,1.177256,1.511076,2.150237,1.097964,1.274879,2.061629,1.449931,1.910620,1.424626,2.678130,1.882651,0.982730,0.922016,2.089208,2.272519,1.033977,1.446313,0.929148,3.922866,2.551552,2.528946,2.533571,2.356657,2.556460,1.617894,2.043942,1.608033,1.146699,2.213929
6.906975,2.383710,1.505953,2.088567,1.229771,2.523742,1.830505,1.272788,1.338498,2.138802,2.804936,2.668865,1.375074,5.836185,2.222273,5.016327,2.306495,1.845021,1.286127,1.193637,1.969394,1.652338,2.343951,2.065006,0.994869,5.271619,2.064296,3.729689,2.141256,2.713735,1.292211,1.180763,2.485337,1.791814,1.298274,1.421212,3.246080,1.605693,1.223260,1.803928,2.071981,1.458543,3.036437,2.307301,1.170353,2.502632,2.943290,2.123043,1.962655,1.340398,2.400581,2.604605,1.618521,4.921799,1.372801,2.038137,1.885881,2.271236,1.559336,0.252793,2.337748,3.499687,2.246209,1.474168,2.452093,1.335356,1.610222,2.358906,2.369954,2.102924,2.550443,2.267157,2.297474,1.976933,1.305448,1.405123,1.510471,1.351041,1.419070,1.432004,3.443006,1.585983,1.427250,0.000000,1.827882,1.933453,7.010987,2.393478,1.533742,2.217862,1.278388,2.081367,1.524120,2.916787,2.067364,2.294484,1.288541,1.362909,1.949999,2.860358,1.579506,1.509186,1.509139,1.191607,1.594820,1.541026,1.949835,1.837903,1.083617,1.150823,2.946985,2.591934,1.454966,1.565998,1.074445,3.231055,2.182949,1.886027,1.911101,1.978084,2.091066,1.637407,1.842453,1.511437,1.167840,1.813936
8.376811,4.508214,3.165564,3.927740,1.620926,3.381133,2.791802,1.976444,2.248419,3.683700,4.397344,4.300628,1.978681,7.619896,3.854380,6.529791,3.506391,3.044357,2.331194,1.806929,3.070668,2.148180,4.032243,3.143075,1.295391,7.222135,2.785442,5.760580,3.088793,3.954204,1.948283,2.051983,3.204148,2.956363,2.024504,2.384925,4.767197,2.842166,1.803108,2.360142,2.838746,2.076619,4.608292,3.246359,1.663952,3.537229,4.469518,3.037517,3.727044,2.274616,3.412874,5.138119,2.712425,6.905249,2.608937,2.909818,2.899626,3.694692,2.922758,1.218692,3.137350,4.565350,3.125695,2.445757,3.804269,1.603707,2.071125,4.849132,4.905437,3.997829,4.397031,3.513295,4.130668,4.183606,2.041827,1.905330,2.272612,2.438453,2.551393,3.043073,4.891593,2.539064,2.382176,1.994561,0.000000,3.689516,8.249828,3.638512,2.150815,3.214815,1.565053,3.076002,2.348771,4.231651,3.233304,3.427072,2.341478,2.541509,2.967032,3.849880,2.718214,2.460256,2.829826,2.133253,2.985365,2.987740,3.687326,3.273850,1.904631,1.541552,4.400953,3.514712,1.721285,2.449929,2.125127,5.311083,3.668420,3.571217,3.592137,3.231402,3.984740,2.335309,3.603385,2.618507,1.688792,3.381801
8.239064,4.138330,2.943459,3.937373,2.028839,3.737615,3.493970,2.151212,2.461064,3.895473,4.803825,4.406135,1.902650,7.857424,3.971391,6.406389,3.426477,2.994661,2.905558,2.763137,3.025137,2.219927,3.933471,3.317956,1.533109,7.448253,3.390029,5.507579,3.436883,4.550388,2.214999,2.364733,3.416938,4.014405,2.412011,2.648651,5.323687,2.953284,2.111540,3.108760,2.779533,2.107850,4.649052,3.246772,2.160282,4.101111,4.220064,3.394765,3.827822,2.066448,4.054471,5.002607,3.635244,6.902715,2.619567,3.419072,3.227471,3.541362,2.372700,0.951598,4.424326,4.731207,3.660173,2.738068,4.135760,1.902871,2.488295,4.405105,4.401937,3.703806,4.669058,3.517342,3.970788,3.627029,2.825117,2.270358,2.638018,3.192342,2.831741,2.501161,5.247491,2.878871,2.802323,1.918109,3.429372,0.000000,8.947199,4.285998,2.215493,3.804468,1.664475,3.014370,3.291401,4.699150,4.120155,4.363335,2.294764,3.397337,3.626548,3.924369,3.248499,3.415380,2.340995,1.781268,2.423246,3.589307,3.179356,3.952412,2.104310,2.174808,4.928862,3.786066,1.948434,2.757874,2.563635,4.876700,3.729025,3.266572,3.082282,2.947862,3.833022,2.268618,3.580130,2.428933,1.850993,3.100860
0.000000,8.823633,7.593750,7.915409,6.017282,7.723849,7.561429,5.494521,6.385787,7.746459,8.881071,8.017149,6.773584,0.000000,8.564208,0.000000,7.998299,7.999701,6.297225,5.730660,6.831403,7.364593,7.853612,8.215391,4.307713,0.000000,6.890672,9.106311,7.255514,7.801828,6.336741,5.794688,7.444766,7.483390,6.211359,6.728471,8.471556,7.129850,5.209483,6.501624,6.667916,5.700854,8.800639,7.412878,5.465051,7.863632,7.604935,6.849906,8.851705,7.208545,8.299785,9.843159,7.470303,0.000000,7.775623,6.843194,7.888434,8.705576,8.229046,3.387755,7.455838,8.342271,7.226557,7.180026,7.773648,6.261865,5.861634,8.388652,9.110849,7.837177,8.237531,7.968141,8.190701,8.463733,6.326071,5.844473,6.516371,6.466057,7.029404,7.990779,8.614522,6.705182,7.431122,7.151226,8.384508,8.277734,0.000000,7.534767,7.091658,7.380924,5.681026,7.943701,6.775286,8.000210,7.767486,7.609738,6.295892,7.932732,7.205301,7.407607,6.841600,6.919961,7.348378,6.371132,7.645590,7.025565,8.290073,7.825432,5.730924,6.043793,8.495749,7.539984,4.701658,6.843953,6.186146,8.751551,7.888502,7.826536,8.050717,7.502301,8.243328,6.681918,8.205954,6.997007,5.918021,7.938602
9.693576,5.224046,3.298632,4.957711,1.115515,1.707214,1.336661,0.912259,1.196784,4.607687,5.407097,4.367710,3.293786,7.228281,3.244357,7.133815,3.846161,3.701563,0.932072,0.877342,2.560678,3.633781,4.972673,3.682614,1.061369,5.327049,1.315678,5.530447,1.579955,2.149684,1.561879,0.904115,1.924949,1.155005,1.060531,1.092635,1.703053,1.376126,0.971787,0.953823,1.503804,1.133193,3.381954,1.351222,0.990604,1.439624,3.399090,1.053689,3.316791,2.159683,1.484571,4.609313,1.020809,6.384088,2.663564,0.896795,2.013268,4.124377,3.925894,0.777334,0.850318,2.709200,1.061481,2.002439,4.605636,1.792793,1.118552,5.889908,5.247439,4.978416,4.816508,5.333837,5.703578,5.832369,1.294581,0.979928,1.088516,1.053944,1.192788,3.862621,1.700332,1.354859,2.065494,2.453712,3.521676,4.200623,6.935426,0.000000,3.253249,1.210438,1.344014,4.968310,1.055410,2.296719,1.075237,1.048614,2.252519,1.679766,1.102915,1.333774,1.137953,0.984001,3.217113,2.310060,3.411693,1.106043,4.712249,1.736077,1.002995,0.941792,1.777175,1.982008,0.874376,1.546453,1.044475,6.192818,4.659296,4.667022,4.774048,3.770327,4.417903,3.583207,4.481077,3.774429,1.556508,3.663011
6.943802,2.480983,1.595370,1.920642,1.143292,2.871666,2.118475,1.347848,1.544508,2.313349,2.419030,2.660047,1.368848,6.112046,2.068180,4.992723,1.588555,1.518585,1.683985,1.401306,2.154900,1.425370,2.461764,1.806635,1.106308,5.799437,2.215429,4.116257,2.446764,3.099558,1.132728,1.603033,2.412471,2.166061,1.473237,1.855870,3.629943,1.942100,1.258167,2.002498,2.160411,1.562642,3.363326,2.347662,1.569668,3.004256,3.377200,2.387277,1.619296,1.203816,2.637911,2.641787,2.095613,4.799803,1.415924,2.438475,1.788797,1.882655,1.524138,1.223307,2.693082,3.806701,2.562542,1.476846,2.357261,1.045094,1.456063,2.275150,1.892369,2.395221,2.699578,2.253398,1.605610,1.717950,1.758642,1.434128,1.587475,1.731901,1.874902,1.075940,4.162912,1.829732,1.514588,1.454569,2.000398,1.718253,7.209983,3.091236,0.000000,2.540573,0.984873,1.408331,2.037328,3.093000,2.636341,2.687013,1.665710,1.811942,2.697743,3.079473,2.118187,1.970604,1.689041,1.247928,1.732841,2.230031,1.807031,2.691143,1.393740,1.410780,3.554011,2.674642,1.312801,1.786090,1.439410,3.409369,2.095550,1.971294,1.910799,1.861204,2.266253,1.594895,1.874509,1.516207,1.472383,1.851699
8.375661,4.224351,2.800018,3.942821,1.088646,1.704306,1.653674,1.018911,1.240568,3.805609,4.835418,3.725247,2.477250,7.314331,3.572115,6.707923,3.294027,3.267227,1.202562,0.943759,1.711336,3.084898,3.999528,3.032894,1.040645,5.408130,1.368762,4.931320,1.442501,2.394374,1.478637,1.118589,1.494629,1.728923,1.227482,1.187031,2.643544,1.537049,1.161872,1.184900,1.111754,0.971821,2.888232,1.549949,0.821011,1.604033,2.522088,1.290688,3.386583,2.263388,1.856108,4.545411,1.441391,6.173334,2.534098,1.262922,2.096366,4.219001,3.441220,0.848189,1.168377,1.943658,1.270824,2.269670,3.663094,2.039876,1.124489,4.966038,4.524248,3.916116,4.615898,4.191988,4.770378,4.550074,1.027650,0.917946,1.207668,1.340064,1.402839,3.236316,1.750783,1.630755,2.087121,2.333298,3.135578,3.501677,6.868990,1.111078,2.818111,0.000000,1.503786,3.549716,1.138838,2.183771,1.804873,1.741724,2.057943,2.147094,1.581515,1.455205,1.163727,1.640457,2.557476,1.861005,2.747830,1.795671,3.870792,2.480479,1.153564,1.336014,2.051111,2.137874,1.001102,1.668932,1.141027,5.537760,3.258351,3.544344,3.739777,2.952480,3.855455,2.697695,3.658582,3.034432,1.608780,3.174754
6.586763,2.401692,1.624485,2.051871,1.090700,1.454683,1.193952,1.073236,1.007493,1.800178,2.455292,1.989469,1.193431,5.114021,1.925752,4.401670,1.903716,1.573164,1.048870,0.959866,1.250110,1.369611,2.405063,1.948159,0.944791,4.015696,1.023781,2.905547,1.290776,1.545742,0.913392,1.028496,1.530556,1.040884,0.938887,1.024497,1.664093,1.271051,0.906073,1.112802,1.101076,0.980830,2.047617,1.422320,0.939867,1.315313,1.664725,1.231959,1.916473,1.041073,1.492632,2.402463,0.969039,4.050202,1.171260,1.072311,1.284112,2.273419,1.655806,0.950395,1.029338,2.176546,1.126771,1.116513,1.774090,1.000028,1.071692,1.996593,2.111882,2.071912,2.344780,1.953054,2.121943,2.173757,1.107442,0.946889,0.931640,1.116921,1.049581,1.409210,1.993814,1.091542,1.257110,1.172088,1.720020,2.023383,5.362979,1.033786,1.415837,1.228576,0.000000,1.711785,1.007952,1.701711,1.253234,1.163021,1.302826,1.260878,1.042880,1.333155,0.944431,0.969233,1.490739,1.150068,1.604219,1.169013,2.045102,1.495435,0.977649,1.052261,1.499257,1.426660,0.951853,1.118801,1.052270,2.885873,2.237232,1.965607,1.870553,1.700011,2.080780,1.240982,1.848792,1.373580,0.903357,1.815777
8.297566,3.743598,3.041440,3.514193,1.683110,4.192590,3.276090,2.128496,2.388747,3.670933,4.047453,4.313535,1.702286,7.457916,3.746527,6.169454,3.082439,2.867521,2.797599,2.224975,3.024515,1.989015,3.810793,3.250447,1.467554,6.907946,3.355064,5.351380,3.381785,4.206406,2.092347,2.310735,3.800087,3.772552,2.300430,2.601659,4.948287,2.854846,1.994946,3.197225,3.181443,2.214349,4.461058,3.672425,2.283660,4.088076,4.367687,3.416572,2.364190,1.718323,4.228244,3.581676,3.260377,6.259210,1.913716,3.285534,3.232861,3.288812,1.900152,1.233428,4.264644,4.924144,3.793912,2.259601,3.700223,1.090989,2.711687,3.621677,3.353069,3.488366,4.091437,3.294731,2.588590,2.670977,2.755687,1.969382,2.546766,2.970669,3.150931,1.388323,5.746178,2.985698,1.778443,1.878125,3.323555,3.524393,8.345685,4.688779,1.611612,3.545072,1.594365,0.000000,3.305290,4.130162,4.221873,4.378529,2.752288,3.207122,4.091244,4.215888,3.173226,3.161259,2.348496,1.752197,2.148032,3.472035,2.968594,3.847993,1.991882,1.876670,4.780688,3.973046,1.926424,2.817909,2.446438,4.711555,3.771771,3.096613,2.851601,3.002538,3.444469,1.861784,2.872274,1.968356,2.024613,2.989323
8.278471,4.504095,2.538299,3.796326,1.018267,1.688625,1.171585,0.678641,1.014669,3.190223,4.249275,3.330978,1.849474,5.923930,2.905821,6.187308,3.246451,3.035824,0.828128,0.797960,1.976503,2.761393,4.097363,3.296345,0.795265,4.674355,0.886131,4.700766,1.465866,1.754528,1.246035,0.773258,1.803963,0.898035,0.861915,0.851193,1.601098,1.201301,0.812155,0.856708,1.195495,1.034997,2.366053,1.685201,0.687497,1.137429,2.416501,1.027879,2.928310,1.818713,1.243732,3.833979,0.571781,6.001238,2.270059,0.878050,1.509402,3.694899,3.482910,0.662698,0.542743,2.423608,0.897690,1.695573,3.106982,1.538954,0.893382,4.512886,4.281866,3.969984,3.780666,4.008554,4.687598,4.531316,0.758177,0.807178,0.868680,0.904077,0.998274,3.055676,2.068822,0.972431,1.734013,2.177596,2.472725,3.495439,5.762251,0.805685,2.726715,0.989465,1.045590,3.790037,0.000000,1.807789,0.781173,0.929489,1.489688,1.258155,0.792852,1.089932,0.841126,0.865310,2.407205,1.928997,2.788886,0.973989,3.812839,1.550349,0.850428,0.883306,1.350518,1.702839,0.891982,1.147359,0.858840,5.251935,3.693743,3.730498,3.637274,2.798690,3.479151,2.444793,3.389228,2.972663,1.267945,2.887264
9.183559,5.319727,3.915579,4.857524,1.264923,2.845268,2.188865,1.571450,1.442753,4.349727,5.281556,4.328912,3.006274,8.014662,4.736680,7.409313,4.116058,3.892783,1.798088,1.278206,2.309971,3.397846,5.365770,4.065351,1.429618,6.187383,1.837019,6.073954,2.095192,3.543305,1.898108,1.439677,2.425527,2.459015,1.746864,1.776749,4.456983,2.318001,1.517181,2.378413,1.862987,1.489444,3.833867,2.776125,1.140278,2.805359,2.995292,2.061913,4.419239,3.087566,3.072530,5.485407,2.305510,7.609660,3.257729,2.334699,3.113591,5.292033,4.037487,1.098837,2.527363,3.702465,2.144260,2.904039,4.239167,2.354039,1.832720,5.350986,5.287789,4.992297,4.964194,4.955170,5.230367,5.193744,1.409426,1.396504,1.962204,2.131815,2.351066,3.641242,3.258661,2.675856,2.929338,3.031202,4.262276,4.341583,7.866406,2.403993,3.379750,2.247487,1.878981,4.262278,1.736089,0.000000,2.768444,2.546644,2.681478,2.975001,2.487556,2.284581,1.943741,2.593930,3.402310,2.714059,3.608307,2.911964,4.267840,3.643645,1.713116,1.917817,3.264616,2.832471,1.326867,2.215061,1.613507,5.988851,4.815053,4.445097,4.899350,3.778976,4.757892,3.291170,4.568814,3.623305,2.191886,4.092652
9.093894,4.648513,3.156476,4.412189,1.523751,2.474573,1.886289,0.995338,1.744176,3.975706,5.082997,3.764919,2.463415,6.866249,3.668779,6.651526,3.364075,3.438187,1.464605,1.005980,3.085551,2.970559,4.419738,3.527147,1.054307,5.600267,1.667869,5.591698,2.068562,2.290055,1.764586,1.242709,2.573373,1.857222,1.446708,1.534670,2.137237,1.857239,1.150732,1.178084,1.662799,1.438256,3.651900,1.930403,0.945520,1.953012,4.222553,1.610312,3.441966,2.185421,1.970284,4.848620,1.249361,6.703190,2.560792,1.415077,2.195590,4.013477,3.555047,0.808620,1.401380,3.629476,1.620093,2.133969,3.837980,1.558278,1.121434,5.130770,4.858581,4.300815,4.351717,4.190494,4.960678,4.993024,1.286195,1.134688,1.380223,0.997334,1.511933,3.944780,2.673992,1.663795,2.060111,2.434860,3.194558,4.089380,6.965444,1.383869,2.912095,1.731755,1.402075,4.295632,1.029175,2.949570,0.000000,1.520763,2.024141,1.892400,1.562467,2.054251,1.311563,1.361262,2.812698,2.253453,3.109851,1.549282,4.317711,2.281751,1.091446,1.100985,2.576697,2.493811,0.870894,1.753995,1.254003,5.553053,4.136816,3.942981,3.934980,3.640476,4.166561,3.051971,3.947191,3.187410,1.566434,3.678528
9.208162,5.813918,3.398942,4.851807,1.123826,2.131255,1.421257,0.890793,1.282974,4.413071,5.279259,3.824788,2.228884,6.904133,3.477703,7.272814,3.649700,4.245913,1.127815,0.871134,2.602470,3.778768,5.047399,4.207736,1.197568,5.790146,1.344012,5.995191,1.704955,2.148297,1.573389,0.922886,2.246291,1.444530,1.136315,1.219679,2.153776,1.600333,1.069038,0.973630,1.684187,1.167363,3.312068,1.905379,0.798213,1.645010,3.578657,1.416479,3.459169,2.139811,1.765468,4.402223,1.015006,6.157348,2.715989,1.205053,2.051883,4.310179,3.612890,0.895876,0.993750,3.246255,1.323343,2.000577,4.255956,1.762067,0.997980,5.108242,4.469347,4.772278,4.558849,4.873300,5.384142,5.899354,1.022825,0.824179,1.291760,0.894580,1.346954,3.933049,2.470160,1.465651,2.023090,2.768223,3.388202,4.546149,6.976725,1.105878,3.179995,1.509241,1.240578,4.887014,0.828900,2.491858,1.260588,0.000000,2.072336,1.497741,1.269487,1.683254,0.989762,1.284598,3.156529,2.792174,3.257638,1.262979,4.536618,1.895247,0.898612,1.051708,2.018185,2.167168,1.020362,1.602988,0.909562,5.979355,4.384160,4.901746,4.852182,3.677553,4.344678,3.490339,4.506394,3.418231,1.435253,3.922775
7.416520,3.221837,2.213923,2.777896,1.184285,2.392067,2.141572,1.336715,1.504165,2.458771,3.214286,2.771377,1.428537,5.650553,3.098470,5.606736,2.576530,2.529697,1.600981,1.392667,2.026805,1.569514,3.155084,2.555069,1.102501,5.504620,1.869047,4.487357,1.817152,2.545875,1.554593,1.358553,2.253546,2.005859,1.536254,1.598404,3.521834,1.952449,1.202192,1.792340,1.949251,1.343436,3.244518,2.118446,1.226289,2.378222,2.545921,1.939703,3.107492,1.500483,2.467743,3.942558,2.055465,6.025475,1.853611,1.920558,1.749490,3.069741,2.073444,0.904644,2.285035,3.021747,1.945070,1.770101,2.221298,1.253446,1.486000,3.305635,3.872492,2.703652,3.302723,2.927303,3.290078,2.939508,1.443740,1.301743,1.656420,1.826156,1.835582,2.190955,3.312440,1.638638,1.815018,1.590618,2.535454,2.526102,6.757743,2.342417,1.896276,1.978779,1.258954,2.677282,1.701527,2.551728,2.477218,2.290057,0.000000,1.834703,1.843841,2.223962,1.701170,1.515445,1.859617,1.541682,2.091573,1.946749,2.422940,2.295993,1.123984,1.095108,2.999606,2.384494,1.338494,1.782338,1.279829,3.928398,2.749523,2.354455,2.556281,2.258744,2.932709,1.529116,2.755844,1.888005,1.216729,2.372772
8.310898,4.731827,2.722828,3.932004,1.205530,2.381596,1.471873,0.994377,1.119921,3.728614,4.752755,3.882583,2.544764,6.488945,3.142111,6.824220,4.092909,3.581354,1.404858,0.843051,2.293208,2.927371,4.614092,4.179909,1.173356,6.025756,1.465053,5.453568,1.843504,2.288093,1.173114,0.864467,2.890230,1.218097,1.063081,1.165941,2.788239,1.853452,1.068231,1.482755,1.823802,1.282160,3.438175,2.490830,0.878760,1.971776,3.245290,1.797469,2.880507,1.876212,2.228070,3.796653,1.151420,5.239849,2.490657,1.716407,2.142427,3.892921,3.119954,0.912529,1.440052,3.858243,1.702542,1.809778,3.740358,1.232000,1.513316,4.744437,3.880338,4.506765,4.213559,3.923117,4.282509,4.264848,0.965874,1.033115,1.169163,1.073617,1.175141,2.729253,3.343466,1.378625,1.757368,2.229363,2.998423,4.231670,7.577583,1.555390,2.442964,1.931041,1.301525,3.613657,0.916015,2.777007,1.683557,1.452840,1.881411,0.000000,1.494503,1.772127,1.177073,1.384809,3.077759,2.384565,3.080050,1.367909,4.147548,2.228821,0.826662,1.265861,2.208375,2.639269,1.241117,1.882681,0.924582,5.527606,3.942328,4.144595,4.146166,3.612439,3.939377,2.664550,3.419596,3.020810,1.413992,3.618265
8.057921,5.057720,3.052119,4.210059,1.019844,2.152499,1.466148,0.909517,1.049294,3.781049,4.286366,3.350607,1.892890,5.950340,3.185236,6.847076,3.398052,3.397410,1.091639,0.648597,1.987108,2.988114,4.243666,3.849741,1.002402,5.419804,1.435810,4.544468,1.622795,1.983514,1.393638,0.708537,1.934846,1.112282,1.050933,0.963750,2.257860,1.524402,0.846005,1.213267,1.437512,0.986861,3.037480,1.983588,0.767067,1.441260,2.494695,1.182138,3.430785,1.907608,1.505516,4.393170,0.945009,6.602097,2.563213,1.069113,1.845638,4.185726,3.391105,0.770617,0.831707,2.136190,1.243081,1.897269,3.144822,1.681004,1.148655,5.280785,5.124168,4.113019,3.832695,4.215236,5.249049,4.851786,0.772517,0.987342,1.028617,0.902917,1.122410,3.677742,2.434294,1.054020,2.065637,2.421723,2.872394,3.716259,6.469316,0.930988,3.203601,1.269145,1.251082,4.399708,0.570944,2.156890,1.276250,1.273642,1.636334,1.506854,0.000000,1.208012,0.786092,1.108651,2.663895,2.277146,2.850514,1.280725,4.101859,1.841980,0.672456,0.970760,1.789583,2.102312,0.878996,1.326648,0.780147,5.593672,3.752958,3.833033,3.978696,3.040192,3.987294,2.831041,3.856571,2.911557,1.461602,3.410935
8.813980,5.458404,3.053680,4.209239,1.038869,2.081956,1.672000,1.172406,0.988902,4.043863,5.108788,3.976393,2.764723,7.688636,3.742878,7.526001,3.303611,3.617180,1.420403,0.940180,1.421941,3.407699,4.761462,3.403109,1.050730,5.560745,1.471664,5.087010,1.358785,2.080346,1.425201,0.985994,1.658738,1.318292,1.090951,1.062112,2.372578,1.493775,1.046956,1.310052,1.293477,1.181879,2.907298,1.762750,0.813873,1.709846,1.863635,1.357699,3.933832,2.163524,2.333737,4.624940,1.641702,6.813706,2.822243,1.496590,2.304528,4.796094,3.593501,0.853210,1.438989,2.059752,1.239020,2.355451,3.757806,2.023569,1.523838,5.315367,5.266309,4.121913,4.741580,4.814426,5.007056,5.173442,0.982795,0.779214,1.413637,1.814941,1.668214,3.493038,2.489884,1.881335,2.293149,2.466374,3.438704,3.375157,7.250686,1.265341,2.940335,1.534123,1.532846,3.861397,1.101167,2.316680,1.933284,1.638738,2.360458,2.130807,1.335904,0.000000,1.118102,1.680727,2.778749,1.970560,3.028450,1.746448,3.691413,2.248081,1.120545,1.264232,1.918723,2.378490,0.999778,1.545495,1.116224,5.756306,4.167949,4.158616,4.132403,3.100651,4.291364,3.076425,4.071405,3.131663,1.647470,3.418332
8.243842,4.131549,2.429498,3.545881,1.082566,1.589023,1.174097,0.881749,1.190084,3.227017,3.993655,3.021333,1.939389,6.270092,2.586163,5.733251,2.920359,3.009593,0.848564,0.936050,1.550950,2.497893,3.767351,3.054671,0.994204,4.709836,1.119774,4.175964,1.434417,1.835699,1.237743,0.930690,1.630854,0.821640,0.962421,1.088702,1.806021,1.237957,0.900854,1.073076,1.085823,1.093937,2.354256,1.535080,0.915779,1.244044,2.170762,1.101750,2.704979,1.667886,1.456353,3.665387,0.754280,5.561798,2.100596,1.055841,1.527178,3.259301,2.987670,0.902611,0.826169,2.303903,1.138624,1.417751,2.755559,1.291010,1.103564,4.392120,3.985235,3.532986,3.402537,3.480728,4.019554,4.139182,1.096883,0.968037,1.048794,1.178864,0.984055,2.759567,1.902432,1.050145,1.528038,1.807578,2.424349,3.364291,6.338159,0.855021,2.404250,1.181492,1.133264,3.505980,1.149789,1.879575,1.058846,1.013893,1.580664,1.055497,0.791189,1.226891,0.000000,0.916392,2.295802,1.909401,2.297628,1.022275,3.294016,1.453257,1.010643,1.111262,1.434025,1.740450,0.927045,1.095962,1.112265,4.650172,3.380054,2.964304,3.286926,2.501922,3.082772,2.238068,2.937158,2.475963,1.310130,2.754477
7.749499,4.274040,2.716810,3.384889,1.059742,1.950867,1.464373,0.816574,1.251769,2.698965,4.059023,2.894180,1.930614,6.143971,2.892800,6.127239,3.076848,2.953721,1.153859,0.760162,2.224986,2.255933,3.574506,3.195487,1.189340,5.047864,1.376407,3.727444,1.581792,2.133276,1.413534,0.795104,2.194100,1.142830,1.169514,1.117848,2.284664,1.607488,0.923158,1.204233,1.575242,1.164694,3.148124,2.074399,0.840570,1.384028,2.359765,1.385480,3.031965,1.791635,1.710340,4.037198,0.976421,6.203982,2.270568,1.270584,1.993257,3.872075,2.964499,0.764190,1.117870,2.775315,1.445314,1.450842,2.142875,1.373970,1.393666,4.088212,4.494409,3.424917,3.528361,3.305207,4.339278,3.794088,0.861524,1.077711,1.155377,0.831975,1.331420,3.154270,2.837038,1.226424,1.795284,2.082942,2.511863,3.622966,6.016405,1.104521,2.492837,1.526466,1.169890,3.389586,0.921892,2.315718,1.506500,1.292129,1.490965,1.393898,1.094406,1.647453,0.976481,0.000000,2.416345,2.091275,2.766366,1.256457,3.556692,1.798823,0.962560,1.004480,1.735508,2.024820,0.914585,1.547955,0.821904,4.541689,3.258378,3.064517,3.264911,2.545831,3.533505,2.087697,3.377526,2.203227,1.345100,2.947738
7.948215,3.249106,2.111930,2.919982,1.521571,2.864413,2.511457,1.420928,1.978546,2.824867,3.531707,3.376124,1.250907,6.753276,2.765051,5.605653,2.693814,2.570686,1.848210,1.748986,2.566711,1.537458,3.095327,2.349271,1.164858,6.173257,2.384790,4.733761,2.331347,3.383495,1.598235,1.625254,2.477877,2.790592,1.712059,2.046141,4.077418,2.116218,1.331763,1.979354,2.356116,1.651379,3.615862,2.482653,1.547771,2.958374,3.679893,2.453069,2.790366,1.753472,2.928467,3.584716,2.500401,6.111808,1.924753,2.265987,2.557039,2.959329,1.962746,1.038400,2.959862,3.640952,2.620180,1.760814,2.820980,1.374931,1.588606,3.336262,3.731480,3.076462,3.661961,2.777043,3.355949,2.634084,1.836107,1.567135,1.803309,2.121334,1.989169,2.056899,3.975268,1.965718,2.075888,1.727581,2.523066,2.447367,7.483669,3.164533,1.910301,2.655949,1.232428,2.472304,2.055985,3.373423,2.667579,2.874975,1.665392,2.494903,2.463490,3.038655,1.995080,1.965544,0.000000,1.581147,1.891701,2.366953,2.459518,2.887075,1.398875,1.466550,3.795774,2.983082,1.617920,1.942785,1.725327,3.974811,2.824397,2.540535,2.328475,2.339762,2.760860,1.691740,2.522555,1.765425,1.458644,2.210458
7.445033,2.356742,1.609466,1.907822,1.412304,2.192000,1.937563,1.292392,1.685051,2.182584,2.581515,2.385236,0.987991,5.989253,2.228075,4.813407,1.901690,1.757882,1.447151,1.693035,2.056446,1.460353,2.292797,1.665765,0.979247,4.984668,1.864473,3.666742,2.018608,2.700376,1.405647,1.537820,1.899649,2.538996,1.543105,1.909693,3.447407,1.709026,1.234629,1.788049,1.855821,1.422931,2.939750,1.682653,1.432378,2.568423,2.755304,2.054121,2.077522,1.407398,2.261269,3.103315,1.980872,5.095234,1.374785,1.951504,1.982994,2.160899,1.496080,0.598185,2.398443,2.807670,2.169294,1.488922,2.256886,1.310444,1.438121,2.508705,2.665118,2.187899,2.485823,2.000742,2.197261,2.100994,1.742909,1.200104,1.429542,1.733068,1.521802,1.435491,2.758415,1.719685,1.662290,1.299327,1.829595,1.827611,6.662670,2.548099,1.517926,2.181934,1.258469,1.806187,1.928312,2.772191,2.320880,2.675532,1.316732,1.963734,2.320465,2.531166,1.785378,1.917860,1.479826,0.000000,1.519006,1.820898,1.838250,2.309613,1.381236,1.381251,3.154269,2.116975,1.368779,1.587409,1.460616,2.973772,2.156928,1.710686,1.474055,1.635045,1.896016,1.170325,1.762169,1.143721,1.159281,1.604053
7.686153,3.227940,2.164965,2.865104,1.558958,3.061998,2.681346,1.641249,2.017081,2.805270,3.411302,3.220286,1.210228,6.487690,2.808025,5.849699,2.712429,2.354813,2.058625,1.890977,2.159202,1.482867,3.098960,2.509878,1.170403,6.188327,2.422745,4.701955,2.593310,3.331600,1.449228,1.902275,2.665325,2.917601,1.852785,2.176156,4.094768,2.304885,1.517321,2.378442,2.347215,1.723274,3.745071,2.657949,1.600667,3.269162,3.562520,2.637864,2.827083,1.490876,2.912990,4.029206,2.452544,6.189378,1.784031,2.545219,2.651526,2.942823,1.902341,0.536012,3.272225,4.177476,2.756889,1.812781,2.815634,1.386166,1.835364,3.269187,3.249992,2.869584,3.356882,2.554878,2.869474,2.876904,2.088793,1.667508,1.929540,2.147514,2.072546,1.743852,4.050271,2.091178,1.737247,1.501123,2.646614,2.559480,7.920375,3.539837,1.780663,2.780134,1.230717,2.098387,2.399739,3.619940,3.174054,2.883436,1.748685,2.254307,2.511152,3.169686,2.087949,2.336545,1.948465,1.637717,0.000000,2.261645,2.539316,2.948872,1.419281,1.540016,3.761951,3.022068,1.532062,1.941873,1.812824,3.943382,2.769215,2.612978,2.308878,2.197868,2.821938,1.334544,2.625841,1.581381,1.292411,2.391984
8.260513,4.466859,2.806595,3.857733,0.981235,2.019039,1.281725,0.897520,1.066648,3.471714,4.454252,3.417546,2.002310,6.748305,2.896479,6.426517,3.052915,2.976355,1.041307,0.759886,2.238160,2.535844,3.854304,3.083399,1.066417,5.746745,1.394873,4.907860,1.652221,2.102620,1.307576,0.898462,2.438118,0.972631,0.922752,0.931726,1.984400,1.522181,0.959406,1.056479,1.680177,1.231118,3.201068,1.748030,0.870164,1.702077,3.341139,1.377410,2.978780,1.606892,1.872485,4.145922,0.987886,5.947965,2.001922,1.333039,2.043174,3.618888,3.053000,0.587068,0.964838,3.347120,1.296202,1.640120,3.185156,1.229678,1.343762,4.256907,4.136481,3.801898,3.602021,3.610583,4.423419,4.222116,0.952911,0.940939,1.048287,0.721795,1.207132,3.093667,2.539919,1.252774,1.701051,1.599805,2.731620,3.659219,6.736399,1.111806,2.273411,1.494664,1.153832,3.474623,0.684911,2.563528,1.245920,1.169649,1.785174,1.223297,1.205161,1.887005,0.887175,1.028186,2.423670,1.676474,2.674152,0.000000,3.669308,1.673954,0.635554,0.807307,1.809188,2.161045,0.989422,1.503044,0.796275,4.862155,3.834366,3.472069,3.526432,3.095709,3.569834,2.562748,3.073046,2.558941,1.312341,3.169671
7.997185,4.060319,2.752307,3.305105,1.924568,3.846167,3.341652,2.036472,2.624823,3.300414,4.224559,3.622690,1.479222,7.164091,3.970196,6.277358,3.353689,2.915904,2.740577,2.481822,2.837616,1.878386,3.795930,2.984677,1.471816,6.737750,3.297471,5.098836,3.212767,4.781759,2.319453,2.402990,3.233319,4.070626,2.311996,2.919041,5.038359,3.048251,1.819687,3.192336,3.047022,2.070847,4.699485,3.516667,2.325277,4.089731,4.101822,3.459719,3.712556,2.192417,3.776406,4.770468,3.577143,6.710373,2.556454,3.523956,3.462766,3.888233,2.660355,1.401489,4.408042,5.021298,3.549827,2.499817,3.289519,1.695328,2.218114,4.154513,4.040410,3.602745,4.095689,3.068702,3.567563,3.553264,2.726675,2.249436,2.594598,3.113682,2.681155,2.368948,5.157659,2.670805,2.642377,1.854633,3.568964,3.251179,8.556534,4.547522,2.023433,3.804963,1.644709,2.832296,3.389516,4.308272,4.211068,4.032847,2.179676,3.208829,3.887827,3.968405,3.055826,3.232975,2.568022,2.048555,2.662344,3.364376,0.000000,3.963948,2.205708,1.849087,4.915561,3.676104,1.985821,2.753453,2.391802,4.473865,3.444370,3.166766,2.922221,2.773226,3.290050,1.634827,3.157989,2.093860,1.760057,2.742404
8.573169,4.945350,2.940280,4.520952,1.471643,2.900529,1.986396,1.157840,1.646539,3.987530,4.895763,4.070261,2.493678,7.338900,3.774110,6.805364,3.967839,3.661302,1.386126,1.018859,2.887149,2.791851,4.509337,3.957932,1.271712,6.660782,1.812454,5.803138,2.220113,2.915063,1.748348,1.246600,3.200336,1.529426,1.413340,1.439187,2.956536,1.885514,1.384294,1.578702,2.338882,1.486692,4.164721,2.755892,1.108297,2.474966,3.963495,2.081994,3.496728,1.974491,2.583202,4.750896,1.591366,7.136773,2.865370,1.928120,2.584911,4.271917,3.470228,0.866866,1.735692,4.043165,2.200533,2.350740,4.028608,1.381718,1.582046,5.006383,4.638825,4.400766,4.372505,4.147048,4.814716,4.574062,1.206312,1.180748,1.470857,1.304306,1.520659,3.295084,4.014746,2.107663,2.200577,2.242238,3.160786,4.205525,7.655941,1.863852,2.695742,2.378060,1.434825,3.799128,1.071607,3.503866,1.904956,1.744922,2.091478,1.937807,1.889902,2.489272,1.506784,1.720950,2.985287,2.410699,3.320801,1.661474,4.255509,0.000000,0.987347,0.997704,2.812406,2.960039,1.239575,2.157752,1.138307,5.593370,4.161715,4.121710,4.078582,3.735360,4.261244,2.854985,3.800724,2.898055,1.680342,3.742714
7.414920,3.088998,1.854623,2.232854,0.956838,1.205583,0.857844,0.898530,1.108537,2.047351,2.847557,2.035389,1.269891,4.999415,1.941677,4.572936,2.181207,2.256591,0.819516,0.954825,1.566511,1.799762,2.385023,2.277798,0.970129,4.051584,0.893017,3.404983,1.169971,1.243591,1.025785,0.789586,1.679711,1.065359,0.870502,0.921425,1.315901,0.898344,0.896615,0.687508,1.312603,0.996814,2.035289,1.189948,0.970383,1.125236,2.232712,1.148103,2.012727,1.239224,0.911942,2.494466,1.050641,4.566243,1.460815,0.864106,1.191816,2.219309,2.128795,0.847663,0.879127,2.246378,1.027660,0.976416,1.845956,1.058205,0.823571,3.017011,2.850843,2.679814,2.395695,2.383148,2.991994,2.591829,1.048993,0.920858,1.083672,1.040748,1.042925,2.030303,1.777300,0.722938,1.214435,1.458763,1.726027,2.497613,5.030243,0.989136,1.490851,0.894649,1.035068,1.968421,1.078516,1.388009,0.719375,0.649062,1.239423,1.083806,1.025680,1.136043,1.053906,0.571416,1.728621,1.424931,1.856551,1.079814,2.588160,0.874561,0.000000,0.946941,1.189873,1.484526,0.963539,1.176534,1.072139,3.281345,2.249086,2.177374,2.298445,1.970273,2.227090,1.547739,2.224638,1.670935,1.049637,1.858105
7.192742,2.342730,1.530951,2.072201,0.963668,1.521902,0.932805,0.879514,0.897334,1.930087,2.492061,2.150957,1.478824,5.031668,1.648187,4.248104,1.751389,1.607629,0.697360,0.794780,1.756976,1.729653,2.338908,1.613524,0.843483,3.845391,1.033822,3.259802,1.432918,1.406790,0.942397,0.741815,1.721698,0.857010,0.734012,0.894155,1.403526,0.865356,1.023170,0.785894,1.441467,0.962187,2.099344,1.428005,0.830680,1.141931,1.991725,1.248875,1.696663,1.150843,1.071410,2.297361,0.653860,4.208721,1.320803,1.061066,1.232044,1.597226,1.951527,0.861083,0.845957,2.599601,1.008558,0.906803,1.713094,1.062448,0.993157,2.568666,2.569396,2.125290,2.248873,2.015211,2.544306,2.331712,1.050115,0.842203,0.840361,0.743886,0.857398,1.665917,1.871516,0.829951,1.034590,1.339709,1.441153,2.085672,5.235442,0.973914,1.786752,1.087306,1.003886,2.015824,0.935865,1.591083,0.797515,0.762871,1.140574,0.801705,0.880399,1.448862,0.963013,0.664590,1.376962,1.373559,1.514163,0.688775,1.975183,0.985211,0.875383,0.000000,1.456297,1.521935,0.971499,1.015557,0.926746,2.807686,1.931220,1.863225,2.066319,1.599011,2.044520,1.607549,1.808307,1.588526,1.044341,1.636801
8.329045,6.146051,3.935456,5.179318,1.465934,3.044632,2.483079,1.340989,1.619946,4.938712,6.349543,4.846728,3.241643,7.995639,4.651487,7.687601,4.865741,4.645981,1.892188,1.156390,2.064525,3.944007,5.828396,4.907422,1.458513,6.146920,2.101693,6.382081,2.249853,3.167995,1.895918,1.408651,2.608848,1.944844,1.597395,1.524745,3.406501,2.144623,1.472308,1.926144,1.683190,1.472168,4.195039,3.019228,1.189854,2.411243,3.382865,2.141233,4.672860,2.890980,2.783168,5.501376,1.970503,7.458494,3.333678,2.056418,3.065152,5.177856,4.558510,1.154286,1.821697,4.045557,2.147304,2.906873,4.606735,2.214917,1.726657,6.223425,5.727139,5.191872,5.368559,5.483730,5.541434,5.985986,1.242452,1.243301,1.828655,1.708751,2.199849,4.291834,3.747711,2.545548,2.671061,3.238120,4.278762,4.818370,7.815431,1.854314,3.783634,2.343948,1.775742,4.876009,1.455119,3.033703,2.491842,2.274250,3.036923,2.445605,2.246925,2.059167,1.619727,1.962357,4.071581,3.017797,3.936299,2.185602,5.158610,3.044723,1.442813,1.770841,0.000000,3.331239,1.085786,2.224774,1.665737,6.543023,5.291096,5.191483,5.331779,4.171510,5.351281,3.903556,4.954262,4.115081,2.295946,4.506277
8.612545,4.732187,3.155413,4.278270,1.648216,2.736486,2.436155,1.509402,2.005507,3.958080,4.709489,3.580724,2.357673,7.163161,4.007941,7.028761,3.480731,3.261680,2.016087,1.505926,2.296926,2.897016,4.184279,3.424881,1.158975,6.355849,2.103997,5.591124,2.087891,2.888446,1.942990,1.769463,2.327740,2.848501,1.997065,2.143330,3.239384,2.289625,1.428343,1.731884,1.673243,1.401131,3.695836,2.256584,1.422900,2.681090,3.218804,2.003173,4.198641,2.647967,2.881647,5.251094,2.450245,6.656604,2.926757,2.061839,2.792636,4.586117,3.399968,1.132811,2.364377,2.932725,2.176775,2.774472,3.950326,2.154727,1.154747,5.215213,4.780453,4.363457,4.469683,4.422939,4.642423,4.631249,1.787722,1.322649,1.774896,2.146575,2.010378,3.093154,3.212869,2.323462,2.598416,2.796459,3.653122,3.652344,7.719257,2.172652,2.835877,2.143029,1.717869,3.943604,2.116340,3.146778,2.614573,2.508467,2.426593,2.932875,2.433113,2.236928,2.048674,2.457634,3.062505,2.135439,2.949727,2.683860,3.636393,3.279308,1.767809,1.936770,3.502248,0.000000,1.066701,2.032270,2.077021,5.486836,4.138501,3.938520,3.869619,2.833332,4.143292,2.838711,4.048626,3.003556,1.558368,3.345507
6.683662,1.958753,1.236642,1.875995,1.109690,1.093667,1.095232,1.065178,1.073946,1.896255,2.099222,1.706131,1.257246,4.509127,1.460808,3.747088,1.223456,1.554723,0.991035,1.061226,1.277814,1.282926,1.791023,1.201671,0.965901,2.788748,1.086682,2.360951,1.120295,1.220813,1.031932,0.960318,1.193207,1.163094,1.078593,1.215016,0.925333,1.122725,0.983810,0.970079,1.045709,1.043204,1.546539,1.048242,1.111596,1.183699,1.910951,1.082716,1.604113,0.996894,0.960593,2.303661,1.008563,3.707795,1.000577,1.015599,0.934861,1.593984,1.511897,1.042441,1.141227,1.338011,1.123451,1.226798,2.001276,0.869820,0.793756,2.208076,2.040866,2.081179,1.953549,1.970241,2.017228,2.083268,1.061687,1.117393,1.137952,0.953704,1.051033,1.493255,1.192911,0.954244,0.979130,1.095087,1.329142,1.671479,4.648659,1.125375,1.140379,1.098784,1.184704,1.711759,1.089242,1.483930,1.017153,1.030824,1.246585,1.069001,1.087805,1.184513,1.010726,1.128604,1.374198,0.929888,1.233874,0.883387,1.811630,1.162765,1.032985,1.092520,1.354776,1.083482,0.000000,1.175120,1.117337,2.482470,1.869072,1.699499,1.726294,1.319261,1.603285,1.358520,1.787930,1.289431,1.111060,1.408841
8.094673,3.502960,2.403712,3.216583,1.027851,2.102643,1.710685,1.083983,1.314658,2.855144,3.466417,2.815346,1.502393,5.947542,2.847366,5.770987,2.617818,2.444627,1.297708,0.720149,1.775916,1.887269,3.251110,2.648896,1.032831,4.849197,1.808291,3.913350,1.645247,2.363260,1.384801,1.253029,1.724285,1.772725,1.395175,1.556638,2.543033,1.811159,1.108198,1.484395,1.609983,0.975461,2.830104,1.766675,0.992408,1.960217,2.469547,1.750572,3.128772,1.751871,1.976647,3.986072,1.578500,6.125001,1.941378,1.469978,2.088019,3.176752,2.462271,0.802562,1.808354,2.549619,1.725507,1.758739,2.666315,1.324282,1.250999,3.657817,3.822825,3.058136,3.304459,2.749606,3.530636,3.424314,1.084027,1.220385,1.332508,1.140069,1.575076,2.286725,2.734833,1.301385,1.891240,1.933213,2.466244,2.797963,6.688098,1.634536,2.263953,1.707780,1.162174,3.061976,1.110453,2.408655,1.719064,1.560328,1.731650,1.738846,1.446992,1.756645,1.208318,1.612286,2.036097,1.644932,2.198247,1.723754,2.851077,2.352472,0.892583,1.239392,2.449650,2.053011,1.046909,0.000000,1.195183,4.149760,2.813715,2.965751,2.785791,2.147602,3.305593,1.917480,2.858631,2.020888,1.269393,2.321005
7.895947,3.557497,1.996633,3.038076,1.072581,1.299995,1.140237,1.079038,0.989841,2.479886,3.529037,2.524173,1.780028,5.847699,2.179382,5.340820,2.568839,2.433406,0.881387,1.043979,1.596978,1.965853,3.084236,2.696451,0.886536,4.391975,0.816189,3.673297,1.144453,1.519842,1.018407,0.960470,1.467839,0.851320,0.902373,0.980583,1.856024,1.009223,0.935461,0.812217,1.158985,1.035933,2.270903,1.388672,1.148526,1.197954,2.065596,0.993690,2.178702,1.309394,1.355909,2.896721,1.271531,4.711699,1.749847,1.092475,1.455249,2.575709,2.328036,0.889949,0.804721,2.360455,0.959943,1.111320,2.443222,1.060730,0.975693,3.353701,3.169425,2.999167,2.937240,3.024519,3.310165,3.421327,1.058601,1.104144,1.253139,1.307602,1.154151,2.247360,1.681808,1.042573,1.333666,1.645625,1.981691,2.785188,5.502042,0.995052,1.866546,1.086827,1.038175,2.710657,1.212280,1.557933,0.853300,1.142136,1.318953,1.053274,1.087505,1.107825,0.899614,1.077714,1.626420,1.646390,2.150126,1.006451,2.824574,1.094381,1.087074,1.149849,1.365006,1.712488,0.951076,0.976435,0.000000,3.790398,2.745349,2.716566,2.938271,2.501267,2.656356,1.929598,2.634085,2.098241,1.112658,2.187084
8.700899,5.327149,4.480346,5.171370,2.991501,5.479067,4.934590,3.232029,3.732342,4.852709,5.727846,5.142662,2.767596,7.903047,5.616215,7.346066,4.469271,4.566795,3.963648,3.543958,4.255692,3.558666,5.497570,4.880063,2.011592,7.958256,4.463626,7.254738,4.501212,5.757283,3.367450,3.639485,4.674767,5.652215,3.955442,4.363198,6.555678,4.461340,2.709144,4.468073,3.982152,3.222795,6.339457,4.854733,3.177279,5.671042,5.395021,4.542397,5.786901,3.842812,5.681008,6.872416,5.073179,8.020537,3.847841,4.652404,4.972035,5.323262,4.049450,1.557638,5.994732,6.364209,5.016111,3.872125,4.764420,2.686553,3.558695,5.863495,5.836223,5.204521,6.028113,4.823199,5.457500,5.402159,4.066842,3.615383,3.941742,4.359740,4.387484,4.364303,6.488808,4.526033,4.133501,3.576296,5.453632,4.942029,8.792969,6.058619,3.560463,5.228191,2.868071,4.534458,4.952821,5.838918,5.709899,5.810619,3.666268,5.104132,5.428353,5.396788,4.563973,4.728237,4.163765,3.284021,4.176229,5.190525,4.827034,5.780048,3.357256,3.134117,6.314425,5.252751,2.645122,4.193513,3.653028,0.000000,5.190175,4.352972,4.788600,4.306797,5.120064,3.236145,4.890180,3.794933,2.973410,4.451462
8.148313,4.515993,3.537063,4.031218,2.192670,4.092922,3.650502,2.465854,2.957779,3.796185,4.667288,4.496726,2.194483,8.145146,4.561173,7.196850,3.787517,3.494539,2.817442,2.694061,3.497446,2.754312,4.386139,3.621296,1.581066,7.506172,3.632225,6.078145,3.544521,4.488237,2.300367,2.678888,3.871875,4.368857,2.702021,3.227930,5.432296,3.379342,2.015730,3.297651,3.327739,2.311713,4.978063,4.073563,2.203278,4.451441,4.599602,3.505249,4.261003,2.585707,4.852450,5.927886,3.803762,7.726782,3.126866,3.650693,3.732553,4.658551,3.098829,1.413173,4.269740,5.227210,3.614242,2.517042,3.922595,1.769083,2.857489,4.755589,4.801055,4.058438,4.555819,3.859852,4.533803,4.126385,3.059735,2.640642,2.962194,3.414759,2.948576,3.044772,5.763813,3.105881,2.802663,2.703056,3.846433,4.121954,8.648258,4.870311,2.643707,3.382749,2.072450,3.466141,3.557549,4.772341,4.326627,4.304614,2.756195,3.769418,3.969098,4.235696,3.580358,3.272572,3.281104,2.525953,3.321453,4.205326,4.057966,4.370765,2.488758,2.402154,5.333660,4.092827,2.194615,3.020982,2.783946,5.553600,0.000000,3.395644,3.828923,3.436779,4.340369,2.746604,3.797434,2.800290,2.005487,3.685262
8.120466,3.882828,2.990018,3.567237,1.822357,4.214951,3.698221,2.263540,2.739941,3.449764,3.969173,4.346569,1.496159,7.618992,3.876062,6.386075,2.807426,2.857292,2.830472,2.668229,2.742916,2.048860,3.731868,2.882433,1.390351,7.078254,3.111104,5.949828,3.104412,4.382633,2.176495,2.521085,3.248128,4.606693,2.562637,3.006322,5.416634,3.065623,1.998643,3.490145,2.745182,2.340705,4.742738,3.511991,2.326966,4.300423,3.970387,3.310092,3.815831,2.281950,4.181266,5.365855,3.608533,7.119799,2.462207,3.589527,3.971438,3.829505,2.603509,1.329124,4.351677,4.806992,3.632440,2.304139,3.451484,1.588529,2.562304,4.069494,4.308386,3.297558,4.036998,3.283808,3.809115,3.217006,3.040949,2.541511,2.525590,3.122640,2.901104,2.642092,5.340032,2.997458,2.712041,2.089472,3.525387,3.548691,8.257384,4.838357,2.192844,3.528758,1.802853,2.718492,3.683943,4.511315,4.382895,4.943352,2.219891,3.659676,3.802654,4.377304,3.148185,3.173795,2.747051,2.186706,2.800312,3.714302,3.261822,4.254723,2.317390,2.031146,5.378530,3.875576,2.039751,2.890778,2.638892,4.423802,3.230727,0.000000,2.723557,2.690219,3.445364,2.091458,2.911471,1.936388,1.929425,3.001178
7.814454,3.923606,2.758862,3.194589,1.924110,4.048756,3.708848,2.191998,2.431788,3.331372,3.452368,3.847428,1.605666,7.370138,3.853374,6.202629,3.086263,2.845031,2.794855,2.509953,3.007797,1.979332,3.572704,3.022053,1.387103,7.420201,3.458595,5.495200,3.473867,4.329059,2.230023,2.424301,3.428937,4.464393,2.606952,2.942806,4.833597,3.215941,1.935916,3.106626,2.988419,2.118390,4.922023,3.166921,2.296839,4.392079,4.611215,3.331114,3.522471,2.361064,4.047094,4.999984,3.606672,6.919720,2.539393,3.523722,3.421833,3.028624,2.566305,1.293153,4.365096,4.987124,3.789602,2.332034,3.318924,1.524083,2.372304,3.901728,4.314425,3.250435,4.217499,3.033827,3.492318,3.306875,3.007495,2.423674,2.695850,3.194682,2.819924,2.457051,5.482905,2.958155,2.548101,1.808288,3.635795,3.489143,7.953901,4.697933,1.900697,3.675086,1.763227,2.599611,3.340926,4.896420,4.113831,4.588907,2.408940,3.711200,3.741691,4.182523,3.243011,3.107479,2.560652,1.973349,2.508765,3.648289,3.227427,4.145111,2.190063,1.853172,5.150192,3.696623,1.967517,2.691098,2.753181,4.762688,3.633733,2.762643,0.000000,2.684118,3.310034,2.084429,2.958215,2.045870,1.822782,2.715026
8.296171,3.930707,2.830307,3.059049,1.761934,3.381599,3.212126,1.871354,2.312825,2.731699,3.683984,2.965311,1.582413,6.266952,3.753052,6.477423,2.938841,2.648376,2.430770,2.400320,2.084009,1.975038,3.621792,2.964216,1.237682,6.268246,2.697737,4.925167,2.763835,3.551185,1.873107,2.004287,2.762946,3.824316,2.327139,2.742364,4.539766,2.823246,1.504447,2.746592,2.458854,1.538012,3.887105,3.068534,1.991786,3.216741,3.076239,2.528494,3.997592,2.137791,3.622454,5.302890,3.163269,7.514416,2.544321,2.929776,3.206566,4.060946,2.576932,1.234755,3.602688,3.901349,2.957029,2.096192,2.388712,1.549909,2.044519,3.777909,4.472493,2.701488,3.848924,2.852060,3.682207,3.227984,2.287825,2.224845,2.260872,2.731279,2.591943,2.840586,4.288388,2.279761,2.457418,2.138645,3.310175,3.093472,7.760062,3.829184,2.109241,3.038211,1.479223,2.794037,2.815976,3.665256,3.880252,3.829990,1.982826,3.229119,3.088014,2.979570,2.636516,2.631728,2.596861,2.001561,2.471551,3.227335,3.017639,3.812216,2.252033,2.023334,4.294800,2.898431,1.555527,2.229058,2.408519,4.005847,3.148085,2.701233,2.743858,0.000000,3.290145,1.850493,2.970014,1.897177,1.512990,2.500372
8.212605,4.603427,3.267226,3.458751,2.236225,4.045025,3.681103,2.270768,2.685198,3.635066,4.201605,4.183553,1.697308,7.128292,4.566661,6.478558,3.505857,3.518767,3.066322,2.642294,3.343327,2.411680,4.222384,3.687447,1.612437,7.225997,3.391832,5.522392,3.626915,5.115279,2.299282,2.555503,3.719164,4.201509,2.910977,3.023823,5.306917,3.508080,1.990414,3.392314,2.902311,2.381721,5.242167,3.636432,2.230519,4.307434,4.835664,3.355597,4.189299,2.355681,4.053446,5.419770,3.860902,6.934495,2.788824,3.548413,3.743866,4.599215,2.903764,1.395516,4.216536,5.332429,3.915832,2.661161,3.621106,1.616599,2.576689,4.102276,4.309228,3.592443,4.122856,3.767328,3.768562,3.657288,3.149448,2.496415,2.576563,3.353675,3.237829,2.838754,5.731502,2.896174,2.688633,2.133171,3.938925,4.025332,8.334919,4.536088,2.477644,3.671141,1.836843,3.091887,3.360054,4.903664,4.435215,4.175790,2.555583,3.610878,4.019010,4.385310,3.281404,3.509386,2.999832,2.301698,3.049127,3.882399,3.578048,4.318349,2.404680,2.348775,5.304226,4.044686,1.962122,3.323209,2.693967,5.065594,3.895553,3.323087,3.370251,3.191594,0.000000,2.251208,3.466402,2.350852,1.947959,3.274891
6.320195,3.096363,2.312344,2.429537,1.486895,3.036251,2.458473,1.634023,1.652067,2.403803,2.874436,2.269277,1.194480,5.001241,3.066812,5.590412,2.744960,2.449901,1.711838,1.720845,2.048474,1.330259,2.997912,2.831554,1.143894,5.707010,2.361451,3.829493,2.303170,3.244112,1.706141,1.658844,2.627366,2.900955,1.982907,2.230846,3.607250,2.246965,1.222028,2.358871,2.354361,1.549351,3.507024,2.670319,1.560026,2.677245,2.864722,2.256961,3.069544,1.564985,2.923965,3.848895,2.588184,6.308287,1.958129,2.526026,2.644883,3.302559,1.604459,1.183414,3.238841,3.681629,2.625979,1.464498,1.970588,1.235718,1.966516,2.489424,3.283434,2.118265,3.056658,2.089602,2.328542,2.633108,1.596552,2.120536,1.900304,1.962421,2.024711,2.102885,4.336513,1.648425,1.688029,1.371724,2.761803,2.887202,7.116620,3.275757,1.498998,2.507420,1.416142,2.018389,2.296135,3.075148,3.261852,3.273265,1.679005,2.068332,2.688431,2.916588,2.273044,1.917375,2.217162,1.878864,2.163154,2.812565,2.420499,3.088514,1.780111,1.245780,3.544088,2.664955,1.548310,1.970377,1.610864,3.265148,2.765164,2.364207,2.348434,1.494989,2.547463,0.000000,2.677741,1.561398,1.230983,2.276380
8.293412,4.111391,3.096127,3.708549,2.094060,4.289221,3.759471,2.367776,2.685958,3.549858,4.250607,4.249916,1.900911,7.713159,3.920343,6.316125,3.386143,3.087708,3.025961,2.721991,3.356566,2.001979,4.204338,3.357024,1.486787,6.973953,3.228900,5.630008,3.421092,4.656621,2.163730,2.429127,3.820469,3.761658,2.505604,2.879933,5.455164,3.158533,2.068661,2.928911,3.081523,2.338540,4.880182,3.633610,2.380496,4.245929,4.409896,3.389318,3.667948,2.279003,4.326276,5.240103,3.641494,6.954090,2.613251,3.651156,3.421580,3.678188,2.724003,1.318890,4.307999,5.258802,3.711382,2.257913,3.782264,1.715227,2.604705,4.473635,4.192516,3.740844,4.409178,3.442402,3.605029,3.363319,2.910697,2.313452,2.741201,3.307552,2.984339,2.513444,5.514125,2.857252,2.312290,2.035897,3.753009,3.822049,8.501299,4.594207,2.118709,3.814625,1.722731,2.789366,3.348189,4.785768,4.285446,4.603978,2.547575,3.189247,3.804688,4.149594,2.990534,3.458819,2.842543,2.173914,2.952474,3.459851,3.530509,4.056948,2.350434,2.083217,5.177524,4.117980,2.142522,2.972359,2.750276,4.817064,3.672572,2.908007,3.065986,3.037277,3.797285,2.504861,0.000000,2.305406,1.924584,2.968529
6.987787,3.626119,2.427500,2.550013,1.558127,3.015087,2.824628,1.706098,2.181187,2.553584,3.035484,2.652991,1.349398,5.910321,3.044573,5.503843,2.665496,2.520539,2.129217,1.988767,1.945592,1.705139,2.834273,2.670605,1.199492,6.102258,2.618994,4.348230,2.681384,3.381222,1.728975,2.087376,2.655829,3.574575,2.172926,2.624062,4.001213,2.542086,1.418150,2.549499,2.472383,1.666439,4.019001,2.650342,1.738671,2.998078,3.181246,2.548917,3.247966,1.913283,3.238823,4.551941,2.835225,6.523770,2.122444,2.788569,2.878870,2.846102,1.861746,1.373672,3.317150,3.787325,3.020746,1.677944,2.357866,1.395084,1.798536,3.070411,3.291195,2.314171,3.213915,2.590820,3.012428,2.995309,2.163915,2.175415,2.153477,2.117941,2.065119,2.197014,4.552145,1.856640,1.999864,1.576300,2.904771,2.966178,7.263135,3.764325,1.562798,2.975550,1.455238,2.027831,2.740275,3.612199,3.581166,3.342461,1.816955,2.721870,2.638194,3.193768,2.537650,2.245941,2.198889,1.918845,2.259270,2.791811,2.623412,3.252111,1.900282,1.692526,4.214444,2.879098,1.661330,2.064712,2.026174,3.854452,2.815745,2.405335,2.391894,1.940836,2.747045,1.768418,2.461992,0.000000,1.336935,2.363965
6.385854,2.354993,1.547774,2.088087,0.984531,1.614374,1.548514,1.077285,1.169907,2.046275,2.402310,2.182653,1.375802,4.970873,2.121344,4.913423,1.810624,1.701719,1.270022,1.057480,1.244981,1.514877,2.402509,1.906936,1.015624,4.154631,1.320768,3.413173,1.428564,1.851067,0.929196,1.003049,1.314786,1.429110,1.160072,1.135344,2.286617,1.365108,0.941108,1.320409,1.118048,1.198498,2.073648,1.565240,1.023517,1.721760,1.729017,1.405496,2.233193,1.235418,2.109194,2.984810,1.426289,4.310058,1.461107,1.372968,1.604731,2.458232,1.716044,0.876922,1.628555,1.890660,1.330008,1.437003,2.190530,1.263876,1.156622,2.774310,2.363230,2.381962,2.574622,2.334769,2.183990,2.327855,1.178433,1.111483,1.093851,1.498610,1.420032,1.585537,2.190462,1.380597,1.349369,1.446135,2.050444,2.066102,6.299878,1.635513,1.540029,1.462259,1.100023,1.827262,1.137576,2.163713,1.765153,1.668756,1.252985,1.683501,1.495101,1.311545,1.403221,1.197118,1.587203,1.296123,1.441598,1.497853,1.949281,1.927429,1.217306,1.139288,2.103667,1.572504,1.054726,1.292605,1.218528,3.121628,2.105624,2.038371,2.073871,1.640373,2.091864,1.339035,2.105173,1.597872,0.000000,1.874156
8.096275,4.018770,2.695645,3.422619,1.794741,3.240151,3.132674,1.882784,2.210311,3.442835,3.882657,4.104633,1.912835,7.316030,3.994702,6.744855,3.406664,3.045496,2.488895,2.176951,2.711652,2.066569,3.966505,3.098966,1.299429,6.800032,3.036562,5.099885,2.660020,3.954579,1.882241,2.283573,3.169109,3.809266,2.361354,2.611096,4.464824,3.034080,1.872270,2.811120,2.634524,1.998374,4.328952,3.093021,1.875455,3.429419,3.776849,2.950450,3.718227,2.410074,3.513274,4.817161,3.290939,6.999409,2.493061,3.035270,3.201833,3.991164,2.669960,0.730386,3.969523,4.370486,3.171374,2.498302,3.153581,1.658944,1.945770,4.103792,4.303806,3.581815,4.063053,3.450146,3.528759,3.871521,2.599867,2.273097,2.418250,2.889123,2.829854,2.753871,4.724607,2.622956,2.471991,2.147871,3.266657,3.507312,8.268342,3.773629,2.071102,3.019067,1.605329,2.811784,2.780703,4.272310,3.924743,3.962215,2.178428,3.271165,3.358564,3.534720,2.704549,2.960806,2.692120,2.120504,2.702595,3.244734,3.097172,3.915622,2.037459,1.753806,4.482206,3.280966,1.674164,2.473555,2.192778,4.842591,3.523214,3.120775,2.904297,2.658802,3.346890,2.033999,3.191536,2.086008,1.694466,0.000000
