0.000000,8.299998,7.609453,7.305275,6.876306,8.707547,8.486402,7.269390,7.549550,8.082777,8.024517,7.551885,6.396797,0.000000,7.924698,0.000000,8.260055,8.099280,7.054508,7.271235,7.694879,6.730152,8.471487,7.686583,5.287631,0.000000,8.432265,0.000000,8.385381,9.018338,7.508232,7.850962,8.050506,8.762350,8.131608,8.211209,8.268403,8.461742,6.068980,7.802434,8.010517,6.583080,8.986955,8.372427,8.035404,8.559623,9.282793,8.515697,8.370476,7.160243,8.928325,8.082843,8.087914,0.000000,7.405632,8.249075,8.675793,0.000000,6.909035,5.727462,8.736745,8.924529,8.823650,7.441525,7.891373,6.689066,7.010360,7.686297,7.516360,7.662522,8.337032,7.821538,7.822635,8.097975,8.159159,7.109139,7.555984,8.433478,8.138779,7.559704,0.000000,8.258252,6.988996,7.192767,8.536994,8.659786,0.000000,9.423507,6.997936,8.689817,6.569127,7.983635,8.333346,8.558752,8.783951,8.541817,7.046195,7.808759,8.578615,8.713585,8.703121,8.209409,7.937936,6.885918,7.967124,8.453641,8.377508,9.072642,7.340163,7.240076,9.030938,8.350618,6.415476,8.040376,7.391277,8.718751,7.965495,8.053519,7.925822,8.060294,7.974436,6.617195,8.107529,7.128556,6.327424,8.267498
8.330352,0.000000,3.500653,4.222820,2.387944,4.684443,4.075370,2.934418,3.135783,4.393519,4.580214,4.821089,2.503049,7.886881,4.793541,6.851657,4.220722,3.463160,3.332110,3.018970,4.147186,2.570614,4.671044,4.142896,1.706412,7.650380,4.084611,6.105341,4.001443,5.891616,2.699274,2.932887,4.246443,4.837747,2.985496,3.431504,5.947380,3.934566,2.390703,3.822397,3.523546,2.949701,5.491746,4.461334,2.843436,5.166272,5.678063,4.034220,3.933040,2.948629,4.747349,5.127012,4.239972,6.975189,2.828642,3.905258,4.094826,4.484746,3.112411,1.189902,4.993218,5.941809,4.227909,2.935045,4.562053,1.852076,3.078516,4.457009,4.094067,4.725179,4.597672,4.382138,4.030054,3.828374,3.643711,2.427986,3.215948,3.916474,3.365813,2.772644,6.133304,3.916030,3.003878,2.415272,4.416637,4.291358,8.829351,5.456668,2.393677,4.228624,2.052023,3.391087,3.921792,5.264975,4.730149,5.238874,3.259189,3.845773,4.645276,5.408804,4.064448,3.818341,3.297514,2.668284,3.373286,4.296744,4.235012,4.823589,2.674104,2.228166,6.133543,4.479892,2.306843,3.376330,3.247307,5.534392,4.286471,3.736226,3.647515,3.898126,4.234196,2.781236,3.873288,3.183213,2.205204,3.804216
7.596887,3.447442,0.000000,2.900025,1.620607,3.162232,2.720088,1.802321,1.968937,2.949294,3.514568,3.472517,1.548472,6.902469,3.003299,5.687886,2.912327,2.577187,2.241498,1.797005,2.679186,1.761147,3.225343,2.699162,1.197234,6.215505,2.493513,4.988666,2.745907,3.718342,1.731929,1.804836,2.949927,2.949101,1.857513,2.136888,4.235513,2.475127,1.464887,2.344786,2.432028,1.707054,3.864193,2.739834,1.692709,3.286484,3.901420,2.819627,2.559945,1.734236,3.233132,3.986513,2.490583,5.926903,1.930443,2.486787,2.609013,3.066516,2.474490,0.781957,3.133748,4.229188,2.922596,2.128554,3.456327,1.290450,1.823803,3.721546,3.135470,3.271261,3.547202,2.795812,2.872913,3.231367,2.033319,1.681183,2.035340,2.436242,2.210877,2.083123,4.482192,2.369697,1.764362,1.459273,2.762586,3.043957,7.631649,3.388733,1.652250,2.888160,1.258848,2.597880,2.406417,3.672627,3.193136,3.163776,2.101365,2.240117,2.876838,3.480372,2.349082,2.298596,2.432084,1.727866,2.245237,2.668401,2.762008,2.877256,1.637822,1.443712,4.014405,2.958777,1.545430,2.219688,1.976591,4.248211,3.144085,2.868918,2.589155,2.560441,3.054581,1.730347,2.840005,1.930626,1.401553,2.455247
7.381236,4.162700,2.942147,0.000000,2.055300,4.217667,4.008330,2.468767,2.921512,3.189254,3.697229,3.808854,1.580264,6.280939,4.457909,6.575553,3.231423,3.142792,2.818318,2.931556,3.265434,2.034727,3.982381,3.218090,1.515259,6.889038,3.623281,4.967124,3.544733,5.029344,2.323460,2.581919,3.666303,4.873623,2.918299,3.459689,5.567306,3.450709,1.965079,3.511372,3.126303,2.481426,5.347981,3.587012,2.490550,4.553101,4.541064,3.525397,3.831303,2.391749,4.534344,4.822687,3.732261,7.038126,2.851231,3.814372,3.949550,4.136356,2.193767,1.480451,4.836892,5.034046,3.943942,2.672642,2.835425,1.484692,2.284822,3.756057,3.744849,3.312071,4.481105,3.645081,3.819069,3.673708,3.469937,2.658681,2.850764,3.587167,3.510279,2.914423,5.695059,2.981532,2.619586,2.168246,3.738430,4.042413,8.293924,5.199869,1.821670,3.880773,1.864022,3.151868,3.905632,4.839787,4.560461,4.694373,2.478243,3.565806,4.057988,4.475605,3.593685,3.449250,3.070826,2.250829,2.947130,4.050322,3.354507,4.363205,2.442697,2.034055,5.204960,4.251730,2.045453,3.094762,2.729219,4.924010,3.604028,3.434354,3.128675,2.841005,3.481014,1.949959,3.419011,2.254988,1.983101,3.193272
6.816121,2.670184,1.660043,1.918897,0.000000,1.188312,0.994871,0.865998,0.970320,1.997408,2.565617,2.028000,1.153130,4.770506,1.946488,4.753913,2.074191,1.842432,0.906267,0.948804,1.031797,1.531286,2.406237,2.147358,0.890618,3.540752,1.038316,3.041778,0.880883,1.629394,0.969958,0.948448,0.892242,0.936512,0.962933,0.945255,2.162004,0.960052,1.046278,1.076177,1.027340,0.870190,1.705926,1.187927,1.029831,1.042499,1.325991,1.073059,1.955744,1.178831,1.360614,2.642306,1.031843,4.585043,1.464124,1.042624,1.444868,2.351135,1.653974,0.962480,0.941431,1.425279,1.026778,1.142199,1.593979,1.032772,1.009843,2.061078,2.550452,1.929420,2.232124,2.220404,2.268145,2.292017,1.081926,0.944002,1.093293,0.982584,0.970591,1.576846,1.729465,0.834424,1.195077,1.125516,1.555704,2.022868,5.525300,1.151379,1.418368,1.139651,1.049488,1.765713,1.115868,1.161253,1.277307,1.060887,1.255827,1.064067,1.030822,1.035747,0.971691,0.984676,1.455654,0.999283,1.636520,1.077978,1.962336,1.440675,1.120121,0.954227,1.346060,1.387620,0.895742,1.101213,0.982180,2.972716,2.166648,1.925479,1.927216,1.646612,2.053316,1.205942,2.043503,1.340138,1.076862,1.948855
8.843694,4.811472,3.362325,4.044748,1.301327,0.000000,2.141996,1.379652,1.654163,4.132406,4.887884,4.460203,2.477567,8.034191,4.012974,7.164341,3.749901,3.199048,1.673070,1.349601,2.204022,2.859030,4.402580,3.485237,1.275955,6.497580,2.075496,5.266953,2.116199,3.310476,1.660196,1.394471,2.115646,2.674646,1.467665,1.667947,4.060549,2.070523,1.483497,1.948473,1.731993,1.410166,3.566966,2.130267,1.209253,2.505231,3.046777,1.907202,4.176925,2.569069,2.981580,5.667955,2.340569,7.385867,2.914706,2.220887,2.852643,4.391743,3.462361,1.101577,2.228756,3.064209,2.120390,2.641442,4.206057,2.001832,1.687047,5.009756,4.979568,4.669166,4.990100,4.634256,4.737729,4.645968,1.503941,1.361781,1.721660,2.030940,1.852601,3.887996,3.020492,2.244681,2.583333,2.490594,3.319392,3.581053,7.647763,2.031045,2.944881,1.963381,1.545405,4.130042,1.826176,3.012004,2.580266,2.389210,2.300428,2.625266,2.170671,2.078865,1.746870,2.133726,2.918442,1.940024,3.192622,2.177085,3.853094,3.050762,1.423899,1.591767,3.118436,2.700126,1.215816,1.972171,1.347007,5.732099,3.901128,4.131056,4.063549,3.177899,4.074482,3.014290,3.833631,2.786355,1.635264,3.237692
8.726642,4.604906,2.908131,4.247024,0.935445,1.966645,0.000000,0.923123,0.980244,3.592375,4.673833,3.479974,2.031295,6.838875,3.080457,6.251466,3.607454,3.336940,1.116295,0.746019,1.985112,2.813199,4.303392,3.561809,1.142582,5.763823,1.334071,5.090398,1.682887,2.320053,1.294164,0.983899,2.059175,1.275226,1.102803,1.194726,2.535054,1.480906,1.035916,1.072423,1.333815,1.041406,3.072519,2.026176,1.020070,1.809231,2.765437,1.494535,3.219185,1.953712,1.986816,4.003082,1.114046,6.024684,2.492091,1.455395,2.270537,4.109015,3.112016,0.728425,1.273734,2.910106,1.564415,1.929981,3.213297,1.660870,1.301442,4.687278,4.281405,3.918924,4.210692,4.111781,4.400950,4.751862,0.852107,1.000752,1.112805,0.946085,1.307835,3.151499,2.509053,1.434547,2.036455,2.211593,2.864465,3.746152,7.096256,1.224941,2.724372,1.550093,1.382917,3.642239,0.889511,2.084578,1.570946,1.312365,1.976642,1.556690,1.382641,1.637288,0.990004,1.364811,2.768049,2.107541,2.810816,1.497188,3.685001,1.921373,0.970165,1.008699,2.117381,2.213173,0.911646,1.526684,0.759851,5.077342,3.750367,3.888276,4.018265,3.308822,3.444635,2.432252,3.945148,2.896778,1.445528,3.181290
7.212102,3.088055,1.831251,2.495955,1.092416,1.351746,1.009732,0.000000,0.866618,2.096428,3.080570,1.767336,1.284488,4.372862,2.025648,4.685252,1.927586,2.128316,0.902069,0.799683,1.306882,1.951988,2.665950,2.156986,0.947587,3.249754,0.975098,2.935927,1.172162,1.280262,1.235291,0.841197,1.063862,1.008195,0.821813,0.938158,1.425638,1.178716,0.834288,0.862134,1.011131,1.018331,2.067766,1.143947,0.840733,1.052412,1.626695,0.983912,2.231807,1.359233,0.951746,2.687588,0.740390,4.871158,1.634387,0.783796,1.363314,2.492908,2.105859,0.837531,0.800793,1.591278,0.983085,0.981927,1.591552,1.045931,0.836360,3.098340,3.046761,2.420445,2.500042,2.275277,3.351464,3.029289,0.998163,0.933775,1.075075,0.914427,0.963324,2.104545,1.568616,0.869708,1.397568,1.779171,1.902198,2.418370,5.338760,0.979959,2.060102,1.109121,0.927711,2.636915,0.958312,1.522040,0.935558,0.766418,1.037830,1.031671,0.962148,1.046429,0.882749,1.052188,1.758807,1.298835,1.954340,0.952906,2.466253,1.269104,0.981278,1.002502,1.192818,1.315430,0.830850,1.009043,1.009185,3.325352,2.480199,2.356360,2.543177,1.803875,2.449067,1.604298,2.395084,1.931559,1.132682,1.983743
8.193763,3.410088,1.863959,3.155112,1.058717,1.683325,1.035961,1.119609,0.000000,2.695209,3.509124,2.804341,1.722468,6.053742,2.234450,6.062233,2.657832,2.225842,0.836997,0.940713,1.244433,2.021183,3.481579,2.749265,0.974802,4.322421,1.105635,4.161616,1.137254,1.647599,1.015342,0.915541,1.479877,0.931916,0.954204,0.962838,2.255456,1.181125,0.979003,1.066439,1.205263,1.013109,2.056118,1.300948,1.063286,1.227844,1.958269,1.216614,2.232055,1.236064,1.671768,2.774425,0.893619,4.889510,1.778024,1.173716,1.596852,2.677625,2.256355,0.951881,1.093373,2.228003,1.142222,1.400532,2.577943,1.152221,1.040402,3.289853,2.700883,2.908006,3.124302,3.184193,2.741351,3.148920,0.965512,1.097660,0.962602,0.979050,0.950536,2.030874,2.125824,1.309100,1.313971,1.540385,2.147890,2.483211,6.274986,1.007880,1.798175,1.229884,1.099541,2.169033,1.017020,1.520650,1.284557,1.003649,1.575869,1.083474,0.920829,1.102936,0.850956,1.159167,2.050504,1.424536,2.146838,1.012146,2.656329,1.334510,1.076173,1.039435,1.408402,1.682140,1.069679,1.083410,1.078436,4.061842,2.890812,2.902276,2.660571,2.371500,2.613293,1.932258,2.566071,2.131307,1.227562,2.290659
7.409406,4.787842,3.439936,3.577580,2.146363,4.172729,3.798077,2.220784,2.333446,0.000000,4.348290,3.129543,1.738561,6.382542,4.345327,7.069513,3.372772,3.369871,2.792328,2.896885,2.755843,2.655374,4.124998,3.675810,1.451020,6.702803,3.025173,5.032439,3.361830,4.786085,2.315972,2.479979,3.271415,4.328849,2.943076,3.019179,4.824006,3.459951,1.779960,3.084615,2.958409,2.022188,4.944429,3.287292,2.077018,3.823695,3.792684,2.948798,4.708026,2.654628,4.157956,5.831608,3.389851,7.545070,3.210812,3.503966,3.825636,5.015380,3.100542,1.383886,4.138502,4.780303,3.804815,2.462285,2.823096,2.060895,2.601888,4.426517,4.858052,3.684977,4.695131,3.723134,4.552218,4.293033,2.808875,2.797080,2.560871,2.949608,3.071402,3.638831,5.389520,2.509967,3.026891,2.795048,4.084536,4.293595,7.867595,4.601078,2.826105,3.474919,1.966043,3.650785,3.329642,4.189663,4.460719,4.464489,2.303298,3.612056,3.835221,3.563761,3.420504,2.989477,3.189806,2.671123,3.330426,3.968192,3.769857,4.459262,2.435078,2.571548,4.910145,3.833999,1.969316,2.933892,2.716592,4.826115,3.846704,3.784174,3.825872,3.008718,4.134854,2.220959,3.903170,2.674212,1.834505,3.607675
7.737223,4.885590,3.711032,3.858624,2.524979,4.869404,4.353882,3.052481,3.265367,4.272483,0.000000,4.756660,2.336218,7.169171,5.038081,7.639581,4.232285,3.547383,3.487328,3.274139,3.818501,2.992695,4.865014,3.891783,1.666913,7.699369,4.062995,5.949352,3.930143,5.858844,3.029875,3.164598,3.881311,5.275498,3.414700,3.993257,5.883198,4.217251,2.307910,3.670215,3.733088,2.629993,5.941201,4.031033,2.798358,5.031252,5.507390,3.980519,4.597505,3.133009,4.897450,5.493079,4.381587,7.686953,3.605777,4.095560,4.590613,5.061369,3.079339,1.400598,5.052822,5.084793,4.559318,3.043098,4.281789,2.130039,2.616364,4.881824,4.694902,4.360801,5.053710,4.186423,4.462496,4.408453,3.710890,3.066120,3.286276,3.881619,3.569895,3.111510,5.954531,3.423062,3.437875,3.111041,4.426985,4.935104,9.073367,5.425163,2.686948,4.278300,2.443838,3.875515,4.340691,5.212308,5.589316,5.471212,2.937370,4.635501,4.373086,4.917604,4.020810,4.339980,3.799152,2.649516,3.689876,4.996248,4.401507,5.369095,3.176532,2.979785,6.469390,4.354795,2.227232,3.523955,3.525036,5.542210,4.148562,3.999957,3.700763,3.658360,4.204930,2.473448,4.144626,2.789006,2.308803,3.917551
7.353666,5.160726,4.104261,4.038597,2.420137,4.382183,4.036721,2.211572,2.871804,3.419378,4.992680,0.000000,1.816995,6.185692,4.872218,7.301765,3.733011,4.037140,2.834203,2.792245,3.341572,3.212073,4.789785,4.280397,1.663109,7.660548,3.191963,5.750290,3.606858,4.731052,2.878794,2.737253,3.744606,4.777979,3.261191,3.690887,4.921415,3.781069,1.673941,3.147823,3.100403,1.994583,5.103932,3.727370,2.286659,3.982101,4.303062,3.267208,5.629504,3.089843,4.599836,6.788610,3.980931,8.609849,3.501501,3.509039,4.244109,5.637044,3.337420,1.363911,4.216151,4.926725,3.556033,3.012154,3.195339,2.634731,2.507913,5.261136,5.671179,4.190546,4.715449,4.680660,5.213536,5.345458,3.071345,2.539600,2.799054,3.135066,3.077712,4.099867,5.318611,2.790292,3.585739,3.348584,4.620061,4.884273,8.429729,4.259885,3.234658,3.882235,2.116105,4.662716,3.844028,4.400941,4.385892,4.198513,2.773469,4.229810,3.576031,3.614092,3.300641,3.359103,3.899228,2.932503,3.782376,3.993068,4.159186,4.747351,2.599647,2.917395,4.934667,3.636718,1.825292,3.011496,2.861173,5.289907,4.522191,4.477205,4.366299,3.440945,4.525327,2.395244,4.575776,2.926648,2.086435,4.486237
6.365461,3.032831,2.205864,1.880688,1.293502,2.590808,2.325813,1.405032,1.601735,1.946144,2.912490,1.935392,0.000000,5.146097,2.326121,5.031592,2.079573,2.173826,1.803720,1.704686,1.587670,1.396207,2.671328,2.437664,1.050659,4.917582,2.020568,3.651967,2.020613,2.823913,1.448919,1.422402,2.058320,2.603459,1.600477,2.022297,3.495382,2.067614,1.372565,2.261877,2.055489,1.315332,3.216831,2.295920,1.427378,2.354990,2.187565,1.935046,3.380781,1.757321,2.674387,4.098456,2.114935,6.008030,1.936991,2.304157,1.989315,3.051239,1.734157,1.472825,2.649912,3.408061,2.107826,1.696875,2.056070,1.343547,1.712762,2.680577,3.282740,2.033697,2.959068,2.047477,2.817736,2.621078,1.820868,1.943431,1.615379,2.139497,1.792248,2.235690,3.965986,1.615429,1.779209,1.525890,2.515443,2.733804,7.170314,3.011288,1.351234,2.179550,1.369109,2.098879,2.089653,2.783205,2.937905,2.669538,1.515358,2.361612,1.981789,2.204422,1.763716,1.980774,1.840919,1.772724,2.006946,2.426199,2.294341,2.857373,1.739545,1.472525,3.117899,2.271311,1.428953,1.703636,1.804052,2.871374,2.369826,2.378563,2.143735,1.521966,2.308024,1.590532,2.401864,1.622232,1.063163,2.348464
0.000000,7.979250,6.951074,6.354546,5.211772,8.002637,7.415837,5.040441,6.167477,6.825251,6.980024,5.842724,4.721634,0.000000,7.698215,0.000000,6.647219,6.729712,6.005267,6.143806,7.295319,6.252970,7.397182,7.056693,3.598042,9.170901,7.302739,8.652506,6.669166,7.910016,6.071066,6.043627,6.462999,8.199843,6.720302,7.517776,8.035387,7.490643,3.834581,6.537775,6.581654,5.236804,8.168546,6.128253,5.184266,7.482293,7.576087,6.377762,8.389488,6.613821,7.797406,9.089749,7.253668,0.000000,6.445651,7.031883,7.491033,7.950325,6.251725,2.992209,7.739602,7.595822,6.621641,6.244386,5.475436,5.312889,5.833026,7.158268,8.227142,6.555997,7.746716,6.639409,7.645171,7.540976,7.182756,5.663546,6.017939,6.693968,6.908358,7.125721,7.896172,6.398074,6.984219,6.161315,7.487808,7.734543,0.000000,7.777729,6.517620,7.352522,5.294151,7.164650,6.952605,8.097784,7.825659,7.734244,5.489059,7.399707,7.171481,7.330849,6.990439,7.131573,6.561222,5.620469,6.621956,7.330071,7.302504,8.007098,5.597007,5.577390,8.397092,6.974192,4.898886,6.094834,6.114904,7.486367,7.697257,6.892599,7.221387,6.562826,7.091043,5.008516,7.458805,5.700738,4.595198,7.141475
8.095745,4.799931,3.039076,4.392554,2.023198,4.000409,3.044349,1.988648,2.431136,3.965684,4.791366,4.347787,2.300487,7.551425,0.000000,6.745697,3.894168,3.467905,2.521532,2.087885,3.527361,2.813808,4.357664,3.637979,1.505511,7.116413,3.176377,6.254157,3.446914,4.170628,2.219281,2.166689,3.740922,3.314309,2.347215,2.592421,4.785126,2.976788,1.852265,2.493745,2.924559,1.962071,5.091348,3.488965,2.103392,3.699113,5.078956,3.158221,3.828549,2.299256,3.818625,5.144616,2.892482,6.466709,2.861829,3.073961,3.195581,3.996523,3.235246,1.405809,3.220380,4.936210,3.336049,2.603360,4.037698,1.626196,2.345589,5.041952,4.692744,4.365664,4.461043,4.004690,4.370016,4.365132,2.355857,1.789567,2.510281,2.420559,2.946822,2.902425,5.344185,2.945655,2.554352,2.383330,3.586725,4.229244,8.158258,3.357507,2.304843,3.574833,1.637318,3.721114,2.697017,4.587527,3.475746,3.441318,2.989231,2.746306,3.290027,3.983535,2.635217,2.768214,2.988431,2.510787,3.117656,3.151151,4.206880,3.692924,2.032176,1.895715,4.935011,3.813498,1.782868,2.753024,2.251069,5.443013,4.072402,3.735298,3.827536,3.602694,4.437234,2.672938,3.840954,2.748198,2.061776,3.616081
0.000000,7.362937,5.979766,6.544666,4.960494,7.297962,6.642462,4.900498,5.910462,6.744886,7.619949,7.213061,4.537933,0.000000,7.023505,0.000000,6.506009,6.566384,5.822509,5.497281,6.245609,5.397603,6.549993,6.471279,3.489640,9.464447,6.770095,8.306257,6.701900,7.535512,5.161695,5.427367,6.887910,7.621719,5.671061,6.157857,8.144282,6.169606,4.690451,6.432707,5.876922,5.022740,7.960372,6.846200,5.318627,7.336218,7.141625,6.664451,6.727096,5.286129,7.369292,7.626359,6.892370,0.000000,5.566421,6.381831,6.571186,6.323667,5.792523,2.505147,7.679025,8.371409,7.440400,5.276426,6.475712,3.917242,5.879060,6.814090,7.287009,6.703597,7.496710,6.488621,6.343095,6.212831,6.523320,4.953635,6.018610,6.385742,6.853694,5.720589,8.674452,6.472998,5.516354,5.366755,6.567338,6.707629,0.000000,7.678823,5.193130,6.881569,4.404895,5.820278,6.469900,7.609935,7.197690,7.575730,5.444939,6.517211,6.992022,7.747422,6.040631,6.450408,5.834096,5.089265,6.187900,6.996128,6.406402,7.280127,4.962744,4.936975,8.091836,7.425421,4.283878,5.991394,5.823072,7.151583,6.937551,6.260520,5.999443,6.483325,6.746455,5.311043,6.488177,5.408850,4.770623,6.250709
7.913902,4.069747,2.859886,3.152012,2.159769,3.783543,3.652491,2.008535,2.664525,2.996886,3.988419,3.306037,1.176909,6.780659,3.729831,6.040335,0.000000,2.517420,2.555913,2.338759,2.750683,2.103470,3.049492,2.277737,1.239353,6.530357,3.278199,4.996517,3.283181,4.452586,2.222018,2.295831,2.968321,4.448029,2.777246,3.056212,4.608192,3.174285,1.540173,2.431043,2.752066,2.024751,4.764860,3.187795,2.260583,3.918437,4.114791,3.323862,3.795396,2.206192,3.753797,5.075033,3.339423,6.938846,2.359506,2.959263,3.094158,3.624773,2.048230,0.565361,3.837513,4.381980,3.584660,1.938232,3.127249,1.694882,2.048116,3.743037,3.730354,3.140334,3.789924,3.219854,3.624733,3.445922,3.014253,2.272300,2.591779,2.977479,2.954964,2.525809,4.998122,2.316696,2.310567,2.131808,3.191361,3.358753,8.432112,4.064886,2.061298,3.477831,1.492396,2.711148,3.196796,4.323869,3.831558,3.839735,2.175969,3.260334,3.416872,3.770891,2.915046,2.929211,2.554028,1.986296,2.685255,3.222342,3.290953,4.143074,2.215455,2.057658,5.038420,3.473159,1.719610,2.506866,2.599677,4.280953,3.131434,2.796291,2.757992,2.544711,3.250190,1.890750,2.997944,2.119919,1.518845,2.857194
8.128306,3.571853,2.652577,3.287158,1.713884,3.331478,3.108598,1.956422,1.972334,3.195092,3.572764,3.857509,1.589824,7.042903,3.425145,6.642770,2.548095,0.000000,2.307246,2.395011,2.289976,1.746643,3.293870,2.509323,1.259980,6.634816,3.004353,4.454524,2.876770,4.176827,1.843603,2.026340,2.743141,3.772912,2.161592,2.432203,4.835440,2.612503,1.780855,2.483417,2.545159,1.830373,4.249025,2.865032,1.896596,3.527317,3.745864,3.162337,3.055439,2.010357,3.518487,4.542974,3.066526,6.185719,2.086715,2.989781,2.733002,2.915609,2.178481,1.270898,3.977316,4.199985,3.221235,2.005527,3.333778,1.494770,2.140826,3.808129,3.421337,3.402995,3.980558,2.878794,3.180990,3.104001,2.448592,1.889936,2.435869,2.675855,2.390141,2.019736,4.486798,2.713895,2.170859,1.710683,2.811930,2.901207,8.255799,3.834153,1.737978,3.229384,1.304146,2.485679,2.915802,3.929608,3.583646,4.046710,2.209031,2.963037,3.286986,3.497750,2.779290,2.783626,2.541379,1.842860,2.454262,3.087728,2.898988,3.509426,2.079551,1.730669,4.632983,3.331233,1.810311,2.358873,2.324579,4.337232,3.265134,2.762837,2.600266,2.581744,3.364824,1.853269,2.741178,2.173638,1.461063,2.715340
7.260260,3.684523,2.247459,2.844908,1.092012,1.726759,1.130475,0.819800,1.114819,2.712351,3.555720,2.423480,1.769690,5.306449,2.524312,5.735879,2.481026,2.397444,0.000000,0.986544,1.883572,2.202487,3.212336,2.594179,0.908332,4.474414,1.047978,4.064741,1.374585,1.738798,1.277506,0.925140,1.506360,1.212284,1.083027,1.190671,1.756354,1.241211,0.855090,0.931961,1.371933,1.097628,2.669010,1.573211,0.991293,1.220455,2.311396,1.187636,2.521933,1.483170,1.321234,3.340941,0.907186,4.979267,1.885856,0.917990,1.776939,3.071456,2.339772,0.821284,0.872215,2.507854,1.086107,1.199839,2.067765,1.313937,0.974713,3.541975,3.267942,3.144004,3.196710,2.878606,3.883778,3.700172,1.088787,0.894119,0.946219,0.965832,0.966855,2.551068,1.945982,1.028396,1.557478,1.811264,2.274043,3.288404,5.887797,0.874949,2.252382,1.133151,1.119712,3.247071,0.715721,2.010927,1.148289,0.972921,1.392245,1.288295,0.910480,1.258190,0.811606,0.837041,2.006733,1.730627,2.298794,1.125639,3.144009,1.415739,0.984851,0.825999,1.587344,1.865533,0.917988,1.239398,0.991886,4.190015,2.756993,2.788569,3.007825,2.365775,3.076457,1.922166,2.858507,2.039334,1.119910,2.446282
7.338415,3.441838,2.006876,2.927026,1.201278,1.051344,1.116603,1.103349,1.001797,2.898182,3.346783,2.506877,1.573427,5.407202,2.164074,5.234522,2.335355,2.735375,0.780944,0.000000,1.605493,2.295465,3.189902,2.702225,0.927207,3.835537,0.863626,3.675867,1.130928,1.220258,0.968780,0.931550,1.370910,1.002327,0.958450,0.986187,0.980403,0.880909,0.992927,0.697230,1.013937,1.068647,2.016953,1.113640,1.013999,1.001337,1.995254,0.984172,2.138670,1.478652,1.095511,2.691750,1.197001,4.208151,1.785104,1.102510,1.296583,2.741837,2.587194,0.932958,0.909341,1.880936,0.899364,1.307841,2.563898,1.309113,0.960468,3.493618,2.900878,2.969740,2.793728,3.131729,3.426453,3.752185,1.111427,0.957958,1.163393,1.220470,0.983491,2.354138,1.343269,0.908253,1.324509,1.814546,2.178555,3.101599,5.033105,1.066386,1.969900,1.086913,1.103711,2.790257,1.114532,1.222798,0.775778,1.157658,1.242776,1.106626,1.158480,1.126975,0.933460,1.075849,2.004502,1.787305,2.204907,1.054319,3.078336,1.191277,1.105643,1.022001,1.038390,1.170584,1.037860,0.880578,1.173618,3.741036,2.913018,2.810848,2.899565,2.535125,2.634144,2.140014,2.826295,2.260137,1.064850,2.266367
7.992677,3.863055,2.651719,3.155010,0.971959,2.288485,2.084614,1.521588,1.154332,2.995549,4.026257,3.356161,1.644748,7.450728,3.211608,6.198139,2.802203,2.263629,1.830049,1.657205,0.000000,2.103816,3.467355,2.843935,1.122923,5.188457,1.677164,4.004645,1.562977,2.532046,1.127683,1.353790,1.576199,1.983037,1.337627,1.639993,4.544681,1.663150,1.391403,2.201988,1.166826,1.200668,2.641329,2.115685,1.215669,2.025864,1.438714,1.923251,3.378473,1.681584,2.950916,4.504905,2.766087,6.533078,2.201314,2.168344,2.696414,3.651179,2.223314,1.131625,2.787769,2.209780,1.855098,2.165908,2.453157,1.645361,1.968795,3.218729,4.159835,3.048871,3.720403,3.333748,3.304355,3.234557,1.482078,1.652864,1.765034,2.119994,2.105139,2.358043,3.168381,1.972698,2.128203,1.877333,2.917081,2.513499,7.056737,2.432271,2.094031,1.865276,1.352328,2.551359,1.974869,2.235718,3.312523,2.692219,2.113409,2.527735,2.297131,1.537977,1.780629,2.488877,2.377946,1.598415,2.110870,2.664411,2.582759,3.050717,1.779936,2.061774,2.540430,2.231295,1.132347,1.484794,1.574797,4.556518,3.122990,3.022791,3.026330,2.270910,3.329978,1.956349,3.228947,2.144231,1.308962,2.704759
6.375988,2.137938,2.005022,2.176339,1.353839,2.921284,2.541943,1.465461,1.745325,2.255546,2.727538,2.659289,1.483652,6.228270,2.800673,5.391166,1.685738,1.934492,1.876088,1.822182,2.035192,0.000000,2.417100,2.251945,1.108769,5.608106,2.428759,4.015195,2.287010,3.350211,1.347688,1.702247,2.298900,3.010427,1.716384,1.875397,3.868453,2.262536,1.238366,2.111818,2.247228,1.574177,3.384235,2.497469,1.664899,2.732973,2.866612,2.411611,2.574548,1.453280,2.794157,3.501905,2.456422,5.511425,1.675987,2.499203,2.352303,2.108819,1.500256,1.253323,3.176721,3.679475,2.831917,1.548888,1.869742,1.355484,1.768169,2.480616,2.655385,2.326811,2.782598,1.903302,2.440284,1.796821,1.840096,1.774313,1.854838,2.039979,2.018712,1.230788,4.158579,1.938820,1.633227,1.377249,1.843283,2.695355,7.177201,3.316721,1.539647,2.786514,1.241922,1.843472,2.267715,3.169974,2.968849,3.343429,1.591968,2.193760,2.622690,3.078369,2.232395,1.865943,1.958419,1.355629,1.896749,2.575488,1.639319,2.794366,1.391097,1.441312,3.560890,2.714890,1.523901,1.698899,1.715961,3.400427,2.617519,1.781296,1.918464,2.049965,2.242953,1.761499,1.908397,1.750284,1.251270,2.044786
7.956964,4.782038,3.440986,4.062019,2.460900,4.635632,4.171890,2.632711,3.286718,3.770213,4.704293,4.015966,2.019085,7.348931,4.422621,6.435181,3.447818,3.365832,3.094328,2.818811,3.696399,2.478517,0.000000,3.840293,1.689066,7.650372,3.848445,6.040967,3.853712,5.593501,2.571127,2.786188,4.038580,5.081479,3.069166,3.464747,5.325121,3.634234,2.121099,3.541859,3.537860,2.653778,5.755104,4.140669,2.716553,4.866268,5.067385,3.868164,4.368768,2.796649,4.496067,6.429072,4.082057,7.293031,3.174116,3.806989,3.546178,4.306650,3.204502,1.373906,4.868033,5.391724,4.602606,2.676393,3.718377,1.842732,2.853571,4.786746,4.986441,4.047138,4.531658,4.106208,4.493275,4.174012,3.307320,2.919533,3.092235,3.327900,3.100666,3.173395,6.068668,3.023265,2.911564,2.377469,3.932120,4.279897,8.405363,5.112986,2.596597,4.127370,2.027171,3.546290,3.768825,5.272339,4.677049,4.824553,2.798236,3.854337,4.028842,4.858049,3.747348,3.418453,3.428359,2.667185,3.462834,4.076447,3.862691,4.394921,2.345656,2.506366,5.862230,4.286748,2.202675,3.227912,2.906324,5.270390,3.972431,3.780240,3.522860,3.494457,4.242080,2.376033,3.950537,2.785037,2.114539,3.600974
7.810917,3.959162,2.733208,3.016399,2.070275,3.612087,3.378595,2.035666,2.551426,3.194950,3.577268,3.897529,1.608580,6.961331,3.806975,6.454061,2.580283,2.404981,2.502686,2.637270,2.832145,1.793192,3.394849,0.000000,1.277764,6.509844,3.360197,4.820291,3.001117,4.555366,2.013025,2.350871,2.984940,4.329933,2.675467,3.003441,4.695664,2.706174,1.747252,2.790638,2.795129,2.098621,4.745822,2.915887,2.207556,3.680391,4.019150,3.222801,3.613844,2.147323,3.481623,4.892829,3.504452,6.703583,2.132532,3.155349,3.206667,3.435124,2.449795,0.663601,4.258113,4.165718,3.453270,2.096335,3.418117,1.714615,2.092849,3.948089,4.234081,3.337491,4.002518,3.001058,3.505879,3.336477,2.716658,2.151906,2.538836,3.217752,2.775347,2.437641,4.692293,2.746002,2.275235,1.848101,2.922001,3.306480,8.420291,4.091847,2.089661,3.272922,1.462786,2.839904,3.161767,4.230171,4.052721,4.365634,2.218088,3.556656,3.562705,3.798534,3.072479,2.996252,2.414765,1.865236,2.544833,3.415255,2.995182,4.068970,2.160270,1.892181,5.133164,3.426034,1.871510,2.707181,2.554692,4.721382,3.058175,2.794523,2.715194,2.473182,3.381642,1.858255,3.040948,1.948367,1.536126,2.593752
5.357364,1.630830,1.177195,1.557745,0.979952,1.154810,1.091969,1.115313,0.988247,1.434532,1.636093,1.617931,1.011863,3.755901,1.394913,3.372260,1.198642,1.187984,1.074464,1.077820,1.155979,1.139263,1.650807,1.134195,0.000000,2.911960,1.031387,2.297352,1.002416,1.180341,0.886240,1.074750,1.121914,1.209268,1.089409,1.098044,1.322397,1.011158,1.014831,0.973931,1.001615,0.982266,1.562252,0.965251,1.090077,1.202941,1.540159,0.962227,1.488583,1.093391,1.190335,2.121822,0.976968,3.458281,1.067965,0.933712,1.110804,1.482223,1.279269,1.027436,1.021776,1.252295,0.962638,1.082693,1.665933,1.067109,0.985941,1.972477,1.789553,1.649627,1.903321,1.576095,1.812869,1.733506,0.984258,1.100973,1.132914,0.994663,1.121571,1.264610,1.419864,0.952926,1.183852,1.042797,1.273737,1.493024,4.331673,1.036467,1.043892,0.953963,1.156165,1.412015,1.096207,1.393680,1.035400,1.069502,1.075278,1.203408,1.050241,1.004403,0.979807,1.025159,1.185679,0.992951,1.114166,1.098987,1.499321,1.186760,0.933265,1.079475,1.426330,1.133852,0.966050,0.951199,1.079388,2.100885,1.584634,1.420004,1.430555,1.178727,1.579985,1.074537,1.456840,1.049151,1.002207,1.247833
0.000000,7.293441,6.099956,6.574254,3.580899,6.530068,5.925840,3.658052,4.287956,6.601145,7.177523,7.192160,4.514089,8.449960,6.657808,8.447787,6.572651,6.364182,4.565698,4.059777,5.009209,5.242333,7.325295,6.082247,2.915525,0.000000,5.418306,7.222346,5.108711,6.786080,4.317575,3.890578,5.230763,5.630430,4.401714,4.820689,7.121960,4.978206,3.546715,4.700927,4.821728,3.913768,7.276879,5.781525,3.573400,6.053455,6.521797,5.318089,6.997701,5.080733,6.385944,7.831262,5.586904,9.380600,5.519688,5.280218,6.088444,7.281564,5.620419,1.980878,6.073890,6.649893,5.674078,5.502576,6.325918,4.203861,4.681360,7.004677,7.950541,6.913114,6.891762,6.857951,6.860704,7.174826,4.172904,4.016756,5.067383,5.367178,5.498916,5.646210,7.159750,5.401774,5.463916,5.174576,6.974121,7.060432,0.000000,5.827341,5.823874,5.680982,3.886803,6.424868,4.879536,6.072204,5.904362,5.783798,4.919897,5.812677,5.647051,5.488213,5.087882,5.383636,5.938134,4.942689,5.966285,6.041165,6.234829,6.744127,4.263074,4.316013,6.786768,6.292732,2.884171,5.121101,4.585845,7.819875,6.999064,6.512873,6.946469,6.217773,7.004568,5.149335,6.367182,5.740583,3.979048,6.429274
8.021684,4.093211,2.498548,3.484927,1.037516,1.977449,1.691024,0.974806,0.963356,2.956239,4.178861,3.003049,1.947613,7.008419,3.211342,6.370574,3.022100,2.911976,1.289021,1.008457,1.255489,2.562892,3.660805,3.191835,1.010572,5.139424,0.000000,4.691177,1.504243,2.321716,1.407695,1.112802,1.681674,1.497025,1.128934,1.362527,2.684641,1.675606,0.990418,1.212366,0.976614,0.928417,2.653818,1.638079,0.783755,1.776648,2.199140,1.380884,3.335690,2.081588,2.138905,4.160533,1.481156,5.976773,2.510398,1.467193,2.317598,3.782659,2.793442,0.976249,1.377338,2.151733,1.482800,1.992496,3.147273,1.716859,1.040293,4.265096,4.067858,3.577764,3.967222,3.958682,4.238288,4.137416,0.974332,1.016166,1.113893,1.271535,1.521918,2.749315,2.205652,1.679384,2.073576,2.181308,2.642801,2.989537,6.744788,1.436022,2.335178,1.516253,1.302157,3.079166,1.141408,1.930618,1.807116,1.652592,1.803256,1.726036,1.655014,1.513700,1.352088,1.609058,2.369115,1.646994,2.433364,1.669824,3.069671,2.161769,1.247881,1.365019,2.119147,1.885945,0.841322,1.540219,1.083907,4.690237,3.518055,3.300065,3.514221,2.628972,3.412369,2.291217,3.101624,2.593850,1.393680,3.087554
0.000000,6.045176,4.862747,4.683008,3.005196,5.633173,5.366996,3.274610,3.974022,5.127412,6.118750,5.837803,3.433912,8.218664,6.301071,7.491443,5.507867,4.828494,4.337468,3.829438,3.698611,3.762098,6.142715,4.839296,2.385352,7.063469,4.762767,0.000000,5.016153,6.818424,3.371300,3.767241,5.119101,5.639147,3.554800,4.429333,6.708470,4.589195,3.146853,4.448062,4.166097,3.522144,6.833500,4.772326,3.356620,5.551905,5.553190,4.820658,5.332855,4.383231,5.583234,6.874302,5.296197,8.192473,4.238516,5.184494,5.532993,5.804973,4.704131,1.593625,6.076658,6.109492,5.530584,3.969530,4.663949,2.742471,3.535236,5.872044,6.302783,5.489908,5.667821,5.512858,6.033745,5.342633,4.313788,3.605594,4.171114,4.712174,4.457927,4.318049,7.264996,4.678903,4.130373,3.526423,5.266932,5.460948,9.330216,6.051455,4.274116,5.023127,2.842475,4.932007,4.897536,5.974485,6.323520,5.841558,4.116234,5.226563,4.964056,5.425911,4.453382,4.386027,4.369512,3.713326,4.781709,5.333925,5.067725,5.895114,3.550716,3.627934,6.623200,5.307629,2.493670,4.046619,3.782856,7.062913,6.063096,5.721954,5.120140,5.034390,5.337335,3.589830,4.796324,4.128799,3.108852,4.700518
8.344281,4.253733,2.828134,3.576005,1.048678,1.946209,1.636568,1.069041,1.235588,3.538692,4.241138,3.595348,2.281045,6.679550,3.285597,6.649698,3.304444,2.915639,1.300320,0.985955,1.778008,2.679507,3.857102,3.026345,1.043510,5.224647,1.446582,5.023937,0.000000,2.171519,1.541938,1.121548,1.596874,1.719901,1.237523,1.364564,2.630385,1.589955,1.151610,1.248002,1.215908,1.013725,2.601696,1.579018,0.847821,1.977544,2.246006,1.328433,3.570300,2.129941,2.120940,4.200815,1.610147,6.128664,2.526033,1.319430,2.228402,4.000603,3.068663,0.934200,1.519780,2.109584,1.293314,2.190181,3.354845,1.822529,1.026595,4.284664,4.444397,3.851824,3.928404,3.821415,4.152604,4.359969,1.057513,1.123247,1.343262,1.556024,1.525958,2.986718,2.142646,1.874185,2.129743,2.254444,3.052861,3.361923,7.006004,1.201083,2.629109,1.450324,1.404996,3.433917,1.387250,2.234826,1.859853,1.669356,1.888376,2.014277,1.645172,1.325128,1.244742,1.791818,2.421642,1.720998,2.611147,1.719594,3.235379,2.092851,1.172308,1.364756,2.088766,1.950356,0.874057,1.508885,1.113145,4.797669,3.445607,3.269257,3.633408,2.755716,3.620249,2.549961,3.534518,2.691166,1.398240,2.870064
9.846023,5.904718,3.625934,4.672850,1.682298,3.226649,2.564748,1.382195,1.844710,4.536422,5.728469,4.247838,2.661168,7.516709,4.048664,7.073975,3.888206,4.135560,1.830753,1.440936,2.497947,3.388945,5.360463,3.774677,1.151440,6.587317,2.092540,6.587560,2.276216,0.000000,1.968075,1.582448,2.740927,2.315928,1.749749,1.841426,3.218749,2.243151,1.579194,1.719171,1.806493,1.433012,3.948542,2.720197,1.517085,2.426069,3.634123,2.067496,4.563799,2.511156,2.861382,5.211321,2.166708,7.594641,2.809325,1.947191,2.718568,4.896088,3.961507,0.943307,1.971373,3.677094,2.431908,2.522115,4.132722,2.071346,1.519711,6.341013,5.326963,4.647584,5.148920,4.613949,5.806554,5.532976,1.619852,1.376463,1.978989,2.098750,2.120172,4.206078,3.764530,2.289891,2.620566,2.973986,3.837443,4.368746,7.268817,2.052076,3.324201,2.285159,1.623916,4.279197,1.893975,3.396957,2.360893,2.110683,2.532858,2.455637,2.249739,2.260501,1.869652,2.250892,3.583904,2.502707,3.245930,2.294956,4.852301,3.101805,1.492310,1.685070,3.064146,2.723576,1.063478,2.532306,1.755388,5.759397,4.490664,4.221634,4.594688,3.351336,4.997272,3.501997,4.310127,3.347319,1.858953,3.705863
6.919774,3.052989,1.786110,2.284525,1.035659,1.490533,1.283362,0.862621,0.944753,2.119048,3.043828,2.357268,1.297364,5.636988,2.338754,5.066740,2.252101,2.053068,1.068862,1.148867,1.018912,1.296470,2.740149,2.227708,1.014754,4.383831,1.241256,3.223986,1.327494,2.042619,0.000000,1.076073,1.356152,1.316437,1.125230,1.142780,2.431228,1.307564,0.872392,1.301603,1.239278,0.897207,2.324250,1.615059,1.285753,1.535212,1.718752,1.405177,2.237696,1.267951,1.711297,3.007482,1.230503,5.195326,1.510521,1.573963,1.807902,2.492139,1.615778,1.050983,1.486095,2.149822,1.342358,1.187516,1.694196,1.192534,1.288373,2.418267,2.732230,2.181677,2.774146,2.510802,2.588178,2.506924,1.133590,1.146372,1.009103,0.859385,1.247188,1.638287,2.563279,1.207452,1.317156,1.369336,1.879855,2.266116,6.136897,1.511316,1.692966,1.386351,1.145473,1.969046,1.033594,1.794647,1.718833,1.427998,1.329781,1.466404,1.289880,1.411601,1.072539,1.339122,1.666650,1.379993,1.773445,1.342611,2.284571,1.779193,1.047420,1.172998,1.721844,1.679889,1.270600,1.051951,1.117557,3.445781,2.271968,2.391491,2.212167,1.771384,2.388175,1.268273,2.165656,1.557401,0.971075,2.068405
7.532253,3.248911,1.946135,2.641942,0.930653,1.316362,0.946754,0.936089,0.983684,2.404855,3.301734,2.299237,1.443922,5.625281,2.200910,5.285636,2.370968,2.361235,0.845098,0.892354,1.347782,2.063218,2.984880,2.493201,1.007678,3.999609,0.900215,3.487228,1.204379,1.460117,0.878470,0.000000,1.536708,0.812099,0.910887,0.922079,1.620994,1.107888,0.961114,0.780442,0.905215,1.092800,1.754365,1.305008,0.791619,1.183724,1.905315,1.073134,2.167364,1.276588,1.189027,2.745402,0.922779,4.840757,1.794075,0.755563,1.401156,2.778060,2.229399,0.866729,0.818176,1.963693,1.002939,1.393477,2.345490,1.251102,0.861121,3.136387,3.009797,2.685349,2.826072,2.956033,3.065740,3.025684,0.920733,0.901862,1.018181,0.957579,0.971177,2.214433,1.703425,1.033832,1.491908,1.717692,2.069915,2.726029,5.443463,0.876431,2.027347,0.915439,1.082217,2.561320,0.988368,1.469404,0.765669,0.999973,1.278427,1.118758,0.961101,1.117575,0.854532,1.013858,1.948968,1.680870,2.131150,0.895596,2.721667,1.117170,0.995710,0.962213,1.137713,1.576890,1.010957,0.955540,1.004553,3.832073,2.619667,2.851711,2.735938,2.114113,2.562398,1.907361,2.530429,2.220457,1.052952,2.394846
7.678555,4.027964,2.899017,3.672742,1.215570,2.200890,1.973378,1.260347,1.413846,3.094502,3.865462,3.499680,1.658908,6.365341,3.533035,6.934421,3.067227,2.551993,1.646419,1.383796,1.655463,2.284969,4.012861,3.089793,0.991887,5.639597,1.911622,4.877029,1.688831,2.776074,1.632444,1.469677,0.000000,2.815678,1.706190,2.017345,3.641170,2.015919,1.489158,1.464761,1.564237,1.117445,3.298334,2.119860,1.086288,2.307982,2.539217,1.956633,3.905645,2.349308,2.512771,4.738100,2.079809,6.417379,2.512614,1.897271,2.614404,4.123700,2.826602,0.755471,2.229851,2.458344,2.045401,2.199411,3.181610,1.963001,1.383523,3.904795,4.083364,3.593888,3.923851,3.823917,4.052108,3.844425,1.351308,1.525676,1.581403,1.848511,1.827324,3.109014,2.663467,1.843956,2.273311,2.279462,2.947778,3.345633,7.426291,2.131522,2.535956,1.793277,1.485635,3.780650,1.803251,2.657003,2.591932,2.417648,1.995576,2.471857,2.010795,1.954812,1.601307,2.151982,2.524877,1.703402,2.517413,2.508482,3.145521,2.929890,1.728065,1.784157,2.906675,2.396666,1.131989,1.644229,1.426133,4.758374,3.446244,3.225038,3.225429,2.627161,3.640449,2.318562,3.769064,2.428527,1.273833,2.989720
8.814066,4.961635,2.824209,4.642928,0.870078,2.507215,1.287300,0.882839,0.826094,4.091670,5.033452,4.243679,2.626332,7.589722,3.118664,6.928426,3.926659,3.775472,1.327326,0.718105,1.818745,3.273954,5.222578,4.054781,1.235426,5.765033,1.071423,5.589347,1.901151,2.192238,1.151977,0.895401,2.877160,0.000000,0.830593,0.697389,2.350632,1.315378,0.946252,1.325468,1.405811,1.379178,3.205448,2.376546,0.572762,1.487121,2.866363,1.540705,2.989462,1.744030,2.138081,3.618876,1.002131,6.074091,2.348116,1.512507,1.754717,3.912125,3.721320,0.701075,1.147270,3.815080,1.490210,1.797231,4.000615,1.268490,1.425579,4.987769,4.088215,4.557439,4.119194,4.850071,4.518964,4.868375,0.785506,0.815209,1.217554,1.050513,1.408584,3.018218,3.378093,1.825256,1.553972,1.936590,2.659921,3.759592,7.200186,1.333532,2.409615,1.867875,1.157427,3.578543,0.718130,2.379643,1.393341,1.367103,1.903998,1.257594,1.403050,1.591914,1.032141,1.237562,2.801659,2.081533,3.081201,1.270798,4.138335,1.607151,0.736682,0.818775,1.758672,2.655027,0.893620,1.630565,0.974077,5.896741,4.122403,4.404289,4.435071,3.721050,3.859130,3.115870,3.482119,3.301296,1.662713,3.637397
8.001902,3.310605,2.021707,2.701325,0.943818,1.433448,1.045518,1.137155,0.916905,2.552917,3.326285,2.775502,1.485239,5.859902,2.392603,5.225346,2.528681,2.464141,0.772629,0.812329,1.491027,1.914529,2.891198,2.684142,0.984388,4.465089,0.944690,3.437143,1.329130,1.678861,1.010742,0.829102,1.559229,0.807529,0.000000,0.828681,1.723735,1.052974,0.957490,1.090112,1.026298,0.981255,1.910967,1.505263,0.717089,1.377421,1.995202,1.174533,2.181280,1.425076,1.377590,2.985634,0.662790,4.897716,1.807049,1.039458,1.441373,2.695407,2.231092,0.938822,0.933588,2.102737,1.080432,1.265765,2.509383,1.127300,1.031101,3.401876,3.064345,2.955434,2.783109,2.729564,3.163948,3.084230,0.863403,1.070887,0.878597,0.899864,0.947935,2.054356,2.108268,1.227397,1.339609,1.324751,1.843690,2.486398,5.689454,0.963650,1.770803,1.006502,1.015759,2.454275,1.036161,1.479067,0.998997,1.046013,1.267610,1.051931,1.014498,1.268728,0.894568,0.995708,1.977061,1.473626,2.109794,1.016018,2.494898,1.323323,1.007650,0.865305,1.272651,1.615581,0.993533,1.029518,1.090519,3.922372,2.600216,2.590509,2.616660,2.260958,2.681100,1.752331,2.405900,2.010460,1.107001,2.243473
7.981573,3.736388,2.161088,3.340764,0.996456,1.567080,0.933496,1.017185,0.990026,2.766041,3.911686,2.994396,1.767738,6.800088,2.541362,5.555496,2.891360,2.658917,0.896371,0.801177,1.498506,2.049674,3.561426,3.110402,0.954807,4.736695,0.899500,4.211650,1.224246,1.648956,1.019119,0.877925,1.879019,0.843690,0.906825,0.000000,1.763776,0.961622,0.893709,1.011393,1.133260,0.903258,2.240818,1.674360,0.790268,1.198828,1.969684,1.093459,2.179038,1.390248,1.369146,2.774482,0.683076,5.228431,1.883522,1.103074,1.451805,3.080895,2.628902,0.906637,0.784110,2.512797,0.998485,1.291119,2.947320,1.079341,1.187267,3.824562,3.296551,2.984412,3.189075,3.284978,3.361062,3.448399,0.888457,1.029956,0.827039,0.813216,0.876659,2.017551,2.116765,1.277853,1.185357,1.680620,2.169962,2.655294,6.164975,0.978729,1.968404,1.088070,0.908337,2.554818,0.902406,1.384234,1.041538,0.926775,1.383614,1.001795,0.847186,1.208916,0.909738,0.853830,2.126017,1.642110,2.251259,0.755890,2.999918,1.300563,0.906098,0.946393,1.090286,1.794537,1.019205,1.125289,0.972292,4.341810,3.153983,3.043804,2.903022,2.563394,2.616379,2.039767,2.567037,2.206425,1.225462,2.603926
8.380971,5.973917,4.091637,5.785100,2.110061,3.738057,2.824800,1.555367,2.321207,5.275134,5.735750,4.819766,3.608598,8.047096,4.842714,7.662483,4.528520,4.607025,1.857823,1.228447,4.061068,4.173728,5.673144,4.443056,1.314829,7.238533,2.728369,6.486211,2.945166,3.234253,2.412269,1.816765,3.362112,2.440701,1.949564,2.062142,0.000000,2.536236,1.393967,1.675603,2.561577,1.968236,4.720305,3.084885,1.463402,3.182185,5.552372,2.508294,4.667755,2.994907,3.053136,5.757469,2.134429,7.471163,3.293573,1.920561,2.997083,5.332273,4.463879,0.924751,1.921488,4.362993,2.501191,3.083491,4.812251,2.437911,1.430627,6.335107,5.331950,5.863158,5.414806,5.500310,6.364184,6.247466,1.672732,1.229227,2.168121,2.055229,2.389963,4.501712,4.077809,2.548029,2.559906,3.438092,4.752856,5.448045,8.089079,1.945220,4.101719,2.663015,1.999214,5.363022,1.787372,4.316717,2.189943,2.322480,3.469177,3.061121,2.374364,2.601110,1.808274,2.262884,4.263388,3.500186,4.225051,2.335670,5.537784,3.265924,1.549360,1.525459,3.307966,3.259211,1.011203,2.600596,1.989076,6.846836,5.658686,5.274547,5.223547,4.551640,5.342415,3.947203,5.312813,4.238559,2.392651,4.420791
8.298259,4.102380,2.417013,3.246731,0.873736,2.096163,1.384317,0.879404,1.191820,3.236228,3.953753,3.274407,1.625609,6.915503,2.908436,5.542621,2.943930,2.719850,1.027344,0.846758,1.747042,2.268411,3.388026,2.699863,1.047108,5.175833,1.496032,4.678745,1.707660,2.142815,1.267793,0.959308,1.918841,1.257715,0.889486,1.071072,2.207662,0.000000,1.067776,1.466259,1.516347,1.157000,2.761339,1.846932,1.074322,1.719000,2.477500,1.434742,2.753059,1.709812,1.942818,4.315319,1.257424,6.003173,2.049544,1.425130,1.771419,3.282585,2.721534,0.995973,1.278631,2.896864,1.505177,1.767453,2.903731,1.405275,1.202714,3.918219,4.151423,3.492318,3.515128,3.289496,4.089825,3.720678,0.914506,0.968777,1.366619,1.264084,1.343940,2.443794,2.339911,1.541717,1.687854,1.800822,2.602885,3.057640,6.525605,1.310627,2.171837,1.462566,1.214430,2.727496,0.820002,2.232902,1.392187,1.456337,1.704905,1.782161,1.321123,1.750361,1.046132,1.350733,2.217990,1.572928,2.380671,1.380146,3.124097,1.727195,1.141254,0.933646,1.864292,2.153430,1.013362,1.426516,0.873665,4.529852,3.234172,2.951809,3.284355,2.526303,3.128167,2.038811,3.125936,2.367162,1.286205,2.862390
6.126391,2.551597,1.765795,2.109579,1.091639,1.561514,1.248992,0.920139,1.309366,1.821013,2.519460,1.479550,1.079025,3.800473,2.038687,4.694803,1.884734,1.883631,0.951890,1.020190,1.188455,1.669869,2.325184,2.005905,1.009406,3.625868,1.055942,2.944552,1.067573,1.539616,1.153084,0.933044,1.190240,1.200676,1.089036,1.123381,1.555226,1.386794,0.000000,0.894752,1.034296,0.840416,2.016769,1.176403,1.010816,1.178812,1.625351,0.976231,2.360232,1.373533,1.438144,3.220848,1.079908,4.910840,1.533354,1.073190,1.488163,2.746394,2.021553,0.796043,0.882629,1.501787,1.073850,1.350731,1.806487,1.070949,1.086974,2.550845,2.964278,2.042518,2.143299,2.084322,2.906988,2.621545,1.037779,0.992116,0.879516,1.132493,0.921306,2.034907,1.930749,0.985973,1.441257,1.622690,1.846323,2.149726,5.589967,1.090778,1.746364,1.211012,1.108026,2.059549,1.001233,1.632800,1.267030,1.202112,1.108287,1.289265,0.957413,1.320391,0.869678,1.112243,1.600210,1.405623,1.814793,1.272008,2.066386,1.582569,1.060060,0.964545,1.605535,1.336306,0.939231,1.088246,1.024617,2.779226,2.128144,2.167406,2.185830,1.613107,2.104236,1.304272,2.121070,1.523400,1.066219,1.791450
8.536266,3.802477,2.397292,3.612518,1.166097,1.946205,1.485791,1.068015,1.287812,3.259570,3.864113,3.200764,2.096858,6.327294,2.533931,6.298809,2.464043,2.409053,1.233865,0.980735,1.963436,2.231684,3.701725,2.425046,1.048904,4.876038,1.475488,4.395515,1.494317,2.049715,1.433707,1.103877,1.641574,1.551618,1.214586,1.424609,1.834963,1.671456,1.053045,0.000000,1.339801,1.115404,2.688292,1.460472,0.993808,1.916092,3.480242,1.450432,2.687166,1.910153,1.745475,3.711952,1.144090,5.543025,2.080232,1.320306,1.835340,2.895460,2.675484,0.907242,1.279388,2.074320,1.526857,1.732205,3.604454,1.358746,1.181392,4.350303,3.619923,3.958689,3.642762,3.172376,3.816885,3.886874,0.959569,0.996816,1.260766,1.103843,1.252782,2.691021,2.240138,1.291570,1.654776,2.180949,2.516277,3.201938,6.454627,1.195360,2.001875,1.511452,1.061544,3.121048,1.087332,2.467448,1.261535,1.341058,1.829963,1.561045,1.433770,1.620442,1.149247,1.360694,2.132030,1.818761,2.569437,1.362612,3.358750,1.955484,1.130256,1.238021,2.150012,1.756939,0.965543,1.438465,1.083232,4.710376,3.334495,3.230724,3.253124,2.528102,3.408283,2.331399,2.865995,2.454966,1.412719,2.618757
7.946105,3.124037,2.107699,2.843487,1.046232,1.760848,1.659510,1.144556,1.094396,2.681716,3.630094,2.825624,1.749659,6.472851,2.681642,5.561138,2.372963,2.278690,1.581988,1.317914,1.330286,2.067354,3.202397,2.380101,1.034325,4.708709,1.452502,3.937735,1.414011,2.177491,1.401666,1.296914,1.233985,2.008788,1.347294,1.683755,2.745405,1.776447,1.083222,1.109816,0.000000,1.031834,2.438021,1.304071,1.006964,1.863658,2.101597,1.252165,3.123827,1.902743,1.908264,4.312696,1.524461,5.847976,2.084311,1.606635,2.150870,3.359260,2.349458,1.063988,1.424568,1.768307,1.460524,1.808147,2.890814,1.538688,1.131322,3.838752,3.666002,3.063517,3.300033,3.320532,3.323671,3.390320,1.419620,1.069024,0.925116,1.417076,1.528411,2.366219,2.134179,1.792653,1.891692,1.682131,2.421195,2.237004,6.978104,1.410059,1.978864,1.554876,1.224429,2.850731,1.616070,2.172833,1.777291,2.052054,1.700510,1.822480,1.780430,1.624746,1.242716,1.858723,2.011967,1.293717,1.850700,1.776802,2.534678,2.340877,1.322805,1.502429,2.108938,1.807620,0.874771,1.506112,1.460233,4.283591,2.771564,2.602999,2.622267,2.041986,2.712961,2.106946,2.834274,2.127930,1.311473,2.350592
6.853434,2.939211,1.858347,2.740387,1.105655,1.332892,1.118866,0.914440,1.018730,2.333813,2.940980,2.084810,1.539874,5.270657,2.090393,5.262525,2.110379,1.989416,1.082789,0.994396,1.127748,1.903241,2.766020,2.125225,1.014936,4.025858,1.119619,3.354172,1.046413,1.415259,1.241339,0.906207,1.018632,1.393144,1.005436,1.214923,1.801647,1.191454,0.973433,0.926620,1.011560,0.000000,2.065693,0.972686,1.211760,1.400952,1.773824,0.975753,2.437668,1.491168,1.353288,3.192669,1.137534,4.983192,1.671765,1.026632,1.546528,2.947581,1.997490,0.960425,1.178007,1.376103,1.030835,1.715367,2.036929,1.422639,1.070981,3.000027,2.919959,2.606137,2.880699,2.702200,2.816230,3.125701,1.060073,1.085901,1.021902,1.199871,1.029377,1.996857,1.418488,1.017683,1.565553,1.596511,2.081632,2.260385,5.917762,1.132313,1.881844,1.095738,1.100837,2.319811,1.036091,1.644905,1.333351,1.225738,1.422556,1.474460,1.133177,1.060755,1.100104,1.287812,1.709180,1.283280,1.733018,1.357154,2.203018,1.664422,1.155269,1.110437,1.396563,1.412432,0.995476,1.033600,1.115017,3.694223,2.505716,2.646530,2.427750,1.776419,2.561212,1.771487,2.575547,1.840230,1.088125,2.017949
9.002463,5.508226,4.075987,5.337898,1.675687,3.721552,3.074269,1.890477,2.066966,4.698715,5.779614,4.767974,3.037411,8.197135,5.059608,7.803123,4.636150,4.502296,2.653800,1.872035,2.820715,3.266300,5.436949,4.700059,1.688862,7.281883,2.895745,6.564037,2.841144,4.071897,2.326211,1.925429,3.271623,3.019861,1.971219,2.394801,4.711984,2.955758,1.856746,2.457493,2.445811,2.156517,0.000000,3.511737,1.868357,3.610294,4.279775,3.101849,4.683176,2.919679,3.740494,5.939088,2.945805,7.776138,3.543564,2.976698,3.194579,5.224859,4.040650,0.981829,3.317730,5.077132,3.248188,3.221182,4.642513,2.309718,2.641985,5.546201,5.294721,5.093689,5.338264,4.876563,5.284924,5.161854,2.036974,1.854904,2.374774,2.498747,2.923258,3.790803,4.953758,3.158460,3.247218,3.115267,4.430016,4.644629,8.291292,3.559106,3.473900,3.208142,2.089071,4.180661,2.344132,4.071274,3.519273,3.273705,3.144755,3.250206,3.105410,3.205826,2.395813,2.982543,3.794652,2.990756,3.819630,3.286870,4.706612,4.018902,2.004803,2.355997,4.125364,3.478686,1.720943,2.721727,2.132446,6.224101,4.658615,4.517481,4.642675,3.716089,5.056016,3.392725,4.530670,3.810774,2.303843,4.217921
8.911977,4.522274,2.835909,3.652209,1.403051,2.377955,2.268476,1.242946,1.624631,3.395067,4.286699,3.740377,2.288882,6.807507,3.646572,6.845803,3.038318,2.708340,1.715166,1.452349,1.969573,2.493277,3.785437,2.869535,1.148971,5.721030,1.876267,4.541272,1.877819,3.051825,1.706916,1.582633,1.891972,2.484445,1.801024,1.917447,3.205208,1.949914,1.273695,1.243159,1.199279,1.345715,3.464006,0.000000,1.106949,2.267286,3.082231,1.702156,3.675724,2.436762,2.332258,5.235017,2.229357,6.434785,2.396801,1.894377,2.635600,4.008400,2.768230,0.933808,1.895262,2.277782,1.764651,2.453247,3.713422,1.776862,1.265947,4.800352,4.824265,3.990693,4.087791,3.822762,4.374470,4.161727,1.607767,1.343123,1.582522,1.868068,1.726138,3.234195,2.244174,1.921638,2.283549,2.530922,3.092354,3.215888,7.699531,1.764436,2.482361,1.767293,1.492294,3.390469,1.963609,2.984248,2.231653,2.438685,2.148497,2.644043,2.272778,1.813304,1.582207,2.105465,2.661370,1.674407,2.673571,2.047048,3.455087,2.925589,1.434721,1.520295,3.134497,2.198388,0.936701,1.752515,1.606150,5.044732,3.578830,3.372711,3.281190,2.872447,3.647637,2.722157,3.500950,2.665015,1.619907,2.989241
8.109218,3.006575,1.891116,2.637615,0.964181,1.074847,0.966153,0.901721,0.877535,2.325507,2.942907,2.431995,1.659311,5.155822,2.059391,5.135637,2.163415,2.010559,0.847171,1.009668,1.316437,1.931324,2.698827,2.210028,0.888189,3.453849,0.851004,3.332910,1.047438,1.426038,0.965465,0.900446,1.235163,1.045792,1.002349,1.042261,1.405614,0.937284,0.891620,0.732428,1.050590,0.953900,1.647517,0.969441,0.000000,0.951617,1.587255,0.902027,2.012032,1.422512,1.061997,2.488682,0.894573,4.414665,1.504667,1.060573,1.160515,2.473765,2.258734,0.831939,0.856637,1.458792,0.924344,1.254948,2.322968,1.272684,0.924086,3.036686,3.027123,2.709715,2.613405,2.719815,3.180530,2.962021,0.951940,1.014781,0.966036,1.016101,0.930124,2.038682,1.135666,0.937327,1.317303,1.437243,1.543062,2.098154,4.944084,0.968009,1.807507,0.995412,0.997561,2.363231,1.004491,1.273784,0.926262,0.907293,1.195226,1.039098,0.907423,0.969465,0.878186,0.843991,1.610392,1.263099,1.805548,0.967357,2.461877,1.103257,0.986049,0.944789,1.035167,1.348966,1.078510,1.197315,1.145696,3.555150,2.190057,2.433031,2.557603,2.039220,2.355428,1.950838,2.262959,2.031018,0.993552,2.102040
8.028860,5.057189,3.170939,4.345289,1.005722,2.507221,1.954241,1.118931,1.315057,3.934605,5.071233,4.058762,2.609056,7.366145,3.666805,7.190992,3.668285,3.601997,1.440952,0.961297,1.836844,2.929144,4.730251,3.550371,1.276305,6.085845,1.651280,5.493870,1.947675,2.424376,1.494581,1.182515,2.210723,1.389637,1.363333,1.275944,2.960296,1.735008,1.189036,1.687090,1.412017,1.292915,3.205455,2.211432,0.838612,0.000000,2.761148,1.458754,4.111172,2.394002,2.320942,4.965873,1.670478,7.256961,2.814127,1.761697,2.529058,4.782080,3.786926,0.899537,1.365963,2.901586,1.512998,2.350486,3.468728,1.856147,1.594397,5.148272,5.399846,4.203542,4.726629,4.758892,5.269493,4.946500,0.959997,1.099729,1.467771,1.501523,1.771884,3.622227,2.973259,1.759849,2.337359,2.469964,3.529603,4.006880,7.423027,1.573688,2.955938,1.704323,1.396571,3.965404,1.253404,2.740424,1.977159,1.765587,2.299927,2.302000,1.864637,1.598375,1.397149,1.606916,2.974495,2.302013,3.235146,1.970066,4.014670,2.486686,1.240392,1.387977,2.234395,2.574861,0.932361,2.015342,1.277347,5.809234,4.228752,4.265715,4.281063,3.227018,4.022109,2.670705,3.904409,3.157884,1.880735,3.452960
8.782480,5.571580,3.917003,4.783578,1.190490,3.188872,3.007048,2.010783,1.516512,4.279403,5.726909,4.691941,2.845379,8.358609,5.033836,7.320618,4.169835,3.914808,2.638167,2.268979,1.460516,3.331078,5.251938,4.295853,1.625418,6.900892,2.306847,5.512825,2.180337,3.552140,1.764884,1.888526,2.684216,2.671779,1.873011,1.931400,5.702153,2.512257,1.819828,3.636213,1.756294,1.747012,4.077169,3.297413,1.448711,2.784152,0.000000,2.423052,4.830923,2.827887,4.061258,6.347127,3.652700,8.018887,3.860660,3.098524,3.775766,5.471438,3.816393,1.150229,3.692703,3.096066,2.669307,3.072784,4.056737,2.478807,2.904914,5.147349,6.069620,4.782593,5.250966,4.907137,5.227065,5.096605,1.747956,2.096220,2.286219,3.557991,3.025779,3.423507,4.108193,3.141490,3.308879,2.841744,4.417193,3.869547,7.866580,3.374123,3.439060,2.707140,1.962798,3.809421,2.605109,3.034039,4.785917,4.202369,2.762466,3.793668,3.127322,1.631688,2.618636,3.193813,3.334978,2.465298,3.494191,3.920894,3.985959,4.136890,2.469490,2.475662,3.447278,3.355602,1.590228,2.500196,2.222102,6.011500,4.588837,4.002421,4.725861,3.547771,4.888357,3.248542,4.364307,3.413257,2.036249,4.006822
8.788067,4.024815,2.597057,3.553202,1.046678,1.689875,1.602434,0.963556,1.233431,3.132927,4.048164,3.265396,2.122546,6.546003,2.927859,6.550967,3.036164,2.982438,1.163693,0.930653,1.757069,2.671189,3.639072,3.075870,0.999565,5.219284,1.218896,5.047360,1.222221,1.994862,1.488258,0.962638,1.520935,1.560362,1.152694,1.178509,2.486777,1.593458,1.064277,1.142723,1.228200,1.099953,2.620840,1.310980,0.780325,1.511744,2.335742,0.000000,3.214526,2.138095,1.756929,4.705718,1.251043,6.394696,2.350909,1.224117,2.089347,3.881134,3.100879,0.810258,1.023232,1.772752,1.155283,2.027766,2.961939,1.634742,0.995242,4.479836,4.812220,3.621110,3.637841,3.872960,4.517158,4.281731,1.008424,0.928783,1.141444,1.119490,1.342478,3.072872,1.752297,1.361154,1.974743,2.230627,2.970155,3.264066,6.589393,1.170301,2.494837,1.257508,1.374403,3.559132,0.901311,2.154568,1.528194,1.565999,1.849504,2.004840,1.460663,1.416729,0.997901,1.482167,2.411856,1.594737,2.742256,1.452332,3.435324,2.201732,0.855812,1.289371,2.018516,1.803129,1.018269,1.590658,1.066283,4.681220,3.374103,3.139381,3.382622,2.571223,3.417794,2.460180,3.207469,2.505880,1.490618,2.729918
8.356605,4.166960,2.609439,3.681057,1.701511,3.929396,2.786677,1.721208,2.218229,4.310507,4.061460,5.015727,2.745164,7.872781,3.670191,6.438074,3.773756,3.065064,1.996832,1.671703,3.590762,2.328805,4.249195,3.480626,1.491129,7.454826,2.964278,5.538335,3.404818,4.333881,1.827908,1.781855,4.004544,2.683789,1.668693,1.924863,4.308536,2.608090,1.856687,2.264812,2.957474,2.182251,4.380405,3.535577,1.916758,3.912537,4.979403,3.055400,0.000000,1.818275,3.595989,3.640713,2.496235,5.868529,2.175732,3.039614,2.719313,3.453590,2.700460,0.807827,2.846533,5.490957,3.140358,2.100216,4.759730,1.432647,2.251042,4.388130,3.255475,4.421711,4.460754,3.587279,3.604867,3.261881,1.929565,1.375432,2.197607,2.425704,2.346771,1.541690,5.197074,2.981687,1.843552,2.003052,3.490101,4.142503,8.412462,3.272416,1.841087,3.265780,1.522969,2.532645,2.246983,4.231626,2.813581,2.996800,2.899719,2.469133,3.068242,4.124021,2.395295,2.537987,3.027742,2.507945,3.024683,2.585239,3.865871,3.243975,1.577340,1.644424,4.266516,4.012727,1.703679,2.857574,1.840109,5.767191,4.047649,3.353596,3.323569,3.889957,3.880106,2.709618,3.225572,2.873428,1.916258,3.309602
7.461833,3.360462,2.184626,2.720121,1.279963,2.421081,1.652454,1.078527,1.302992,2.863344,3.107940,2.988738,1.695158,6.678813,2.572007,5.410132,2.822216,2.462071,1.331093,1.027952,2.041035,1.769669,3.450617,2.659048,1.010205,5.561980,1.744206,4.563810,1.749466,2.192302,1.245262,1.149953,2.598970,1.472898,1.182842,1.304297,2.699853,1.601197,1.156031,1.611671,2.004887,1.346965,2.987247,2.244027,0.960144,2.023630,2.848453,1.794742,1.807203,0.000000,2.111088,2.366396,1.501287,4.576116,1.401151,1.785667,1.799153,2.724089,1.826951,0.951825,1.553790,3.255419,1.619844,1.552439,2.523429,1.095849,1.559282,2.982892,2.635998,2.849927,3.139865,2.688023,2.663447,2.504852,1.150153,0.998538,1.431381,1.294738,1.195698,1.475112,3.400407,1.616435,1.103273,1.611212,2.359698,2.808757,6.927958,1.914701,1.314966,1.864121,1.049071,1.988327,1.040412,2.874404,1.695145,1.674674,1.518912,1.456917,1.633035,1.908646,1.506249,1.581590,2.100343,1.838936,2.165527,1.600341,2.924059,1.883520,0.970967,0.992529,2.471711,2.426024,1.145611,1.839081,1.202925,4.158179,2.666994,2.628364,2.607233,2.412995,2.521591,1.903566,2.591036,1.807404,1.292978,2.534424
9.201221,4.969011,3.368848,4.551040,1.383810,2.674162,1.969185,1.165142,1.641071,3.832260,5.081798,4.015476,2.524488,7.208702,3.972541,7.045262,3.973761,3.838053,1.531830,0.982157,2.564131,3.053262,4.558524,3.675623,1.313408,6.149922,1.924614,5.328134,2.234412,2.798452,1.748759,1.290728,2.499795,1.970935,1.459302,1.395873,3.110796,2.162585,1.437118,1.659220,1.935217,1.432000,3.814341,2.348566,1.013654,2.244823,3.405435,1.891305,3.980682,2.435093,0.000000,5.082877,1.587544,7.148402,2.853530,1.641111,2.619843,4.590620,3.634742,0.941684,1.626865,3.487873,1.875939,2.419709,3.796018,1.867442,1.425567,5.373712,5.222539,4.441941,4.428521,4.585335,4.707766,4.884723,1.171433,1.161834,1.572082,1.326701,1.869623,3.665605,3.071736,1.713479,2.273135,2.639941,3.584244,4.120738,7.647844,1.680808,3.010731,1.718912,1.662404,4.028750,1.397046,2.905204,2.080245,1.998970,2.293389,1.988468,1.641426,2.323661,1.393577,1.651236,3.104417,2.663767,3.256606,1.944637,4.155848,2.853774,1.237402,1.355815,2.608541,2.764469,1.067689,1.983513,1.253873,5.735252,4.625970,4.100277,4.243335,3.447205,4.261381,2.812358,4.078666,3.292860,1.873248,3.645006
8.461386,5.663952,4.004901,5.191542,2.246172,5.211390,3.302952,2.203282,2.559898,5.717571,5.373452,6.503960,4.204990,8.740753,5.032369,7.253147,5.369042,4.704604,3.056830,1.802934,4.858994,3.870913,6.877860,5.126405,2.046750,8.449359,3.575676,6.873352,4.142540,4.860841,2.535939,2.197629,4.898138,2.789707,2.197286,2.350643,5.072647,3.808115,2.646120,3.008275,4.076381,3.053838,5.346643,5.167035,2.050586,4.774209,6.684461,4.371562,3.339733,2.579714,4.470173,0.000000,2.971852,6.308509,3.073601,3.534165,3.241067,4.961701,4.164918,1.330603,3.308598,6.721429,3.724926,3.568648,6.579222,1.595664,2.712284,5.939927,3.751519,6.313909,5.739556,5.568269,4.491720,4.434588,2.204098,1.403506,3.006503,3.131413,3.299330,2.709895,6.254035,4.198929,2.397177,3.028948,4.877043,5.525228,9.393604,4.082097,2.676101,4.368509,2.035852,3.803560,2.703719,5.167659,4.052167,3.785751,4.046812,3.096864,3.777017,4.693036,2.957283,3.425819,4.142244,3.641305,4.277083,3.582356,5.267130,4.301816,1.899156,2.024214,4.652562,4.890836,2.048596,3.883974,2.555201,7.131655,5.989135,5.097208,4.952393,5.271732,5.232907,4.235656,5.080905,4.487557,3.037424,4.654915
8.205861,4.603474,2.625364,3.782530,0.964768,2.186821,1.353495,0.810909,1.189715,3.227950,4.310128,3.363585,2.125308,6.682500,2.972303,6.538444,3.372204,3.343819,1.212609,0.691893,2.050681,2.786768,4.334592,3.557716,1.175594,5.081993,1.146892,4.918286,1.722928,2.240889,1.326319,0.833465,2.210775,1.175742,1.026671,1.091826,2.222343,1.542802,0.876394,0.954349,1.195681,1.191782,2.757960,2.000441,0.753893,1.619403,3.016229,1.446244,3.247307,2.022144,1.708389,4.108666,0.000000,5.918019,2.515164,1.247405,1.823011,3.883369,3.111095,0.614498,1.093838,3.356013,1.389150,1.630387,3.096111,1.456892,1.114924,4.432862,3.900583,3.928531,3.859513,3.944173,4.458658,4.549390,0.856400,1.001294,1.168011,0.671925,1.324608,3.187372,2.470455,1.136322,1.911089,2.394424,2.852705,3.714587,6.808719,1.221237,2.634244,1.356228,1.136358,3.519995,0.848337,2.000935,1.129734,1.224680,1.787119,1.284640,1.207349,1.737895,1.096090,1.186977,2.690851,2.345104,2.945556,1.247649,4.031508,1.939510,0.796033,1.111915,1.770544,2.164234,0.892295,1.422602,0.811414,5.491461,3.443429,3.686225,3.808494,3.038725,3.945052,2.498003,3.536817,2.910189,1.280418,3.172517
0.000000,7.700483,5.536832,6.914483,3.994781,6.777041,5.808707,4.153632,4.457178,7.391009,7.173165,7.847459,5.723303,0.000000,6.541110,0.000000,6.614620,6.016659,4.389945,3.616525,6.761136,5.833303,7.051231,6.723003,3.123615,9.295326,5.340159,8.165314,5.601546,6.857779,4.651829,4.095235,6.395987,5.227267,4.133086,4.771081,6.698451,5.109007,4.259991,4.522316,5.250141,4.417464,6.968558,6.131674,3.704404,6.792078,8.103704,6.096572,5.188745,4.523324,6.469122,5.778088,5.008736,0.000000,5.515607,5.119266,5.163451,6.778784,5.782886,2.293596,5.351005,7.730391,5.603038,5.482588,7.794381,3.701386,4.344231,7.846903,5.444699,7.768269,6.984355,6.970847,6.672595,6.763930,3.880604,3.112250,4.665552,4.965706,4.804114,4.963658,7.373429,5.680061,4.314331,5.036383,6.646223,7.237382,0.000000,5.925768,5.104308,5.596241,3.734978,6.221611,4.786561,7.166051,5.981573,5.652338,5.837937,4.900697,5.937777,6.791635,5.009064,5.569153,6.263870,5.140983,6.372435,5.487799,6.918479,6.375470,3.645923,4.068366,6.624186,6.293984,3.580620,5.669310,4.192965,7.859273,6.892533,6.474259,6.559366,7.432664,6.833621,6.291815,6.654089,6.173885,4.344291,6.701304
7.530615,3.057308,2.192628,2.775838,1.472228,2.833783,2.201996,1.301888,1.644143,2.882537,3.388134,3.218465,1.458852,6.316400,2.709588,5.532954,2.381750,2.204778,1.657234,1.326108,2.631691,1.598174,3.079425,2.380870,1.114323,5.826595,2.337106,4.327462,2.465972,2.851907,1.368372,1.455117,2.599459,2.201353,1.510105,1.665434,3.143514,1.911738,1.184135,1.928031,2.355618,1.598524,3.444181,2.374368,1.334688,2.626869,3.694133,2.244200,2.261308,1.386230,2.413613,3.246956,1.974621,5.944808,0.000000,2.011264,1.946597,2.662102,1.864654,0.455269,2.364958,3.965558,2.181649,1.595347,2.694941,1.277103,1.578324,2.931154,2.790112,3.026223,3.328783,2.569473,2.611868,2.768295,1.673650,1.160888,1.663239,1.646951,1.637175,1.497292,4.080771,1.996715,1.382977,1.466576,2.359896,2.906705,7.799507,2.435860,1.543147,2.422411,1.224832,2.143378,1.629748,3.093031,2.343200,2.251671,1.660299,1.819314,2.119039,2.920097,1.823872,1.867347,2.036444,1.757885,2.097938,1.771037,2.942846,2.690042,1.160873,1.276925,3.210213,2.736654,1.374655,1.779490,1.312008,3.927557,2.853454,2.411206,2.506745,2.595602,2.788051,1.699480,2.367321,1.788677,1.303525,2.243163
8.531131,4.024694,2.573282,3.793901,1.306590,2.044834,1.570835,0.883032,1.402622,3.617243,4.286930,3.468978,2.500594,7.094802,3.286248,6.108505,3.027970,3.108107,1.171882,0.994439,2.399822,2.944417,3.976491,2.972471,1.030431,5.118881,1.418141,4.910813,1.627321,1.925616,1.661093,1.058582,1.736801,1.571836,1.293199,1.391732,1.965522,1.606932,1.065803,1.007270,1.266526,1.034371,2.857903,1.531306,0.855360,1.747929,3.272066,1.276850,3.254913,2.284635,1.550154,4.010863,1.082425,6.144768,2.308778,0.000000,1.879485,3.850233,3.022413,0.920080,0.979130,2.208151,1.375828,2.139097,3.522948,1.720967,1.034108,4.587502,4.272518,4.049677,3.739017,3.944664,4.442228,4.565225,1.078501,0.883199,1.192048,1.159291,1.389106,2.808827,2.151978,1.453378,2.040818,2.131952,2.931946,3.587350,6.442002,1.152090,2.634825,1.375580,1.346026,3.561517,1.045205,2.323777,1.284300,1.318740,1.833113,1.801408,1.235475,1.622216,0.985119,1.355953,2.371562,1.880749,2.595425,1.520185,3.707725,2.009717,0.944558,1.085050,1.949994,2.119592,0.995829,1.540757,1.038330,5.131459,3.668307,3.633961,3.678474,3.049778,3.548736,2.920351,3.507551,2.903845,1.335399,3.105137
8.591333,4.543207,2.771689,3.835215,1.376289,2.587401,2.051824,1.094593,1.765122,3.316488,4.479873,3.562157,2.199273,7.041430,3.273910,5.956106,3.072595,2.935685,1.648825,0.962224,2.614313,2.460426,3.653083,3.179629,1.242340,6.238464,2.042654,5.417629,2.266397,2.788601,1.535187,1.415830,2.563860,1.941401,1.397709,1.592003,2.803305,1.924537,1.134877,1.630599,2.111348,1.504246,3.370341,2.515462,1.280024,2.389405,3.643586,2.076131,3.087431,1.951895,2.420999,4.108353,1.507125,6.353458,2.114726,1.828207,0.000000,3.357611,2.900940,0.462236,1.904171,4.023165,2.006307,1.646612,3.517588,1.462916,1.543939,4.409868,3.600198,3.817374,4.288650,3.300285,3.981792,3.974593,1.306065,1.226084,1.545033,1.396181,1.762128,2.657709,3.790833,1.823255,1.659222,2.196815,2.699944,3.432584,7.672805,1.972800,2.297758,2.181548,1.086953,3.399098,1.267676,3.138869,1.914396,1.724283,2.027169,1.797905,1.827640,2.452914,1.438798,1.612926,2.754606,2.019383,2.882867,1.896236,3.682635,2.723677,1.092789,1.372565,2.995115,2.662882,1.239570,1.971622,1.229778,5.107880,3.661926,3.755132,3.572648,2.917534,3.920149,2.330052,3.113147,2.542557,1.515240,3.088111
0.000000,4.593838,3.330336,4.425442,2.244942,4.314611,3.731181,2.092578,2.684748,4.681122,5.107679,5.115945,2.504315,7.847090,4.188334,6.092724,3.742141,2.923941,2.656933,2.176857,3.882766,2.536662,4.457716,3.640154,1.572685,7.348982,3.857589,5.830612,3.965111,4.972482,2.152868,2.516220,4.031727,3.953360,2.510520,2.936789,5.046159,3.367988,2.223170,2.681905,3.492677,2.820261,5.262444,3.991003,2.472821,4.676981,5.752372,3.971104,3.304774,2.593033,4.298056,4.769762,3.184434,6.576510,2.697230,3.398561,2.915841,0.000000,2.617539,0.730719,4.076142,6.073464,4.029059,2.615232,4.664098,1.622481,2.416140,4.879330,4.098304,4.579562,5.246944,4.391774,3.799507,3.963113,2.836774,1.907027,2.832846,3.011715,3.189747,2.361935,5.753671,3.276578,2.276525,2.261816,3.668733,4.147854,8.720636,4.014719,2.453645,4.160403,1.846541,3.119232,3.062463,5.105340,3.814286,3.958248,2.998493,2.974506,3.740125,5.145143,3.007742,3.435193,3.203698,2.324407,3.312640,3.349484,4.297821,4.221158,2.129667,1.769553,5.060015,4.418558,1.958843,3.013570,2.164922,5.536655,4.406044,3.963039,3.710777,3.972032,4.466520,3.024125,3.466710,3.053923,2.275444,3.649888
7.116821,3.739980,3.032157,2.854311,1.730500,3.529260,3.101746,1.912405,2.216132,3.339714,3.387257,3.495373,1.675819,6.869297,3.661070,6.466383,2.966405,2.691525,2.212032,2.338187,2.804422,1.895972,3.881836,2.978248,1.270544,6.608595,2.903208,5.305084,2.928383,4.008952,1.934282,2.008826,3.094690,3.551010,2.266092,2.583604,4.261526,2.827310,1.845211,2.734831,2.707208,1.746005,4.179934,3.212620,2.075670,3.572282,3.858197,3.163376,2.967390,1.788346,3.727026,4.013209,3.048918,6.436554,2.081102,2.865764,2.958278,3.181999,0.000000,1.217394,3.725523,4.946868,3.269526,2.102070,2.888258,1.299425,2.138100,3.342996,2.870470,3.428092,4.034264,3.054888,3.102720,3.178682,2.449862,1.973341,2.333550,2.726762,2.582784,1.960734,5.220353,2.809094,2.017075,1.696040,3.062844,3.335592,8.461590,3.753607,1.978725,3.535046,1.473440,2.454150,3.001577,4.021046,3.622972,3.466259,2.361089,2.720764,3.341032,3.550031,2.795488,3.060487,2.497013,2.057692,2.586347,3.190357,3.275988,3.698565,2.032093,1.676066,4.240160,3.408005,1.624111,2.542885,2.170452,4.324635,3.450804,3.054484,2.875667,3.010886,3.466352,1.733473,2.840889,2.017276,1.640523,2.953426
5.809809,2.024803,1.505467,1.299864,0.995240,0.985401,0.946551,0.909242,1.032366,1.427598,1.823460,1.339970,1.218343,2.704062,1.067944,2.818687,1.605507,1.112434,0.847871,0.949642,1.148926,1.153123,1.341006,1.770017,0.895573,2.013284,0.976272,1.621868,1.008451,1.238128,1.004479,0.963817,1.162225,0.900120,0.860608,0.884402,0.833662,0.889050,0.892506,0.933625,1.022112,0.998832,1.347766,1.167950,0.856315,0.889164,1.190668,1.035681,1.604371,1.077123,1.025187,1.970627,1.060561,2.889141,1.216616,0.879469,1.073141,1.837708,1.286230,0.000000,0.892058,1.250935,0.880346,0.975093,1.584101,0.831193,1.016477,1.693785,2.027443,1.559600,1.416799,1.446037,1.830627,1.325725,0.987618,0.938234,0.833963,1.134005,1.023188,1.513176,1.324771,1.078783,0.989629,1.422269,1.030908,1.864783,3.152077,0.963326,0.989765,1.027360,1.078220,1.315735,1.095064,0.958089,0.874865,0.833179,1.125866,1.087745,1.145507,1.031933,0.961070,0.842496,1.155306,1.365180,1.599495,1.050785,1.250333,1.115738,1.009027,0.971705,0.713588,0.934570,0.955568,1.255317,0.939358,1.770590,1.289306,1.220496,1.283975,1.146981,1.270858,1.426767,1.186311,1.176699,1.097496,1.443898
8.616103,5.032774,3.142975,4.757831,1.203259,2.001813,1.523618,0.915270,1.156534,4.075664,4.891182,3.797721,2.636387,7.063192,3.252670,6.835803,3.574848,3.770073,1.175950,0.880763,2.435257,3.414435,4.582309,3.871056,1.045186,5.508425,1.180972,5.547428,1.726020,2.019605,1.476891,0.939823,1.917117,1.258551,1.113959,1.148327,1.969081,1.468325,0.907263,0.822855,1.462868,1.214073,3.121213,1.427324,0.799497,1.531190,3.512597,1.127502,3.311464,2.133327,1.599755,4.163922,0.914124,6.256058,2.491918,1.122282,1.891656,4.044688,3.741131,0.829978,0.000000,2.426093,1.241720,1.951474,3.727542,1.636359,0.974440,5.438748,4.554644,4.643876,4.440561,4.805889,5.220949,5.286827,1.057566,0.938928,0.924578,1.055851,1.200835,3.554141,2.116811,1.329603,1.889233,2.538976,3.089243,4.278070,6.958425,1.015060,3.025292,1.243577,1.207895,4.341339,0.946269,2.488505,1.241094,1.157064,1.930055,1.516209,1.133143,1.601077,0.882568,1.129477,3.005028,2.163428,3.238936,1.100400,4.428112,1.749606,1.039510,1.054640,1.794915,2.149144,0.815975,1.718059,1.055567,6.076326,4.097964,4.312311,4.458473,3.627972,4.063192,3.351611,4.058447,3.525352,1.686911,3.601737
9.398705,5.281654,3.706005,4.629362,1.516985,2.922739,3.083904,1.923420,1.919241,4.814819,5.171667,5.332427,3.493797,8.292433,4.490809,8.195227,4.020225,3.916600,2.576069,2.443076,1.998350,3.532187,4.834763,3.620620,1.356584,6.313784,2.453809,5.417180,2.206908,3.945730,2.157176,1.908690,2.152489,3.652987,2.085392,2.357692,4.847552,2.466578,1.923753,2.161189,1.765348,1.310115,4.336156,2.138317,1.234217,2.849807,3.170274,2.025879,4.926332,3.187786,3.549619,6.608099,3.613360,7.705921,3.546109,2.630462,3.811779,5.595367,4.418524,1.471108,2.512883,0.000000,2.590626,3.669595,4.634013,2.605411,1.897131,6.074096,6.097165,5.456700,5.666822,5.321084,5.677346,5.452291,2.172909,1.569875,2.289222,3.040532,2.310731,4.389362,3.118946,2.555787,3.622182,2.956958,4.144726,4.294164,8.139814,2.737693,3.447441,2.321387,2.277878,4.276262,2.686672,3.694733,4.191017,3.914551,3.082117,4.028144,2.855005,2.067404,2.245706,2.982396,3.052222,2.277167,3.721571,3.605496,4.551316,4.042860,2.250870,2.416562,4.141395,3.148587,1.415617,2.391655,2.219500,6.645443,4.729310,4.462177,4.516677,3.804211,4.922414,3.626256,4.696054,3.744663,2.191622,4.166621
8.711441,4.160320,2.880156,3.978351,1.145659,1.960144,1.521395,0.971557,1.248656,3.660410,4.576572,3.555732,2.341900,6.428676,3.335801,6.931422,3.203557,3.107692,1.268732,0.829586,1.746926,3.033769,4.301038,3.214425,1.083858,5.442760,1.406853,5.122445,1.407432,2.468841,1.428844,1.073413,1.847156,1.339670,1.184033,1.174567,2.250142,1.476696,1.010041,1.179934,1.315309,1.084041,2.790565,1.542347,0.839565,1.617970,2.493866,1.273242,3.236118,2.109519,1.829806,4.138172,1.375657,6.251051,2.392449,1.104842,2.088590,4.143304,3.370041,0.841070,1.064229,2.452192,0.000000,1.998089,3.495255,1.768228,1.052017,4.650093,4.526671,4.112624,4.339126,4.354070,4.945365,4.806844,0.912000,0.924348,1.171953,1.338971,1.522471,3.251213,2.026781,1.466600,1.925098,2.319411,2.979370,3.373806,6.411902,1.131399,2.740172,1.321473,1.368462,3.851574,0.991335,2.319245,1.521431,1.452799,1.809237,1.999067,1.395554,1.389107,1.167950,1.465566,2.612588,1.967526,2.747902,1.430054,3.614746,2.084344,0.906639,1.019157,1.919789,2.151133,0.968687,1.480546,1.109451,5.280645,3.361493,3.608338,3.820964,2.839092,3.873557,2.840185,3.495375,3.018337,1.274445,3.217042
7.509033,3.513672,2.577246,2.938781,1.265580,2.638698,1.840161,1.178968,1.318183,2.509934,3.148639,2.736027,1.711852,5.985027,2.674016,5.491077,2.505324,2.464810,1.374081,1.037711,2.121292,1.992573,3.020175,2.727285,1.134087,5.607252,1.765892,4.145935,2.054116,2.595414,1.253846,1.208410,2.234949,1.777553,1.370266,1.443615,2.927060,1.920746,1.068491,1.662865,2.070495,1.354666,3.562019,2.369310,1.099806,2.328544,2.888680,1.792384,2.596755,1.503928,2.539003,3.909085,1.607714,6.065396,1.872014,1.867485,1.949791,3.007430,2.035968,1.213858,1.939652,3.696498,1.918247,0.000000,2.546891,1.351519,1.648964,3.222298,3.295817,2.955893,2.964469,2.579374,3.105545,2.772740,1.146925,1.307311,1.479024,1.591793,1.555943,2.033780,3.538528,1.700657,1.463466,1.983628,2.665428,3.227941,7.146506,1.876905,1.860215,2.188953,1.320627,2.467553,1.322545,2.668441,2.120940,1.716576,1.799775,1.551434,1.675531,2.306231,1.377545,1.520056,2.405028,1.982312,2.200672,1.752310,3.231313,2.357583,1.065727,1.169189,2.670912,2.559875,1.293254,1.869316,1.234439,4.085370,2.637708,2.517583,2.667126,2.333722,3.015728,1.895543,2.437827,1.985702,1.146350,2.600201
8.118245,4.659589,3.931697,3.744303,1.994832,4.101233,3.594757,2.064850,2.404398,3.456030,4.588872,3.641325,1.578220,6.215456,4.676810,6.978127,3.929219,3.831441,2.742895,2.589317,2.459240,2.626086,4.587602,4.142717,1.520039,6.793842,3.180707,5.195415,3.140982,4.061355,2.382996,2.529526,3.483681,3.833500,2.779517,3.300390,5.052164,3.264407,1.592608,3.600879,3.009861,1.899957,4.809025,3.742570,2.207711,3.484168,3.314678,2.926756,5.050346,2.582191,4.474834,6.177567,3.644546,7.856104,3.158095,3.169848,4.045722,5.186573,2.734764,1.213373,4.026637,4.427343,3.389647,2.246594,0.000000,2.117270,2.730761,3.962255,5.108714,3.806973,4.334767,3.609033,4.853071,4.469956,2.518340,2.604816,2.702970,3.162273,3.061824,3.505268,5.302357,2.606362,3.185775,3.070410,4.235837,4.582134,7.901027,4.412088,3.031462,3.445512,1.977777,3.883953,3.349935,3.945551,4.358101,4.552903,2.300884,3.948202,3.327253,2.917776,3.149043,2.878361,3.193885,2.679564,3.316274,3.898231,3.916968,4.366688,2.467874,2.623087,4.323534,3.857762,1.926153,2.680145,2.093998,5.181447,4.045822,3.860523,3.959331,2.897538,4.256819,1.813417,4.243894,2.712042,2.016925,3.493138
6.929601,2.234143,1.538333,1.751696,1.009295,1.914765,1.313857,0.897042,1.098967,1.737595,2.205408,2.268727,1.397732,5.386337,1.636066,3.886987,1.367395,1.405061,1.159274,0.838135,1.640738,1.541969,2.113505,1.464373,1.134069,4.546437,1.577618,2.923597,1.621165,1.973565,1.041002,1.030922,2.036358,1.415634,1.075922,1.093107,2.378026,1.504648,1.082039,1.302061,1.718281,1.211201,2.519488,1.738727,0.984417,1.803160,2.265589,1.615394,1.543960,1.070859,1.778854,1.821805,1.319227,3.903353,1.291555,1.617830,1.259275,1.583747,1.398067,0.938810,1.614882,2.982126,1.592601,0.967271,1.546124,0.000000,1.275902,1.807394,1.734782,1.778266,1.830427,1.796952,1.740732,1.265762,1.010302,1.132343,1.083356,1.313212,1.336432,1.106892,3.098306,1.336379,1.323199,1.287828,1.687490,1.813819,6.509240,1.836522,1.258182,1.750304,1.188349,1.353754,1.090484,2.117035,1.473039,1.550590,1.382247,1.248623,1.481475,2.116426,1.227065,1.433438,1.565975,1.255076,1.475998,1.213232,1.778817,1.592067,1.028133,1.068476,2.061367,1.970354,1.161607,1.222759,0.941977,2.595632,1.710770,1.518802,1.773942,1.565668,1.728318,1.470503,1.598729,1.492932,1.047954,1.567148
7.029347,2.925036,1.927214,2.555806,1.311250,1.432972,1.586132,0.962719,1.331708,2.377548,2.847480,2.234909,1.517952,5.604485,2.423570,5.575123,2.148460,1.956234,1.201422,0.788625,1.856489,1.787100,2.751344,1.927020,1.021636,4.284197,1.386881,3.020484,1.333542,1.720495,1.468669,1.173812,1.459803,1.719117,1.386187,1.450888,1.495557,1.501290,0.980946,0.774165,1.105981,0.940162,2.570688,1.118541,0.995478,1.653270,2.603869,1.171111,2.493060,1.706736,1.338216,3.256682,1.149250,4.973288,1.634023,0.982252,1.609788,2.625456,1.998633,0.794491,1.264695,1.681449,1.400376,1.601876,2.237166,1.303570,0.000000,3.105648,2.863908,2.525538,2.708747,2.671162,2.888713,3.056985,0.977626,1.019849,1.172111,1.086524,1.154993,2.118429,1.605275,0.998119,1.535692,1.923382,2.162100,2.490140,5.504304,1.161951,1.597434,1.354955,1.153383,2.532971,1.260350,2.143378,1.213696,1.318490,1.322248,1.550582,1.303216,1.655603,1.161341,1.236968,1.699252,1.585023,1.831120,1.511853,2.308066,1.832840,1.180031,1.223834,1.797921,1.305855,0.923826,1.305018,0.992522,3.543852,2.623470,2.601427,2.375845,1.971509,2.611561,1.687870,2.430429,1.604841,1.053442,1.941633
8.488068,4.590596,3.956647,4.170091,2.502037,4.998989,4.537232,2.828127,3.182521,4.632826,4.922496,5.599248,2.798641,7.537428,5.019752,6.685785,3.907781,3.966669,3.234564,3.194124,3.676386,2.722899,4.926753,4.257297,1.879116,7.454402,4.247383,5.882752,4.237739,6.008068,2.626768,3.076824,4.025140,5.240114,3.591727,4.070306,5.884379,4.151169,2.452015,3.915648,3.884601,2.669842,5.577216,4.356740,3.005923,5.268625,5.077480,4.192509,4.251240,2.644792,5.340063,5.421135,4.483564,7.228524,2.929724,4.059291,4.458709,4.782697,3.109776,1.485280,5.390177,6.230432,4.628768,3.243891,3.839806,1.592271,2.923525,0.000000,4.272312,4.428152,5.122959,4.052762,4.234597,4.063958,3.524240,2.947296,3.468207,4.202563,3.985460,2.880015,6.390708,4.030939,2.810487,3.063353,4.837287,4.619972,8.771052,5.407494,2.594414,4.732352,2.129818,3.588354,4.363521,5.059401,5.230500,4.891123,3.370875,4.673246,5.061205,5.059640,4.453357,4.270165,3.403439,2.863186,3.543215,4.340105,4.451298,4.944779,2.898706,2.760309,6.144745,5.107943,2.106240,3.571159,3.092889,5.745580,4.848136,4.455813,4.080450,4.012853,4.310666,2.128534,4.464804,3.265464,2.635148,3.967468
7.712547,4.628817,3.212243,4.057029,2.371025,4.640624,3.548607,2.394991,2.360274,4.654729,4.499773,5.320416,2.960826,8.125757,4.630046,7.114648,4.276579,3.597484,2.717712,2.079877,4.530773,2.934935,5.306525,4.332850,1.801745,8.024679,3.635711,5.837855,4.033099,4.883781,2.306072,2.371031,4.163697,3.239147,2.425638,2.777976,4.874863,3.591978,2.499955,2.959286,3.694928,2.511660,4.966134,4.457105,2.621021,5.142233,6.294561,4.472977,2.807797,2.104790,4.628283,3.305576,2.988002,5.780058,2.330236,3.651652,2.953159,4.200537,2.942942,1.119345,4.103580,6.641734,4.244267,2.797953,5.369203,1.399240,2.552198,4.518814,0.000000,5.035229,4.952116,4.824831,3.120265,3.974461,2.710856,1.481922,2.809402,3.099445,2.829524,1.922524,6.421613,3.904830,1.638441,2.728926,4.667693,4.974411,9.073948,4.513101,2.069868,4.393085,1.721581,3.005741,3.080178,5.043808,4.232572,3.799978,3.779074,2.923748,4.354174,4.990955,3.279653,3.861379,3.949061,3.197742,3.630871,3.701639,4.529448,4.089313,1.987609,2.209199,5.048305,4.474627,1.974131,3.492167,2.428601,5.917902,4.681285,4.171419,4.288073,4.466353,4.230861,3.193720,4.056420,3.173438,2.210248,4.198292
8.276111,4.898220,3.556712,3.702219,2.104432,4.712548,3.949020,2.456736,2.958797,4.077331,4.657324,4.063342,1.848795,6.792066,4.774386,6.893926,3.648877,3.797984,3.285055,2.932191,3.269193,2.764329,4.441106,3.921534,1.655743,7.524517,3.752634,5.932495,3.817835,4.960010,2.607099,2.639609,3.917217,4.689393,3.165809,3.413399,5.547203,3.692402,2.069192,3.859693,3.332666,2.314255,5.376112,4.030630,2.619193,4.456717,4.681682,3.694596,4.747680,2.700489,4.860799,6.048470,4.069565,7.935338,3.281113,3.672516,4.064507,4.660102,3.244846,1.496511,4.761335,5.663602,4.171500,3.190853,3.459343,1.944429,2.795487,4.358553,5.016191,0.000000,4.857204,3.600198,4.147081,4.324779,3.186842,2.945914,3.044992,3.748231,3.445616,3.404440,5.958897,3.410495,3.244979,2.710303,4.451502,4.227441,8.420893,5.110856,2.835984,4.094748,2.110824,3.629915,3.871018,5.109071,4.474064,4.840916,2.766426,4.246959,4.275999,3.948822,3.634388,3.787492,3.355799,2.632379,3.248758,3.925267,3.866237,4.537689,2.752033,2.415318,5.246131,4.364600,2.192256,3.166161,2.969717,5.355434,4.204060,3.726733,3.902287,3.232177,4.018903,2.043191,4.131411,2.675966,2.359429,3.844794
8.183878,4.780344,3.845859,4.577151,2.407060,4.984284,4.297884,2.470878,3.350733,4.498139,4.945231,4.439204,2.475661,7.612515,4.794634,7.451545,4.253715,4.025881,3.170688,2.796467,3.869121,3.039492,4.742314,4.337215,1.795233,7.308586,4.118748,6.119241,3.838219,5.077991,2.988117,2.860587,4.120044,4.482181,3.139090,3.425467,5.542423,3.807665,2.305258,3.704797,3.660635,2.746634,5.662042,4.317060,2.608755,4.703771,5.085694,3.804122,4.800030,3.073740,4.700538,5.821104,4.026120,7.199729,3.261063,3.739234,4.350712,5.238809,3.590582,1.437042,4.560571,5.930274,4.337386,3.208972,4.081752,1.757872,2.849608,5.201172,4.967403,4.613087,0.000000,4.220495,4.445252,4.518615,3.271065,2.497858,3.112583,3.417717,3.543380,3.368743,6.489861,3.346830,3.146206,2.973875,4.654443,4.943253,8.235252,4.877771,3.033921,4.652310,2.386118,4.017453,3.723931,5.112178,4.481856,4.666049,3.274747,4.148481,3.851295,4.718305,3.628974,3.705451,3.860477,2.670329,3.644453,3.986024,4.341456,4.815718,2.679828,2.635309,5.434340,4.356298,2.169645,3.322338,3.149502,5.790330,4.474008,4.158449,4.283583,3.915620,4.397960,3.016678,4.557237,3.065856,2.421155,4.122085
8.857029,4.703070,3.272616,4.119749,2.425888,4.940702,4.173622,2.465008,3.079287,3.938175,4.614680,4.706996,2.101852,7.145300,4.317687,6.763685,3.808139,3.489875,3.098169,3.149586,3.514714,2.253995,4.398633,3.630651,1.673955,7.672531,3.922316,6.183063,3.873940,4.837704,2.683852,2.836960,4.105887,4.922081,2.918570,3.472027,5.606386,3.508171,2.106667,3.501946,3.719707,2.555935,5.235847,3.958790,2.729687,4.830774,4.843442,3.990592,4.064379,2.649040,4.673757,5.870441,4.338595,7.804808,2.981284,3.895757,3.124510,4.668307,2.925434,1.403103,5.056929,5.633774,4.422922,2.388437,3.548357,1.844208,2.978742,4.281930,4.985773,3.562775,4.450742,0.000000,4.033051,4.193025,3.412120,2.795176,3.262672,4.074173,3.635749,2.854206,5.841576,3.078977,2.504721,2.209663,3.706863,3.933791,8.391050,5.413637,2.630579,4.203471,1.831195,3.461536,3.864024,4.907098,4.333927,4.794313,2.753658,3.923297,4.268993,4.777403,3.823938,3.472374,3.090941,2.433814,3.051072,3.945207,3.663503,4.497659,2.595030,2.134853,5.715856,4.497328,2.340596,3.042272,3.060021,4.934592,4.105589,3.554954,3.406658,3.292809,4.105669,2.345851,3.808901,2.423971,2.299073,3.472993
8.881464,4.413195,3.421126,4.151863,2.293874,4.874065,4.029593,3.022032,2.683204,4.422912,4.692404,5.013346,2.514636,7.791661,4.709790,6.475046,4.078441,3.601342,3.784813,2.944860,3.704736,2.201608,4.827946,4.099371,1.852250,7.609513,4.257587,6.159000,4.113827,5.652102,2.607788,2.901198,4.392992,4.362255,2.949967,3.097957,6.169110,3.908818,2.752779,3.990315,3.552130,2.825261,5.427867,4.212951,3.045227,5.105914,5.411144,4.484095,3.592772,2.359645,4.975258,4.361879,4.042520,7.121066,2.602172,4.247233,3.746235,4.177449,3.158927,1.331450,5.099003,6.073528,4.982630,3.043775,4.760651,1.415501,2.925035,4.413323,3.578214,3.986656,4.603355,3.959606,0.000000,3.673029,3.256613,2.277854,3.229279,3.687527,3.776811,2.234805,6.334017,4.066163,2.379688,2.350915,4.606943,4.407411,8.681481,5.368206,1.576274,4.793338,1.989535,2.249341,4.009181,5.230377,4.960828,4.961461,3.376750,3.895498,4.849958,5.192919,3.843889,4.204594,3.656804,2.753276,3.354029,4.157463,4.079220,4.844230,2.695908,2.776301,5.170288,4.798264,2.201547,3.530937,3.213753,5.371179,4.581542,3.846968,3.635785,3.928402,4.075744,2.613759,3.847120,3.045774,2.203420,3.790060
8.563549,4.031867,3.486087,4.038519,2.462823,4.969900,4.394290,2.698697,3.164819,4.234166,4.519396,5.050051,2.240539,7.724669,4.523325,6.607622,3.820946,3.217738,3.437159,3.420207,3.852474,2.098918,4.352139,3.623543,1.819014,7.862214,4.246113,5.615479,4.378994,5.580179,2.522073,2.878110,4.040515,4.893491,3.019941,3.422249,5.899911,3.903886,2.453645,3.825534,3.808770,2.842778,5.462349,4.168193,3.014112,5.244087,5.215988,4.283501,3.317959,2.285577,4.955124,4.234590,4.558501,7.155441,2.632287,4.396059,4.000628,4.046449,3.087827,1.491639,5.118634,6.050443,4.799579,2.570994,4.292983,1.412705,3.083261,4.238713,3.982556,4.187595,4.639963,3.878914,3.564040,0.000000,3.636721,2.337759,3.329083,4.304794,3.791928,2.247246,6.839602,3.814211,2.421120,2.358294,4.262861,4.128400,9.072614,5.718526,2.065929,4.677614,1.969993,2.659567,4.196659,5.242085,4.964614,5.724484,3.185308,3.909680,4.775335,5.289690,4.222372,3.892526,2.739189,2.541465,3.118227,4.229695,3.998990,4.541379,2.612324,2.394149,5.790565,4.599316,2.278552,3.437129,3.230718,5.366585,4.310470,3.431463,3.486737,3.440750,4.045722,2.457924,3.534867,2.694644,2.406696,3.826558
8.842878,4.139571,2.149730,3.849702,0.918622,1.452396,0.956538,0.755560,0.998204,3.082260,4.131917,2.882876,1.687966,6.782496,2.578410,6.125368,3.085904,2.713525,0.628609,0.848586,1.662263,2.553305,3.752692,3.052056,0.924375,4.385251,1.020856,4.577980,1.017911,1.515934,0.928208,0.856696,1.482173,0.768127,0.957127,0.846887,1.586128,0.998962,0.784932,0.903937,0.836383,1.048904,1.699515,1.403956,0.688510,1.040680,1.655716,1.005311,2.329446,1.697692,1.277061,2.826158,0.827228,4.911561,2.166470,0.856113,1.351785,3.064331,3.149556,0.743623,0.632870,1.925989,0.913001,1.538306,2.799181,1.372311,0.980144,3.987447,3.545344,3.645822,3.337993,3.611175,3.753739,3.983367,0.000000,0.884804,0.778388,0.966817,0.987873,2.523599,1.510539,0.878411,1.464915,1.834818,2.347562,3.107130,5.726164,1.019897,2.215638,1.011157,0.993864,2.920104,0.868851,1.229048,0.909701,0.886302,1.506670,0.881875,0.855257,1.006616,0.847064,0.975260,2.166024,1.712792,2.478458,0.886156,3.276054,1.326606,1.040136,0.924040,1.019661,1.532569,0.943441,1.088757,0.935653,4.633043,3.230889,3.291184,3.445498,2.598029,3.106458,2.472909,2.849278,2.689997,1.254199,2.560287
7.059431,2.368945,1.387225,2.271949,0.872660,1.177646,0.925581,0.715586,0.940208,2.392199,2.398507,2.124484,1.644658,5.183358,1.495312,4.284063,1.971928,1.769337,0.853038,0.859747,1.540357,1.383337,2.443460,1.630719,0.939536,3.919618,0.818794,3.115606,1.213162,1.189885,0.852527,0.784150,1.362783,0.739862,0.867961,0.871246,1.224344,0.906766,0.783524,0.816495,1.104829,0.917597,1.608084,1.157457,0.794416,0.994279,2.168688,0.984826,1.164695,1.020792,0.911197,1.840974,0.594631,3.492517,1.054206,0.857742,0.816371,1.796321,2.110586,0.760916,0.666699,1.517889,0.953813,0.997162,2.709074,0.715022,0.767265,3.178193,1.856254,2.780937,2.321548,2.332839,2.308968,2.280800,0.823932,0.000000,0.902780,0.865870,0.858797,1.402045,1.570580,0.962201,0.882073,0.941479,1.324763,2.181491,5.326812,0.855131,1.133157,0.830742,0.842516,1.896020,0.902676,1.436699,0.726861,0.780601,1.170158,0.726898,0.899841,1.154045,0.968949,0.743450,1.618012,1.345534,1.595231,0.710588,2.163141,1.002091,0.844607,0.878356,1.166797,1.146664,0.948824,0.933170,0.877174,3.710988,2.153042,1.954655,2.087944,1.845093,2.012090,1.810246,1.764459,1.666537,0.956189,1.776117
7.698067,3.464928,2.162908,2.932354,1.019918,1.696610,1.348968,0.866880,1.170580,2.627316,3.472686,2.656859,1.694207,5.853031,2.773492,5.809842,2.726530,2.566741,1.067548,0.878494,1.609463,2.144650,3.104405,2.630414,0.970226,4.936274,1.236166,3.934143,1.337173,1.915094,1.280445,1.008558,1.559279,1.347622,1.109980,1.169450,2.009873,1.577774,1.061364,1.042136,1.130562,0.898891,2.401668,1.522992,1.132999,1.324692,2.186853,1.183366,2.668843,1.760603,1.481940,3.635418,0.874425,5.118507,2.037413,1.173632,1.692795,3.168189,2.404301,0.862672,0.974037,2.168951,1.188480,1.711323,2.639825,1.247160,0.987148,3.540968,3.402926,3.056347,3.105634,3.277713,3.496435,3.434221,1.074289,0.952498,0.000000,0.961190,0.897447,2.343454,2.102996,1.066365,1.616861,1.907642,2.434265,2.753929,6.463933,1.062150,2.100900,1.278562,1.064281,2.781438,0.967863,1.902513,1.154563,1.355929,1.487948,1.278976,1.180083,1.423556,0.834953,1.179066,1.948066,1.484736,2.301448,1.463015,2.787917,1.743950,0.838866,1.099452,1.630990,1.644930,0.963488,1.307658,1.013799,4.202089,2.898511,2.746225,2.872002,2.486500,2.843107,2.050049,2.814258,2.377007,1.114004,2.546487
8.877496,4.423298,2.957968,3.964414,1.245462,1.866952,1.543592,1.039563,1.130805,3.268288,4.320891,3.103030,1.901310,6.476409,2.707894,6.638899,3.423859,3.052045,1.156356,0.902627,1.775159,2.902037,3.828393,3.595356,1.089075,5.319948,1.257896,4.578396,1.610449,2.073544,1.550012,0.999443,2.050894,1.486481,1.209513,1.254903,2.237703,1.749640,0.965629,1.064101,1.353719,1.008769,2.894549,1.671079,0.961557,1.650781,2.662238,1.268597,3.444054,2.016570,1.663719,4.191666,0.909148,5.906608,2.448805,1.003217,1.959852,3.767688,3.022377,0.908205,1.049185,2.431391,1.319699,1.613936,3.089272,1.402261,1.156944,4.412226,4.211966,3.851032,3.694150,4.101347,4.244199,4.412393,1.246637,1.103505,1.051621,0.000000,1.202569,3.203355,2.272398,1.153817,1.946761,2.339075,2.822562,3.668581,6.552790,1.170294,2.736565,1.218680,1.218659,3.412700,1.121801,2.051132,1.214688,1.261826,1.708482,1.375627,1.185248,1.526143,0.962917,1.355969,2.522680,2.023786,2.758415,1.292314,3.877988,2.081897,1.064537,1.070069,1.895190,1.877690,1.067070,1.378264,1.068352,5.120302,3.559465,3.595170,3.624878,2.966264,3.824625,2.548612,3.642817,2.782301,1.272874,3.461261
8.718000,3.943679,2.592776,3.711982,0.917976,1.760658,1.364497,0.804816,1.083636,3.190181,3.996125,3.234852,1.711294,6.910385,3.068351,6.878075,3.351158,2.678968,0.779452,0.831733,1.917010,2.681438,3.663169,3.286290,0.942769,5.604409,1.042154,4.556433,1.192527,1.852878,1.206852,0.823360,1.767865,1.099216,1.015945,1.039681,2.311944,1.439271,1.015544,0.939517,1.052233,1.012676,2.666357,1.402585,0.626331,1.274639,2.727071,1.275397,2.946421,1.678596,1.602161,3.426012,0.926813,5.730068,2.126201,1.069133,2.037035,3.839759,2.974729,0.854257,0.790641,2.104586,1.038187,1.753005,2.933605,1.368233,1.015997,4.075372,3.569202,3.592770,3.646950,3.614099,4.136550,4.030984,0.683052,0.922550,0.840057,1.004553,0.000000,2.728412,2.049788,1.118089,1.678502,2.104268,2.709880,3.293727,6.366262,1.005488,2.326579,1.202041,1.104767,3.233058,0.713394,2.243308,1.205784,1.141640,1.532717,1.099108,0.977182,1.259409,0.972570,1.132722,2.259492,1.784277,2.608486,1.125191,3.402884,1.530263,0.998834,1.058491,1.685170,2.025481,0.858694,1.388697,1.074251,4.858211,2.969427,3.078614,3.277606,2.879167,3.308545,2.354198,3.098109,2.659308,1.355651,2.924530
7.676554,3.295971,2.208056,2.959839,1.449774,3.805926,2.598099,1.524449,1.946629,3.338545,3.161924,3.531243,1.753911,6.802988,3.071548,5.437320,2.896583,2.462847,2.000074,1.690279,2.967147,1.933446,3.648573,2.734197,1.348546,6.077037,2.706273,4.698141,3.025009,4.152645,1.517717,1.736467,3.266726,2.703214,1.660740,1.877131,4.087014,2.317895,1.476446,2.298611,2.679152,1.803344,3.708108,3.200257,1.843276,3.796707,4.032934,3.056195,1.857792,1.487862,3.304146,2.848089,2.608030,5.411640,1.500999,2.562014,2.233757,2.754046,1.944254,0.596335,3.200373,5.077834,3.196746,1.817143,3.337143,1.254733,2.026606,2.989505,2.207166,3.274880,3.431758,2.817294,2.183834,2.350711,1.955144,1.140382,1.912405,2.432760,2.252474,0.000000,5.021501,2.710342,1.246741,1.687605,2.929157,3.112403,8.212126,3.557334,1.436468,3.204444,1.290250,1.511253,2.303713,3.439873,3.641586,3.358871,2.419661,2.181272,3.035500,3.783543,2.412952,2.667753,2.306534,1.953285,1.960855,2.603432,2.768834,3.081627,1.538196,1.693290,4.146786,3.272665,1.482790,1.986473,1.904038,4.524788,3.060752,2.630898,2.663045,3.114177,2.848342,1.830138,2.563735,2.000125,1.682171,2.815428
0.000000,5.917931,4.367044,5.374838,1.713007,2.849215,2.591005,1.516074,2.071896,5.658100,6.122571,5.393719,3.945504,8.325711,5.151390,8.599450,4.953985,4.567718,1.851347,1.413975,2.924622,4.100655,5.899651,4.499368,1.527357,6.785780,2.280762,6.999279,2.357131,3.800807,2.501775,1.770913,2.536137,3.185863,2.158001,1.978502,4.254323,2.228213,2.130677,2.006121,1.858464,1.484712,4.295303,2.162615,1.145862,2.818414,3.883115,2.146422,4.927997,3.526891,3.204551,6.433368,2.394337,7.601952,4.018012,2.404497,3.598066,5.660308,4.836333,1.127263,2.397821,3.006714,2.135996,3.523700,5.433961,2.834305,1.514861,6.472951,6.467602,5.805805,6.287912,5.510337,6.084135,6.731392,1.445317,1.404817,2.071405,2.400885,2.084517,4.830047,0.000000,2.717758,3.165423,3.342490,4.622621,4.881648,8.183809,1.860815,3.880499,2.225066,2.123001,5.433114,2.074731,3.681295,2.840033,2.844197,3.063875,3.554894,2.841714,2.463041,1.735798,2.805608,3.904710,2.449279,3.851789,2.641098,5.226951,3.737520,1.697862,1.818765,3.630951,3.365042,1.346722,2.877952,1.698508,7.235043,5.385575,5.285014,5.455014,4.403853,5.630338,4.189297,5.308373,4.348875,2.236417,4.563096
8.394994,4.226561,2.791000,3.431930,1.339827,2.346995,1.780029,1.126054,1.281909,2.781883,3.888693,2.838125,1.718968,6.296439,3.199098,6.512722,2.752389,3.009716,1.313005,1.116325,1.738373,2.392540,3.379878,3.142805,0.991885,5.464074,1.569738,4.757928,1.678015,2.454568,1.507647,1.269300,1.981591,1.813963,1.441314,1.542521,2.723667,1.870428,1.057426,1.356816,1.736257,1.128071,3.146374,2.109731,0.974393,1.762056,2.470921,1.424770,3.547892,1.975200,2.189682,4.732025,1.514827,6.409205,2.474293,1.450232,2.207201,4.006553,2.826571,1.028318,1.560591,2.396195,1.509139,1.693869,2.391617,1.767357,1.243140,4.191461,4.262523,3.597929,3.693538,3.148284,4.372190,4.048181,1.235080,1.330626,1.225591,1.497312,1.539937,3.108273,2.719958,0.000000,2.128427,2.318207,2.914248,3.414267,6.494971,1.570281,2.560285,1.514456,1.184437,3.287358,1.301863,2.599065,2.105110,1.791112,1.643362,1.716842,1.489699,1.463135,1.392788,1.493606,2.240281,2.184783,2.723563,1.876485,3.244871,2.621812,1.431844,1.477376,2.498796,2.219635,1.036778,1.516621,1.350316,4.785415,3.253773,3.335063,3.483357,2.644442,3.383387,2.039683,3.119884,2.394020,1.253544,2.935959
7.383570,3.067413,1.859351,2.537276,1.071370,2.171223,1.531367,0.952320,1.170477,2.584985,3.119304,2.994531,1.478246,6.380584,2.341040,5.068834,2.344323,2.202921,1.133739,0.834207,1.976971,1.560536,3.194610,2.302926,0.939001,5.478407,1.623606,3.978857,1.865507,2.199156,0.922177,1.139695,2.240889,1.231329,1.127749,1.141789,2.384205,1.601080,1.031927,1.301729,1.924526,1.236566,2.838433,2.096457,0.998827,2.055619,3.044116,1.784626,1.666721,1.004861,1.860931,2.540562,1.270582,4.618246,1.369653,1.520913,1.282241,2.277995,2.018551,0.913456,1.591627,3.611095,1.687738,1.164997,2.795265,0.941521,1.243910,2.653492,1.845505,2.959303,2.759561,2.090513,2.127591,2.295829,1.022925,0.981448,1.228451,1.110029,1.304823,1.078332,3.077318,1.509665,0.000000,1.400502,2.008693,3.074171,6.813847,1.686044,0.978049,1.801260,0.988537,1.732410,1.128871,2.611198,1.651972,1.586777,1.528438,1.206103,1.476690,2.124034,1.091102,1.256361,2.035504,1.423921,1.879394,1.431891,2.697148,1.880052,0.983942,0.918953,2.059415,2.312398,1.028483,1.455190,0.945216,3.931716,2.631253,2.598481,2.549589,2.362796,2.546523,1.597113,2.037547,1.583495,1.152448,2.179149
7.092674,2.143723,1.527095,2.116135,1.230357,2.614545,1.845713,1.294320,1.356573,2.223661,2.849370,2.701299,1.381528,5.895303,2.272543,5.018092,2.278625,1.819240,1.291737,1.214101,1.950619,1.613460,2.406562,2.022718,1.019057,5.272546,2.098812,3.711446,2.179332,2.733593,1.263947,1.228418,2.478655,1.766975,1.339136,1.393897,3.300436,1.678831,1.261286,1.813502,2.020847,1.467262,3.040098,2.285117,1.192526,2.469146,2.987973,2.131347,1.903739,1.049475,2.389691,2.665349,1.648729,4.929182,1.405488,1.987634,1.864908,2.314872,1.562654,0.273767,2.312259,3.583026,2.250604,1.503371,2.414149,1.318199,1.608956,2.412278,2.410529,2.152194,2.618782,2.267473,2.212954,2.076729,1.307759,1.409637,1.535398,1.397187,1.446909,1.411846,3.447042,1.605438,1.450920,0.000000,1.831296,1.928998,7.037223,2.406804,1.511566,2.291746,1.292868,2.011668,1.532956,2.966566,2.065991,2.336649,1.414627,1.375677,2.005550,2.888529,1.607616,1.473869,1.491046,1.220075,1.578991,1.555297,1.953064,1.823189,1.099315,1.185854,2.940373,2.602030,1.430561,1.588833,1.075587,3.277495,2.196914,1.898527,1.804562,1.946769,2.188830,1.552222,1.823360,1.519718,1.176904,1.850538
8.437483,4.474601,3.126138,3.967347,1.644826,3.361993,2.825004,1.986837,2.218948,3.710042,4.479765,4.289949,1.993061,7.603863,3.833898,6.451587,3.416863,3.063442,2.283747,1.859161,3.093921,2.357154,4.066450,3.116295,1.325892,7.204213,2.769462,5.766633,3.189651,3.943433,1.953675,2.027500,3.258521,2.949106,2.079806,2.425434,4.832207,2.854212,1.835634,2.419077,2.848856,2.074773,4.654887,3.275010,1.701588,3.553100,4.452471,3.034608,3.712833,2.286808,3.496971,5.165749,2.812415,6.908105,2.587268,2.943305,2.869321,3.661814,2.865296,1.211557,3.213111,4.554837,3.197853,2.470771,3.862903,1.623095,2.042496,4.830332,4.917697,4.110576,4.385560,3.561193,4.139702,4.253070,2.149597,1.917166,2.327120,2.422599,2.529136,2.986825,4.875343,2.535207,2.409030,1.974495,0.000000,3.685370,8.245037,3.625870,2.139707,3.300545,1.547261,3.177449,2.359928,4.251771,3.334819,3.432477,2.388686,2.592969,3.088159,3.870657,2.743151,2.491968,2.829653,2.171841,2.953501,3.051143,3.679641,3.273347,1.934169,1.576583,4.408600,3.505806,1.725689,2.524654,2.088018,5.331220,3.688047,3.585441,3.595845,3.205163,3.996399,2.352047,3.530230,2.605646,1.733696,3.457860
8.416617,4.188512,3.028410,4.074569,2.027754,3.831590,3.568633,2.218062,2.535669,3.950436,4.833094,4.517379,1.981284,8.052615,4.044915,6.474564,3.465832,3.042262,2.887405,2.806693,3.011520,2.280141,4.056961,3.348313,1.552435,7.406278,3.371492,5.586617,3.486674,4.539125,2.236094,2.423494,3.385288,4.029627,2.459853,2.674427,5.391120,3.117815,2.141000,3.134101,2.776977,2.160669,4.716845,3.325765,2.225034,4.113870,4.243760,3.463263,3.898270,2.137056,4.109694,5.099608,3.652752,6.904823,2.581340,3.554802,3.269206,3.556909,2.498612,0.988468,4.493032,4.870090,3.716380,2.715402,4.214586,1.923916,2.483283,4.581312,4.477065,3.843700,4.742168,3.510947,3.980669,3.834823,2.882510,2.278626,2.721986,3.283327,2.994127,2.571149,5.137088,2.991854,2.850603,1.973142,3.500930,0.000000,8.946803,4.290783,2.180113,3.790005,1.683225,3.131243,3.393623,4.756276,4.119770,4.433430,2.332952,3.469622,3.674781,3.991905,3.309867,3.505440,2.449777,1.809960,2.441952,3.611461,3.151438,3.971322,2.080083,2.187570,4.935198,3.828687,1.949441,2.812163,2.588678,4.968314,3.663612,3.341807,3.126455,2.865102,3.977223,2.290755,3.616152,2.454718,1.931494,3.069498
0.000000,8.672711,7.553893,7.931526,6.008650,7.767069,7.634959,5.530446,6.423952,7.750464,8.797133,8.091290,6.756213,0.000000,8.540791,0.000000,7.830840,7.805908,6.284754,5.859586,6.870669,7.324545,7.710316,8.133150,4.261010,0.000000,6.936035,9.077374,7.204892,7.854822,6.337154,5.904193,7.337571,7.479760,6.127968,6.874040,8.278789,7.137318,5.164639,6.375585,6.689929,5.738678,8.742104,7.242171,5.458019,7.822079,7.617252,7.000035,8.907967,7.072050,8.336618,9.933584,7.507367,0.000000,7.721951,6.867925,7.877632,8.586148,8.160684,3.383486,7.570428,8.240288,7.129338,7.227175,7.657809,6.253865,5.780011,8.477752,9.134577,7.919214,8.167115,7.999843,8.293508,8.446940,6.335456,5.892620,6.580056,6.554242,6.978187,7.946673,8.630027,6.711055,7.347683,7.145892,8.325380,8.168269,0.000000,7.418077,6.949168,7.381599,5.662144,7.962808,6.853985,7.981246,7.789224,7.630245,6.304435,7.882049,7.201439,7.336307,6.942836,6.911611,7.327329,6.307814,7.541521,6.980051,8.255953,7.655955,5.736580,6.008064,8.551822,7.535112,4.658061,6.945725,6.184639,8.899470,7.965819,7.899734,8.004711,7.451937,8.418046,6.766432,8.264472,7.001221,5.909240,7.943036
9.645066,5.319240,3.299825,5.040164,1.109681,1.688708,1.377516,0.879865,1.220979,4.646241,5.436670,4.331058,3.246613,7.178822,3.280645,7.291422,3.841209,3.741862,0.910913,0.868052,2.534477,3.705220,5.180484,3.762920,1.122361,5.404712,1.334511,5.599411,1.570218,2.099681,1.536829,0.914118,1.873792,1.148024,1.055529,1.099202,1.718964,1.392925,0.948167,0.804387,1.561126,1.153898,3.441389,1.387586,0.935706,1.430710,3.407498,1.050226,3.352447,2.213667,1.557481,4.716809,1.023025,6.268146,2.723676,0.861808,2.016583,4.196753,3.999363,0.803444,0.867916,2.694432,1.059952,2.035177,4.517393,1.766841,1.142786,5.838222,5.280785,5.027219,4.886116,5.393284,5.846794,5.845831,1.268444,0.965647,1.127791,1.019557,1.220867,3.906385,1.683512,1.356503,2.026487,2.492831,3.519786,4.168180,6.864142,0.000000,3.331604,1.173147,1.382362,4.894902,1.031113,2.301049,1.084430,1.071017,2.277119,1.709409,1.111686,1.381732,1.100867,0.991747,3.210201,2.312502,3.382089,1.106192,4.744597,1.774425,0.999438,0.962691,1.746317,1.977046,0.838710,1.566025,1.023458,6.357519,4.634358,4.801318,4.777820,3.793871,4.313638,3.597744,4.547324,3.839793,1.602274,3.765030
6.930061,2.499298,1.641048,1.930936,1.167759,2.892524,2.157821,1.431386,1.555965,2.375904,2.521115,2.730067,1.376062,6.259498,2.104805,5.130924,1.597317,1.876565,1.664257,1.465758,2.219768,1.492361,2.493984,1.817297,1.081710,5.829078,2.240941,4.149602,2.524103,3.173774,1.176007,1.628699,2.443021,2.212501,1.522108,1.860061,3.667556,1.963662,1.275880,2.017760,2.250676,1.635112,3.418985,2.346350,1.545153,2.946025,3.326856,2.347190,1.631890,1.244772,2.628380,2.610554,2.107047,4.824158,1.402296,2.451006,1.827269,1.963581,1.564693,1.204141,2.722413,3.857433,2.588493,1.532532,2.494669,1.014572,1.431873,2.349316,1.980486,2.527263,2.726923,2.321472,1.633556,1.861098,1.726787,1.374588,1.601046,1.775651,1.879352,1.125404,4.177906,1.887555,1.534554,1.449446,1.995471,2.236401,7.059685,3.140728,0.000000,2.512129,1.152972,1.411409,2.065224,3.154751,2.767324,2.725020,1.712078,1.875810,2.722510,3.189098,2.117817,1.955122,1.701600,1.231413,1.729213,2.285605,2.140939,2.702828,1.427902,1.385963,3.584671,2.700537,1.318945,1.770852,1.467639,3.487527,2.131449,2.055480,1.889897,1.863674,2.302233,1.580820,1.955280,1.527599,1.461862,1.823345
8.542666,4.206284,2.785090,4.002540,1.068651,1.692350,1.635196,1.043022,1.241689,3.743869,4.734677,3.855869,2.450770,7.312189,3.529063,6.873013,3.358271,3.310383,1.221310,0.931139,1.761840,3.131710,4.040536,3.114792,1.040236,5.425508,1.370997,5.004649,1.473058,2.401654,1.499678,1.108101,1.506433,1.761707,1.219727,1.170791,2.683700,1.524300,1.172573,1.202230,1.124493,1.033415,2.867254,1.566846,0.822529,1.585846,2.519689,1.344482,3.430959,2.328001,1.854842,4.543394,1.412919,6.264102,2.573022,1.306256,2.129622,4.168997,3.507590,0.846883,1.200466,1.994910,1.279582,2.325790,3.631619,2.060139,1.148811,4.916548,4.561038,3.975850,4.608970,4.218652,4.825262,4.590186,1.054904,0.938049,1.192798,1.359846,1.429451,3.298940,1.807256,1.615894,2.068162,2.374570,3.234995,3.491945,6.826561,1.135065,2.820701,0.000000,1.486860,3.615382,1.107853,2.219242,1.792805,1.743381,2.063863,2.171829,1.520909,1.495444,1.164519,1.636127,2.547840,1.844660,2.745904,1.759068,3.924666,2.488862,1.139540,1.350108,2.048794,2.127346,0.994102,1.711552,1.125384,5.525265,3.252221,3.624102,3.746333,2.997569,3.884647,2.691699,3.676153,3.058377,1.614980,3.212693
6.495328,2.383082,1.627557,2.093875,1.082679,1.445205,1.198334,1.092141,1.051702,1.802924,2.478884,2.040721,1.209367,5.127724,1.912015,4.350267,1.913602,1.565165,1.090052,0.956365,1.339397,1.407970,2.383329,1.944088,0.959530,4.082851,1.023450,2.887686,1.301453,1.522902,0.929536,1.026142,1.531815,1.061680,0.960361,1.024304,1.719394,1.284235,0.887014,1.128427,1.082412,0.990376,2.042871,1.469505,0.924799,1.294314,1.723166,1.247046,1.900648,1.052860,1.520968,2.396150,0.971054,4.082697,1.188908,1.080401,1.282965,2.307264,1.686645,0.956290,1.053280,2.257354,1.153958,1.118525,1.666400,1.035965,1.057536,2.157656,2.146211,2.069908,2.343512,1.665483,2.129016,2.140580,1.086537,0.954959,0.929823,1.093378,1.043606,1.433757,2.019428,1.100079,1.260888,1.173870,1.740124,2.035897,5.377783,1.088303,1.191102,1.261330,0.000000,1.666131,1.015388,1.674467,1.309613,1.159313,1.265590,1.285639,1.046597,1.339644,0.954867,1.007974,1.478595,1.146634,1.606060,1.192614,2.054061,1.502256,0.991581,1.059973,1.502212,1.403253,0.950342,1.179078,1.045675,2.963383,2.197028,2.006147,1.879877,1.712476,2.073979,1.270197,1.835624,1.382510,0.900638,1.800756
8.229036,3.739233,3.103138,3.474198,1.698279,4.193772,3.302691,2.076144,2.389690,3.670896,4.076028,4.455738,1.694197,7.426195,3.789689,6.205710,3.078811,2.924463,2.818295,2.226171,3.087317,1.961073,3.915042,3.265753,1.469889,6.856454,3.268190,5.257083,3.468193,4.253331,2.155629,2.303474,3.741311,3.703616,2.259170,2.615540,5.055389,2.832993,2.071618,3.262267,3.156884,2.257905,4.498815,3.626923,2.353696,4.095110,4.357755,3.425276,2.324521,1.778095,4.220194,3.594207,3.280578,6.220673,1.856814,3.242007,3.247419,3.282024,1.914949,1.250703,4.225850,5.027224,3.817226,2.344854,3.811145,1.064696,2.626761,3.757326,3.306910,3.559557,4.183741,3.320956,2.503364,2.617356,2.716130,1.918689,2.478096,2.981713,3.077179,1.410028,5.591573,2.941091,1.774102,1.885775,3.448483,3.633368,8.339070,4.574238,1.590302,3.621177,1.501077,0.000000,3.317439,4.120259,4.133949,4.346191,2.754429,3.226592,3.983466,4.256956,3.224023,3.155406,2.424113,1.779520,2.163066,3.479720,3.034150,3.849799,1.933185,1.900777,4.803502,3.960934,1.912466,2.751100,2.482792,4.782587,3.803480,3.144678,3.011872,3.084712,3.406662,1.905828,2.955484,2.243980,2.009656,3.072827
8.299738,4.529618,2.553147,3.860214,1.031656,1.684063,1.150456,0.699740,1.032518,3.164053,4.299923,3.356501,1.931262,5.941473,2.943141,6.290645,3.256524,3.122843,0.865294,0.787115,1.974506,2.768887,4.189974,3.238845,0.924834,4.743333,0.898714,4.743348,1.440597,1.746767,1.259960,0.777087,1.771168,0.876263,0.865673,0.877885,1.630142,1.207811,0.718084,0.844744,1.180976,1.005820,2.386652,1.673688,0.676054,1.142824,2.389965,1.038773,2.945492,1.834473,1.327467,3.816327,0.562683,5.906477,2.250712,0.952335,1.526746,3.740398,3.477105,0.674959,0.537699,2.396630,0.939445,1.667163,3.096319,1.535819,0.916114,4.556375,4.239890,3.964536,3.801128,3.943392,4.761165,4.585495,0.732781,0.804980,0.893185,0.907541,1.000402,3.093682,2.077459,0.963647,1.739351,2.156621,2.498157,3.601314,5.910520,0.802826,2.766031,0.984260,1.052349,3.791985,0.000000,1.838160,0.777467,0.980132,1.493679,1.289923,0.738752,1.128525,0.842462,0.800147,2.437586,1.938020,2.860644,0.968552,3.856098,1.555509,0.870704,0.889165,1.386560,1.752847,0.887927,1.200179,0.835673,5.320210,3.602541,3.724331,3.612590,2.872195,3.485159,2.458517,3.414295,3.017392,1.268039,2.926869
9.088939,5.275774,3.844096,4.754250,1.269980,2.847642,2.185371,1.562266,1.483362,4.401517,5.253986,4.322880,2.948621,7.951062,4.708954,7.531945,4.184177,3.925422,1.847287,1.262813,2.305045,3.395487,5.326741,4.055551,1.445647,6.047694,1.825758,6.089622,2.044867,3.463615,1.921373,1.457735,2.434513,2.491852,1.751588,1.809515,4.367504,2.316641,1.515852,2.365204,1.821896,1.484684,3.888301,2.843085,1.155904,2.802398,2.953126,2.121177,4.371023,3.066257,3.128061,5.609562,2.304195,7.577585,3.256078,2.268960,3.131745,5.278429,4.052356,1.142799,2.476468,3.521352,2.124829,2.855015,4.203898,2.343995,1.847853,5.284831,5.303255,5.033079,4.909907,4.945433,5.228697,5.191823,1.408231,1.421712,1.932010,2.131836,2.380893,3.662299,3.206319,2.635972,2.944813,3.071537,4.294125,4.386907,7.841727,2.341582,3.435553,2.291367,1.807095,4.314337,1.798177,0.000000,2.797433,2.602690,2.668463,3.104918,2.493996,2.332975,2.004137,2.600068,3.420211,2.735159,3.651754,2.905830,4.361809,3.601948,1.770976,1.943979,3.310074,2.853392,1.362083,2.211848,1.660903,6.034755,4.818471,4.416708,4.881111,3.827259,4.815335,3.251279,4.587442,3.650656,2.220529,4.116550
9.074378,4.663376,3.172094,4.422777,1.522519,2.453080,1.911431,0.914117,1.807622,3.999886,5.161207,3.771368,2.405452,6.926922,3.599382,6.652009,3.438982,3.442786,1.458127,1.003750,3.046737,3.013575,4.465556,3.497472,1.053463,5.728374,1.717329,5.622466,2.048970,2.352075,1.782484,1.269279,2.505050,1.864917,1.463842,1.518897,2.120424,1.886932,1.150378,1.185418,1.698676,1.502594,3.724337,1.891387,0.969469,1.983334,4.327433,1.683258,3.458373,2.215440,2.042988,4.956340,1.296899,6.658315,2.583807,1.384572,2.251435,4.000041,3.596652,0.822064,1.420171,3.633678,1.619875,2.098874,3.730881,1.582046,1.099578,5.236661,4.893633,4.319166,4.372055,4.114373,5.026426,4.933669,1.269633,1.147236,1.369413,1.018666,1.524584,3.928981,2.783691,1.704957,2.048739,2.431214,3.255078,4.036650,7.032273,1.362327,2.966636,1.742512,1.415406,4.179601,1.044497,2.964612,0.000000,1.523517,2.077040,1.940667,1.606756,2.069143,1.341766,1.373929,2.844255,2.251102,3.055996,1.531019,4.320500,2.311559,1.086678,1.104809,2.598571,2.471443,0.904168,1.722286,1.275076,5.646582,4.167100,4.039545,3.965753,3.549843,4.110940,3.014767,3.944139,3.290695,1.555058,3.654164
9.156787,5.715537,3.381031,4.940943,1.121039,2.138783,1.414651,0.895886,1.286732,4.360850,5.452121,3.850965,2.231185,6.900770,3.534398,7.324396,3.670834,4.271475,1.141947,0.847768,2.562638,3.851544,5.173727,4.281608,1.200665,5.735859,1.352473,6.002112,1.725338,2.171016,1.555950,0.924698,2.338448,1.451685,1.121228,1.190413,2.186011,1.624234,1.062537,1.014497,1.666959,1.166211,3.273011,1.953195,0.782774,1.673545,3.626286,1.449050,3.428121,2.173667,1.810114,4.442584,1.033394,6.225330,2.771652,1.199367,2.066687,4.334306,3.553992,0.914638,0.998920,3.308488,1.315333,1.989931,4.265148,1.810130,1.007024,5.149129,4.499470,4.887361,4.602051,4.876916,5.404398,5.904608,1.027836,0.859808,1.316642,0.858672,1.382546,3.950939,2.510307,1.485029,1.984228,2.818975,3.405700,4.588293,6.934577,1.153998,3.201134,1.532541,1.255752,4.879207,0.858338,2.550755,1.251483,0.000000,2.131461,1.509366,1.253288,1.724141,0.995293,1.310129,3.103498,2.714545,3.320772,1.305666,4.714241,1.866238,0.683726,1.067686,2.027965,2.228926,1.017491,1.616873,0.903521,6.023154,4.376684,4.853415,4.917340,3.690489,4.349086,3.509600,4.607508,3.450333,1.458679,3.919837
7.382899,3.218943,2.234727,2.699174,1.206559,2.411495,2.214569,1.294252,1.504596,2.504326,3.227989,2.803826,1.409879,5.672795,3.145868,5.633767,2.623284,2.526157,1.579731,1.438978,1.990693,1.618834,3.149904,2.520807,1.098712,5.363877,1.874557,4.486828,1.812595,2.623530,1.535735,1.379952,2.230664,2.084214,1.540868,1.593750,3.552437,1.945413,1.201182,1.780749,1.862390,1.333646,3.236488,2.145898,1.192629,2.359529,2.553272,1.891471,3.137169,1.479148,2.517669,4.020294,2.058930,6.099782,1.875619,1.860240,1.735769,3.135251,2.104642,0.950759,2.292369,3.001183,1.905827,1.768563,2.252723,1.273498,1.448346,3.333871,3.785275,2.756090,3.263145,2.909493,3.313626,2.993421,1.428228,1.307074,1.604896,1.860826,1.887003,2.197106,3.244358,1.672118,1.849277,1.368464,2.588946,2.531968,6.779885,2.336248,1.910511,1.983552,1.283449,2.678534,1.684922,2.542122,2.499556,2.325751,0.000000,1.796673,1.894670,2.186512,1.753788,1.793387,1.861076,1.567988,2.079869,1.977865,2.497227,2.281158,1.109429,1.085575,2.960879,2.365889,1.320556,1.745425,1.323372,4.027037,2.757732,2.381635,2.518123,2.269841,2.943801,1.544848,2.752839,1.926349,1.240420,2.373808
8.371520,4.736613,2.723396,4.058566,1.231611,2.359864,1.506892,0.988313,1.127743,3.814793,4.755590,3.939358,2.468168,6.573792,3.173075,6.887105,4.092895,3.630971,1.390226,0.845762,2.384990,2.986876,4.682800,4.288297,1.187962,6.052712,1.490104,5.397947,1.868484,2.316529,1.211976,0.806805,2.889514,1.195938,1.068595,1.192022,2.853749,1.849317,1.046652,1.440564,1.812225,1.307156,3.453388,2.497553,0.901770,1.990746,3.257185,1.792805,2.896968,1.875497,2.236243,3.750956,1.131263,5.332767,2.502247,1.735031,2.140012,3.896192,3.113127,0.903134,1.425832,3.973847,1.704267,1.871747,3.799689,1.235129,1.552743,4.919214,3.892429,4.516822,4.194153,3.998491,4.302797,4.327320,0.977361,1.014284,1.145972,1.076039,1.177443,2.720944,3.361736,1.406918,1.753709,2.229427,3.052048,4.252602,7.563891,1.583473,2.486376,1.974010,1.291441,3.688801,0.985559,2.909541,1.748976,1.444689,1.844266,0.000000,1.481613,1.770696,1.205245,1.434629,3.084085,2.408236,3.033265,1.353413,4.164049,2.294704,0.816479,1.289745,2.240457,2.616493,1.218651,1.913216,0.903161,5.582857,3.977636,4.203395,4.188723,3.581815,3.904842,2.635335,3.508623,3.060357,1.450656,3.659385
8.212244,5.004826,3.040759,4.189943,1.033621,2.130016,1.461763,0.898152,1.043892,3.789446,4.262826,3.243129,2.170513,5.992451,3.190427,6.902608,3.394580,3.343588,1.091310,0.660645,2.036482,3.045815,4.231545,3.787397,0.992855,5.452219,1.442959,4.609790,1.627292,2.000788,1.398833,0.713928,1.946653,1.082490,1.045433,0.928706,2.273441,1.508581,0.841129,1.192639,1.444792,0.988168,2.955210,1.979513,0.786228,1.438983,2.483944,1.189232,3.419165,1.907669,1.573707,4.309594,0.964801,6.592339,2.479615,1.090062,1.851980,4.117198,3.416192,0.774699,0.861850,2.174546,1.280661,1.876262,3.145975,1.676379,1.184298,5.228830,5.079880,4.187731,3.779344,4.243622,5.240688,4.920979,0.755927,0.988190,0.978311,0.865602,1.116846,3.629718,2.505555,1.082817,2.037058,2.460518,2.994043,3.739905,6.419228,0.926495,3.226088,1.277385,1.233409,4.286720,0.727505,2.214843,1.316892,1.255953,1.647636,1.520225,0.000000,1.192486,0.834984,1.142095,2.702597,2.218977,2.855221,1.312054,4.042203,1.839914,0.693216,0.969809,1.790809,2.084453,0.835572,1.379508,0.747268,5.649364,3.725724,3.880014,4.006497,3.060906,3.954749,2.773731,3.895555,2.955935,1.452898,3.436892
8.730151,5.452897,3.094238,4.276778,1.079139,2.116722,1.759288,1.185841,0.992049,4.070357,5.155599,4.003235,2.720778,7.701050,3.797952,7.564978,3.295677,3.663354,1.449632,0.925471,1.408305,3.384563,4.836487,3.411270,1.051127,5.575271,1.511480,5.327401,1.356367,2.160724,1.468870,1.034269,1.692801,1.324078,1.071735,1.093761,2.378297,1.504460,1.000907,1.352263,1.294636,1.234924,2.945137,1.731139,0.806462,1.706654,1.959048,1.371208,3.949157,2.144720,2.275350,4.611857,1.674941,6.777353,2.858568,1.514480,2.360781,4.888526,3.571612,0.867330,1.446341,2.023990,1.221417,2.436948,3.655948,2.079125,1.512547,5.329866,5.229616,4.177909,4.730260,4.707354,5.127162,5.214999,0.972970,0.785427,1.400576,1.795624,1.694404,3.461897,2.520759,1.858451,2.268903,2.534475,3.472861,3.432322,7.108850,1.288167,3.069751,1.548764,1.481137,3.936236,1.111993,2.343716,1.928500,1.676384,2.374724,2.138527,1.349715,0.000000,1.080358,1.757136,2.826541,2.045452,3.055263,1.784906,3.769589,2.243175,1.140366,1.276949,1.906909,2.388010,1.010426,1.627382,1.143389,5.702814,4.183525,4.280701,4.185530,3.134297,4.279054,2.959507,4.138107,3.163707,1.675305,3.420387
8.332015,4.182605,2.369887,3.531428,1.080522,1.608483,1.153514,0.839414,1.221142,3.219030,4.001819,2.981485,1.896920,6.279274,2.616291,5.776130,2.898329,2.974754,0.912674,0.928074,1.569688,2.457900,3.857857,3.110705,0.994012,4.776297,1.142661,4.233560,1.399318,1.854571,1.207976,0.921617,1.611702,0.889410,0.990982,1.086722,1.807848,1.276943,0.909571,1.070547,1.175835,1.113750,2.404911,1.505490,0.922210,1.271664,2.308264,1.083841,2.705050,1.677115,1.449182,3.626660,0.770289,5.518955,2.098607,1.046259,1.574814,3.299916,2.978676,0.913778,0.814488,2.223463,1.122342,1.430474,2.754483,1.278114,1.115221,4.372463,3.959475,3.532244,3.344930,3.562590,4.081723,4.185690,1.075558,0.937120,1.070753,1.139471,0.980051,2.774078,1.883381,1.118710,1.513620,1.794607,2.545984,3.391144,6.442983,0.854497,2.409085,1.197628,1.184710,3.514719,1.170112,1.904131,1.076344,0.986408,1.598053,1.068240,0.851438,1.207248,0.000000,0.927363,2.310528,1.884858,2.308424,0.951741,3.284279,1.426526,1.041485,1.083010,1.433925,1.727625,0.938706,1.182490,1.066859,4.635402,3.397585,3.089692,3.255156,2.472729,3.119818,2.219452,2.913665,2.497402,1.302757,2.753826
7.643503,4.254521,2.703348,3.345350,1.076420,2.032464,1.457699,0.825587,1.226733,2.758667,4.067067,2.914003,1.986028,6.193647,2.939023,6.163569,3.073780,2.951627,1.154295,0.754632,2.193843,2.255093,3.639401,3.213181,1.200484,5.005773,1.388901,3.916368,1.614061,2.156784,1.437599,0.815606,2.179568,1.164116,1.128643,1.116651,2.295346,1.626556,0.943567,1.231449,1.584404,1.157006,3.067799,2.036640,0.837733,1.412022,2.401056,1.364636,3.072110,1.817349,1.706635,4.144409,1.029330,6.206192,2.300962,1.280976,2.027433,3.864173,2.903995,0.762973,1.169564,2.810516,1.431673,1.403932,2.108852,1.405396,1.365995,4.099308,4.520780,3.548958,3.529105,3.274523,4.346873,3.906330,0.862735,1.098509,1.159422,0.813164,1.286251,3.186006,2.867730,1.236451,1.781006,2.081564,2.575991,3.635151,6.060300,1.125279,2.492339,1.528698,1.189778,3.393397,0.904714,2.362846,1.536818,1.302236,1.394863,1.461083,1.149726,1.696650,0.969162,0.000000,2.442486,2.126675,2.804286,1.288885,3.534193,1.842137,0.779496,1.013980,1.786888,2.090153,0.899273,1.596730,0.814566,4.485126,3.254671,3.079468,3.274642,2.586642,3.549206,2.070346,3.426644,2.421530,1.201894,2.987842
7.847403,3.253783,2.138606,2.973097,1.547731,2.877140,2.587234,1.452690,2.011863,2.880596,3.503567,3.444743,1.311539,6.819086,2.785362,5.624866,2.703535,2.528610,1.827415,1.729592,2.497320,1.548207,3.226901,2.326688,1.168599,6.165420,2.417306,4.613414,2.394226,3.472125,1.631928,1.700457,2.535907,2.823730,1.756291,2.098883,4.116316,2.131686,1.339900,1.962806,2.268278,1.667918,3.660988,2.564594,1.576328,2.925853,3.581844,2.479400,2.869231,1.800009,2.924151,3.652458,2.538892,6.084284,1.937061,2.326068,2.570576,2.936950,1.949562,1.061236,3.043583,3.598549,2.675174,1.799234,2.882101,1.415922,1.639275,3.423432,3.740262,3.198245,3.595614,2.795744,3.327733,2.541475,1.880232,1.555265,1.839622,2.104577,2.049118,2.025501,3.984903,1.982858,2.100323,1.688439,2.598451,2.454294,7.518383,3.227866,1.911548,2.664173,1.252321,2.502581,2.124608,3.364538,2.736612,2.873924,1.660370,2.526369,2.579245,3.082764,2.033546,2.021465,0.000000,1.517760,1.913471,2.399795,2.496165,2.951254,1.434171,1.503324,3.828985,3.002909,1.626041,1.993830,1.720586,3.974469,2.838487,2.547522,2.344195,2.313550,2.759860,1.731720,2.520967,1.832144,1.467373,2.289254
7.324684,2.377607,1.614374,1.884117,1.401380,2.146376,1.938711,1.269262,1.683515,2.174568,2.520359,2.385360,0.984040,5.814396,2.241345,4.838382,1.861186,1.712371,1.431446,1.656121,2.027312,1.462023,2.311149,1.671082,0.991972,4.955676,1.842378,3.658855,1.995401,2.658396,1.342200,1.558717,1.961093,2.594079,1.473260,1.805375,3.453029,1.695552,1.254931,1.782231,1.790973,1.398889,2.933827,1.715956,1.428314,2.586683,2.760871,2.040459,2.103021,1.424260,2.325010,3.065904,1.992268,4.983728,1.358685,1.937649,1.749817,2.153377,1.430276,0.608270,2.373893,2.857719,2.179462,1.563864,2.304882,1.298116,1.408616,2.560760,2.694736,2.158321,2.495512,1.999537,2.188145,2.199954,1.758824,1.238723,1.433084,1.740374,1.503301,1.470269,2.774137,1.703248,1.683541,1.267862,1.886085,1.789844,6.660244,2.519588,1.519639,2.128645,1.256078,1.840296,1.898189,2.738933,2.326852,2.648202,1.389140,2.003196,2.315046,2.585107,1.777815,1.926222,1.464437,0.000000,1.520064,1.901105,1.844200,2.263227,1.332672,1.409729,3.204329,2.141535,1.322313,1.634250,1.480912,3.050425,2.155355,1.758640,1.488559,1.651383,1.926767,1.165777,1.776491,1.162315,1.156087,1.644789
7.733999,3.225695,2.170654,2.863416,1.564089,3.154288,2.634965,1.710203,1.980636,2.810400,3.461642,3.259099,1.304945,6.551072,2.827833,5.845237,2.711234,2.341391,2.050886,1.864134,2.289719,1.510525,3.159537,2.511628,1.137205,6.167077,2.425977,4.681161,2.577980,3.417908,1.398285,1.899984,2.646396,2.954901,1.904896,2.201733,4.056147,2.354019,1.535194,2.352828,2.298111,1.716208,3.724509,2.735827,1.642518,3.235531,3.536584,2.689989,2.867834,1.488237,2.943854,4.042440,2.448655,6.185570,1.794246,2.549729,2.616334,2.929411,1.957538,0.557284,3.208840,4.154319,2.786358,1.817132,2.871527,1.413994,1.791443,3.324853,3.354018,2.894753,3.441791,2.633067,2.866551,2.921667,2.072279,1.618118,1.969830,2.170229,2.105830,1.788774,3.993083,2.103955,1.685083,1.506334,2.621808,2.519094,7.842805,3.469780,1.734485,2.818513,1.232904,2.082183,2.471420,3.635886,3.174609,2.959815,1.788275,2.257590,2.574142,3.215002,2.115605,2.322304,1.977995,1.633622,0.000000,2.294293,2.627188,3.028729,1.427575,1.550542,3.782301,3.071921,1.539830,2.013595,1.799720,4.003998,2.838325,2.653500,2.358617,2.205369,2.793665,1.318765,2.668253,1.679810,1.312218,2.382417
8.325240,4.464569,2.815485,3.910447,0.894865,2.010293,1.330016,0.915645,1.046030,3.398908,4.504065,3.376538,1.974527,6.630466,2.895986,6.482425,3.045099,2.997053,1.040689,0.764100,2.251956,2.562017,4.010045,3.126466,1.073274,5.756461,1.393068,4.855435,1.658397,2.078372,1.348792,0.903237,2.455544,0.987268,0.937802,0.982222,1.976835,1.566527,0.943419,1.005173,1.654371,1.200325,3.260816,1.817404,0.880613,1.753825,3.330633,1.428911,2.990066,1.561496,1.909898,4.169791,1.002837,5.961989,2.010029,1.362720,2.029088,3.677151,3.122257,0.610743,0.991116,3.354033,1.323220,1.648640,3.231030,1.238412,1.342534,4.251992,4.212571,3.838886,3.601017,3.630623,4.382436,4.203106,0.979502,0.946262,1.072265,0.743018,1.202841,3.142701,2.565121,1.244178,1.689576,1.596436,2.754272,3.641072,6.687879,1.077041,2.257420,1.522336,1.199254,3.484357,0.694956,2.532457,1.266332,1.170913,1.825681,1.229642,1.264568,1.939034,0.905322,1.033534,2.458085,1.974996,2.641182,0.000000,3.701075,1.674145,0.680406,0.774262,1.850362,2.193697,0.981374,1.486636,0.826180,4.943010,3.890648,3.523621,3.541819,3.060400,3.526457,2.514286,3.114348,2.576476,1.398236,3.086138
8.086077,4.063850,2.765025,3.334800,1.977880,3.894079,3.381432,2.058373,2.593344,3.288091,4.300590,3.625330,1.567930,7.302766,4.015075,6.301484,3.334574,2.939845,2.767206,2.586834,2.857764,2.053881,3.863734,3.001988,1.476616,6.683692,3.242015,5.026173,3.207150,4.830821,2.296622,2.413948,3.229461,4.099900,2.311934,2.955881,5.172897,3.056792,1.830126,3.187336,3.036977,2.097258,4.723489,3.517430,2.332697,4.154196,4.055973,3.468804,3.641297,2.251939,3.824515,4.769646,3.590533,6.684086,2.588175,3.531269,3.463381,3.932510,2.549492,1.429421,4.454920,5.065320,3.632712,2.526184,3.397740,1.681703,2.289702,4.282782,4.075945,3.579426,4.107862,3.125651,3.601990,3.587399,2.833624,2.227375,2.578448,3.116918,2.829942,2.427674,5.296707,2.666144,2.661624,1.838917,3.556882,3.188367,8.553685,4.587016,2.099731,3.901684,1.640908,2.884598,3.484351,4.363814,4.247174,4.184377,2.238787,3.251451,3.843100,4.072801,3.097438,3.182680,2.571203,2.026286,2.665002,3.450264,0.000000,3.954763,2.153638,1.851527,4.898168,3.609460,2.001121,2.755291,2.454042,4.506144,3.511633,3.156551,3.003582,2.783836,3.313141,1.689633,3.132524,2.083015,1.732331,2.734969
8.521167,4.900155,2.991906,4.510633,1.432165,2.909696,1.988327,1.140101,1.650935,4.023074,4.907741,4.081026,2.472959,7.358629,3.732244,6.778642,3.985921,3.617858,1.430209,1.003868,2.939303,2.846773,4.574217,4.019113,1.268760,6.829893,1.875253,5.801740,2.211392,2.942062,1.732318,1.254646,3.194082,1.647624,1.435974,1.465763,3.078126,1.918429,1.361890,1.565366,2.313614,1.514249,4.150286,2.838753,1.105992,2.532566,3.973860,2.070996,3.527252,1.993315,2.601937,4.820268,1.599877,7.135389,2.917956,1.929518,2.656089,4.243896,3.464677,0.910091,1.669573,4.068128,2.185935,2.378692,4.058219,1.383954,1.556740,5.054111,4.664203,4.429397,4.458478,4.200765,4.769460,4.583488,1.202671,1.211856,1.541229,1.380583,1.547025,3.330011,3.903347,2.104016,2.213708,2.249544,3.202201,4.233887,7.498584,1.881699,2.757523,2.373971,1.460487,3.838143,1.056003,3.481219,1.951452,1.770028,2.102373,1.995165,1.873318,2.458728,1.553117,1.789142,3.019775,2.388801,3.290633,1.711975,4.238816,0.000000,1.000256,1.031208,2.837985,2.976015,1.228746,2.153949,1.155742,5.673606,4.204478,4.130714,3.986905,3.708045,4.214530,2.821911,3.807919,2.914784,1.688496,3.734959
7.355641,3.047073,1.833761,2.229460,0.977886,1.208421,0.845684,0.894995,1.111472,2.026519,2.873623,2.042947,1.249222,4.910500,1.992149,4.559811,2.147712,2.244218,0.839939,0.958310,1.614138,1.810174,2.387829,2.240611,0.966401,4.040108,0.853518,3.339409,1.161846,1.262772,1.007076,0.803040,1.618251,1.055444,0.853915,0.985148,1.347108,0.907040,0.948403,0.654190,1.298437,1.010231,1.993378,1.199061,0.980340,1.068826,2.209388,1.156631,1.963938,1.270107,0.928740,2.537002,1.034159,4.574697,1.397621,0.874989,1.178904,2.242103,2.082791,0.861860,0.937721,2.290061,1.048438,0.950558,1.843243,1.044416,0.836347,2.990899,2.838212,2.689514,2.474830,2.369463,2.943422,2.621407,1.050507,0.890599,1.123072,1.024436,1.062572,2.052759,1.770650,0.712653,1.167998,1.453443,1.709433,2.177740,5.040403,0.988668,1.459100,0.872188,1.002964,2.012753,1.081229,1.426266,0.698431,1.054327,1.238531,1.091811,1.038630,1.177194,1.056267,0.836582,1.736391,1.406332,1.808497,1.033428,2.552103,0.869774,0.000000,0.976638,1.195047,1.486187,0.972805,0.990111,1.066523,3.262745,2.309918,2.234700,2.284885,1.965350,2.169782,1.538616,2.183001,1.652676,1.077315,1.864134
7.189504,2.364478,1.548382,2.016037,0.992418,1.527768,0.940844,0.892114,0.867141,1.973667,2.472362,2.246868,1.475875,5.073953,1.630185,4.290509,1.759716,1.605634,0.767868,0.801100,1.796525,1.765468,2.359616,1.606951,0.858825,3.861936,1.041230,3.267192,1.454531,1.425497,0.933997,0.760151,1.756495,0.861404,0.736921,0.895672,1.414413,0.856619,1.002083,0.804018,1.451532,0.963609,2.152314,1.382639,0.830542,1.144074,1.969485,1.243840,1.726672,1.194113,1.153167,2.298671,0.624131,4.239977,1.347453,1.079714,1.218894,1.614975,1.925240,0.878852,0.839461,2.576889,1.033692,0.908541,1.782661,1.056185,0.990085,2.586444,2.626687,2.115881,2.303058,2.065615,2.598788,2.357843,0.997149,0.831430,0.819461,0.760463,0.874595,1.854751,1.918974,0.867333,1.018273,1.318545,1.461590,2.112675,5.206165,0.989749,1.767995,1.145743,1.016389,1.967019,0.923307,1.620889,0.804082,0.764900,1.168139,0.790329,0.868598,1.434856,0.960824,0.689323,1.571697,1.383396,1.474234,0.714929,1.988240,1.031353,0.878438,0.000000,1.429774,1.549734,0.964712,1.024359,0.910986,2.868917,1.955447,1.853319,2.015360,1.648072,2.034728,1.625890,1.798012,1.651549,1.017431,1.613982
8.326836,6.062709,4.088408,5.254620,1.433141,3.043180,2.496124,1.329535,1.643038,5.019768,6.396186,4.854196,3.287919,8.007742,4.794132,7.729789,4.980737,4.673323,1.878183,1.142406,2.399348,3.928377,5.753911,4.917074,1.447889,6.073669,2.086412,6.313876,2.247713,3.145012,1.898784,1.418401,2.713849,1.904016,1.607403,1.500727,3.406901,2.152038,1.481536,1.900877,1.703733,1.489971,4.165216,2.964396,1.220081,2.420883,3.425077,2.113508,4.798654,2.933601,2.836835,5.484219,1.935061,7.497321,3.376094,2.063932,3.022939,5.291056,4.537656,1.160266,1.797654,3.997193,2.147615,2.808870,4.626178,2.203261,1.746689,6.242941,5.771633,5.238652,5.385710,5.532040,5.496621,5.962209,1.232980,1.254426,1.794213,1.718231,2.239040,4.372254,3.746420,2.558410,2.647225,3.199949,4.269532,4.809532,7.819567,1.846037,3.799747,2.290098,1.772280,4.830959,1.449517,3.040883,2.477260,2.310907,3.033654,2.446765,2.170254,2.065179,1.632467,2.010475,4.047569,3.053983,3.929985,2.198033,5.142797,3.048178,1.454269,1.767390,0.000000,3.306560,1.067912,2.210399,1.640994,6.533571,5.342170,5.205408,5.267059,4.167411,5.304294,3.851014,4.985530,4.155190,2.278287,4.539636
8.607972,4.670919,3.132427,4.231914,1.649864,2.725655,2.545663,1.504910,1.979875,3.946272,4.672838,3.674303,2.355072,7.102051,4.003205,7.028571,3.473020,3.207045,1.967804,1.481089,2.271625,2.964881,4.137444,3.436190,1.188738,6.413153,2.127851,5.555049,2.090416,2.908492,2.015906,1.766483,2.318097,2.900126,1.999737,2.155337,3.305837,2.316918,1.377816,1.747415,1.668697,1.395860,3.640633,2.261625,1.462641,2.643451,3.281230,2.060723,4.212115,2.726291,2.855989,5.287997,2.448013,6.726905,2.893192,2.056698,2.832984,4.487376,3.415836,1.092657,2.419076,3.011609,2.229391,2.756083,3.975213,2.145068,1.253067,5.282860,4.834656,4.406862,4.438527,4.442593,4.721020,4.624497,1.805082,1.327036,1.799839,2.165611,2.054509,3.177831,3.239258,2.351406,2.667135,2.776346,3.597541,3.702248,7.765606,2.203500,2.862895,2.179153,1.703200,3.914496,2.140600,3.156865,2.616337,2.586399,2.403989,2.871620,2.412632,2.285844,2.031155,2.512060,3.050437,2.152791,3.006576,2.726750,3.620662,3.308474,1.809778,1.970999,3.496922,0.000000,1.062459,2.037409,2.042787,5.443006,4.128136,3.922483,3.905842,2.798536,4.083425,2.788944,4.112054,2.894377,1.589332,3.354431
6.637938,1.951094,1.267709,1.866489,1.139697,1.101507,1.090922,1.096170,1.080302,1.889616,2.129002,1.693460,1.254909,4.492336,1.489906,3.779005,1.280628,1.577478,0.998836,1.061122,1.232087,1.281809,1.798379,1.244503,0.986908,2.855915,1.089742,2.340027,1.125764,1.226185,1.037229,0.961934,1.061707,1.157389,1.089576,1.216027,0.924538,1.141845,0.983925,0.989389,1.063639,1.061102,1.563087,1.055895,1.132470,1.178336,1.913903,1.060079,1.624542,1.031872,0.968070,2.299122,1.049119,3.764855,0.995083,1.036348,0.935765,1.609140,1.495970,1.033044,1.136814,1.329499,1.110209,1.231858,1.954852,0.877119,0.810217,2.155477,2.030215,2.136581,1.919666,1.991476,2.008669,2.106704,1.065663,1.107027,1.148862,0.957615,1.065681,1.485518,1.202162,0.941788,0.971587,1.142741,1.365370,1.692841,4.588574,1.143825,1.165087,1.080738,1.156218,1.686527,1.076801,1.495994,1.045555,1.032468,1.233248,1.095586,1.077391,1.177824,1.020230,1.115675,1.368463,0.939841,1.243722,0.893572,1.814385,1.154178,1.047509,1.089519,1.340758,1.065230,0.000000,1.166097,1.135789,2.493119,1.895257,1.747703,1.724458,1.343543,1.609611,1.357658,1.801541,1.279889,1.122791,1.402966
8.112209,3.528661,2.443794,3.153517,0.985067,2.130275,1.717817,1.109283,1.348978,2.847039,3.487479,2.769087,1.489918,5.825604,2.927518,5.862755,2.613919,2.400527,1.340165,1.079778,1.756251,1.935454,3.332946,2.590185,1.063290,4.869396,1.832259,3.820109,1.649734,2.382200,1.388485,1.233659,1.768908,1.760432,1.422242,1.554357,2.553909,1.796529,1.122082,1.495093,1.553889,1.189696,2.831919,1.754015,0.979349,1.995639,2.491464,1.776067,3.137972,1.770930,1.999649,4.013375,1.572161,6.158730,1.958458,1.470853,2.109644,3.214994,2.459407,0.795235,1.788142,2.571396,1.698661,1.789748,2.672295,1.207184,1.271482,3.751290,3.834265,3.086690,3.344890,2.829784,3.652302,3.388524,1.209194,1.218857,1.391048,1.188967,1.524539,2.228933,2.835216,1.304186,1.898729,1.915538,2.552503,2.796837,6.732757,1.664331,2.260144,1.753805,1.181660,2.978327,1.155584,2.376639,1.713804,1.609850,1.769074,1.745275,1.491165,1.779967,1.047368,1.603983,2.099883,1.683609,2.212214,1.732417,2.904620,2.340308,1.183616,1.252661,2.435156,2.095674,1.011626,0.000000,1.180149,4.186199,2.847302,3.021279,2.814976,2.188706,3.248192,1.910849,2.876125,2.076441,1.309684,2.391020
7.970574,3.556684,2.051482,3.040655,1.113715,1.309959,1.144732,1.109414,1.021862,2.494364,3.676576,2.581669,1.810522,5.769835,2.194291,5.436432,2.594362,2.468388,0.847147,1.049769,1.619851,2.013781,3.111682,2.711755,0.885660,4.423271,0.853966,3.724105,1.144424,1.565421,0.999507,0.900024,1.426087,0.856590,0.919687,0.987431,1.839399,0.997915,0.957806,0.819540,1.174742,1.044701,2.276103,1.339004,1.124014,1.202914,2.073183,1.020610,2.201946,1.353623,1.327187,2.946234,1.286916,4.686286,1.762556,0.921472,1.466259,2.579712,2.319495,0.891434,0.798418,2.331154,0.960868,1.105283,2.369123,1.068269,0.961506,3.420194,3.103209,3.085902,2.962136,3.059399,3.375445,3.435766,1.035322,1.089055,1.267616,1.296669,1.168228,2.291933,1.691353,1.041259,1.348898,1.651504,2.020726,2.810715,5.534271,0.975454,1.909293,1.063724,1.035797,2.738637,1.232508,1.559170,0.893574,1.121782,1.350714,1.027933,1.123015,1.122345,0.898902,1.050156,1.622633,1.682470,2.174156,0.810368,2.915416,1.133075,1.073599,1.121214,1.351034,1.639402,0.983032,0.978072,0.000000,3.826944,2.783941,2.784995,2.943085,2.563455,2.578279,1.975810,2.638667,2.108242,1.120282,2.228671
8.715494,5.438449,4.556715,5.105248,2.963758,5.471795,5.062403,3.250310,3.834604,4.746853,5.679735,5.137858,2.798562,7.823499,5.495422,7.360203,4.493235,4.624080,4.086363,3.648390,4.429113,3.658457,5.413561,4.865940,2.064964,7.957616,4.396715,7.259005,4.515566,5.842979,3.394830,3.705507,4.727423,5.798837,3.968520,4.438896,6.688915,4.546741,2.667942,4.538045,4.124468,3.392114,6.194029,4.811730,3.261775,5.709248,5.499698,4.484197,5.930635,3.954825,5.719398,6.891246,5.221250,8.184618,3.991623,4.640369,5.112109,5.349109,4.119572,1.591045,6.058242,6.252412,5.020528,3.993873,4.806649,2.731856,3.522541,5.817256,5.951088,5.303065,5.977780,4.816011,5.463835,5.534258,4.221007,3.703021,3.959410,4.469453,4.426019,4.464799,6.581902,4.550994,4.145850,3.587496,5.449892,5.009919,8.996020,6.247562,3.649319,5.201385,2.984260,4.631918,5.072655,5.865923,5.764930,5.902404,3.808295,5.176707,5.502336,5.308792,4.571266,4.735479,4.173909,3.279550,4.178194,5.326451,4.847016,5.775305,3.370142,3.205024,6.289535,5.236643,2.710330,4.190182,3.675928,0.000000,5.262037,4.411838,4.728288,4.388104,5.064275,3.216908,4.892764,3.776217,3.016159,4.508314
8.294831,4.451256,3.595261,4.051432,2.267677,4.072459,3.748462,2.491182,2.992047,3.890615,4.613765,4.435435,2.278447,8.101848,4.549954,7.171015,3.784399,3.442450,2.842049,2.747701,3.450163,2.838293,4.412292,3.713669,1.603387,7.504965,3.623747,6.242262,3.523274,4.523519,2.331534,2.736720,3.870580,4.420956,2.683861,3.229359,5.610730,3.509191,2.001609,3.267420,3.332150,2.326994,5.100198,3.999611,2.296030,4.403353,4.625411,3.561833,4.286580,2.631920,4.910274,5.907410,3.813677,7.753486,3.102504,3.648281,3.781489,4.609187,3.126558,1.426643,4.232455,5.220959,3.635388,2.587212,3.938789,1.771683,2.798858,4.897502,4.883121,4.160023,4.615229,3.909859,4.515492,4.213473,3.034803,2.605614,2.959215,3.485898,2.995371,3.110762,5.731944,3.157319,2.858560,2.703272,3.870519,4.035802,8.721941,4.898040,2.627547,3.423037,2.029017,3.515428,3.513714,4.812568,4.320489,4.332545,2.817632,3.810741,3.980616,4.311367,3.606762,3.313653,3.305347,2.528885,3.359773,4.272736,4.131197,4.400550,2.556605,2.422721,5.426914,4.089560,2.203731,3.072040,2.802089,5.663601,0.000000,3.426428,3.864629,3.427242,4.345323,2.740739,3.869711,2.884252,2.063754,3.694867
8.164672,3.904942,3.063720,3.648452,1.855732,4.204967,3.805419,2.234842,2.762682,3.520404,3.995801,4.330652,1.583703,7.597112,3.948853,6.434262,2.911206,2.891783,2.840066,2.618608,2.746448,2.040524,3.865816,2.951534,1.419605,7.041335,3.298375,6.162004,3.157615,4.433952,2.236491,2.568592,3.289497,4.748365,2.603659,3.092460,5.451231,3.146773,1.986314,3.505201,2.836923,2.397302,4.858235,3.583203,2.424813,4.357873,3.993339,3.349978,3.930324,2.285993,4.205084,5.423128,3.642413,7.146405,2.522543,3.609134,4.039590,3.882889,2.704174,1.349897,4.392016,4.813713,3.774431,2.401168,3.351793,1.543198,2.588937,4.234983,4.335909,3.428414,4.010546,3.336290,3.827789,3.336993,3.116631,2.516093,2.541763,3.190771,2.951208,2.665442,5.455114,3.027479,2.776651,2.052028,3.519716,3.569412,8.302197,4.900221,2.218242,3.594285,1.838952,2.793825,3.679879,4.472347,4.461099,4.890368,2.197909,3.783078,3.833691,4.501489,3.222724,3.233837,2.709619,2.175554,2.787018,3.730306,3.295894,4.244423,2.348470,2.032636,5.415937,3.950411,2.058292,2.902239,2.649757,4.461251,3.238938,0.000000,2.779758,2.680927,3.476634,2.123977,2.995534,1.993920,2.000346,3.010091
7.925336,3.900693,2.752273,3.209578,1.942419,4.059161,3.742249,2.187531,2.508441,3.448138,3.660580,3.884365,1.604137,7.335110,3.943806,6.215036,3.065480,2.871834,2.772020,2.582543,3.065959,1.950535,3.580119,3.084907,1.408511,7.371901,3.507317,5.493970,3.499971,4.352917,2.266331,2.425015,3.429908,4.441582,2.607373,2.954773,4.955876,3.269648,1.956024,3.110625,3.006510,2.170467,4.841540,3.247261,2.327615,4.330563,4.604890,3.328681,3.604384,2.349151,4.043120,5.076355,3.547512,6.821270,2.545915,3.506808,3.460741,2.977655,2.504109,1.286278,4.441634,4.850404,3.815897,2.290937,3.341636,1.494577,2.406785,3.892969,4.301398,3.373871,4.186455,3.071912,3.543468,3.389333,3.023335,2.457044,2.702068,3.145566,2.790270,2.490232,5.483457,3.018824,2.534689,1.773362,3.646730,3.469462,7.905058,4.715712,1.888939,3.660942,1.741902,2.779212,3.329841,4.878651,4.164124,4.637763,2.372261,3.728537,3.787636,4.215285,3.184959,3.116353,2.603387,1.972768,2.521271,3.703934,3.237014,4.062204,2.147612,1.849743,5.048185,3.781458,1.957849,2.743986,2.731728,4.665240,3.605671,2.775162,0.000000,2.736029,3.293100,2.044292,3.004184,2.156553,1.885449,2.701419
8.270925,3.876456,2.829136,3.050659,1.737791,3.369890,3.251655,1.853229,2.306672,2.770355,3.698617,3.031146,1.621744,6.350534,3.759716,6.447849,2.871781,2.589748,2.431808,2.486779,2.063575,2.045247,3.537278,2.885892,1.243422,6.212736,2.694851,4.921593,2.773025,3.491056,1.875016,2.060186,2.797341,3.745018,2.364181,2.731766,4.540362,2.811154,1.528099,2.720633,2.380642,1.585513,3.867295,3.016413,2.079752,3.188042,3.075604,2.632629,3.985416,2.135239,3.671560,5.239711,3.161473,7.491296,2.591476,2.949592,3.149734,3.917000,2.612785,1.237416,3.708117,3.821868,2.963320,2.064824,2.341147,1.551489,2.053777,3.831591,4.512012,2.866633,3.841946,2.793840,3.671419,3.193164,2.286179,2.246554,2.247999,2.771393,2.626599,2.882769,4.253569,2.343016,2.456076,2.070414,3.271435,3.065383,7.652566,3.913196,2.041896,3.071682,1.475905,2.824123,2.908128,3.737171,3.790367,3.837384,1.978487,3.213223,3.166997,3.020549,2.667144,2.625314,2.584277,2.002796,2.470640,3.177188,2.986058,3.811876,2.221390,2.072359,4.229327,2.896020,1.569997,2.233666,2.507072,4.143433,3.112744,2.670123,2.771751,0.000000,3.255175,1.823781,3.009159,1.900746,1.520642,2.539047
8.195159,4.483572,3.232830,3.489772,2.200880,4.108041,3.700750,2.288512,2.739194,3.739240,4.261313,4.106390,1.769648,7.161440,4.542024,6.471164,3.494971,3.521065,3.034821,2.677612,3.401210,2.422814,4.288448,3.681347,1.602410,7.286577,3.495296,5.531686,3.652174,5.046232,2.334786,2.598753,3.730091,4.166329,2.884764,3.083423,5.282025,3.593327,1.964728,3.398104,2.975644,2.430069,5.331548,3.635088,2.276957,4.320061,4.756324,3.318285,4.187992,2.370369,4.147198,5.406392,3.783720,6.889088,2.795534,3.530967,3.806525,4.506292,2.989373,1.422759,4.236522,5.316348,3.894785,2.680992,3.632110,1.612117,2.589926,4.071018,4.324250,3.631136,4.207536,3.802993,3.777191,3.710551,3.182478,2.553309,2.537692,3.287317,3.201051,2.806635,5.806939,2.954197,2.707373,2.386801,3.967006,4.072044,8.563841,4.423742,2.512360,3.717727,1.854984,3.112673,3.363928,4.958321,4.370639,4.169286,2.614893,3.644041,3.993282,4.434334,3.269019,3.500305,3.011129,2.358141,3.053680,3.891024,3.602087,4.285643,2.338343,2.349086,5.318788,4.065088,1.998338,3.229903,2.637016,5.048077,3.901632,3.328433,3.364446,3.252471,0.000000,2.267765,3.491738,2.340916,1.941060,3.308904
6.179467,3.048209,2.314533,2.411402,1.399758,3.093874,2.465365,1.639903,1.714218,2.371259,2.817482,2.300218,1.210111,5.071810,3.053197,5.626258,2.723264,2.405536,1.686892,1.708674,1.924265,1.330374,2.936538,2.815553,1.161945,5.533607,2.324989,3.832654,2.290285,3.271374,1.675958,1.670344,2.693514,2.885848,1.935749,2.190292,3.709017,2.227054,1.171013,2.334427,2.366840,1.503369,3.533414,2.693640,1.556432,2.693429,2.808320,2.201551,2.315324,1.622240,2.951000,3.876152,2.534574,6.216821,1.959961,2.573623,2.690774,3.285473,1.625560,1.217928,3.252867,3.823013,2.646498,1.521786,1.929937,1.238388,1.972000,2.477647,3.286922,2.165604,3.079652,2.093620,2.336711,2.632727,1.639185,2.123733,1.850293,1.989474,2.043367,2.088782,4.224922,1.853238,1.716061,1.343284,2.771553,2.850851,7.226406,3.268899,1.476345,2.498815,1.389822,2.072709,2.328403,3.061246,3.261215,3.317439,1.632867,2.077840,2.694595,2.777199,2.239121,1.936606,2.221314,1.866361,2.083987,2.796294,2.398537,3.034340,1.764771,1.276077,3.520056,2.643788,1.542702,1.974204,1.615980,3.284585,2.713093,2.406832,2.342478,1.503953,2.550809,0.000000,2.655298,1.531966,1.244559,2.310009
8.310473,4.077027,3.044230,3.751546,2.168514,4.298231,3.873349,2.380061,2.652798,3.616221,4.301755,4.343146,1.946784,7.675569,3.951571,6.455017,3.423829,3.105928,3.059695,2.812295,3.329530,2.045794,4.217770,3.380635,1.507256,6.915270,3.263073,5.608169,3.505884,4.639650,2.168421,2.454735,3.921875,3.822417,2.528234,2.895162,5.490482,3.260273,2.107286,2.853856,3.110636,2.412171,4.889830,3.691933,2.361591,4.160718,4.376725,3.361056,3.615220,2.316753,4.361225,5.328803,3.587204,6.979230,2.602036,3.591199,3.411860,3.642229,2.739580,1.349048,4.322501,5.217197,3.715108,2.319832,3.726978,1.721522,2.607449,4.533153,4.278894,3.817765,4.341136,3.454615,3.580590,3.435437,2.915428,2.310201,2.748452,3.270337,3.078834,2.550108,5.512545,2.939763,2.279789,2.262652,3.702717,3.816709,8.662945,4.612180,2.089906,3.827100,1.762359,2.836192,3.395526,4.797389,4.248538,4.743783,2.569757,3.318519,3.850831,4.241279,2.995495,3.464675,2.851110,2.176452,2.998233,3.514729,3.522126,4.072330,2.330395,2.080817,5.170773,4.275505,2.183326,3.007472,2.705224,4.866173,3.770947,2.956195,3.124469,3.104360,3.789601,2.488462,0.000000,2.332784,1.961960,3.033028
7.107579,3.546106,2.445275,2.595275,1.601166,3.091324,2.901173,1.746690,2.151929,2.618771,3.107145,2.684148,1.310990,5.857570,3.082438,5.588693,2.623971,2.544445,2.165686,2.084118,1.991859,1.643063,2.875957,2.665924,1.231097,6.200521,2.637766,4.394061,2.658270,3.391951,1.729867,2.088831,2.641417,3.622860,2.237220,2.574532,4.100539,2.550534,1.408505,2.545158,2.447602,1.675543,4.134921,2.667719,1.774292,3.091349,3.218202,2.514736,3.244163,1.888369,3.307500,4.522254,2.869628,6.487830,2.127601,2.819324,2.893206,2.777916,1.829211,1.394568,3.533668,3.896027,3.042219,1.680848,2.075765,1.414035,1.820784,3.081432,3.323268,2.551982,3.181741,2.552681,3.030424,3.048868,2.175298,2.159156,2.115021,2.187320,2.157282,2.174173,4.492871,1.945641,1.991524,1.570592,2.877175,2.953011,7.263198,3.833654,1.524889,3.016271,1.444059,2.301894,2.783499,3.599205,3.704310,3.375260,1.862322,2.797152,2.692530,3.204351,2.590755,2.531997,2.227020,1.919507,2.254054,2.853075,2.613390,3.246242,1.913499,1.723927,4.233942,2.846585,1.689032,2.108067,2.057375,3.913256,2.891807,2.461584,2.467936,1.910170,2.728446,1.700971,2.463509,0.000000,1.359220,2.416416
6.377781,2.328895,1.597582,2.095898,0.994203,1.659099,1.582884,1.070474,1.194220,2.025424,2.351528,2.204951,1.380177,4.957993,2.194793,4.934468,1.828422,1.757422,1.283568,1.054228,1.275489,1.555998,2.404228,1.896291,1.017906,4.129979,1.335939,3.406431,1.441139,1.896435,1.110320,1.007686,1.309273,1.476835,1.167134,1.272417,2.335846,1.360484,0.954468,1.324447,1.128572,1.167524,2.068246,1.560918,1.052205,1.736665,1.762122,1.367487,2.227943,1.356807,2.098790,2.977741,1.448800,4.436525,1.491999,1.373390,1.687808,2.497387,1.726333,0.880717,1.615113,1.938113,1.320775,1.471186,2.187370,1.241853,1.117888,2.751105,2.413397,2.394059,2.558725,2.375888,2.192291,2.339784,1.182608,1.105531,1.121193,1.548672,1.484740,1.616961,2.165702,1.391536,1.349592,1.465178,2.098486,2.118803,6.298288,1.690458,1.536183,1.463585,1.057093,1.869026,1.162785,2.188564,1.752528,1.691539,1.290282,1.729561,1.474609,1.326936,1.429989,1.494188,1.601306,1.309628,1.498024,1.572822,1.935417,1.956492,1.242156,1.127897,2.084216,1.577425,1.090973,1.305804,1.233844,3.103984,2.154744,2.091501,2.093792,1.706472,2.073055,1.356679,2.139543,1.641819,0.000000,1.917304
8.039487,3.944963,2.703723,3.453366,1.855830,3.260334,3.218843,1.923472,2.231816,3.481300,3.953458,4.196470,1.936590,7.459657,3.985866,6.797474,3.331219,3.045347,2.465490,2.192673,2.736865,2.154482,3.933594,3.071700,1.297845,6.682264,3.076952,5.121705,2.681085,3.906844,1.953659,2.313308,3.184000,3.874877,2.364881,2.636833,4.471685,3.055084,1.882656,2.831870,2.620660,1.953372,4.324621,3.096314,1.954250,3.445549,3.756462,2.952577,3.747147,2.426956,3.508804,4.821494,3.305752,6.909367,2.504299,3.105064,3.218773,4.005614,2.718036,0.739409,3.854412,4.440392,3.211438,2.483054,3.115394,1.597899,1.995952,4.120328,4.291079,3.624140,4.054638,3.458186,3.573466,3.956728,2.623388,2.263878,2.441473,2.893094,2.808604,2.770799,4.749049,2.716599,2.481183,2.177469,3.358516,3.462199,8.245363,3.873258,2.018744,3.088889,1.611516,2.878320,2.823985,4.251047,3.889123,3.933355,2.223606,3.312394,3.393114,3.539227,2.724170,3.029724,2.734563,2.075892,2.682815,3.177948,3.098209,3.866777,2.038778,1.740826,4.529416,3.236856,1.688570,2.512975,2.209851,4.878864,3.537036,3.137156,2.877425,2.705203,3.349478,2.016771,3.240099,2.073369,1.701868,0.000000
