0.000000,8.203228,7.606367,7.331446,6.866639,8.545267,8.472843,7.271999,7.583943,8.088126,8.040628,7.480307,6.356683,0.000000,7.912562,0.000000,8.378230,8.030741,7.030423,7.209820,7.786098,6.721034,8.424880,7.768034,5.346738,0.000000,8.454680,0.000000,8.393598,9.064072,7.424215,7.849160,8.030414,8.526047,8.099582,8.186748,8.308117,8.389249,6.182913,7.814137,8.020780,6.602468,9.055533,8.342256,7.953145,8.517408,9.381942,8.428798,8.236172,7.210991,8.912735,8.218649,8.301460,0.000000,7.350899,8.271442,8.661525,8.999728,6.881955,5.731248,8.769265,0.000000,8.674725,7.579654,7.825780,6.727565,6.944656,7.797518,7.566910,7.677811,8.456544,7.729799,7.857840,8.102198,8.154020,7.060326,7.527153,8.523824,8.175322,7.591093,0.000000,8.297931,6.982083,7.003297,8.478034,8.578715,0.000000,9.412571,7.013084,8.684206,6.569326,8.041109,8.228009,8.564464,8.742589,8.572686,7.054427,7.717690,8.560669,8.734092,8.676413,8.310881,8.028310,6.930349,7.838645,8.411615,8.343693,9.053486,7.384826,7.273317,9.102806,8.363644,6.427170,7.973342,7.397493,8.646221,7.958537,7.948864,7.854343,8.090520,8.043453,6.617391,8.127014,6.953408,6.219804,8.297415
8.124061,0.000000,3.522281,4.182190,2.375500,4.613736,4.031057,2.859614,3.149157,4.340603,4.559855,4.812907,2.448226,7.859765,4.740429,6.798076,4.185273,3.466331,3.315050,3.036085,4.171356,2.556792,4.676681,4.116578,1.724982,7.640999,4.013355,6.037841,4.025419,5.841534,2.700414,2.940906,4.237287,4.814050,2.953443,3.404070,5.881586,3.915873,2.385464,3.869949,3.579510,2.965757,5.460203,4.381977,2.804654,5.223358,5.674630,4.048480,3.948792,2.924452,4.670769,5.115695,4.255354,6.987544,2.827459,3.895703,4.090140,4.520104,3.104886,1.197372,4.961501,5.923496,4.180797,2.874805,4.623377,1.814511,3.039334,4.458559,4.100853,4.749492,4.713553,4.487362,4.061560,3.792437,3.613210,2.416740,3.273042,3.924081,3.324890,2.739765,6.166814,3.864508,3.051291,2.421080,4.390051,4.270005,8.879369,5.404672,2.401656,4.276630,2.048204,3.359430,3.888922,5.275764,4.741360,5.348277,3.271184,3.812844,4.695447,5.507564,4.067234,3.797877,3.250174,2.621719,3.336942,4.241534,4.212503,4.837531,2.690723,2.219066,6.157658,4.463006,2.352832,3.317232,3.199473,5.422730,4.317171,3.729098,3.643038,3.957114,4.266903,2.785433,3.885650,3.255179,2.247911,3.833152
7.489522,3.495092,0.000000,2.875410,1.589158,3.064953,2.715025,1.835442,1.982106,2.925090,3.445710,3.490654,1.553227,6.892834,3.022509,5.732483,2.961355,2.610733,2.288944,1.800829,2.691607,1.693255,3.185042,2.727407,1.205177,6.156325,2.477947,4.936316,2.703053,3.758381,1.775165,1.773921,2.972267,2.975637,1.848486,2.160351,4.200083,2.427771,1.513106,2.326418,2.425346,1.682739,3.834822,2.727235,1.708420,3.253510,3.833168,2.812576,2.559575,1.758577,3.174056,4.063181,2.480094,6.011399,1.977641,2.500974,2.638252,3.078696,2.462088,0.797263,3.150276,4.195906,2.938935,2.048866,3.426335,1.274047,1.825653,3.701909,3.212782,3.164150,3.646641,2.775883,2.878059,3.185150,2.022455,1.695494,2.021464,2.415408,2.154713,2.093673,4.431175,2.332345,1.762874,1.415315,2.782572,3.042159,7.672322,3.393851,1.644471,2.904152,1.286159,2.587474,2.406995,3.702374,3.195996,3.146887,2.078618,2.251847,2.804823,3.473500,2.354255,2.306236,2.440687,1.733227,2.226800,2.683804,2.780629,2.909055,1.642197,1.439700,3.949184,2.989792,1.540393,2.206478,1.991852,4.180612,3.081818,2.834031,2.625186,2.515158,3.126553,1.718998,2.882503,1.910903,1.374892,2.440859
7.381048,4.080496,2.926659,0.000000,2.013917,4.154253,3.895749,2.477719,2.878015,3.279857,3.677478,3.758120,1.588169,6.246847,4.423083,6.591829,3.246542,3.147289,2.815793,2.933325,3.285388,2.021390,3.947164,3.147632,1.502391,6.858079,3.622029,4.962931,3.461460,5.033534,2.372031,2.561427,3.685514,4.885483,2.936130,3.513509,5.550473,3.402206,1.969129,3.482757,3.013022,2.475251,5.350726,3.505946,2.491442,4.523102,4.591793,3.542853,3.822631,2.415331,4.506315,4.846648,3.732976,6.897042,2.820240,3.765921,3.984448,4.090785,2.198291,1.480503,4.830123,5.059886,3.953655,2.664143,2.813501,1.375620,2.213341,3.706251,3.791518,3.281754,4.470558,3.639717,3.883758,3.624379,3.445995,2.684676,2.875486,3.563695,3.454104,2.892678,5.766009,2.904815,2.609896,2.148499,3.651147,3.995013,8.219278,5.129505,2.117245,3.822287,1.866398,3.136114,3.866204,4.914012,4.556342,4.636553,2.468350,3.543462,3.998512,4.428062,3.619001,3.446688,3.042261,2.317247,2.857902,4.035266,3.308614,4.408797,2.441443,2.026795,5.119115,4.229454,2.076547,3.147482,2.718059,4.963590,3.572230,3.390838,3.107967,2.823212,3.454524,1.937666,3.403070,2.187728,1.982016,3.199437
6.806002,2.672981,1.638396,1.881748,0.000000,1.163625,1.010757,0.875368,0.967922,1.999776,2.553738,1.954873,1.134391,4.790120,1.970041,4.686100,2.044075,1.807285,0.887093,0.942008,1.036418,1.526229,2.423606,2.135487,0.883973,3.511691,1.019637,3.036740,0.928976,1.579764,0.990610,0.952936,0.918514,0.946270,0.970348,0.945781,2.161286,0.917523,1.060562,1.061324,1.037944,0.866795,1.677997,1.191421,1.042475,1.061803,1.276828,1.049728,1.953348,1.127312,1.352409,2.655634,1.035278,4.571733,1.458497,0.985687,1.440876,2.388213,1.658206,0.947536,0.906366,1.401430,0.994663,1.181464,1.557018,1.015791,0.990338,2.091769,2.552001,1.873263,2.252505,2.192681,2.261461,2.298461,1.077878,0.942519,1.109703,0.978712,0.928714,1.546803,1.687562,0.819329,1.206130,1.126856,1.510706,2.069155,5.603247,1.175775,1.390336,1.155684,1.059053,1.763502,1.112605,1.141510,1.239923,1.045175,1.239938,1.049551,1.006724,1.027402,0.956086,0.978429,1.447719,0.998211,1.601290,1.069221,1.902817,1.455099,1.106291,0.938717,1.376115,1.343197,0.930778,1.105043,0.959990,2.952738,2.134067,1.899106,1.919353,1.664580,2.048820,1.238489,1.999128,1.360646,1.056954,1.915398
8.709047,4.756853,3.275604,4.012288,1.281619,0.000000,2.073233,1.374835,1.693954,4.036520,4.874150,4.496034,2.440301,8.156422,3.987252,7.184912,3.760471,3.154108,1.651019,1.341903,2.174419,2.797491,4.300116,3.473661,1.272333,6.308915,2.091200,5.110186,2.085013,3.233159,1.668072,1.393282,2.136788,2.683615,1.433352,1.695646,4.067335,2.065357,1.498538,1.920352,1.740021,1.349879,3.481473,2.046679,1.172395,2.489160,3.101599,1.895393,4.158793,2.595462,2.983591,5.651244,2.337073,7.357176,2.872490,2.243192,2.784321,4.377440,3.397062,0.920217,2.243065,3.105650,2.086717,2.656650,4.257045,1.988152,1.641520,5.072730,4.898512,4.630491,4.966493,4.629574,4.676979,4.554801,1.461639,1.345421,1.683282,2.021137,1.854320,3.866642,2.922248,2.249834,2.578801,2.448623,3.324965,3.535849,7.641667,1.998158,2.963272,1.953466,1.576221,4.083891,1.808079,2.968701,2.576518,2.363015,2.322822,2.639111,2.135202,2.077345,1.744931,2.067342,2.857711,1.968060,3.103608,2.167726,3.791643,3.019322,1.431169,1.621650,3.151692,2.717802,1.207779,1.949459,1.335215,5.733456,3.956999,4.087269,4.027092,3.139722,4.050315,2.968623,3.796837,2.715585,1.622982,3.238022
8.673399,4.538710,2.908645,4.139542,0.931914,1.887162,0.000000,0.767796,1.001012,3.557486,4.582218,3.397930,2.067317,6.823533,3.070580,6.236364,3.557264,3.324156,1.112178,0.703737,1.776613,2.764261,4.233706,3.554705,1.135242,5.668805,1.345217,4.991658,1.668497,2.338190,1.273481,0.952814,2.043852,1.292996,1.096958,1.167404,2.463168,1.446338,1.027729,1.093202,1.331478,1.035441,3.034596,2.042727,1.009055,1.802571,2.735589,1.456951,3.208374,1.925947,2.004042,4.005428,1.080973,5.917505,2.492423,1.411731,2.260207,4.105429,3.075829,0.711942,1.259993,2.937934,1.526415,1.867202,3.149226,1.694048,1.286669,4.705927,4.306569,3.886675,4.152884,4.029298,4.449934,4.665780,0.849471,1.009132,1.116213,0.954442,1.261611,3.135280,2.438429,1.446132,2.029640,2.211925,2.809117,3.696537,6.974051,1.164404,2.708618,1.532287,1.398219,3.604584,0.886459,2.093682,1.526773,1.315377,1.891520,1.524043,1.340437,1.628192,0.970379,1.369867,2.740094,2.095690,2.835560,1.437558,3.643966,1.898635,0.965974,0.985908,2.098416,2.196419,0.904758,1.509800,0.752610,5.024696,3.700305,3.840938,4.027660,3.309582,3.430754,2.421838,3.856722,2.819970,1.450191,3.117863
7.202043,3.007393,1.842220,2.469190,1.098170,1.348170,1.159927,0.000000,0.913830,2.067502,3.097272,1.752544,1.274398,4.330036,1.975615,4.561299,1.885212,2.098103,0.893167,0.793890,1.297242,1.902857,2.635037,2.122215,0.938323,3.239224,0.991563,2.921814,1.195406,1.314131,1.235923,0.830987,1.052704,1.005599,0.829158,0.916993,1.409551,1.198264,0.842231,0.837141,1.005596,1.025134,2.069264,1.159398,0.860753,1.032513,1.617052,0.984212,2.212328,1.351072,0.942621,2.725697,0.748054,4.910125,1.588548,0.764364,1.363369,2.520067,2.106332,0.815368,0.827250,1.620274,0.987629,0.998267,1.571380,1.028232,0.841133,3.001104,3.086393,2.432074,2.543726,2.317023,3.331772,2.981027,0.976397,0.927932,1.065442,0.931801,0.947052,2.115040,1.544088,0.895759,1.398551,1.780841,1.831405,2.379911,5.260556,0.972625,2.043254,1.062738,0.936948,2.660767,0.948061,1.503435,0.794344,0.769005,1.024253,1.014996,0.978780,1.102351,0.931803,1.062418,1.728698,1.347214,1.947587,0.933893,2.482752,1.273305,0.966056,0.997742,1.221662,1.321523,0.851351,1.001645,0.996732,3.338322,2.472479,2.346561,2.511519,1.807754,2.442997,1.581372,2.376862,1.906531,1.101542,2.000784
8.210631,3.492799,1.850827,3.102250,1.026760,1.713172,1.020762,1.122384,0.000000,2.654803,3.520404,2.789603,1.681258,5.948759,2.233516,6.060680,2.686439,2.196373,0.864117,0.929852,1.197154,1.964182,3.508638,2.773381,0.977481,4.297675,1.090583,4.099080,1.097245,1.585717,1.027444,0.893467,1.490953,0.942078,0.946978,0.974683,2.201051,1.157953,0.984383,1.060679,1.194065,1.056372,2.057094,1.323199,1.072730,1.217781,1.928713,1.213445,2.199566,1.231236,1.653715,2.756086,0.879870,4.895514,1.736167,1.186106,1.568926,2.684882,2.263048,0.931180,1.085715,2.223817,1.150410,1.425692,2.592101,1.144782,1.042238,3.283176,2.689341,2.835373,3.094335,3.186430,2.697206,3.141795,0.968194,1.098518,0.969602,0.979924,0.919214,1.998727,2.096084,1.328232,1.325893,1.487162,2.173688,2.464172,6.276560,0.970689,1.799155,1.225434,1.138759,2.178216,1.016203,1.485435,1.228829,1.014382,1.581440,1.079323,0.969802,1.093729,0.858156,1.162201,2.041565,1.429569,2.121563,1.007978,2.678089,1.317700,1.079429,1.039795,1.377500,1.664384,1.073957,1.067503,1.079388,3.935399,2.884589,2.880802,2.630453,2.382249,2.579942,1.919731,2.565760,2.158398,1.230639,2.291770
7.427919,4.803591,3.409163,3.657302,2.201841,4.097817,3.812864,2.213156,2.297935,0.000000,4.292631,3.110228,1.746101,6.366309,4.394555,7.156265,3.333590,3.374711,2.814689,2.920560,2.770242,2.635512,4.241003,3.700321,1.470233,6.734779,2.963760,4.953229,3.277858,4.769646,2.299015,2.484284,3.307653,4.277981,2.913023,3.006172,4.834384,3.451356,1.789707,3.084023,2.986947,1.985525,4.862695,3.384757,2.130025,3.717402,3.916439,2.919523,4.712339,2.673588,4.120029,5.695992,3.359091,7.532988,3.209371,3.473596,3.839131,5.039124,3.032634,1.368603,4.195791,4.724096,3.820580,2.466330,2.832115,2.023885,2.589869,4.478167,4.787092,3.614365,4.693902,3.720214,4.559095,4.206925,2.827059,2.785602,2.553958,2.899379,3.095217,3.535073,5.326207,2.444154,3.027780,2.751880,4.082607,4.331991,7.808885,4.499570,2.823853,3.435710,1.947511,3.621457,3.380533,4.119165,4.435436,4.497165,2.314845,3.568458,3.793502,3.479203,3.452506,2.955503,3.182054,2.713661,3.362048,4.022182,3.735010,4.478715,2.449011,2.581943,4.872103,3.809465,1.940932,2.927159,2.721784,4.854252,3.780275,3.746376,3.781650,2.978773,4.099939,2.270577,3.899456,2.664167,1.803496,3.613963
7.688200,4.887264,3.678381,3.871922,2.475084,4.900448,4.288250,3.118684,3.292015,4.196783,0.000000,4.680561,2.354345,7.202972,5.092216,7.641334,4.187552,3.546180,3.492485,3.218027,3.833182,3.061480,4.920815,3.931028,1.676670,7.755945,4.105531,5.927437,3.921864,5.790261,3.012611,3.190555,3.946812,5.205830,3.404370,3.937192,5.752903,4.222075,2.274877,3.664944,3.683857,2.656538,5.999785,4.006309,2.812532,4.976988,5.570296,3.977911,4.611511,3.125662,4.912120,5.475891,4.383790,7.660447,3.627008,4.080114,4.568216,5.012914,2.951648,1.426924,4.995977,5.038029,4.484722,3.087909,4.282831,2.129854,2.598643,4.867938,4.698446,4.201049,5.108752,4.188894,4.419533,4.406394,3.739267,3.095354,3.278557,3.803792,3.541911,3.081132,5.966076,3.402642,3.439061,3.104067,4.383096,4.946889,9.065859,5.441695,2.639006,4.305531,2.443091,3.856092,4.296392,5.215049,5.548990,5.372213,2.950672,4.582561,4.323248,4.784351,3.997529,4.356057,3.839832,2.700939,3.692374,4.923351,4.415571,5.369702,3.171045,2.976566,6.410630,4.319867,2.203464,3.490732,3.496794,5.560406,4.208347,4.020595,3.542457,3.652892,4.208254,2.529919,4.073917,2.749666,2.336930,3.864030
7.375670,5.194259,4.145261,4.044032,2.362864,4.386351,3.987355,2.220504,2.835535,3.438049,4.989005,0.000000,1.892882,6.253003,4.900578,7.290524,3.683623,4.001260,2.798079,2.772408,3.351556,3.230785,4.789629,4.355855,1.648723,7.572635,3.205013,5.707644,3.611582,4.719038,2.902654,2.729185,3.785853,4.793278,3.291755,3.636703,4.908675,3.713978,1.723593,3.096955,3.119096,1.959604,5.119562,3.679759,2.226902,3.999580,4.285058,3.191067,5.628553,3.043806,4.559107,6.680511,3.999087,8.563658,3.511845,3.460773,4.233089,5.656967,3.319219,1.351539,4.206030,4.941552,3.496528,2.976848,3.169509,2.638205,2.445985,5.264344,5.640793,4.103701,4.707503,4.741429,5.268571,5.444239,3.049485,2.532873,2.838403,3.078076,3.034718,4.136448,5.252664,2.771706,3.552802,3.337661,4.593303,4.844524,8.321420,4.281323,3.223525,3.828092,2.091308,4.575650,3.826106,4.367181,4.370730,4.168110,2.709504,4.179508,3.608478,3.649102,3.320880,3.354734,3.863978,2.971814,3.753722,3.951395,4.207658,4.785627,2.622885,2.859013,4.972482,3.601613,1.830795,3.043087,2.837109,5.257953,4.574256,4.509709,4.368742,3.423079,4.548682,2.403065,4.532880,2.949969,2.068008,4.474131
6.398059,3.020447,2.218531,1.916468,1.263476,2.569278,2.336311,1.412762,1.610256,1.969493,2.936942,1.918473,0.000000,5.164954,2.341407,5.084972,2.129769,2.115065,1.811110,1.719311,1.594373,1.442608,2.644162,2.425970,1.024546,4.926984,2.008987,3.596008,2.010492,2.798342,1.425590,1.386903,2.079972,2.584123,1.552340,2.045747,3.430134,2.040543,1.357841,2.277836,2.042002,1.335139,3.139835,2.312734,1.429714,2.348578,2.176449,1.978307,3.347553,1.746602,2.631544,4.063145,2.145905,5.941355,1.932688,2.308144,1.984280,3.019896,1.742380,1.474022,2.597846,3.385478,2.103313,1.685477,2.097611,1.332729,1.734702,2.621652,3.282195,1.976553,2.937161,2.066103,2.456630,2.597587,1.826000,1.929174,1.624170,2.175117,1.787044,2.156903,3.981224,1.553718,1.780447,1.529406,2.473454,2.681344,7.155812,2.998365,1.346943,2.198161,1.373931,2.128077,2.054306,2.793716,2.884140,2.706235,1.521261,2.387893,1.926396,2.282352,1.820188,1.938037,1.829518,1.787377,1.983762,2.404782,2.263767,2.884843,1.743144,1.479847,3.072257,2.215951,1.423128,1.697707,1.755305,2.793579,2.332580,2.346799,2.154387,1.496142,2.334220,1.600861,2.388014,1.673913,1.042494,2.302097
0.000000,7.989163,6.874274,6.391729,5.220684,8.146269,7.423591,4.986461,6.080691,6.793655,7.028009,5.846924,4.725670,0.000000,7.808589,0.000000,6.706020,6.737193,5.915834,6.055700,7.379938,6.167493,7.499401,7.247911,3.595858,9.188253,7.329383,8.679755,6.736803,7.906843,6.008478,6.000294,6.452059,8.016928,6.728386,7.507526,8.103049,7.403035,3.869408,6.468764,6.600283,5.269658,8.153406,6.116070,5.154937,7.313186,7.469949,6.377500,8.407213,6.521349,7.699416,9.000875,7.277432,0.000000,6.435455,6.983742,7.464950,8.011962,6.177664,2.976521,7.765237,7.525300,6.636650,6.206151,5.461627,5.331217,5.831166,7.100908,8.217508,6.611611,7.753826,6.675003,7.659055,7.618771,7.133457,5.632916,6.121220,6.777298,6.923870,7.147868,7.972762,6.374479,6.996188,6.168035,7.410380,7.587207,0.000000,7.752696,6.498807,7.368538,5.309576,7.164619,6.888602,8.139330,7.781316,7.668107,5.402796,7.304944,7.197366,7.379509,6.956328,7.126361,6.520484,5.725392,6.619832,7.347340,7.197576,8.047670,5.674889,5.633744,8.357453,6.998692,4.883502,6.169304,6.150001,7.505151,7.791684,7.006094,7.251680,6.537620,7.133710,4.945928,7.432773,5.731125,4.543553,7.055581
8.063249,4.764554,3.053005,4.372212,2.034779,3.979757,3.045754,1.948320,2.386694,3.983453,4.856019,4.376689,2.281679,7.566324,0.000000,6.714703,3.861322,3.519690,2.499264,2.094487,3.497706,2.759577,4.307634,3.661974,1.506974,7.065606,3.161359,6.233558,3.442089,4.217485,2.207726,2.159991,3.719159,3.311844,2.328574,2.592570,4.755028,2.938673,1.832343,2.499445,2.898999,1.930464,5.105375,3.406048,2.089338,3.750366,5.062179,3.236632,3.868699,2.296097,3.821775,5.154403,2.895112,6.459596,2.896811,3.083207,3.214799,4.030712,3.230602,1.400917,3.262779,4.949023,3.325341,2.554979,4.001612,1.656421,2.331692,4.929831,4.736810,4.331262,4.500047,4.022574,4.367070,4.290696,2.342585,1.802076,2.520810,2.417363,2.919606,2.932318,5.403818,2.899921,2.559405,2.395085,3.630374,4.225401,8.163237,3.343796,2.304195,3.570226,1.670597,3.671735,2.692179,4.602516,3.489124,3.383087,2.973500,2.692552,3.285964,4.001405,2.629420,2.724315,2.980410,2.500528,3.098958,3.096651,4.217187,3.727950,1.994122,1.890051,4.825388,3.871846,1.766278,2.741375,2.245107,5.470617,4.102627,3.720826,3.743250,3.559325,4.423061,2.691171,3.816090,2.708001,2.048231,3.558520
0.000000,7.303037,5.936506,6.414123,4.855119,7.220914,6.576446,4.789070,5.904464,6.678138,7.483021,7.135219,4.508233,0.000000,6.985768,0.000000,6.426832,6.470004,5.824959,5.393484,6.200986,5.348129,6.488863,6.409454,3.392914,9.410589,6.712198,8.230081,6.661689,7.546038,5.096476,5.407900,6.767066,7.665523,5.614050,6.094089,8.077502,6.195906,4.631765,6.343026,5.771835,4.999307,7.926696,6.832624,5.235766,7.214419,7.094801,6.606862,6.491042,5.257456,7.314681,7.527995,6.924862,0.000000,5.436430,6.350335,6.495949,6.305074,5.745008,2.483541,7.670741,8.213845,7.428812,5.155415,6.495403,3.804907,5.839443,6.753916,7.157231,6.550020,7.452993,6.425835,6.330044,6.079884,6.380297,4.891451,6.012046,6.204030,6.705894,5.618454,8.665633,6.471003,5.453309,5.339174,6.542372,6.687573,0.000000,7.685062,5.041886,6.829575,4.369329,5.719539,6.389228,7.473134,7.111733,7.501350,5.336697,6.441567,6.967402,7.711464,6.067333,6.429339,5.828051,5.089770,6.200193,6.926823,6.290761,7.263135,4.937704,4.886496,8.065884,7.460930,4.260488,5.943704,5.729934,7.048836,6.845460,6.146587,5.903697,6.403790,6.656615,5.216090,6.425232,5.215041,4.739882,6.164738
8.013461,4.029377,2.914583,3.172852,2.109481,3.782141,3.607629,2.020854,2.644168,2.896554,3.964558,3.274421,1.184283,6.841010,3.717889,6.038058,0.000000,2.468899,2.567630,2.364726,2.759810,2.046690,2.938799,2.270074,1.255527,6.545889,3.248004,5.031545,3.261261,4.467957,2.239268,2.309281,2.934753,4.447679,2.773420,2.972819,4.565337,3.147505,1.564379,2.422934,2.699354,1.993637,4.739097,3.157459,2.276585,3.930185,4.126002,3.349401,3.722496,2.230134,3.764585,5.009407,3.369022,6.885744,2.366554,2.957862,3.114857,3.588717,2.074718,0.570268,3.827685,4.396630,3.490389,1.925317,3.135091,1.685748,2.077899,3.740597,3.712869,3.096752,3.796993,3.173665,3.604525,3.416834,3.000214,2.310302,2.609238,2.971713,2.962746,2.524225,5.025306,2.280803,2.362056,2.155346,3.245660,3.371972,8.453569,4.117500,2.075342,3.466146,1.468427,2.725973,3.165827,4.362581,3.778813,3.845870,2.170052,3.236252,3.402812,3.761621,2.913758,2.934218,2.564676,1.994884,2.658977,3.196270,3.273622,4.136581,2.219816,2.033210,5.013652,3.464672,1.672007,2.513509,2.608720,4.216415,3.108453,2.712236,2.773167,2.516536,3.222561,1.869363,2.967419,2.119538,1.510025,2.857974
8.009567,3.584786,2.708417,3.312319,1.687895,3.308488,3.083291,1.963030,1.961659,3.186193,3.567212,3.857972,1.535391,7.106762,3.438890,6.578232,2.514244,0.000000,2.333185,2.400863,2.271259,1.835735,3.269841,2.516725,1.273148,6.664043,3.008665,4.495624,2.832483,4.222870,1.918268,2.006649,2.774654,3.823912,2.123183,2.407534,4.720959,2.621136,1.763602,2.451836,2.501044,1.860344,4.227909,2.930721,1.890782,3.568284,3.778521,3.171584,2.871741,2.023349,3.515640,4.523054,2.989621,6.170569,2.063588,2.936628,2.702675,2.932065,2.160335,1.277745,3.919761,4.201437,3.209081,1.953614,3.305301,1.504776,2.128488,3.774110,3.424665,3.406036,4.038473,2.889343,3.200231,3.061442,2.486110,1.869779,2.430507,2.657002,2.356823,2.033915,4.495735,2.734925,2.139332,1.715609,2.724346,2.855596,8.305205,3.802420,1.801072,3.177481,1.340803,2.442111,2.867452,3.875286,3.553148,3.983568,2.198567,2.876523,3.296657,3.444929,2.733138,2.750196,2.534260,1.835674,2.460774,3.038392,2.863146,3.547824,2.074078,1.724191,4.587365,3.353078,1.817410,2.405829,2.292368,4.312111,3.275901,2.731819,2.583640,2.626618,3.395771,1.864213,2.719894,2.192879,1.432539,2.739843
7.243055,3.685317,2.283748,2.856212,1.116648,1.699513,1.150486,0.821600,1.143053,2.728175,3.579184,2.412031,1.768206,5.218520,2.503344,5.792670,2.461519,2.362442,0.000000,1.001229,1.952735,2.130372,3.166379,2.579728,0.887668,4.480760,1.031926,4.025335,1.348476,1.766026,1.286510,0.929497,1.496296,1.238998,1.092711,1.224333,1.740613,1.219711,0.856348,0.903884,1.376404,1.137261,2.630442,1.600430,0.994561,1.227333,2.333143,1.224573,2.563226,1.448525,1.303772,3.387294,0.904282,5.079302,1.847385,0.898697,1.762025,3.114114,2.348101,0.815746,0.862847,2.578381,1.071885,1.223018,2.017557,1.307955,0.990352,3.491397,3.315318,3.101558,3.177014,2.876798,3.878436,3.752083,1.087776,0.898044,0.935454,0.966551,0.975979,2.515740,1.891912,1.024624,1.573618,1.789954,2.239447,3.329209,5.881805,0.875640,2.287331,1.107015,1.134612,3.272694,0.708728,2.031608,1.148782,0.931165,1.367459,1.240184,0.918800,1.273408,0.809524,0.798300,1.993417,1.733223,2.278260,1.119113,3.123111,1.414089,0.976065,1.006319,1.586175,1.857016,0.912948,1.237980,0.962046,4.163982,2.731125,2.770774,3.052886,2.324648,3.084360,1.929558,2.840697,2.015445,1.098561,2.424088
7.347330,3.468278,2.002279,2.944769,1.174810,1.029069,1.115043,1.106744,1.007919,2.932240,3.343585,2.472437,1.552817,5.353108,2.161484,5.094287,2.307009,2.724403,0.799826,0.000000,1.571433,2.277536,3.210642,2.695523,0.931992,3.757658,0.843513,3.604922,1.104576,1.228756,0.983148,0.954955,1.375521,0.990606,0.944066,1.076597,0.969956,0.993399,0.983988,0.959794,1.007543,1.059887,1.985206,1.091151,1.004709,1.000492,1.959455,0.951250,2.155812,1.498226,1.092251,2.687558,1.217862,4.155990,1.768304,1.109399,1.278591,2.734749,2.583183,0.944526,0.899251,1.901357,0.902020,1.290769,2.497316,1.322094,0.972533,3.467307,2.878661,2.902646,2.757813,3.116604,3.360795,3.708490,1.108321,0.952108,1.147675,1.243087,0.986913,2.316995,1.318492,0.894459,1.345221,1.805280,2.135193,3.077078,4.913102,1.088061,1.933000,1.046877,1.107358,2.799247,1.114473,1.227029,0.749399,1.152101,1.222150,1.091393,1.165661,1.124843,0.906165,1.083964,1.992657,1.790162,2.178833,1.069632,3.028960,1.187363,1.102324,1.021107,1.021333,1.185779,1.019366,1.327369,1.176244,3.700708,2.883614,2.823971,2.890591,2.515324,2.631137,2.152864,2.786148,2.218419,1.052027,2.226125
8.061098,3.860646,2.640699,3.166017,0.937482,2.291511,1.891240,1.526197,1.154025,3.016357,4.015911,3.361148,1.667602,7.515516,3.212572,6.172141,2.790742,2.231448,1.848764,1.625431,0.000000,2.134308,3.455711,2.805410,1.127568,5.192642,1.657351,3.844000,1.572676,2.531418,1.145770,1.403057,1.534239,1.995489,1.356735,1.655500,4.540583,1.651039,1.374444,2.184506,1.155910,1.170574,2.637893,2.095213,1.246447,2.016882,1.410607,1.902873,3.359719,1.676481,2.973350,4.409823,2.728345,6.541587,2.211006,2.131425,2.609075,3.594420,2.192858,1.139255,2.777405,2.177697,1.844124,2.144658,2.448632,1.621517,1.979130,3.210991,4.076374,3.072934,3.794794,3.311548,3.215220,3.204760,1.465034,1.658867,1.718216,1.934718,2.122394,2.294222,3.086066,2.001218,2.116359,1.848249,2.940041,2.561273,6.973544,2.376901,2.087674,1.868192,1.294163,2.462938,1.951199,2.235291,3.327630,2.721978,2.139102,2.457292,2.285498,1.515852,1.753396,2.523585,2.400430,1.558125,2.056251,2.670917,2.543556,3.047571,1.761657,2.047322,2.413963,2.278310,1.129076,1.453092,1.562985,4.446877,3.167851,2.962868,2.971663,2.292454,3.294477,1.981057,3.261758,2.127667,1.336785,2.725315
6.369449,2.144613,1.950049,2.158954,1.363394,2.862320,2.454825,1.414950,1.693525,2.217279,2.786361,2.672829,1.470648,6.095429,2.796494,5.433121,1.682670,1.466337,1.859343,1.844672,2.001561,0.000000,2.422582,2.259029,1.083980,5.737544,2.438942,3.995332,2.276954,3.293772,1.317317,1.703707,2.283354,3.001837,1.716023,1.863939,3.874262,2.286599,1.242059,2.124309,2.248408,1.550643,3.380198,2.436072,1.657796,2.749782,2.806840,2.418900,2.629311,1.451188,2.755088,3.425363,2.445449,5.566192,1.682981,2.501298,2.343634,2.142763,1.496213,1.239678,3.147668,3.707508,2.771910,1.528238,1.827845,1.370334,1.743807,2.420039,2.662530,2.246327,2.763813,2.081830,2.474687,1.849639,1.789662,1.789214,1.909727,1.952545,1.985351,1.215201,4.165718,1.872886,1.621234,1.360773,1.808349,2.711113,7.210016,3.333343,1.487229,2.802781,1.256352,1.887127,2.227640,3.156687,2.968996,3.311361,1.595985,2.181101,2.554923,3.044673,2.252651,1.904586,2.015067,1.386084,1.903143,2.580973,1.643880,2.745955,1.388345,1.442193,3.565419,2.628502,1.515683,1.688902,1.719205,3.302235,2.566622,1.841056,1.896864,2.020058,2.255555,1.743613,1.952032,1.794670,1.204005,2.023976
7.948345,4.835015,3.390628,4.086683,2.496344,4.604364,4.104551,2.631546,3.321816,3.800190,4.741019,4.027362,1.985887,7.466569,4.437632,6.436119,3.400039,3.351992,3.080049,2.827031,3.745678,2.552088,0.000000,3.833911,1.668379,7.730890,3.848161,5.992313,3.810268,5.542679,2.510026,2.779671,4.078521,5.130472,3.082974,3.363428,5.290343,3.626604,2.154638,3.500518,3.488917,2.624649,5.674860,4.235971,2.717101,4.755456,5.052476,3.909789,4.423016,2.810696,4.468924,6.376719,4.034260,7.383911,3.150087,3.723615,3.536817,4.337908,3.234571,1.372574,4.800057,5.413049,4.636165,2.635020,3.666583,1.832948,2.859465,4.778719,5.044619,4.059125,4.546338,4.140987,4.510472,4.144612,3.293967,2.948453,3.064792,3.265649,3.103243,3.184742,6.018472,2.944847,2.940806,2.396702,3.944106,4.266575,8.433417,4.963150,2.591425,4.153775,2.027238,3.501587,3.642584,5.319805,4.720379,4.760748,2.812293,3.834790,4.098426,4.874705,3.695951,3.386282,3.338797,2.676365,3.437696,3.940206,3.924363,4.359569,2.375231,2.496669,5.972782,4.337553,2.211762,3.133656,2.925160,5.260927,3.935235,3.725075,3.501633,3.535966,4.259776,2.415436,3.931858,2.579638,2.105469,3.652053
7.852954,3.918769,2.723422,2.957755,2.039935,3.578391,3.370128,2.047033,2.566131,3.143799,3.623078,3.959594,1.566794,7.053375,3.837356,6.424753,2.545527,2.346959,2.507948,2.640333,2.788987,1.772058,3.308217,0.000000,1.267648,6.479408,3.389141,4.807954,3.007778,4.569358,2.015621,2.310713,2.987493,4.314118,2.621696,2.979988,4.617620,2.719213,1.754094,2.773667,2.757598,2.131496,4.677243,2.976560,2.192539,3.678549,4.009532,3.251373,3.580417,2.169157,3.481323,4.833114,3.557589,6.709462,2.141816,3.119489,3.180281,3.422745,2.454884,0.632979,4.185777,4.107557,3.434326,1.972354,3.374443,1.724837,2.116288,3.859085,4.246511,3.252249,4.040846,3.065750,3.476358,3.316637,2.651520,2.176189,2.490892,3.175252,2.757545,2.426959,4.701556,2.777813,2.305577,1.840191,2.950760,3.333156,8.359114,4.064817,2.094384,3.257688,1.469421,2.808495,3.155086,4.240048,4.040961,4.300117,2.212226,3.475341,3.564711,3.831672,3.033340,2.968140,2.430850,1.869947,2.537373,3.372522,2.961298,4.063792,2.123311,1.917119,5.092919,3.429023,1.849879,2.729557,2.551979,4.692430,2.968662,2.724783,2.642088,2.467266,3.373555,1.861527,3.021801,1.924737,1.511445,2.601493
5.381408,1.622306,1.179623,1.544015,1.009444,1.134623,1.088511,1.125988,1.012210,1.420655,1.636618,1.604835,0.984956,3.734394,1.385171,3.331050,1.184346,1.191231,1.090067,1.064337,1.150887,1.108438,1.610585,1.107714,0.000000,2.861589,1.049298,2.259899,0.992000,1.180987,0.982598,1.068378,1.155988,1.180823,1.082307,1.106062,1.339416,1.025774,0.999285,0.998610,1.009034,0.966949,1.580987,0.986433,1.104675,1.194755,1.514112,0.936238,1.454259,1.052450,1.170070,2.145170,0.964227,3.425783,1.058406,0.930803,1.090026,1.452110,1.273395,1.041747,1.030580,1.242265,0.959022,1.095270,1.685896,1.062673,0.987980,1.955285,1.771506,1.655034,1.878474,1.574706,1.786144,1.693895,1.001757,1.102409,1.125876,1.001439,1.152166,1.271986,1.412036,0.948868,1.023744,1.040256,1.250392,1.487892,4.303296,0.993520,1.052267,0.961773,1.149332,1.406875,1.258113,1.401481,1.062089,1.052506,1.050337,1.183595,1.052250,0.995592,0.981059,1.031274,1.161654,0.996934,1.071856,1.094671,1.480874,1.167676,0.926029,1.096136,1.415323,1.134876,0.960105,0.941430,1.086138,2.048321,1.551066,1.409943,1.393347,1.157290,1.584722,1.083442,1.446470,1.027014,1.002521,1.255848
0.000000,7.294677,6.000339,6.527600,3.552801,6.344843,5.834768,3.648170,4.241552,6.606395,7.216885,7.101468,4.551747,8.499182,6.566622,8.477964,6.620760,6.408220,4.535664,3.984839,5.000361,5.282108,7.241601,6.057485,2.883069,0.000000,5.437155,7.309735,5.049492,6.742696,4.377898,3.851713,5.317249,5.542679,4.324470,4.733900,7.098271,4.920520,3.553311,4.725745,4.721823,3.776253,7.210410,5.741717,3.506987,5.976796,6.409108,5.287937,6.998916,5.156384,6.411388,7.829198,5.504896,9.306080,5.482068,5.233973,6.094554,7.293312,5.532186,1.960981,6.069342,6.745407,5.628202,5.564705,6.249291,4.209259,4.622042,7.035622,7.930420,6.948978,6.928203,6.894594,6.978305,7.050791,4.037257,4.015892,4.977287,5.359324,5.547733,5.654606,7.119548,5.476210,5.462750,5.171711,6.968783,7.027574,0.000000,5.770419,5.832216,5.683676,3.841786,6.409932,4.844154,6.067613,5.856753,5.741677,4.922910,5.779930,5.526794,5.504692,5.000942,5.361149,5.916422,4.914854,5.949513,5.981758,6.148399,6.665273,4.232267,4.293092,6.781473,6.289426,2.876866,5.064873,4.590571,7.850523,6.961072,6.499567,6.934593,6.243057,6.942976,5.217778,6.398598,5.661760,3.965647,6.463903
8.068358,4.013580,2.473407,3.505334,1.039966,1.979343,1.712509,0.975326,0.995201,2.932367,4.274649,2.994844,1.947044,7.024562,3.184078,6.381297,3.003096,2.877342,1.258231,0.994172,1.282734,2.530773,3.651556,3.212071,1.032403,5.160463,0.000000,4.608338,1.512903,2.345376,1.426100,1.090862,1.725247,1.517174,1.159384,1.382402,2.690040,1.639947,1.021873,1.223015,0.956297,0.913272,2.651545,1.662172,0.780040,1.750262,2.157716,1.367373,3.349129,2.080567,2.123210,4.194253,1.481721,6.100690,2.500529,1.459839,2.311891,3.812141,2.752046,0.981596,1.383617,2.134438,1.486114,1.981996,3.127946,1.696200,1.025867,4.334389,4.090172,3.515275,4.018044,3.908958,4.193097,4.194831,0.950618,1.011949,1.130010,1.262288,1.510091,2.745094,2.159191,1.705780,2.062962,2.144349,2.608077,3.006443,6.729412,1.409807,2.310269,1.526615,1.309966,3.101542,1.140277,1.960809,1.783511,1.666305,1.738954,1.722593,1.654329,1.528712,1.330623,1.623877,2.382421,1.621160,2.388030,1.671624,3.088261,2.154991,1.239757,1.356363,2.133074,1.904092,0.829082,1.525717,1.093536,4.699082,3.485202,3.183114,3.497757,2.605122,3.339207,2.296076,3.049195,2.532700,1.370802,3.041031
0.000000,5.969976,4.814123,4.554736,2.968689,5.463056,5.182756,3.228673,3.873953,4.997336,6.065496,5.719070,3.314255,8.153824,6.237909,7.402489,5.476600,4.809244,4.229578,3.757968,3.434601,3.678321,6.062930,4.784970,2.283725,7.058310,4.702487,0.000000,4.898756,6.784732,3.343373,3.737098,5.125819,5.520099,3.504806,4.400501,6.667612,4.522375,3.082206,4.394024,4.181070,3.480460,6.723848,4.689265,3.290907,5.541949,5.513861,4.838196,5.296464,4.241322,5.501982,6.933294,5.253220,8.162969,4.204460,5.082492,5.327552,5.772130,4.701503,1.571246,6.029621,5.965139,5.352856,3.931016,4.547678,2.758107,3.490304,5.876404,6.280823,5.470168,5.576570,5.408850,6.001750,5.242116,4.306335,3.543464,4.092419,4.698659,4.420589,4.284729,7.209444,4.526316,4.057495,3.477869,5.263749,5.415336,9.319570,5.979338,4.223270,4.937712,2.823874,4.849375,4.878638,6.034633,6.268387,5.742160,4.086792,5.092933,4.871579,5.280698,4.370163,4.147090,4.420518,3.699173,4.794079,5.250011,5.074476,5.897393,3.578163,3.580788,6.588315,5.268098,2.475604,3.985882,3.640785,6.960129,5.917718,5.589004,5.102586,4.967949,5.283227,3.532179,4.783838,4.061562,3.104139,4.666524
8.320555,4.264968,2.763057,3.513256,1.051446,1.934519,1.615729,1.090017,1.218151,3.467466,4.160160,3.564062,2.271755,6.733734,3.251149,6.658040,3.295257,2.872475,1.260292,0.936603,1.772966,2.687434,3.829169,2.997634,1.030497,5.192090,1.421802,4.976380,0.000000,2.185501,1.542976,1.151877,1.628201,1.713634,1.204495,1.358773,2.655967,1.580585,1.125842,1.206341,1.193374,0.990671,2.612632,1.504843,0.838949,1.980456,2.177615,1.301819,3.468860,2.119641,2.049031,4.195700,1.651918,6.115105,2.518097,1.290829,2.218288,3.995255,2.997850,0.935095,1.529504,2.080232,1.295553,2.198413,3.342339,1.787248,1.008278,4.130100,4.405654,3.757312,3.941824,3.903042,4.122860,4.319566,1.044100,1.114358,1.326079,1.551303,1.499311,2.918113,2.071705,1.841846,2.130181,2.222442,2.979420,3.344944,6.927534,1.198494,2.558611,1.447747,1.439883,3.373423,1.374086,2.243638,1.867340,1.662855,1.858278,1.998773,1.638833,1.303632,1.234215,1.790761,2.379953,1.704880,2.609397,1.704100,3.231464,2.125970,1.168259,1.335672,2.071696,1.903792,0.852973,1.500348,1.121535,4.849467,3.423059,3.251914,3.624734,2.711628,3.544246,2.559247,3.437799,2.719038,1.414488,2.826838
9.824138,5.826020,3.658123,4.682494,1.642556,3.145465,2.564795,1.397141,1.811131,4.559771,5.681202,4.255194,2.659985,7.533000,4.096568,7.097654,3.922933,4.169413,1.844228,1.411951,2.475415,3.395424,5.260928,3.762307,1.123481,6.568209,2.107160,6.588865,2.282495,0.000000,1.937015,1.577232,2.697936,2.314959,1.758159,1.839106,3.189046,2.212453,1.578095,1.710168,1.784589,1.422718,3.936311,2.705254,1.474970,2.360993,3.615347,2.069326,4.521714,2.425378,2.862903,5.197492,2.142652,7.656596,2.797641,1.952034,2.719698,4.881828,3.951084,0.946322,1.987677,3.661145,2.412350,2.514480,4.122738,2.011576,1.504549,6.201467,5.339963,4.646845,5.104838,4.469264,5.808553,5.462649,1.613857,1.356768,1.950950,2.115164,2.102994,4.175167,3.725307,2.277822,2.571487,2.979017,3.812322,4.399590,7.203163,2.085260,3.278629,2.310150,1.635386,4.217030,1.861996,3.439298,2.329294,2.108931,2.493574,2.400925,2.229440,2.221202,1.863103,2.255293,3.517750,2.508794,3.178461,2.293067,4.816053,3.035121,1.506554,1.662529,3.084456,2.694886,1.091822,2.524553,1.715152,5.795906,4.478627,4.228362,4.595197,3.399170,5.042414,3.492115,4.333279,3.307915,1.855671,3.753258
6.849822,3.064455,1.801653,2.320207,1.016705,1.496827,1.257772,0.842874,0.962940,2.079715,3.062417,2.351039,1.290642,5.611853,2.290345,5.019966,2.254874,2.137422,1.037178,1.133229,1.108923,1.267512,2.656592,2.249926,0.973506,4.474687,1.225166,3.182112,1.320540,2.032522,0.000000,1.063305,1.377272,1.337860,1.097030,1.146354,2.396846,1.295065,0.877392,1.311393,1.251867,0.888891,2.367713,1.629020,1.288257,1.513963,1.758992,1.389544,2.236192,1.264975,1.716501,3.006091,1.229258,5.148972,1.535394,1.541510,1.832515,2.535341,1.625956,1.040609,1.479524,2.187279,1.293607,1.129378,1.689931,1.157792,1.277288,2.415426,2.675026,2.195464,2.782278,2.512570,2.608494,2.457652,1.121823,1.142824,0.996920,0.817840,1.232753,1.340857,2.483951,1.163046,1.317622,1.369290,1.848248,2.276591,6.049824,1.474357,1.716591,1.368401,1.154283,1.963158,0.998884,1.777423,1.675693,1.404738,1.340318,1.455776,1.304303,1.445761,1.068357,1.317622,1.651103,1.383316,1.815798,1.303397,2.249504,1.776692,1.053121,1.212451,1.723449,1.636525,1.244671,1.046932,1.082249,3.380690,2.219705,2.363584,2.210672,1.767569,2.375353,1.241704,2.125598,1.551694,1.083961,2.033435
7.552605,3.292609,1.953662,2.641771,0.935469,1.297706,0.909749,0.943909,1.009770,2.401006,3.269065,2.258738,1.438249,5.567051,2.181688,5.281079,2.417930,2.368663,0.841047,0.890466,1.341918,2.060736,2.967196,2.488410,0.996962,3.984330,0.877100,3.544326,1.221719,1.457646,0.879733,0.000000,1.505757,0.803920,0.906057,0.930497,1.618321,1.075027,0.960776,0.776856,0.914031,1.092855,1.733945,1.304331,0.763562,1.174007,1.912208,1.068973,2.164698,1.277557,1.184304,2.732006,0.924906,4.814485,1.808198,0.784239,1.389159,2.787320,2.216966,0.871026,0.817645,1.977430,0.997712,1.374142,2.343826,1.232640,0.835952,3.234448,2.966510,2.657706,2.794476,2.969098,3.074038,3.030499,0.918149,0.918114,1.011691,0.953767,0.981579,2.241746,1.610959,1.035232,1.511518,1.690847,2.072024,2.720982,5.430622,0.858988,1.991634,0.922397,1.104824,2.562222,1.013366,1.434093,0.725804,1.019203,1.260654,1.112944,0.942694,1.155328,0.870453,1.030949,1.914567,1.656947,2.142089,0.890767,2.701451,1.144063,0.981721,0.935074,1.151787,1.563963,0.999500,0.931826,0.999561,3.808798,2.612628,2.857600,2.744183,2.058959,2.496587,1.850253,2.509051,2.201686,1.043930,2.392468
7.711584,4.018841,2.916910,3.704274,1.190560,2.192917,1.943841,1.231246,1.449056,3.131697,3.916662,3.520783,1.678027,6.396242,3.537978,6.829972,3.000190,2.543015,1.623319,1.374030,1.661898,2.259644,4.010781,3.076915,0.986461,5.639112,1.925798,4.954856,1.719655,2.731071,1.689037,1.470580,0.000000,2.786843,1.708439,2.011494,3.635099,1.985224,1.528424,1.513699,1.577181,1.110406,3.242738,2.110788,1.094809,2.298176,2.482604,1.980099,3.909998,2.364618,2.462045,4.767533,2.088488,6.412191,2.493734,1.907594,2.633223,4.027744,2.819860,0.716866,2.246961,2.445245,2.088416,2.201749,3.237787,1.975594,1.400699,3.840567,4.078578,3.542162,3.967597,3.797599,4.098996,3.807451,1.289689,1.544693,1.581034,1.850239,1.803847,3.074737,2.679706,1.865003,2.284998,2.256642,2.937854,3.392984,7.424813,2.145354,2.511660,1.778986,1.489603,3.807789,1.848703,2.656013,2.605465,2.365027,1.958987,2.510525,2.027123,1.971125,1.631294,2.149907,2.512127,1.728630,2.522702,2.484319,3.164355,2.951303,1.744647,1.765491,2.835702,2.409924,0.904580,1.616400,1.221678,4.719968,3.473667,3.207501,3.214283,2.604804,3.617311,2.296931,3.676293,2.428316,1.279743,2.962928
8.705600,4.934000,2.834638,4.648241,0.874303,2.549017,1.298907,0.892626,0.845360,4.060388,4.974628,4.263526,2.614604,7.470269,3.091183,6.952011,3.944106,3.770183,1.310600,0.725561,1.839060,3.268716,5.304881,4.057006,1.230923,5.654686,1.088603,5.508125,1.913676,2.186570,1.121557,0.880418,2.869055,0.000000,0.845095,0.807194,2.256845,1.324691,0.930282,1.327588,1.420889,1.380998,3.209274,2.387990,0.561747,1.455316,2.873581,1.548550,2.998431,1.704958,2.132735,3.583749,1.016820,6.120742,2.351851,1.511591,1.728104,3.874719,3.707994,0.706901,1.146854,3.822676,1.449538,1.798356,4.029271,1.245800,1.455719,5.022443,4.127086,4.512502,4.085436,4.956725,4.479091,4.865760,0.789072,0.831145,1.223211,1.037401,1.445968,3.033339,3.398434,1.822060,1.555684,1.922697,2.691970,3.760773,7.220947,1.326209,2.397035,1.863848,1.167664,3.664662,0.673608,2.370335,1.430172,1.342790,1.845627,1.259709,1.410054,1.589861,1.019812,1.236047,2.843229,2.051522,3.054215,1.256833,4.109387,1.547811,0.734188,0.814526,1.784615,2.627315,0.899074,1.634795,0.957450,5.880757,4.106114,4.325937,4.437261,3.683078,3.830604,3.059641,3.421202,3.213687,1.643246,3.586750
7.990144,3.278165,2.016910,2.765947,0.927963,1.399502,1.049678,1.150413,0.952383,2.495052,3.350541,2.766144,1.466346,5.899041,2.367639,5.147343,2.527197,2.452030,0.765253,0.797134,1.489130,1.910641,2.927795,2.654348,0.954801,4.381546,0.938101,3.410046,1.282690,1.675020,1.045534,0.862585,1.548188,0.849123,0.000000,0.832480,1.740239,1.034184,0.991408,1.072244,1.029978,0.988559,1.922402,1.497081,0.966350,1.389678,2.003539,1.163572,2.175233,1.424625,1.359270,2.990731,0.671412,4.920696,1.799082,1.033960,1.402363,2.689716,2.252113,0.961681,0.928871,2.094507,1.064604,1.226483,2.588858,1.129435,1.029988,3.397751,3.120806,2.920234,2.736492,2.784957,3.134775,3.117216,0.843001,1.086929,0.857478,0.899432,0.971314,2.069593,2.087326,1.210728,1.329763,1.315104,1.807522,2.480202,5.736213,0.966966,1.740708,1.008764,1.010823,2.452080,1.047632,1.483518,0.980111,1.033626,1.229965,1.032091,1.006274,1.278049,0.911056,1.004573,1.955647,1.457991,2.069504,0.976184,2.457935,1.336419,1.000200,0.873099,1.296070,1.586102,1.006071,1.000255,1.082115,3.920751,2.617953,2.546364,2.653158,2.246378,2.674413,1.755370,2.378807,1.929520,1.097955,2.253519
7.934792,3.668794,2.141271,3.360611,0.985139,1.560881,0.877773,1.009344,1.028977,2.757740,3.894500,2.939297,1.769379,6.770639,2.549835,5.523757,2.874648,2.650577,0.906977,0.764510,1.453441,2.019861,3.526394,3.112910,0.949966,4.608176,0.901167,4.174523,1.176779,1.640095,1.040067,0.887029,1.878052,0.615296,0.891278,0.000000,1.764280,0.921385,0.923562,1.002593,1.127688,0.885905,2.174688,1.692617,0.776204,1.174541,1.948350,1.056176,2.137650,1.354711,1.354841,2.796750,0.683369,5.244210,1.879162,1.094341,1.440493,3.054952,2.559150,0.890246,0.812844,2.520098,0.991051,1.281336,2.918914,1.071012,1.186019,3.806530,3.247056,2.899180,3.084832,3.281242,3.356318,3.352923,0.923184,1.048092,0.793219,0.775235,0.884694,2.018613,2.139247,1.236630,1.191966,1.678534,2.127127,2.611480,6.146304,0.964004,1.953720,1.068835,0.915060,2.539046,0.902232,1.334960,1.034137,0.902202,1.349764,0.991716,0.859547,1.185238,0.909981,0.831312,2.112107,1.660951,2.181806,0.902793,2.999228,1.249215,0.894952,0.958057,1.075332,1.783018,1.013990,1.115223,0.997147,4.295271,3.137328,3.040712,2.852224,2.550025,2.575858,2.040820,2.526412,2.192704,1.233592,2.575794
8.421019,5.940708,4.093851,5.747416,2.099405,3.727990,2.804237,1.564284,2.289325,5.335751,5.583655,4.793950,3.561933,8.183708,4.829351,7.687694,4.462546,4.516687,1.847064,1.215322,4.072272,4.188894,5.640009,4.402136,1.319320,7.228008,2.724224,6.535410,2.947479,3.199270,2.409461,1.779752,3.342452,2.365486,1.970701,2.069029,0.000000,2.510057,1.420842,1.652835,2.561836,1.988196,4.714196,3.090580,1.424802,3.171710,5.526735,2.505940,4.691357,2.956123,3.000594,5.791056,2.083047,7.561374,3.276023,1.873520,2.978836,5.290925,4.430038,0.920288,1.888081,4.335288,2.451255,3.127955,4.794272,2.422837,1.425233,6.294142,5.357808,5.821194,5.406328,5.510456,6.361593,6.217842,1.658192,1.233682,2.117408,2.035835,2.319091,4.484451,3.997384,2.490480,2.572731,3.417340,4.724042,5.416657,8.166568,1.889377,4.113096,2.598732,1.978917,5.265993,1.739930,4.368902,2.185692,2.316536,3.467295,3.011665,2.340529,2.625188,1.799773,2.283467,4.251487,3.501074,4.264720,2.315102,5.467093,3.184217,1.510871,1.508632,3.324003,3.229598,0.999578,2.620921,1.984001,6.839356,5.577325,5.269795,5.134038,4.519859,5.321605,3.911431,5.253503,4.192708,2.374278,4.415353
8.301148,4.077379,2.398050,3.226376,0.942377,2.091296,1.365309,0.853854,1.173947,3.208814,3.945952,3.182725,1.603964,6.836779,2.852486,5.584244,2.927972,2.734859,0.961482,0.719890,1.712587,2.258098,3.370595,2.682953,1.045400,5.136150,1.464179,4.671892,1.657320,2.108106,1.256540,0.945865,1.873131,1.245263,0.881713,1.047474,2.180855,0.000000,1.042097,1.417929,1.510247,1.136531,2.781691,1.829167,1.096186,1.683066,2.422286,1.430059,2.719453,1.687135,1.894934,4.257936,1.242104,5.943242,2.009117,1.409048,1.748133,3.257280,2.731704,1.002179,1.284356,2.874154,1.480163,1.765242,2.871131,1.371716,1.178770,3.849827,4.159558,3.431736,3.545829,3.225157,4.027001,3.697109,0.913254,0.956081,1.342145,1.263789,1.312558,2.400428,2.347028,1.548967,1.692459,1.762890,2.593921,2.979938,6.512738,1.313574,2.149147,1.448166,1.215889,2.703050,0.794330,2.230213,1.375121,1.439399,1.704337,1.784434,1.340098,1.770044,1.015033,1.356555,2.210558,1.566864,2.329596,1.327638,3.078717,1.677539,1.120941,0.925221,1.843751,2.155037,1.018887,1.378553,0.854149,4.491550,3.171767,2.920560,3.296593,2.508351,3.060705,2.014788,3.022646,2.307049,1.289836,2.849802
6.234466,2.577015,1.810148,2.130934,1.125322,1.584155,1.227415,0.912465,1.304111,1.816322,2.523679,1.620875,1.063471,3.842662,2.024372,4.666216,1.884178,1.907496,0.960685,1.006831,1.200930,1.674712,2.323254,1.992905,1.003566,3.638412,1.046606,2.921721,1.049706,1.512450,1.166216,0.919979,1.162151,1.165274,1.067691,0.990045,1.577706,1.374519,0.000000,0.903220,1.052225,0.934854,2.030320,1.145782,1.012671,1.140033,1.611678,0.955107,2.369814,1.365788,1.455278,3.198851,1.096140,4.874362,1.487749,1.068354,1.476662,2.740687,2.007340,0.805509,0.898808,1.514219,1.049704,1.346106,1.831618,1.065331,1.069618,2.555508,2.954582,2.008073,2.168040,2.132381,2.896443,2.585985,1.005298,0.972558,0.893562,1.120100,0.885822,2.028273,1.950666,0.966803,1.424872,1.628172,1.795171,2.152805,5.603288,1.070732,1.754042,1.205461,1.118365,2.090805,0.883116,1.654959,1.260386,1.187642,1.088009,1.231009,0.969424,1.037033,0.847815,1.100364,1.583033,1.357996,1.812940,1.244498,2.043725,1.574230,1.070684,0.954389,1.602089,1.331525,0.929719,1.075285,0.990551,2.761259,2.164881,2.147903,2.173160,1.607605,2.121824,1.333925,2.090414,1.521750,1.022561,1.771966
8.584792,3.843214,2.377522,3.599771,1.167302,1.929951,1.479832,1.078821,1.273128,3.244973,3.837082,3.107416,2.099610,6.283689,2.541074,6.218451,2.417228,2.406847,1.214593,0.831106,1.941017,2.250434,3.714310,2.434514,1.049569,4.864218,1.501899,4.375286,1.486745,2.038526,1.431456,1.098376,1.660486,1.508590,1.183008,1.431891,1.798890,1.646110,1.044257,0.000000,1.356117,1.073021,2.659155,1.433324,0.990893,1.904227,3.444089,1.444038,2.704776,1.915352,1.760331,3.694203,1.133181,5.539624,2.044405,1.286895,1.823016,2.895651,2.655777,0.910930,1.258548,2.064796,1.540258,1.731357,3.574379,1.355601,1.162055,4.287017,3.575718,3.891316,3.643163,3.181155,3.793492,3.937544,0.967077,0.976517,1.243563,1.081851,1.260353,2.654245,2.224335,1.278363,1.627246,2.166699,2.486470,3.238592,6.530379,1.171071,2.000219,1.496035,1.043589,3.086152,1.061131,2.443461,1.248162,1.339193,1.841314,1.572767,1.441543,1.600634,1.127007,1.348663,2.133301,1.826538,2.587114,1.373595,3.381575,1.948803,1.120961,1.219518,2.155699,1.777506,0.964277,1.455564,1.049922,4.659358,3.367749,3.250352,3.250143,2.530769,3.404245,2.352406,2.892807,2.441639,1.416932,2.612213
7.933520,3.164254,2.120100,2.683585,1.036951,1.774846,1.658335,1.159441,1.047405,2.713066,3.592582,2.805747,1.697986,6.496704,2.678814,5.487432,2.301085,2.230218,1.569018,1.299278,1.349444,2.036842,3.140267,2.311608,1.051325,4.599413,1.450952,3.992601,1.413161,2.147928,1.420544,1.295727,1.202410,2.023086,1.356074,1.683814,2.725787,1.786920,1.066569,1.105155,0.000000,1.068922,2.433019,1.214706,0.989323,1.873556,2.130901,1.421321,3.089127,1.971817,1.964806,4.320499,1.482450,5.789747,2.075852,1.600577,2.114133,3.342283,2.285452,0.945629,1.410063,1.752128,1.498117,1.789971,2.870548,1.495467,1.134480,3.807467,3.705706,3.000005,3.264747,3.353818,3.247373,3.379818,1.424705,1.065970,1.140099,1.392684,1.525203,2.393455,2.091156,1.783342,1.880682,1.653205,2.362616,2.214163,6.912811,1.435502,1.927517,1.579648,1.235194,2.848665,1.611599,2.174595,1.778683,2.028921,1.708030,1.815236,1.746970,1.656447,1.381691,1.851626,2.027183,1.308370,1.793869,1.744744,2.487012,2.322555,1.292491,1.484563,2.111875,1.850073,0.871387,1.534864,1.431735,4.158369,2.750429,2.534510,2.554792,1.986613,2.586902,2.078541,2.784662,2.128934,1.313459,2.351098
6.828853,2.928361,1.851324,2.693571,1.095721,1.281786,1.115398,0.918764,0.919166,2.305714,2.959958,1.993053,1.532863,5.309649,2.085232,5.251636,2.081098,2.023846,1.066704,0.985784,1.173072,1.859321,2.731730,2.176217,0.994180,3.939093,1.142108,3.343025,1.021273,1.431568,1.193860,0.908556,1.009608,1.404717,1.001661,1.187333,1.828441,1.193343,0.915797,1.016838,1.022105,0.000000,2.025137,0.945469,1.238742,1.345265,1.729778,0.972061,2.405763,1.462699,1.325217,3.212192,1.101797,4.948747,1.643716,1.012746,1.533012,2.965757,1.953366,0.980442,1.171488,1.398076,1.042594,1.727877,1.958319,1.431269,1.049432,2.912750,2.841623,2.503619,2.824968,2.747315,2.814204,3.070675,1.039477,1.091840,1.142923,1.191724,1.042735,1.993717,1.430746,1.017757,1.558979,1.586978,2.066028,2.225556,5.855808,1.112555,1.863934,1.093020,1.102342,2.293650,1.027627,1.630280,1.302763,1.215302,1.436714,1.411133,1.149339,1.045025,1.090380,1.284735,1.697166,1.284051,1.679029,1.343908,2.120264,1.611262,1.169050,1.080046,1.391107,1.421594,0.995166,1.181063,1.145493,3.583307,2.492851,2.568403,2.371268,1.756727,2.484894,1.776714,2.536738,1.781545,1.075211,1.979247
9.043598,5.492039,4.068459,5.308181,1.648518,3.670029,3.043605,1.873524,2.057638,4.663326,5.817417,4.754694,2.930693,8.134061,5.045315,7.843089,4.608640,4.483378,2.587009,1.829223,2.804414,3.265000,5.368383,4.645551,1.656648,7.220392,2.868469,6.549761,2.833939,4.061259,2.330298,1.909455,3.221733,2.997963,1.985695,2.350240,4.696456,2.995002,1.868719,2.413493,2.430792,2.121651,0.000000,3.556308,1.839541,3.579525,4.269529,3.098999,4.756917,2.917434,3.719286,5.934509,2.949441,7.777610,3.513180,2.975800,3.158608,5.226356,4.048286,0.967044,3.353049,5.028803,3.187296,3.177996,4.544527,2.283439,2.623065,5.598193,5.316139,5.024025,5.325863,4.884544,5.217650,5.094046,2.024378,1.854797,2.395693,2.480389,2.937364,3.812834,4.879662,3.138118,3.237276,3.105805,4.418511,4.596728,8.392463,3.530450,3.423279,3.206147,2.100718,4.193741,2.344022,4.042002,3.468896,3.242509,3.158337,3.255755,3.129724,3.196707,2.367490,3.045019,3.766586,2.956699,3.821853,3.201331,4.708075,4.014026,2.007645,2.328867,4.127810,3.497517,1.708731,2.712817,2.165775,6.300627,4.584390,4.402509,4.707780,3.738365,5.006215,3.339378,4.497083,3.675998,2.320021,4.217162
8.869281,4.475817,2.830335,3.555188,1.438088,2.327007,2.280952,1.260255,1.635182,3.463055,4.221918,3.714366,2.266124,6.814051,3.570015,6.805710,3.040745,2.704033,1.717518,1.423544,1.951169,2.436350,3.884638,2.923544,1.136726,5.716476,1.905889,4.467199,1.868161,3.035132,1.705637,1.546116,1.880079,2.482997,1.790494,1.943376,3.170107,1.935890,1.272300,1.239150,1.394157,1.328110,3.492329,0.000000,1.099075,2.249324,3.010645,1.676757,3.646303,2.466634,2.320277,5.174870,2.212526,6.471126,2.405728,1.875729,2.639821,4.019360,2.766847,0.935905,1.854845,2.266973,1.751833,2.498251,3.732207,1.805502,1.257579,4.742296,4.769733,3.935398,4.112222,3.735112,4.364581,4.222045,1.565199,1.331023,1.585798,1.862292,1.716351,3.212906,2.166583,1.961625,2.250492,2.524062,3.105722,3.154246,7.824374,1.721893,2.483107,1.721658,1.481969,3.432564,1.943478,2.919326,2.213343,2.349356,2.104403,2.632852,2.260238,1.800845,1.568617,2.092464,2.630868,1.667313,2.655614,2.005838,3.481678,2.872790,1.433913,1.525633,3.134016,2.218575,0.924185,1.769790,1.640363,5.096570,3.601155,3.303092,3.266241,2.857659,3.683888,2.694540,3.449558,2.637354,1.579297,2.981749
8.028458,2.987293,1.910311,2.621884,0.958230,1.088378,0.977235,0.892678,0.901919,2.355164,2.937107,2.403032,1.666701,5.160903,2.071886,5.053902,2.163401,2.004838,0.834899,0.990864,1.356705,1.923421,2.690200,2.199218,0.882476,3.384342,0.866066,3.259815,1.037115,1.374160,0.925159,0.910804,1.228122,1.012657,0.845088,1.031693,1.354376,0.917553,0.904053,0.718529,1.020474,0.951116,1.635439,0.968649,0.000000,0.944653,1.600583,0.915581,1.985237,1.418592,1.055791,2.470658,0.866128,4.345789,1.467282,0.837017,1.186644,2.462530,2.233287,0.810610,0.829569,1.459187,0.898613,1.228175,2.342739,1.284519,0.924056,3.065803,3.074883,2.652062,2.646967,2.748491,3.142674,2.964629,0.916696,1.015670,0.976773,1.010082,0.929227,2.046587,1.127910,0.925217,1.315600,1.409225,1.549285,2.057384,5.017520,0.949769,1.798396,1.007577,0.976968,2.320224,0.977017,1.269454,0.915537,0.887044,1.206726,1.018213,0.912676,0.887592,0.878739,0.861112,1.585665,1.245846,1.814980,0.987373,2.449665,1.097287,0.964750,0.931916,1.007329,1.350445,1.082370,1.189116,1.118550,3.529874,2.164980,2.384124,2.541700,1.999353,2.345224,1.963632,2.329149,1.982860,1.014964,2.074366
8.011296,5.086477,3.123118,4.301470,1.002679,2.463810,1.968696,1.122041,1.323023,3.801051,4.996692,4.036575,2.580420,7.226768,3.672524,7.157643,3.658492,3.626839,1.470181,0.949786,1.816646,2.919478,4.637605,3.524973,1.261860,5.987326,1.659726,5.462292,1.961629,2.398192,1.486310,1.188615,2.172974,1.387204,1.402910,1.272090,3.001384,1.710465,1.150923,1.701443,1.417679,1.265317,3.254955,2.234370,0.848356,0.000000,2.751678,1.463745,4.054484,2.415073,2.361700,4.946627,1.680486,7.318020,2.858943,1.744815,2.546704,4.818992,3.802023,0.926646,1.347838,2.929190,1.453082,2.313219,3.462381,1.793825,1.586647,5.149905,5.385355,4.127634,4.732386,4.780757,5.177589,4.932727,0.930187,1.124837,1.484110,1.553993,1.801019,3.662653,2.950531,1.762922,2.308102,2.518267,3.499163,4.007973,7.382271,1.540709,2.951725,1.704237,1.392984,3.963326,1.272273,2.702854,1.953532,1.779762,2.289936,2.292352,1.855068,1.582878,1.423824,1.574925,2.986337,2.288179,3.253184,1.968860,3.978868,2.498819,1.261466,1.423761,2.254382,2.628209,0.933584,1.984703,1.269342,5.845500,4.222429,4.227957,4.335892,3.207604,4.028598,2.684485,3.956117,3.106990,1.855858,3.414173
8.867296,5.560548,3.885090,4.802654,1.095688,3.228469,3.006895,1.968943,1.484601,4.372793,5.763284,4.694433,2.856245,8.320699,5.012389,7.326094,4.120438,3.914134,2.637718,2.227493,1.392488,3.329338,5.204700,4.302919,1.595152,6.893280,2.257641,5.568613,2.143969,3.505635,1.757463,1.856183,2.582119,2.674479,1.890738,1.882040,5.629725,2.464100,1.800024,3.608202,1.736472,1.685196,4.095610,3.252573,1.436002,2.774368,0.000000,2.428885,4.829119,2.819077,4.049365,6.315311,3.688108,7.944856,3.893829,3.092644,3.712617,5.504380,3.746165,1.161004,3.645143,3.132687,2.672287,3.014591,3.971126,2.466195,2.861632,5.187280,6.080865,4.734738,5.252279,4.905989,5.197626,5.124986,1.723692,2.102217,2.214752,3.549971,2.998518,3.326195,4.027955,3.071425,3.257943,2.807052,4.402520,3.868885,7.826403,3.379619,3.453031,2.713963,1.948719,3.764027,2.614476,3.072403,4.743613,4.168320,2.784972,3.744885,3.101451,1.496291,2.592129,3.160725,3.334332,2.414569,3.483419,3.869715,3.987642,4.140735,2.494001,2.459048,3.390451,3.317680,1.572586,2.468081,2.183550,5.965128,4.564077,3.979212,4.673687,3.497149,4.905976,3.315346,4.372830,3.394189,1.993360,3.967155
8.723633,4.012217,2.628355,3.534196,1.035475,1.690384,1.589492,0.959854,1.245590,3.139493,4.082083,3.207371,2.138138,6.552875,2.979183,6.552890,3.078928,2.964897,1.198982,0.896283,1.763595,2.719336,3.654788,3.129770,0.991900,5.217558,1.237859,5.111403,1.360896,2.022442,1.505006,0.986568,1.537663,1.609018,1.126211,1.198824,2.491106,1.548317,1.052711,1.153665,1.095622,1.100631,2.636908,1.309952,0.763825,1.503925,2.389294,0.000000,3.235089,2.180621,1.717776,4.648810,1.254534,6.332876,2.414937,1.239684,2.040536,3.873609,3.096811,0.818991,1.023074,1.705215,1.164922,2.031365,2.956916,1.650444,0.997084,4.460864,4.836834,3.549597,3.716516,3.852973,4.466462,4.274570,1.018611,0.908462,1.166435,1.134269,1.348145,3.084224,1.818914,1.357211,2.007552,2.223670,2.979913,3.246329,6.521928,1.153585,2.549021,1.242110,1.384105,3.546407,0.899386,2.140998,1.496951,1.578437,1.878095,2.017308,1.457938,1.410699,1.023254,1.488950,2.436601,1.596090,2.755029,1.418941,3.448707,2.197603,0.847980,1.275679,2.023861,1.820023,1.001232,1.580525,1.089170,4.701680,3.377305,3.109458,3.390154,2.540394,3.491987,2.493047,3.218577,2.549224,1.506981,2.743267
8.206352,4.216416,2.633829,3.686165,1.686299,3.901041,2.790273,1.738427,2.171566,4.296526,4.089157,5.005989,2.700707,7.861879,3.694226,6.318887,3.693752,2.729136,2.065905,1.688298,3.562554,2.332493,4.309705,3.465101,1.464302,7.491964,2.956792,5.578839,3.318526,4.327592,1.838980,1.793302,4.012117,2.666336,1.701482,1.875115,4.336359,2.586190,1.871445,2.300108,2.940171,2.163332,4.480461,3.474609,1.863996,3.859319,5.021378,3.084994,0.000000,1.808006,3.618139,3.640694,2.515451,5.874689,2.111150,3.052414,2.749133,3.457796,2.720677,0.810588,2.836870,5.496835,3.111085,2.018161,4.696738,1.422608,2.263007,4.371318,3.192893,4.354145,4.432085,3.580516,3.631456,3.292726,1.927441,1.368729,2.193218,2.479211,2.316291,1.539769,5.221792,2.905781,1.857155,1.992615,3.450480,4.101010,8.486039,3.280409,1.817363,3.266337,1.544443,2.568746,2.236468,4.186131,2.787549,2.990302,2.930993,2.444763,3.081203,4.203814,2.430420,2.509258,3.016727,2.489474,3.034057,2.588998,3.952215,3.219089,1.581761,1.610112,4.143369,3.987809,1.710488,2.882572,1.833789,5.646548,4.015529,3.303168,3.209169,3.897361,3.937480,2.573431,3.300064,2.903375,1.907542,3.274850
7.555999,3.354481,2.164095,2.708822,1.282598,2.449395,1.617258,1.108636,1.264692,2.844911,3.058741,2.947656,1.683819,6.559548,2.568395,5.372255,2.800080,2.436451,1.296150,1.037102,2.021298,1.773912,3.476695,2.665463,0.997376,5.667843,1.752273,4.454062,1.765179,2.139321,1.253957,1.140992,2.635175,1.440097,1.173612,1.298618,2.666748,1.608280,1.151026,1.615295,2.050325,1.296966,2.987659,2.252656,0.955947,2.027491,2.829018,1.821558,1.773502,0.000000,2.123984,2.338315,1.497918,4.600455,1.407139,1.774653,1.819532,2.691001,1.868804,0.963637,1.520617,3.257468,1.647987,1.520912,2.516000,1.104299,1.543541,2.942860,2.631914,2.820153,3.181734,2.673009,2.726918,2.448383,1.125984,1.027054,1.441119,1.277202,1.199043,1.432744,3.404428,1.596560,0.990791,1.599565,2.351854,2.796768,7.003550,1.884004,1.346895,1.863168,1.058600,1.908700,1.004773,2.874426,1.683009,1.666554,1.534166,1.453041,1.620379,1.954380,1.479945,1.570939,2.103519,1.847499,2.159661,1.636519,2.885577,1.893742,0.972596,0.996635,2.456628,2.418972,1.157362,1.836234,1.186864,4.082247,2.615724,2.606318,2.599424,2.414678,2.514245,1.895030,2.593952,1.863198,1.251881,2.550068
9.124079,4.932324,3.349690,4.516128,1.359881,2.679482,1.989375,1.179113,1.636522,3.809682,5.047963,3.968189,2.526470,7.106844,4.004958,7.030367,3.996627,3.857179,1.523726,0.980784,2.602548,2.979617,4.526444,3.698957,1.307359,6.174314,1.905157,5.387453,2.181848,2.798873,1.749786,1.281958,2.465271,1.948683,1.476774,1.414346,3.086726,2.158152,1.448595,1.646249,1.976664,1.414783,3.793700,2.337584,0.987550,2.275585,3.396965,1.858388,4.000041,2.436674,0.000000,5.087935,1.579170,7.087015,2.888102,1.613353,2.645187,4.578465,3.628826,0.913824,1.596752,3.505797,1.836412,2.440693,3.752765,1.898903,1.406150,5.393508,5.246608,4.403060,4.476423,4.538219,4.752176,4.840156,1.164690,1.161583,1.576373,1.328126,1.857741,3.625304,2.957711,1.707469,2.274307,2.664232,3.529838,4.172519,7.613810,1.654679,2.992560,1.687597,1.638084,4.022148,1.358714,2.919141,2.030000,2.019113,2.288620,1.955252,1.641226,2.325013,1.385748,1.653954,3.128467,2.632828,3.294473,1.945928,4.138307,2.850521,1.241770,1.320672,2.631692,2.788268,1.037156,1.992868,1.285948,5.707296,4.561563,4.076106,4.217276,3.418128,4.243683,2.830752,4.068691,3.253583,1.873796,3.630253
8.533177,5.650494,4.016990,5.169825,2.243931,5.211702,3.348255,2.234186,2.519816,5.623084,5.348003,6.384918,4.129376,8.644553,5.023652,7.180006,5.276426,4.644625,3.081369,1.792962,4.796999,3.788068,6.839447,5.052017,2.071069,8.536366,3.628576,7.118190,4.137683,4.893026,2.555986,2.186226,4.932902,2.823160,2.186788,2.351957,5.106035,3.766896,2.656350,3.020123,4.066738,3.068168,5.340357,5.149876,2.030196,4.759184,6.616411,4.303140,3.359717,2.507190,4.480520,0.000000,2.970473,6.219835,3.022620,3.505838,3.237834,4.935481,4.137261,1.346474,3.309807,6.772930,3.727541,3.540498,6.582014,1.619011,2.759501,5.934358,3.752224,6.206038,5.724158,5.596758,4.469220,4.420854,2.207506,1.409775,2.997750,3.091787,3.364147,2.736456,6.211511,4.243890,2.392727,2.978369,4.833657,5.466791,9.312579,3.960151,2.647956,4.344030,2.061973,3.763653,2.744460,5.122228,4.001611,3.759866,3.947857,3.170193,3.906010,4.686537,3.017762,3.348819,4.098463,3.615313,4.266488,3.524297,5.239823,4.226871,1.903693,2.000178,4.682849,4.918658,2.041740,3.886072,2.534705,7.066142,6.017598,5.114486,4.871046,5.288373,5.288340,4.268222,5.015581,4.458785,3.029538,4.664705
8.387596,4.633918,2.666027,3.813928,0.969702,2.180289,1.326618,0.827110,1.227399,3.225023,4.303897,3.352555,2.138573,6.813165,2.972615,6.632811,3.418677,3.269464,1.213166,0.669606,2.053023,2.790554,4.299792,3.642497,1.167766,5.084335,1.138268,4.916815,1.737161,2.242538,1.362430,0.850638,2.227092,1.139738,1.024878,1.061475,2.195484,1.526402,0.894030,0.965369,1.176956,1.209702,2.739891,2.041678,0.742969,1.631130,3.086677,1.458699,3.264437,2.025984,1.692377,4.061396,0.000000,5.942200,2.497892,1.280190,1.857707,3.901896,3.095891,0.606314,1.075035,3.424522,1.406754,1.619737,3.042662,1.432137,1.147532,4.420538,3.928990,3.892680,3.877109,3.923548,4.427890,4.515541,0.878360,0.984475,1.182418,0.667628,1.322231,3.186880,2.458099,1.137849,1.924637,2.406990,2.766906,3.678205,6.829048,1.188392,2.616915,1.370688,1.145469,3.512223,0.872272,1.974147,1.111230,1.234098,1.779426,1.231206,1.159761,1.724309,1.090982,1.178996,2.688567,2.366389,2.947616,1.203547,4.095795,1.957914,0.765832,1.117486,1.715730,2.199473,0.863214,1.450107,0.758444,5.380902,3.428336,3.712125,3.825089,3.035468,4.009108,2.524734,3.608188,2.903242,1.262717,3.163816
0.000000,7.688457,5.619460,6.786079,3.945869,6.779612,5.752005,4.163245,4.455119,7.355978,7.049783,7.786369,5.699556,0.000000,6.489660,0.000000,6.623127,5.991011,4.508477,3.547800,6.832915,5.851107,7.130209,6.731840,3.047140,9.273217,5.447733,8.136022,5.616483,6.906449,4.615407,4.086844,6.441656,5.289003,4.092021,4.804849,6.799067,5.044047,4.261311,4.551733,5.194892,4.420284,6.932462,6.148603,3.652860,6.808847,8.027021,6.004375,5.198546,4.526647,6.383286,5.647535,5.108539,0.000000,5.434961,5.163296,5.186313,6.820243,5.790556,2.346515,5.358601,7.758056,5.613868,5.509552,7.909044,3.664090,4.316247,7.759649,5.454401,7.854528,6.887788,6.937993,6.690367,6.817229,3.923249,3.088235,4.680683,4.970929,4.753193,4.921220,7.398088,5.705209,4.363031,5.040354,6.590698,7.191467,0.000000,6.016524,5.088310,5.504562,3.722155,6.334119,4.826083,7.170041,5.963301,5.573793,5.840275,4.767745,5.944434,6.889632,5.004978,5.552046,6.287978,5.198149,6.366047,5.500247,6.957286,6.397000,3.690635,4.122969,6.601853,6.275859,3.506781,5.668809,4.200751,7.837949,6.823602,6.403867,6.586634,7.430188,6.888023,6.332565,6.612679,6.175347,4.248385,6.742607
7.538744,3.067565,2.193255,2.752273,1.429518,2.823587,2.170844,1.285664,1.610746,2.866833,3.397667,3.205299,1.445543,6.271414,2.711096,5.436114,2.365925,2.147301,1.640788,1.342896,2.598361,1.585627,2.996764,2.376667,1.109637,5.764244,2.314347,4.363568,2.430331,2.828006,1.394832,1.453052,2.588867,2.204011,1.489195,1.647563,3.108203,1.893228,1.166248,1.896942,2.334020,1.601674,3.447765,2.352313,1.280027,2.648492,3.739056,2.261379,2.156928,1.379712,2.402713,3.173019,1.953415,5.829477,0.000000,2.004273,1.871806,2.646979,1.833257,0.446199,2.373928,4.005648,2.144028,1.561369,2.671945,1.261302,1.572448,2.918726,2.751849,2.992077,3.321219,2.561349,2.617174,2.677723,1.703929,1.167053,1.671927,1.636557,1.642576,1.509496,4.112425,1.958890,1.303422,1.450562,2.297395,2.898077,7.844588,2.410054,1.524324,2.396897,1.234885,2.166353,1.621600,3.136336,2.304273,2.237056,1.622187,1.764993,2.153697,2.911120,1.821687,1.849296,1.996860,1.532808,2.078395,1.759988,2.892304,2.646188,1.182770,1.260439,3.199966,2.730558,1.369976,1.796092,1.315678,3.794481,2.847133,2.335978,2.455875,2.588356,2.801911,1.694719,2.361533,1.769619,1.226951,2.220741
8.571644,4.025619,2.591730,3.768189,1.267779,2.042902,1.545198,0.879001,1.434273,3.583550,4.285580,3.444214,2.485889,7.079967,3.282006,6.099428,3.003281,3.075549,1.144011,0.985352,2.385336,2.916354,3.921982,2.896173,1.012618,5.108590,1.396122,4.821585,1.640777,1.930053,1.647385,1.070379,1.727281,1.582837,1.310696,1.423441,1.951689,1.608751,1.053895,0.997127,1.279448,1.022531,2.824718,1.538135,0.983667,1.712125,3.297682,1.273806,3.235839,2.256842,1.514714,3.951987,1.068221,6.178612,2.309632,0.000000,1.869413,3.801850,3.002411,0.754976,0.986627,2.207731,1.380867,2.078948,3.612831,1.715003,1.047082,4.502696,4.284766,3.914648,3.746354,3.872756,4.367114,4.527221,1.106630,0.859170,1.165477,1.173316,1.411781,2.779468,2.147216,1.426331,2.014141,2.136655,2.870459,3.554120,6.351810,1.151590,2.565863,1.383558,1.343824,3.571650,1.018240,2.368587,1.295104,1.293110,1.842267,1.776523,1.215347,1.646083,0.983894,1.348366,2.363287,1.873069,2.586093,1.484684,3.673496,2.026934,0.924661,1.076984,1.933219,2.115231,0.983136,1.524254,1.042678,5.177925,3.686594,3.633017,3.683501,2.947488,3.517347,2.908861,3.499123,2.894197,1.327146,3.032103
8.532752,4.543551,2.777281,3.889923,1.366177,2.565345,2.014732,1.089609,1.744478,3.296440,4.464418,3.513463,2.207263,6.950765,3.306394,5.897827,3.116270,2.910658,1.640364,0.945696,2.599486,2.450923,3.623431,3.169843,1.232814,6.313876,1.991621,5.335088,2.247443,2.789541,1.532750,1.380400,2.552198,1.937972,1.366359,1.573678,2.770906,1.896160,1.128219,1.620428,2.108424,1.469401,3.360911,2.517157,1.237230,2.377256,3.610815,2.047787,3.052590,1.961590,2.460723,4.106481,1.502019,6.349898,2.070956,1.808864,0.000000,3.389469,2.880731,0.912502,1.821732,4.053845,2.001509,1.647120,3.524413,1.450092,1.528214,4.443219,3.602141,3.738572,4.309387,3.300682,4.017751,3.923104,1.297814,1.229727,1.508915,1.370622,1.754850,2.660144,3.826409,1.785281,1.659962,2.242441,2.678772,3.484779,7.582763,1.985720,2.263608,2.171680,1.093205,3.346250,1.207465,3.126353,1.884907,1.732692,2.042536,1.800704,1.812385,2.414827,1.397354,1.602810,2.774951,2.016850,2.914531,1.879978,3.683405,2.670107,1.064962,1.367996,3.015377,2.685234,1.227882,1.974579,1.216741,5.045271,3.644050,3.715705,3.548285,2.918767,3.866585,2.306885,3.115644,2.532788,1.471269,3.047947
9.178829,4.623157,3.313679,4.327141,2.255872,4.323148,3.720261,2.127326,2.713767,4.646558,4.976303,5.055133,2.436734,7.792172,4.190810,6.036996,3.701757,2.971542,2.697641,2.179442,3.800774,2.565022,4.428638,3.595042,1.532098,7.398899,3.899875,5.846318,3.982367,4.948422,2.185458,2.456662,3.921719,3.913495,2.456429,2.902323,5.018377,3.365825,2.171770,2.689224,3.487162,2.832799,5.284162,4.001856,2.460154,4.721736,5.772130,3.972628,3.252776,2.556688,4.286163,4.753038,3.241624,6.589195,2.689181,3.371213,2.903399,0.000000,2.594105,0.691461,4.054845,6.069276,4.006684,2.526812,4.682588,1.600665,2.416230,4.879601,4.005334,4.455300,5.337939,4.417355,3.831640,3.931951,2.827407,1.887181,2.837400,3.055863,3.174680,2.332312,5.837395,3.274209,2.286139,2.182833,3.670312,4.140646,8.735524,4.025357,2.492776,4.193041,1.811844,3.094375,2.989083,5.110700,3.816401,4.001026,2.949610,2.943369,3.736793,5.180279,2.939894,3.414261,3.213219,2.301521,3.300824,3.326735,4.218375,4.216238,2.092313,1.861224,5.014580,4.442266,1.948207,2.935622,2.147050,5.505131,4.425115,3.915873,3.698401,4.054923,4.509669,3.033134,3.468253,3.050798,2.270657,3.594781
7.090961,3.750790,2.996288,2.892391,1.748167,3.515517,3.079510,1.943950,2.234180,3.318456,3.265339,3.440273,1.643819,6.773779,3.650622,6.457200,2.993712,2.653859,2.183671,2.312254,2.751442,1.899138,3.926919,2.999995,1.270007,6.526902,2.844137,5.345337,2.837160,4.015454,1.947136,2.050499,3.104941,3.507995,2.312316,2.572158,4.206544,2.829921,1.845675,2.717247,2.722389,1.710617,4.170428,3.236976,2.042314,3.580728,3.819657,3.170619,2.953268,1.821221,3.646420,3.958556,3.062267,6.384840,2.050278,2.836620,2.933126,3.236796,0.000000,1.225934,3.682245,4.890768,3.249605,1.630478,2.846770,1.272886,2.100569,3.305320,2.847367,3.377458,3.969825,2.728739,3.124263,3.183527,2.403641,1.937563,2.326429,2.760327,2.593147,1.936983,5.240471,2.777853,1.958042,1.679271,3.124954,3.322313,8.374133,3.726889,1.895784,3.486303,1.451328,2.395821,2.999153,3.975762,3.563077,3.454529,2.284221,2.726529,3.336764,3.580842,2.801645,3.088891,2.452909,2.087567,2.589486,3.101803,3.357426,3.708827,2.086990,1.713597,4.250122,3.360650,1.643757,2.576444,2.207653,4.284537,3.435902,2.969712,2.879010,2.979166,3.418637,1.749249,2.834191,2.048693,1.637613,2.889998
5.812533,2.071572,1.512116,1.284115,0.973916,1.098782,0.930344,0.904987,1.008782,1.412521,1.840156,1.345314,1.231166,2.680480,1.104380,2.826450,1.605761,1.113756,0.855724,0.944650,1.135251,1.169194,1.352815,1.772935,0.892941,2.033102,0.990799,1.646748,1.013205,1.234901,1.020840,0.979604,1.162242,0.879382,0.868585,0.884231,0.819758,0.868884,0.876566,0.930867,1.043443,0.970677,1.328464,1.143922,0.842979,0.847820,1.197504,1.007958,1.630992,1.054391,1.016124,2.014307,1.075668,2.939940,1.229211,0.960501,0.823810,1.821935,1.289761,0.000000,0.898485,1.218916,0.883017,0.962057,1.593225,0.846830,1.008171,1.721272,2.042277,1.548952,1.438269,1.454432,1.827812,1.321145,1.004964,0.938670,0.873126,1.148550,1.003696,1.518397,1.323416,1.099986,0.996197,1.420663,1.050251,1.862886,3.122615,0.948262,0.966946,1.016679,1.073207,1.283658,1.087697,0.931748,0.869836,0.824986,1.139453,1.066442,1.138368,1.006430,0.946693,0.841139,1.136501,1.384960,1.635232,1.052323,1.221873,1.090994,0.999688,0.955366,0.692530,0.939008,0.947769,1.263225,0.907958,1.777982,1.291577,1.216048,1.263052,1.121108,1.269475,1.425782,1.174777,1.171813,1.082200,1.443939
8.607593,5.013318,3.161109,4.734092,1.185442,2.050176,1.550021,0.930702,1.161709,4.117594,4.833627,3.838703,2.622136,7.110036,3.291017,6.850437,3.612197,3.741409,1.172432,0.898919,2.416842,3.399538,4.562498,3.835685,1.051209,5.568399,1.178141,5.544300,1.737838,2.039373,1.488809,0.941097,1.940511,1.260323,1.095630,1.155004,1.919189,1.490569,0.911266,0.811079,1.459156,1.213131,3.137494,1.441073,0.815500,1.515593,3.510078,1.156975,3.305554,2.091753,1.561286,4.166931,0.909631,6.213767,2.508618,1.095464,1.840981,4.007570,3.692481,0.817575,0.000000,2.416365,1.188693,1.942989,3.713151,1.664893,0.970282,5.407563,4.521851,4.533417,4.446522,4.772206,5.196825,5.226510,1.072505,0.951770,1.052640,1.084030,1.232805,3.547028,2.104053,1.329911,1.900351,2.545206,3.037683,4.237154,6.864777,1.016368,3.016296,1.235090,1.206910,4.366778,0.959940,2.514273,1.246231,1.138031,1.947479,1.537145,1.128714,1.594115,0.919393,1.114829,3.007501,2.161586,3.253185,1.122335,4.382790,1.804604,1.023143,1.038822,1.804183,2.138378,0.816872,1.732301,1.074510,6.058651,4.048513,4.279817,4.439168,3.561053,4.079293,3.355908,4.057191,3.474030,1.703022,3.686230
9.479135,5.208438,3.648918,4.655185,1.546591,2.923781,3.117366,1.890281,1.906474,4.788011,5.127785,5.330301,3.449382,8.221204,4.479252,8.039775,4.013489,3.907508,2.578642,2.430489,1.976137,3.571045,4.855156,3.556036,1.347692,6.460374,2.425803,5.270562,2.164769,3.974479,2.178615,1.915350,2.159088,3.629418,2.094192,2.346267,4.835995,2.456669,1.913770,1.680836,1.715388,1.310673,4.288027,2.103661,1.234320,2.856359,3.207590,1.810384,4.941863,3.177780,3.543126,6.659817,3.677415,7.723444,3.564473,2.639683,3.807470,5.609868,4.395331,1.443575,2.472848,0.000000,2.565694,3.647235,4.637791,2.568842,1.906443,5.966590,6.052258,5.262086,5.603892,5.392183,5.681007,5.464975,2.175509,1.574392,2.331783,2.996647,2.287898,4.357706,3.082410,2.587966,3.618588,2.916648,4.230254,4.227836,8.190318,2.757092,3.414211,2.325993,2.245180,4.192318,2.680819,3.740461,4.181591,3.842015,3.128130,3.914831,2.842466,2.078508,2.315899,2.935047,3.049040,2.222577,3.704393,3.624435,4.509726,4.043651,2.215102,2.435484,4.109589,3.128241,1.411012,2.387570,2.208575,6.669688,4.762604,4.445987,4.562431,3.878044,4.916371,3.524931,4.633671,3.687552,2.180090,4.114087
8.618728,4.133717,2.896181,4.031155,1.140778,1.933852,1.537980,0.966062,1.257867,3.698479,4.538265,3.481824,2.362397,6.410418,3.347652,6.994146,3.166231,3.124987,1.249275,0.806009,1.766785,2.997610,4.294962,3.173776,1.092182,5.407490,1.403059,5.017672,1.397633,2.459567,1.443146,1.063610,1.887151,1.338741,1.178357,1.168777,2.223367,1.471700,0.989048,1.196127,1.328947,1.109673,2.773845,1.562311,0.822847,1.554478,2.472572,1.273423,3.196017,2.083691,1.798690,4.094821,1.397885,6.257786,2.406218,1.146025,2.106351,4.132212,3.335065,0.859550,1.045740,2.427503,0.000000,1.974123,3.548415,1.747766,1.014588,4.678280,4.459928,4.034348,4.322555,4.314617,4.890634,4.826155,0.922465,0.897606,1.155637,1.339838,1.503273,3.275654,1.983917,1.456387,1.939034,2.292103,2.970770,3.404712,6.477333,1.134301,2.701372,1.326258,1.364751,3.815254,0.987731,2.327895,1.485751,1.455212,1.805796,1.984681,1.392238,1.374793,1.152607,1.474058,2.620249,1.973122,2.724863,1.411308,3.526870,2.077308,0.909079,1.023144,1.920031,2.138492,0.969771,1.461390,1.116694,5.276059,3.366843,3.500820,3.884302,2.800521,3.927794,2.785342,3.543694,3.013370,1.274812,3.195368
7.625009,3.511461,2.501720,2.941187,1.180532,2.673605,1.760425,1.198249,1.316411,2.457738,3.161632,2.682881,1.750038,5.969354,2.641553,5.451264,2.539822,2.453554,1.300161,1.036775,2.106075,1.964032,3.001588,2.684930,1.128880,5.733140,1.740547,4.137772,2.050869,2.589935,1.258349,1.192846,2.191978,1.830062,1.376653,1.460006,2.929038,1.924141,1.041290,1.659720,2.063542,1.361569,3.553715,2.393625,1.053173,2.285477,2.829655,1.807510,2.575448,1.516320,2.521069,3.870344,1.596601,6.099058,1.842143,1.819809,1.981798,3.007501,2.095819,1.230410,1.947654,3.673325,1.942671,0.000000,2.602331,1.385649,1.633243,3.204473,3.370412,2.903115,3.030400,2.617430,3.128644,2.738805,1.142358,1.290210,1.519911,1.599803,1.553168,2.024363,3.546805,1.716267,1.449414,1.976621,2.622570,3.265710,7.083791,1.816817,1.826108,2.154980,1.286900,2.443498,1.318199,2.699547,2.121203,1.737803,1.759043,1.524890,1.681477,2.230717,1.352852,1.514007,2.436534,1.941732,2.213091,1.743364,3.203774,2.375646,1.073385,1.161635,2.725867,2.527952,1.297770,1.843044,1.277365,3.991504,2.588881,2.465696,2.692814,2.333140,3.002710,1.874144,2.393484,1.979385,1.153079,2.583791
7.910419,4.654838,3.886072,3.703254,1.978757,4.089899,3.558509,2.010879,2.419520,3.478671,4.568877,3.598703,1.490261,6.208801,4.665026,7.040514,3.903687,3.728031,2.717124,2.549437,2.477530,2.605939,4.553924,4.108053,1.508539,6.814034,3.153263,5.099217,3.122738,4.087715,2.397573,2.547791,3.534179,3.843731,2.862876,3.265074,5.025007,3.196085,1.650301,3.574885,2.997529,1.832906,4.713069,3.756757,2.180831,3.483490,3.174509,2.911119,4.969016,2.611281,4.427729,6.112798,3.603085,7.794689,3.150480,3.283709,4.043575,5.256084,2.695043,1.207852,4.000815,4.366965,3.442214,2.169771,0.000000,2.026958,2.715538,3.935341,5.121073,3.716304,4.316495,3.532319,4.632658,4.415691,2.520855,2.510762,2.745708,3.125309,3.040957,3.409327,5.231435,2.596256,3.252752,3.093299,4.250302,4.488360,7.817775,4.453459,3.028902,3.445520,1.638988,3.833045,3.331305,3.964729,4.421191,4.517534,2.232218,3.896386,3.317373,3.066738,3.172547,2.871639,3.173330,2.647776,3.224256,3.851864,3.835797,4.323658,2.432950,2.570875,4.220722,3.852325,1.935141,2.721980,2.072799,5.198835,4.044346,3.920119,3.918589,2.916001,4.296833,1.748613,4.267803,2.649970,1.963683,3.480403
6.955820,2.193721,1.532675,1.581891,0.972331,1.909378,1.271255,0.971082,1.083154,1.673531,2.163664,2.255193,1.374722,5.363983,1.625764,3.828529,1.343561,1.422724,1.174658,0.847841,1.690951,1.549970,2.084562,1.420991,1.119078,4.612587,1.543301,2.987339,1.604421,1.873913,1.052893,0.999273,2.026344,1.386671,1.055828,1.078734,2.318216,1.508310,1.097379,1.300679,1.705073,1.198225,2.519281,1.766858,1.003676,1.754684,2.272153,1.598630,1.515888,1.094634,1.810941,1.837756,1.292258,3.893178,1.283375,1.591340,1.269926,1.567149,1.375817,0.921714,1.606993,2.943326,1.604134,1.003666,1.470774,0.000000,1.288134,1.775717,1.723027,1.782755,1.850223,1.793692,1.739327,1.259392,1.001421,1.124628,1.067441,1.288095,1.338175,1.134834,3.133705,1.297137,1.274837,1.291545,1.698835,1.760408,6.526337,1.844942,1.275297,1.728725,1.191061,1.325337,1.080353,2.116056,1.430987,1.511953,1.393576,1.266373,1.468732,2.120116,1.248199,1.416196,1.546486,1.268411,1.480619,1.239107,1.769570,1.581327,1.029667,1.072579,2.019254,1.959286,1.156999,1.180261,0.932048,2.555577,1.677930,1.503143,1.752373,1.532292,1.712658,1.483801,1.571595,1.492113,1.067271,1.542557
6.901909,2.864725,1.907722,2.527092,1.299030,1.394063,1.599950,0.937453,1.317421,2.391345,2.788286,2.182772,1.520241,5.604634,2.420341,5.564237,2.161063,1.954180,1.205677,0.701588,1.856511,1.760458,2.759048,1.987129,1.036702,4.250183,1.395022,3.043368,1.362520,1.745820,1.502396,1.160498,1.474430,1.730842,1.429125,1.460875,1.494066,1.474695,0.958233,0.778871,1.107362,0.947385,2.545313,1.098940,0.990111,1.666335,2.592243,1.170185,2.459233,1.714488,1.301385,3.283346,1.179166,4.969590,1.643341,0.990374,1.614585,2.625151,1.971684,0.784849,1.247652,1.651401,1.383176,1.563083,2.225817,1.333899,0.000000,3.119551,2.881294,2.429471,2.711351,2.653223,2.862958,3.070194,0.982234,1.021631,1.175555,1.097914,1.151011,2.090366,1.598656,0.999254,1.525635,1.918639,2.190407,2.486252,5.534898,1.127256,1.643553,1.353453,1.144884,2.579197,1.254576,2.138960,1.194953,1.312415,1.343774,1.554446,1.308477,1.672464,1.165049,1.257012,1.694670,1.600252,1.869116,1.503344,2.258647,1.863259,1.180167,1.203887,1.793718,1.253049,0.904813,1.268621,1.005296,3.611841,2.653488,2.594020,2.368587,1.919214,2.626535,1.709930,2.428241,1.590133,1.060696,1.912989
8.504490,4.613450,3.913405,4.157947,2.459330,5.115105,4.550726,2.698713,3.143470,4.670778,4.860750,5.574146,2.744856,7.471848,4.926672,6.782821,3.915032,3.891052,3.148769,3.124469,3.666240,2.649770,4.969958,4.202199,1.853293,7.486672,4.263034,5.940166,4.076777,5.824999,2.565364,3.085241,3.993700,5.247888,3.541486,4.051490,5.821355,4.061656,2.473430,3.867699,3.824933,2.618395,5.622502,4.309924,3.010944,5.254310,5.105133,4.093878,4.232418,2.619294,5.262590,5.371080,4.470750,7.154402,2.918879,3.984868,4.491183,4.813876,3.056014,1.487069,5.304414,6.157201,4.635839,3.183402,3.835822,1.552298,2.943623,0.000000,4.241748,4.252398,5.000975,4.006860,4.176324,3.858013,3.484150,3.010270,3.462166,4.144267,3.964656,2.745399,6.389606,4.025177,2.820129,3.012084,4.841069,4.497586,8.722064,5.359640,2.623821,4.758037,1.835787,3.488284,4.267863,5.077506,5.167477,4.832257,3.310470,4.536296,5.033348,5.077638,4.387273,4.257628,3.359624,2.803683,3.424400,4.351831,4.376925,4.928491,2.884591,2.707583,6.094878,5.002164,2.100076,3.519832,3.023721,5.747427,4.765309,4.386149,4.051399,3.913526,4.314169,2.050949,4.453044,3.236290,2.605895,3.889498
7.693698,4.650991,3.244489,4.116376,2.326058,4.556851,3.556636,2.435104,2.387462,4.553430,4.498506,5.297504,2.960648,8.111220,4.632186,7.080000,4.269148,3.579152,2.743600,2.067107,4.445042,2.933182,5.365171,4.332877,1.774448,8.061133,3.638214,5.876380,4.014064,4.885171,2.260420,2.359655,4.144248,3.287235,2.459471,2.761685,4.929902,3.607766,2.442543,2.926606,3.727083,2.463458,4.986596,4.435662,2.681109,5.105081,6.316799,4.523186,2.779072,2.060546,4.711103,3.269509,3.037931,5.818891,2.307830,3.654911,2.936182,4.160216,2.906382,1.137674,4.063324,6.651369,4.200328,2.886392,5.466281,1.399642,2.598675,4.438889,0.000000,5.082563,4.927963,4.866870,3.150881,3.922223,2.766412,1.477021,2.847433,3.133087,2.828521,1.972758,6.380546,3.975012,1.615649,2.730158,4.668584,4.960437,9.087883,4.537526,2.007167,4.390457,1.670510,3.013413,3.125735,4.991497,4.218392,3.776456,3.895509,2.932995,4.355681,5.019528,3.322770,3.849130,3.943347,3.181374,3.575366,3.657062,4.492902,4.085695,2.017398,2.176135,5.026902,4.497884,1.976209,3.493929,2.464142,5.937823,4.650231,4.214667,4.280213,4.424898,4.211513,3.167039,4.027975,3.112415,2.175666,4.244965
8.298801,4.898336,3.463347,3.630716,2.041921,4.693868,3.887472,2.465549,2.859051,3.994271,4.487868,3.890278,1.781053,6.777952,4.768233,6.901204,3.591607,3.756358,3.189368,2.863934,3.279679,2.703317,4.379310,3.866461,1.676057,7.495679,3.690487,5.880137,3.672548,4.965910,2.575119,2.643742,3.904463,4.680279,3.100326,3.361969,5.533454,3.668225,2.046312,3.849183,3.258584,2.188547,5.300152,4.034859,2.551573,4.361000,4.718670,3.607266,4.669807,2.698696,4.837015,5.945156,4.065791,7.940970,3.231315,3.608677,3.961310,4.571191,3.123004,1.485716,4.628240,5.554797,4.098713,3.130354,3.344428,1.967407,2.710929,4.196774,5.089119,0.000000,4.815172,3.571456,4.060667,4.342865,3.125485,2.905481,3.054338,3.716617,3.383735,3.336477,6.001935,3.373698,3.291661,2.717696,4.388224,4.229283,8.430246,5.009332,2.795414,4.054730,2.089809,3.579620,3.879751,5.106003,4.461346,4.726947,2.683309,4.229985,4.168459,3.909965,3.620853,3.720451,3.274972,2.601043,3.216809,3.873562,3.910462,4.510813,2.719862,2.428372,5.203460,4.298560,2.174872,3.117940,2.827754,5.238056,4.100500,3.741735,3.791300,3.133190,4.028697,2.003653,4.060603,2.624057,2.337267,3.826411
8.250537,4.903185,3.939626,4.559678,2.418750,4.959061,4.230711,2.485573,3.313988,4.489143,4.965704,4.397981,2.451438,7.611458,4.773511,7.453080,4.217818,4.018149,3.145738,2.756929,3.958025,3.012809,4.778740,4.371069,1.790725,7.365925,4.169975,6.067669,3.874532,4.993837,2.992047,2.840557,4.190756,4.406863,3.094550,3.350107,5.501665,3.784612,2.341091,3.658004,3.621856,2.677332,5.685189,4.336987,2.637186,4.695111,5.070087,3.857591,4.757416,3.085873,4.755512,5.833653,4.012742,7.204328,3.261569,3.742997,4.352823,5.337932,3.518336,1.425077,4.536853,5.904105,4.317815,3.244894,4.058917,1.763242,2.840606,5.136743,4.953927,4.588492,0.000000,4.248850,4.432662,4.498835,3.226290,2.491666,3.100642,3.390300,3.522732,3.338535,6.561490,3.337946,3.114229,2.967750,4.643961,4.930562,8.294550,4.789011,3.000212,4.659402,2.376096,3.984903,3.693473,5.080177,4.455542,4.585591,3.277885,4.159262,3.914933,4.824215,3.679260,3.743796,3.928008,2.712912,3.568382,3.920877,4.289805,4.781544,2.649362,2.624148,5.416282,4.373834,2.199750,3.325015,3.079947,5.825587,4.434800,4.178923,4.324228,3.949692,4.351680,3.043771,4.606925,3.089007,2.462139,4.113561
8.930555,4.806780,3.245489,4.149399,2.413977,4.956028,4.101423,2.529723,3.086828,3.909653,4.652936,4.706244,2.150023,7.160751,4.391446,6.816862,3.789105,3.502148,3.077158,3.166744,3.510580,2.478819,4.436036,3.652844,1.669736,7.765976,3.916508,6.131008,3.963080,4.738639,2.688914,2.837642,4.128218,4.998668,2.950291,3.443476,5.616114,3.465798,2.154547,3.510190,3.736250,2.581124,5.270874,3.914162,2.756406,4.874041,4.832967,3.959054,4.058557,2.638608,4.642031,5.881468,4.302522,7.825877,3.034942,3.857471,3.136592,4.719603,2.734667,1.372327,4.986253,5.675337,4.358701,2.428912,3.424807,1.863574,2.946395,4.219526,4.992252,3.503844,4.490492,0.000000,4.044730,4.159318,3.358706,2.828634,3.230133,3.956130,3.649225,2.898804,5.952788,2.971802,2.502887,2.179842,3.640482,3.983575,8.392906,5.348252,2.634608,4.223566,1.897357,3.405899,3.881182,4.936410,4.333246,4.823905,2.776471,3.849790,4.211490,4.858862,3.783188,3.487241,3.108790,2.434743,3.007562,3.904336,3.618150,4.523281,2.559877,2.109734,5.668230,4.460749,2.327567,2.974306,3.031571,4.898915,4.066641,3.579711,3.337977,3.308929,4.065079,2.315939,3.813760,2.429441,2.327016,3.497300
8.950869,4.475756,3.393267,4.267209,2.278076,4.812668,4.026840,2.967190,2.559214,4.467129,4.647958,5.018359,2.347567,7.809685,4.688989,6.553413,4.078229,3.529802,3.791788,2.885812,3.589368,2.202053,4.826955,4.101455,1.831683,7.756120,4.213302,6.173552,4.062912,5.585031,2.635159,2.856402,4.387380,4.257826,2.910021,3.064626,6.116639,3.847145,2.718925,3.936349,3.464163,2.834205,5.342518,4.207540,2.979982,4.994536,5.404691,4.411601,3.634456,2.420748,5.016002,4.321822,3.996024,7.199917,2.652240,4.200224,3.765459,4.206281,3.108471,1.293984,5.048780,6.050853,4.928263,3.073192,4.487147,1.443564,2.923700,4.313440,3.563280,3.916669,4.606663,3.943703,0.000000,3.670603,3.224763,2.277058,3.220511,3.625216,3.821916,2.179456,6.305661,4.030897,2.420719,2.418133,4.586162,4.405984,8.613558,5.250246,1.574733,4.799123,1.985690,2.262583,3.983833,5.203551,4.942888,4.873590,3.364384,3.910415,4.840915,5.095676,3.812600,4.204920,3.677606,2.716910,3.345679,4.156846,3.978644,4.819241,2.738043,2.734440,5.169385,4.716344,2.186051,3.436615,3.116883,5.354364,4.568767,3.866667,3.550688,3.912095,4.100802,2.564953,3.844283,3.035825,2.204280,3.768692
8.575445,3.995413,3.460705,3.987984,2.487880,4.876406,4.313564,2.630912,3.149669,4.124501,4.499629,5.119204,2.211237,7.768339,4.468905,6.434436,3.801133,3.190927,3.507519,3.351927,3.847165,2.102894,4.304338,3.555092,1.817738,7.794479,4.279579,5.484818,4.302780,5.469069,2.495155,2.849913,4.016611,4.898887,3.008897,3.331387,5.877192,3.873307,2.409133,3.834823,3.781485,2.769673,5.453306,4.157588,3.004211,5.250222,5.214195,4.248408,3.314300,2.230981,4.945799,4.198626,4.521141,7.248463,2.587003,4.375638,3.950794,4.058281,3.118376,1.501684,5.076942,6.041541,4.825478,2.537972,4.285696,1.375480,3.078844,4.098462,3.958205,4.190690,4.602648,3.840099,3.549222,0.000000,3.590616,2.316515,3.344097,4.238786,3.775644,2.235431,6.904251,3.750605,2.354567,2.336145,4.169085,4.086497,9.126244,5.757748,2.027112,4.656091,1.963280,2.646842,4.145445,5.230992,4.982078,5.642933,3.132639,3.850428,4.672600,5.309648,4.213438,3.886408,2.840062,2.489869,3.108404,4.222561,3.969916,4.484409,2.612908,2.152843,5.797583,4.597100,2.251409,3.489005,3.224751,5.311994,4.269890,3.317998,3.418221,3.414943,4.004772,2.455875,3.485129,2.630014,2.386007,3.778882
8.850306,4.126769,2.141223,3.837687,0.912614,1.395884,0.935698,0.752830,0.989417,3.082826,4.145718,2.885718,1.656641,6.718142,2.564825,6.035183,3.078899,2.724920,0.639555,0.843158,1.686168,2.528246,3.714615,3.022404,0.918764,4.291856,1.005336,4.594336,0.992261,1.522996,0.917708,0.868755,1.457692,0.767682,0.965844,0.859205,1.541842,1.001999,0.767718,0.913402,0.788517,1.039008,1.697857,1.390044,0.669580,1.031423,1.664080,0.972952,2.339957,1.697762,1.260402,2.838573,0.853050,4.948162,2.200252,0.828294,1.323485,3.049137,3.133176,0.737990,0.609251,1.934716,0.901468,1.527072,2.789081,1.343734,0.963190,3.960516,3.547209,3.588492,3.291377,3.594166,3.716103,3.976303,0.000000,0.887362,0.821674,0.970426,0.975544,2.575674,1.401986,0.873867,1.465249,1.855843,2.286567,3.109882,5.733279,0.978129,2.238361,1.007663,1.015508,2.936765,0.862099,1.181568,0.920916,0.861331,1.492925,0.868520,0.855691,0.980697,0.866894,0.943273,2.133276,1.715956,2.519717,0.892333,3.213728,1.302653,1.021810,0.913207,1.028773,1.520619,0.916678,1.191586,0.928634,4.584965,3.278221,3.234804,3.483533,2.582496,3.096910,2.475970,2.880796,2.700666,1.209091,2.587938
7.028239,2.320241,1.347513,2.237924,0.903063,1.184276,0.953231,0.713027,0.933231,2.363484,2.390546,2.123034,1.595996,5.126790,1.468707,4.224623,1.953067,1.699874,0.874418,0.859608,1.565210,1.369208,2.430534,1.585995,0.945259,3.932999,0.798212,3.070396,1.196778,1.170111,0.827783,0.788420,1.384643,0.743313,0.883672,0.859851,1.193405,0.890949,0.791733,0.835024,1.095169,0.911631,1.576595,1.124696,0.794357,1.021872,2.104822,1.010855,1.152037,0.994735,0.888200,1.862646,0.580564,3.456582,1.025998,0.855532,0.808325,1.785058,2.120151,0.758175,0.686498,1.542417,0.954447,0.954113,2.587682,0.708707,0.773139,3.267715,1.844997,2.741582,2.289121,2.307352,2.268604,2.236355,0.855850,0.000000,0.906107,0.835157,0.874403,1.391670,1.619673,0.928524,0.858668,0.971874,1.303251,2.152281,5.284585,0.837399,1.138605,0.855873,0.940432,1.912189,0.892162,1.423965,0.695681,0.740381,1.154976,0.716589,0.870434,1.192026,0.963858,0.738655,1.591589,1.358367,1.594648,0.693641,2.130024,0.971838,0.816558,0.897348,1.115197,1.172465,0.921767,0.928070,0.882258,3.673635,2.109447,1.969497,2.022051,1.829484,2.002691,1.793978,1.752632,1.651693,0.966382,1.755335
7.682451,3.513956,2.155674,2.922061,1.016028,1.679685,1.360245,0.851179,1.180973,2.588455,3.471625,2.676063,1.732933,5.932677,2.762258,5.822471,2.756768,2.565550,1.059200,0.901599,1.593597,2.165048,3.070755,2.612841,0.975806,4.871672,1.235088,3.922885,1.339402,1.892184,1.336201,1.000759,1.572587,1.354498,1.116175,1.161578,1.935897,1.582640,1.031878,1.023908,0.975883,0.908551,2.423206,1.514803,1.137514,1.346788,2.166487,1.170761,2.620114,1.774221,1.494026,3.611258,0.878020,5.163546,2.052073,1.128926,1.662442,3.198079,2.402804,0.743812,0.806691,2.173785,1.170150,1.732381,2.673938,1.225602,1.022560,3.552543,3.381814,3.013801,3.081161,3.232096,3.472714,3.449335,1.042840,0.948181,0.000000,0.865460,0.915175,2.294847,2.106700,1.064516,1.640746,1.926824,2.426173,2.741930,6.442687,1.065551,2.075851,1.262172,1.080340,2.798561,0.940306,1.905783,1.158326,1.348887,1.480771,1.264741,1.225653,1.449748,0.832075,1.201465,1.949209,1.511602,2.304678,1.495018,2.814631,1.693207,0.856510,1.111501,1.669011,1.627546,0.938018,1.286885,1.017761,4.183423,2.917204,2.707034,2.850126,2.473588,2.821712,2.050484,2.797349,2.363702,1.105401,2.542261
8.934013,4.506117,2.958920,3.954667,1.221228,1.856567,1.522630,1.062173,1.127540,3.258382,4.248857,3.057365,1.886583,6.602514,2.694012,6.527972,3.435055,3.033608,1.126158,0.901374,1.727586,2.835517,3.793449,3.641148,1.088465,5.379455,1.276518,4.611826,1.616230,2.069925,1.526635,0.990461,2.068073,1.468232,1.204111,1.235437,2.225525,1.778910,1.003435,1.043802,1.310930,1.005001,2.847281,1.738096,0.971665,1.658345,2.706468,1.261681,3.458164,1.972281,1.679527,4.146169,0.906889,5.956977,2.480048,1.000978,1.946077,3.788859,3.024890,0.919253,1.042901,2.391561,1.321393,1.608006,3.058205,1.391389,1.179852,4.325260,4.219128,3.847996,3.699042,4.059761,4.209541,4.320677,1.260548,1.106971,1.166634,0.000000,1.196258,3.224601,2.272931,1.141752,1.962865,2.327136,2.807415,3.640825,6.420546,1.170663,2.751280,1.218390,1.215808,3.415636,1.134477,2.078278,1.226757,1.258840,1.690620,1.346467,1.171414,1.544092,0.931463,1.373273,2.535603,2.010070,2.777679,1.308818,3.885968,2.054053,1.061218,1.054303,1.868310,1.861427,1.061013,1.351333,1.042410,5.062459,3.546723,3.586178,3.618964,2.906068,3.867033,2.539926,3.665484,2.749669,1.258521,3.437195
8.706504,3.898442,2.549389,3.687306,1.047397,1.757823,1.363332,0.796603,1.083283,3.235693,3.959760,3.226793,1.690271,6.960059,3.054993,6.773830,3.352653,2.626041,0.798667,0.821014,1.953957,2.624621,3.683143,3.295574,0.943986,5.676774,1.023512,4.526495,1.162210,1.845868,1.261640,0.841832,1.800024,1.121333,1.042829,1.079894,2.241810,1.437436,1.051689,0.933765,1.065599,1.015174,2.715192,1.431090,0.624408,1.261911,2.714081,1.273708,2.929404,1.665116,1.594517,3.517477,0.940649,5.717080,2.162715,1.085606,2.033286,3.835970,3.011105,0.855380,0.804853,2.073998,1.076588,1.757471,2.933929,1.378716,1.025342,4.092542,3.590631,3.550642,3.681943,3.672613,4.192497,4.021975,0.659344,0.914259,0.839963,1.018771,0.000000,2.704824,2.019649,1.110476,1.679672,2.073472,2.671954,3.223739,6.422621,0.993567,2.367136,1.211906,1.130768,3.261879,0.719019,2.233674,1.198476,1.115243,1.514324,1.056120,0.971433,1.284129,0.984114,1.131225,2.251519,1.555410,2.580515,1.134365,3.365618,1.536795,0.989120,1.008212,1.691579,2.016231,0.850765,1.398590,1.053084,4.830608,2.991331,3.077282,3.338331,2.874873,3.300273,2.416181,3.052793,2.615958,1.294128,2.918279
7.729310,3.246545,2.192001,2.924112,1.410580,3.748918,2.556708,1.528510,1.907141,3.236658,3.070909,3.546759,1.691571,6.719087,3.095816,5.369659,2.898366,2.460716,1.954538,1.655196,2.925049,1.924637,3.598940,2.724788,1.351340,6.123972,2.709114,4.735939,2.962536,4.120474,1.586774,1.738600,3.238334,2.688952,1.655420,1.862662,4.018029,2.293171,1.447260,2.269240,2.697885,1.786135,3.701580,3.178996,1.827968,3.828305,3.917942,3.052174,1.879374,1.440353,3.259152,2.844747,2.532103,5.352981,1.537085,2.524560,2.177436,2.732312,1.885439,0.613015,3.198859,5.089407,3.190565,1.766872,3.238766,1.244922,2.011961,2.861308,2.259420,3.228431,3.378212,2.843807,2.131862,2.326874,1.965760,1.109932,1.855133,2.400672,2.201730,0.000000,4.999192,2.653618,1.230653,1.680281,2.933010,3.118745,8.228031,3.516652,1.426215,3.185108,1.277446,1.551915,2.288618,3.449790,3.628181,3.346528,2.370074,2.187762,3.068414,3.776649,2.387334,2.709878,2.345541,1.960612,1.919920,2.571783,2.720398,3.066120,1.495506,1.612743,4.110742,3.203561,1.516379,2.046229,1.882780,4.430396,2.982928,2.631503,2.578687,3.060193,2.860087,1.831282,2.534801,1.977315,1.637622,2.805755
0.000000,5.927964,4.335758,5.371719,1.716803,2.799396,2.581848,1.468420,2.037182,5.623202,6.164394,5.376322,3.980386,8.344963,5.215655,8.619133,4.948507,4.592574,1.818078,1.373332,2.872811,4.140299,5.829484,4.522708,1.511794,6.788920,2.255906,6.994452,2.317139,3.826208,2.465159,1.733057,2.543909,3.203776,2.132529,1.982415,4.173826,2.198972,2.158480,2.033107,1.859677,1.506287,4.202644,2.059435,1.150691,2.791388,3.840865,2.217611,4.947445,3.597138,3.090301,6.404280,2.372815,7.648682,4.048862,2.341807,3.589933,5.767400,4.861163,1.119009,2.328402,3.033445,2.064574,3.524680,5.358852,2.880597,1.511373,6.478862,6.444892,5.847157,6.385988,5.592441,6.093922,6.815528,1.396440,1.398345,2.081305,2.403615,2.061333,4.866361,0.000000,2.662231,3.150069,3.361583,4.640396,4.933371,8.244008,1.820288,3.866449,2.241483,2.135407,5.532907,2.066847,3.747374,2.775848,2.784055,3.113323,3.538797,2.789740,2.478132,1.742167,2.808186,3.894951,2.436131,3.826390,2.607357,5.146870,3.786404,1.671415,1.804074,3.643946,3.407374,1.307016,2.763998,1.664254,7.180754,5.416346,5.207574,5.484631,4.483084,5.572293,4.263035,5.324949,4.399685,2.229986,4.544881
8.411322,4.203263,2.802801,3.343953,1.294525,2.336772,1.791228,1.152399,1.271102,2.727836,3.874303,2.842239,1.690541,6.273175,3.160814,6.535368,2.700473,2.998487,1.306883,1.103714,1.758240,2.361736,3.288005,3.173666,0.991611,5.540359,1.571129,4.680766,1.658132,2.429818,1.467623,1.262411,2.014852,1.763012,1.450144,1.511330,2.625489,1.874146,1.083417,1.345671,1.757508,1.116105,3.112539,2.149613,0.926005,1.752240,2.424553,1.408477,3.482600,1.970427,2.195438,4.761631,1.479118,6.366865,2.435051,1.423606,2.223372,3.968801,2.828897,0.999730,1.561805,2.430212,1.478961,1.921161,2.411776,1.706558,1.229207,4.189681,4.273205,3.534095,3.717303,3.086441,4.359773,4.017415,1.224104,1.319825,1.244079,1.524214,1.510872,3.068693,2.687296,0.000000,2.097949,2.306343,2.935404,3.400383,6.455537,1.536994,2.545251,1.482220,1.154759,3.265256,1.275684,2.639173,2.083099,1.785708,1.621683,1.700937,1.479003,1.433359,1.399347,1.499323,2.257608,2.208702,2.692527,1.867502,3.229486,2.573951,1.401204,1.458544,2.505372,2.186980,1.028748,1.536691,1.323396,4.818686,3.221464,3.330776,3.439493,2.549454,3.370601,2.011794,3.052210,2.328046,1.256808,2.910929
7.353528,3.117259,1.814547,2.487530,1.067266,2.154993,1.534902,0.956610,1.167934,2.587766,3.110298,2.951407,1.510108,6.353787,2.280075,5.076348,1.804636,2.140639,1.114905,0.839236,1.950235,1.547809,3.200238,2.298874,0.986330,5.487022,1.611704,3.939573,1.869812,2.146848,0.946467,1.144026,2.249378,1.237282,1.122315,1.113505,2.372387,1.604446,1.012674,1.310976,1.920531,1.211102,2.838534,2.090719,0.997034,2.050650,2.994788,1.828139,1.683562,1.008994,1.851634,2.529662,1.257270,4.611303,1.274520,1.522442,1.267745,2.279971,1.980534,0.900015,1.572624,3.645183,1.692638,1.126410,2.848277,0.894647,1.249517,2.687208,1.837371,3.020727,2.755818,2.113870,2.172229,2.265426,0.999985,0.984057,1.245656,1.126921,1.311229,1.103343,3.034158,1.468435,0.000000,1.437196,1.963509,3.068980,6.911807,1.713177,0.995412,1.745536,0.991753,1.713776,1.131340,2.587271,1.654810,1.591121,1.480304,1.179207,1.497493,2.120901,1.092441,1.266411,2.028706,1.418592,1.871926,1.435642,2.667881,1.875199,0.991190,0.902329,2.077269,2.308214,1.039255,1.460503,0.925093,3.962355,2.608360,2.558184,2.534109,2.385548,2.560228,1.602183,2.050068,1.590753,1.145833,2.206388
6.914420,2.145053,1.556296,2.090515,1.232222,2.544121,1.813201,1.278505,1.347342,2.183731,2.848718,2.660123,1.385068,5.895343,2.245858,5.072616,2.298052,1.833830,1.286631,1.208240,1.947459,1.646968,2.397588,2.030230,0.989183,5.295778,2.050052,3.724261,2.163919,2.727180,1.285840,1.193224,2.484548,1.794010,1.311380,1.410548,3.268201,1.622718,1.253286,1.793017,2.054702,1.464873,3.025398,2.307843,1.163257,2.504170,2.960431,2.139116,1.919936,1.045334,2.392792,2.641432,1.652513,4.933634,1.398975,2.010235,1.898066,2.284314,1.529693,0.253534,2.340742,3.503290,2.240475,1.471439,2.463722,1.324318,1.590342,2.353258,2.401662,2.147500,2.541428,2.281495,2.273640,2.035896,1.302642,1.407186,1.510214,1.369554,1.451423,1.438266,3.425718,1.572871,1.433208,0.000000,1.824960,1.948706,7.039053,2.389467,1.522658,2.233962,1.301674,2.048542,1.515126,2.921756,2.033379,2.316351,1.381980,1.356507,1.953535,2.870326,1.578781,1.496902,1.517638,1.205092,1.608504,1.548953,1.944938,1.827076,1.103021,1.163859,2.920513,2.622686,1.453812,1.569322,1.062689,3.257256,2.205565,1.928784,1.861869,1.983621,2.215581,1.612217,1.856549,1.520556,1.160528,1.826537
8.419915,4.495124,3.167254,3.926012,1.621222,3.398019,2.775128,1.978671,2.255372,3.681209,4.430388,4.249149,1.969638,7.580690,3.879757,6.506827,3.520202,3.036195,2.299372,1.834144,3.105874,2.296986,4.056132,3.144212,1.298449,7.210862,2.763956,5.805594,3.146490,3.967644,1.959216,2.042406,3.226891,2.997535,2.066674,2.392913,4.779336,2.868510,1.809415,2.393448,2.845786,2.074408,4.612281,3.273637,1.696448,3.558036,4.457661,3.039086,3.721584,2.311888,3.459138,5.156737,2.734123,6.883166,2.552200,2.931909,2.888638,3.681798,2.906904,1.208020,3.168097,4.612784,3.181457,2.454440,3.878571,1.602145,2.072038,4.838740,4.906046,4.026739,4.374722,3.511502,4.171378,4.193611,2.069114,1.920481,2.324054,2.408285,2.525837,3.016383,4.854334,2.554084,2.386481,2.001316,0.000000,3.697282,8.298512,3.603798,2.144586,3.254469,1.564596,3.127968,2.361592,4.225180,3.235880,3.434841,2.355030,2.572495,3.024095,3.897597,2.740832,2.455258,2.820549,2.134837,2.979085,2.989935,3.674327,3.265108,1.918740,1.554095,4.425171,3.490411,1.715056,2.470772,2.086243,5.292341,3.669084,3.553838,3.599637,3.234445,3.970301,2.336890,3.544516,2.629454,1.726018,3.436809
8.417092,4.157894,3.001996,4.010984,2.061410,3.814335,3.496416,2.167264,2.496523,3.958509,4.803984,4.420726,1.931146,7.899010,3.994764,6.463610,3.446124,2.993786,2.905928,2.793029,3.044164,2.261058,3.979372,3.351943,1.544089,7.407164,3.392357,5.531297,3.455622,4.562144,2.234894,2.385451,3.408156,4.018745,2.464850,2.660356,5.368329,3.004631,2.123979,3.134374,2.799715,2.132547,4.661873,3.243820,2.176583,4.121273,4.254492,3.435229,3.845029,2.110436,4.086341,5.047530,3.621960,6.907917,2.597648,3.481828,3.290691,3.554243,2.456424,0.963840,4.434431,4.804775,3.674353,2.728864,4.136173,1.917364,2.476639,4.492402,4.455690,3.801790,4.711987,3.537359,4.007030,3.726584,2.835293,2.276616,2.692092,3.235718,2.909082,2.564785,5.230620,2.921414,2.827026,1.951047,3.459334,0.000000,8.963849,4.282757,2.203692,3.839958,1.685331,3.079682,3.310678,4.687187,4.117381,4.404078,2.306647,3.424260,3.613256,3.960021,3.296167,3.414546,2.371150,1.799122,2.432296,3.598747,3.177368,3.962153,2.070448,2.181687,4.930184,3.839650,1.943846,2.771732,2.561591,4.878314,3.671965,3.284508,3.132237,2.919808,3.870046,2.296765,3.601268,2.443021,1.866546,3.089087
0.000000,8.793054,7.582430,7.920469,6.064242,7.724511,7.574507,5.487754,6.399627,7.762923,8.817172,8.005169,6.746883,0.000000,8.544722,0.000000,7.892112,7.957061,6.277782,5.760313,6.859912,7.347245,7.835779,8.140375,4.258773,0.000000,6.901905,9.072463,7.187141,7.842190,6.278377,5.832258,7.403723,7.496889,6.187477,6.780283,8.394967,7.144660,5.211999,6.485401,6.658247,5.712742,8.831372,7.326891,5.483051,7.792187,7.579937,6.883908,8.941593,7.174261,8.306929,9.836226,7.508977,0.000000,7.743217,6.801677,7.819079,8.681985,8.171670,3.376742,7.465495,8.299221,7.194548,7.193880,7.668235,6.293442,5.797177,8.437327,9.143752,7.881202,8.276415,7.999168,8.251105,8.406712,6.321732,5.838360,6.553282,6.465982,7.071738,7.972623,8.645245,6.723322,7.442321,7.179987,8.394268,8.269760,0.000000,7.452920,7.031224,7.392162,5.636561,7.912984,6.789794,7.974624,7.767751,7.557162,6.286898,7.929035,7.219699,7.358847,6.922050,6.898399,7.325835,6.339925,7.600171,6.977814,8.218003,7.799751,5.735240,6.001106,8.478867,7.508063,4.680619,6.792257,6.208601,8.842382,7.924252,7.878451,8.036771,7.490835,8.295957,6.713044,8.221647,6.973489,5.905097,7.969419
9.687673,5.220429,3.298574,4.992208,1.100166,1.685431,1.343502,0.904343,1.201415,4.589830,5.449935,4.363046,3.273187,7.214821,3.262872,7.281066,3.861094,3.699720,0.913583,0.901256,2.535470,3.664327,5.035328,3.710964,1.060416,5.355153,1.326215,5.574658,1.586797,2.135877,1.557719,0.893553,1.889477,1.142500,1.063281,1.081988,1.686780,1.377000,0.959144,0.942973,1.526594,1.151703,3.407413,1.354177,0.971659,1.412562,3.410243,1.040483,3.325609,2.174600,1.494097,4.627104,1.029015,6.380194,2.680981,0.881125,2.004547,4.164109,3.988551,0.804089,0.841161,2.713642,1.060853,2.012432,4.574129,1.787768,1.125503,5.822504,5.307248,4.960226,4.800817,5.345437,5.716673,5.878138,1.279247,0.978352,1.099148,1.035768,1.195159,3.878903,1.613256,1.340616,2.046971,2.439633,3.496922,4.169593,6.878296,0.000000,3.281631,1.181248,1.372176,4.945402,1.041271,2.302999,1.071099,1.057736,2.269940,1.693334,1.123073,1.356811,1.123822,0.984500,3.216784,2.324045,3.393366,1.097252,4.745650,1.748078,1.001173,0.947668,1.772465,1.995711,0.867070,1.546159,1.044351,6.262511,4.572763,4.782812,4.749518,3.777686,4.393059,3.610103,4.509200,3.822685,1.565864,3.687952
6.920713,2.462921,1.625611,1.966832,1.160115,2.906366,2.123866,1.372051,1.533369,2.316777,2.426022,2.682805,1.379088,6.195261,2.069704,5.052805,1.602840,1.523085,1.682602,1.438751,2.205403,1.436967,2.475099,1.799093,1.097687,5.848068,2.205294,4.110259,2.460884,3.129449,1.165204,1.593826,2.431572,2.164773,1.470558,1.853499,3.652256,1.932388,1.265719,2.015648,2.181641,1.596734,3.389122,2.366792,1.585620,3.000515,3.366497,2.383301,1.630053,1.219719,2.649845,2.575920,2.066101,4.820139,1.406915,2.408432,1.819442,1.873266,1.526422,1.212836,2.705942,3.874340,2.567506,1.484620,2.435845,1.024610,1.459473,2.318208,1.930340,2.459031,2.683404,2.274205,1.628811,1.755284,1.737694,1.408456,1.585411,1.791555,1.883783,1.081265,4.148824,1.878567,1.527336,1.451769,1.987348,1.717597,7.150871,3.123479,0.000000,2.548746,0.977186,1.437751,2.023594,3.099573,2.703614,2.703186,1.685752,1.839532,2.719460,3.177633,2.124828,1.963960,1.705836,1.254967,1.737893,2.235665,1.810441,2.701973,1.419513,1.417257,3.568041,2.697570,1.309596,1.783083,1.440910,3.414232,2.107738,1.988310,1.885516,1.857402,2.285775,1.610975,1.912417,1.516877,1.467226,1.825250
8.460925,4.241710,2.825687,3.951541,1.094445,1.673208,1.646327,1.028161,1.245298,3.793545,4.799395,3.777998,2.479479,7.348218,3.538518,6.816573,3.366324,3.289862,1.130550,0.940107,1.776247,3.137161,4.038379,3.059026,1.040090,5.420406,1.390835,4.924944,1.457334,2.394574,1.482954,1.118154,1.488351,1.758240,1.233902,1.192217,2.646452,1.522180,1.178406,1.187481,1.102704,0.996340,2.875940,1.554516,0.828121,1.604987,2.553309,1.307739,3.428264,2.302349,1.826102,4.526977,1.442359,6.189787,2.541505,1.256671,2.113515,4.197082,3.466649,0.844648,1.176244,1.969379,1.284764,2.289921,3.679199,2.031665,1.131840,4.975758,4.562916,3.975911,4.637379,4.241341,4.812776,4.581516,1.022198,0.912458,1.191208,1.337055,1.422536,3.289174,1.815169,1.635493,2.075686,2.343071,3.184483,3.522491,6.893406,1.100984,2.839707,0.000000,1.504805,3.588458,1.139450,2.207947,1.788804,1.761243,2.064331,2.176832,1.564051,1.465327,1.168541,1.652656,2.556463,1.855361,2.750740,1.793168,3.892918,2.480436,1.152302,1.333478,2.063810,2.133559,0.995351,1.682686,1.143495,5.529496,3.235833,3.613050,3.764256,2.961380,3.849227,2.706659,3.692229,3.048818,1.629818,3.190218
6.535185,2.395130,1.626880,2.080871,1.090061,1.459463,1.182431,1.076827,1.031919,1.787991,2.472049,1.990585,1.178418,5.109029,1.947922,4.358340,1.915493,1.568457,1.060228,0.953855,1.258679,1.393142,2.392657,1.953219,0.942272,4.042723,1.010166,2.922213,1.295624,1.528030,0.925731,1.017985,1.525768,1.053762,0.927205,1.020475,1.672934,1.295612,0.906571,1.119711,1.097373,0.994954,2.050618,1.426599,0.942809,1.294741,1.692124,1.243489,1.932316,1.051733,1.504038,2.409364,0.962815,4.090591,1.177174,1.081294,1.299921,2.286048,1.665613,0.944546,1.034948,2.217505,1.135476,1.115660,1.757704,1.012534,1.076121,1.991618,2.120471,2.039285,2.360093,1.953145,2.139754,2.158150,1.091528,0.951802,0.918283,1.128164,1.047032,1.440860,2.013084,1.092779,1.268220,1.186132,1.730870,2.028132,5.319319,1.055041,1.424118,1.249690,0.000000,1.663364,1.011051,1.701099,1.259870,1.162605,1.298216,1.251907,1.037435,1.348706,0.951308,0.980831,1.482741,1.146354,1.616070,1.169229,2.049151,1.497798,0.979624,1.065027,1.493508,1.439401,0.946895,1.133961,1.042545,2.908455,2.208895,1.974104,1.887547,1.699996,2.082995,1.263468,1.847006,1.350673,0.902744,1.811578
8.267612,3.713657,3.064598,3.506103,1.696023,4.140807,3.250994,2.118289,2.353175,3.676344,4.069616,4.367801,1.692259,7.431220,3.757585,6.177146,3.102749,2.877967,2.827039,2.243416,3.043850,1.968771,3.836008,3.247091,1.459664,6.875954,3.330168,5.275027,3.418307,4.175463,2.141823,2.323532,3.771427,3.739900,2.271815,2.621462,4.959731,2.827909,2.027627,3.223916,3.168940,2.259894,4.541781,3.640809,2.292130,4.117624,4.392840,3.387483,2.339781,1.735723,4.202745,3.601602,3.282131,6.259647,1.892565,3.260737,3.248912,3.267117,1.895582,1.234485,4.209813,4.944421,3.781031,2.296278,3.745023,1.097143,2.672059,3.661931,3.336126,3.478378,4.134968,3.284599,2.584809,2.618590,2.709530,1.963035,2.536332,2.988375,3.133820,1.445875,5.645710,2.980481,1.795790,1.873473,3.363251,3.588399,8.327334,4.662323,1.618598,3.606747,1.534023,0.000000,3.338405,4.101011,4.209767,4.372751,2.759419,3.230541,4.054949,4.287816,3.197791,3.127976,2.361769,1.748967,2.148562,3.497770,2.972452,3.813463,1.971207,1.901159,4.768488,3.968852,1.924434,2.808160,2.456524,4.716116,3.758784,3.139434,2.775064,3.041158,3.436590,1.859021,2.904416,2.185897,2.008174,3.007205
8.259631,4.490477,2.546244,3.785820,1.018239,1.687489,1.177539,0.680338,1.028796,3.181962,4.236814,3.321039,1.892871,5.878290,2.912857,6.245589,3.246773,3.070938,0.843720,0.796013,1.969749,2.743422,4.121878,3.277361,0.781138,4.683103,0.903012,4.755478,1.471306,1.770034,1.253991,0.788298,1.799291,0.891295,0.862742,0.863199,1.595530,1.207567,0.801085,0.860673,1.186667,1.026773,2.379944,1.666793,0.694197,1.157649,2.384201,1.024643,2.927511,1.827484,1.283674,3.811549,0.575936,5.952463,2.254112,0.895970,1.518658,3.688782,3.492089,0.662012,0.540089,2.415651,0.902160,1.682414,3.089985,1.536279,0.907807,4.531483,4.245227,3.944055,3.760832,3.968928,4.748304,4.543808,0.745177,0.818165,0.871550,0.919948,0.992406,3.085940,2.068727,0.974882,1.745329,2.165365,2.477984,3.509648,5.785921,0.793185,2.720030,0.990532,1.049306,3.805858,0.000000,1.826693,0.753813,0.929275,1.494883,1.270755,0.727237,1.122172,0.835065,0.839543,2.408254,1.949483,2.831694,0.975799,3.825212,1.566725,0.860044,0.894159,1.358726,1.730050,0.892659,1.175760,0.845863,5.283614,3.638328,3.711556,3.624826,2.819225,3.464958,2.457918,3.399309,2.985603,1.259198,2.903940
9.094013,5.310573,3.888290,4.827071,1.263919,2.842881,2.199680,1.560076,1.448382,4.343203,5.268991,4.311214,2.987937,8.001718,4.710599,7.446657,4.148480,3.881387,1.802395,1.285952,2.335668,3.391059,5.365195,4.050129,1.445256,6.072912,1.829621,6.147571,2.089677,3.531525,1.910876,1.420438,2.429772,2.489920,1.748862,1.795272,4.436183,2.312269,1.532167,2.361807,1.825796,1.478412,3.875717,2.772498,1.141427,2.797934,2.957262,2.103021,4.363238,3.064740,3.131444,5.605111,2.305195,7.596327,3.271477,2.319209,3.114069,5.313548,4.027367,1.113089,2.523872,3.637346,2.143213,2.881911,4.246623,2.320043,1.833251,5.296670,5.252645,4.994509,4.917413,4.975195,5.245854,5.175445,1.409025,1.389063,1.970758,2.136461,2.373516,3.673563,3.246647,2.650031,2.935083,3.015505,4.245800,4.337191,7.850278,2.396648,3.388239,2.268366,1.855357,4.252859,1.768300,0.000000,2.777752,2.549960,2.650949,2.970832,2.481835,2.302696,1.959460,2.640700,3.422310,2.716138,3.616548,2.921767,4.275982,3.613806,1.731973,1.910783,3.270722,2.853106,1.330264,2.213160,1.630958,6.010186,4.774648,4.460642,4.894877,3.793964,4.771826,3.252624,4.596241,3.648941,2.186529,4.097453
9.055952,4.664026,3.191064,4.434867,1.524821,2.473146,1.883316,0.969534,1.776788,3.999226,5.128457,3.750829,2.419599,6.914457,3.666530,6.627811,3.399821,3.426263,1.449800,1.012172,3.077456,3.011748,4.493315,3.508286,1.052535,5.674414,1.695537,5.614263,2.052591,2.308867,1.770764,1.259832,2.542003,1.869071,1.476429,1.539296,2.122135,1.858782,1.147412,1.185038,1.671495,1.460855,3.684001,1.934137,0.951381,1.975718,4.258229,1.622882,3.436702,2.204592,1.982050,4.923289,1.278550,6.680678,2.565680,1.386975,2.209686,3.982293,3.559611,0.826634,1.402833,3.621456,1.614676,2.118233,3.790284,1.548856,1.123306,5.161187,4.854615,4.284147,4.346146,4.135448,4.977428,4.980987,1.303613,1.149540,1.375487,0.970413,1.511946,3.936698,2.706643,1.675862,2.070387,2.411372,3.194602,4.082192,6.963810,1.366253,2.948522,1.729848,1.402064,4.262559,1.006023,2.966762,0.000000,1.514297,2.026409,1.916784,1.576363,2.058149,1.314746,1.371287,2.838352,2.254848,3.078378,1.550975,4.327730,2.289079,1.094237,1.099095,2.596159,2.490929,0.875796,1.747675,1.253687,5.609822,4.179861,4.019603,3.930504,3.630010,4.207750,3.046459,3.932841,3.240267,1.548882,3.690545
9.208807,5.817812,3.382079,4.874802,1.104315,2.123012,1.413286,0.904350,1.295506,4.389579,5.311285,3.850702,2.241817,6.869154,3.459392,7.289589,3.684404,4.232592,1.131655,0.862888,2.601473,3.824077,5.086242,4.213692,1.201949,5.693151,1.349573,5.988186,1.703187,2.171171,1.569546,0.928949,2.291593,1.448085,1.135410,1.213142,2.197973,1.608375,1.074588,0.990361,1.659510,1.140458,3.270417,1.902918,0.799494,1.667626,3.611418,1.449174,3.449242,2.167708,1.788757,4.405216,1.007262,6.165655,2.733315,1.194351,2.061164,4.367027,3.565209,0.912554,0.973052,3.247612,1.320407,1.989204,4.228384,1.754234,0.993771,5.096773,4.467783,4.784252,4.577325,4.882351,5.402572,5.858526,1.015551,0.822614,1.315153,0.884961,1.379372,3.910796,2.444667,1.460164,2.009475,2.779621,3.388911,4.567921,6.926875,1.123483,3.189664,1.525235,1.226341,4.897654,0.820642,2.504346,1.249294,0.000000,2.107226,1.491073,1.265185,1.694704,0.996880,1.281141,3.142708,2.753194,3.258773,1.269987,4.623837,1.872777,0.912217,1.058603,2.016808,2.171714,1.024187,1.606232,0.895184,6.012624,4.392741,4.886140,4.879831,3.699709,4.333155,3.459689,4.515351,3.411859,1.453681,3.932115
7.391165,3.247885,2.220656,2.711203,1.173227,2.406038,2.156501,1.311994,1.500856,2.492052,3.211935,2.775769,1.400145,5.636620,3.128011,5.616314,2.599486,2.527675,1.602630,1.430711,2.043448,1.563285,3.180178,2.571673,1.108208,5.480049,1.867206,4.498618,1.825221,2.574069,1.561486,1.354120,2.258761,2.023469,1.538665,1.587245,3.554868,1.952530,1.188173,1.800514,1.940066,1.348393,3.264677,2.117535,1.222598,2.370259,2.546243,1.936434,3.151288,1.493886,2.481983,3.944028,2.055373,6.117720,1.830289,1.898831,1.755484,3.078579,2.084446,0.905429,2.282519,3.005286,1.929714,1.777349,2.214298,1.259018,1.475387,3.321153,3.891328,2.728870,3.329632,2.905835,3.295155,2.952806,1.423605,1.303339,1.655839,1.823914,1.839960,2.178639,3.289570,1.645859,1.820805,1.353316,2.532390,2.529403,6.754620,2.341295,1.900163,2.000256,1.266434,2.679356,1.688871,2.529620,2.494241,2.315242,0.000000,1.822531,1.837893,2.199638,1.697318,1.520388,1.873323,1.548799,2.064461,1.940748,2.468253,2.321254,1.114530,1.100951,2.979412,2.389502,1.336271,1.794450,1.292311,3.963276,2.763263,2.360800,2.536105,2.268813,2.908107,1.511785,2.763609,1.899617,1.221445,2.368627
8.309904,4.775652,2.729749,4.038230,1.204935,2.377097,1.469723,0.995467,1.144619,3.767131,4.732964,3.897811,2.517030,6.506908,3.175474,6.864100,4.087211,3.621782,1.395152,0.837992,2.294660,2.965662,4.663150,4.236684,1.169283,6.016506,1.482509,5.421106,1.845688,2.300739,1.187857,0.849079,2.914797,1.205261,1.071485,1.184480,2.806212,1.854208,1.069772,1.457914,1.837211,1.290403,3.458621,2.539487,0.892739,1.971216,3.216421,1.819538,2.903381,1.885398,2.227214,3.828644,1.147118,5.267329,2.502653,1.708963,2.128990,3.915071,3.121908,0.890750,1.452080,3.867312,1.684173,1.856480,3.771343,1.237195,1.525751,4.818319,3.910668,4.543675,4.241745,3.960348,4.315778,4.280098,0.966214,1.040635,1.164138,1.067546,1.177786,2.752962,3.353097,1.405750,1.762995,2.212227,3.015402,4.254310,7.600310,1.599878,2.465969,1.956042,1.302275,3.651550,0.937897,2.804416,1.730947,1.455834,1.892346,0.000000,1.489573,1.760680,1.175409,1.399695,3.095473,2.404448,3.031523,1.362771,4.161609,2.257393,0.826440,1.256432,2.223439,2.634778,1.233619,1.883517,0.912883,5.581147,3.973718,4.159099,4.167719,3.572177,3.939168,2.655155,3.467812,3.014172,1.437724,3.633255
8.169807,5.058136,3.042189,4.197021,1.027357,2.140385,1.459336,0.904563,1.066704,3.786253,4.269050,3.285038,1.896795,6.018735,3.235435,6.885832,3.374535,3.404530,1.102528,0.659484,2.009293,3.002644,4.261306,3.804881,0.990531,5.397509,1.429459,4.530023,1.648849,1.980570,1.412266,0.692616,1.945415,1.106370,1.018483,0.956282,2.255574,1.531230,0.843169,1.203266,1.424264,0.990642,3.003858,1.973337,0.787108,1.437330,2.474830,1.171180,3.442953,1.907389,1.538498,4.364735,0.937545,6.585414,2.526115,1.068863,1.867692,4.154613,3.415266,0.766398,0.832809,2.132866,1.243292,1.873667,3.138347,1.687908,1.172321,5.248591,5.080531,4.113460,3.837328,4.240035,5.227646,4.879354,0.763663,0.978542,1.009768,0.892757,1.114188,3.687460,2.441664,1.048280,2.067409,2.415009,2.941151,3.696475,6.487502,0.919053,3.225247,1.274274,1.242731,4.358138,0.733770,2.151121,1.293779,1.258711,1.633655,1.491667,0.000000,1.185392,0.795542,1.105522,2.694937,2.266213,2.870882,1.290524,4.077848,1.845128,0.695402,0.955913,1.762834,2.082892,0.873525,1.352139,0.763388,5.677765,3.766057,3.847850,3.985281,3.043946,3.967970,2.807195,3.896772,2.939590,1.450718,3.433051
8.785480,5.528543,3.111037,4.248280,1.061701,2.093669,1.685615,1.180545,0.976361,4.033237,5.088536,4.010245,2.765254,7.716099,3.793238,7.534045,3.280279,3.617984,1.445727,0.951316,1.396040,3.423444,4.820245,3.404023,1.067824,5.564805,1.480589,5.189243,1.356990,2.126037,1.454568,1.008715,1.695871,1.308024,1.057383,1.056627,2.392951,1.511584,1.184962,1.337615,1.297730,1.206705,2.959759,1.759454,0.821755,1.692731,1.877880,1.365422,4.010187,2.146449,2.311968,4.598084,1.652009,6.875407,2.833286,1.510187,2.299236,4.838320,3.587289,0.850004,1.422484,2.039061,1.209817,2.387017,3.735171,2.064333,1.545628,5.363304,5.222754,4.172208,4.763868,4.801321,5.043673,5.190334,0.960109,0.794269,1.412177,1.810062,1.684396,3.442319,2.498627,1.866882,2.287270,2.490638,3.508725,3.390672,7.206568,1.266991,3.014244,1.554149,1.529149,3.934521,1.107464,2.330585,1.918775,1.652497,2.353871,2.131572,1.320700,0.000000,1.114853,1.720656,2.823631,2.025305,3.020829,1.748198,3.784782,2.249927,1.130973,1.280165,1.921333,2.372556,0.994086,1.610725,1.132088,5.676130,4.175441,4.182873,4.187140,3.099744,4.285797,3.056549,4.137309,3.153489,1.655141,3.415354
8.276480,4.175089,2.416581,3.551839,1.081196,1.613525,1.151187,0.878856,1.199303,3.222104,4.004198,2.974546,1.927683,6.226196,2.600450,5.801027,2.916045,2.990613,0.906980,0.947937,1.545706,2.454932,3.823361,3.056002,1.007507,4.747704,1.119937,4.203741,1.427710,1.862163,1.241815,0.930599,1.622867,0.849771,0.986344,1.089391,1.805490,1.243969,0.901162,1.078190,1.087642,1.092235,2.393517,1.515361,0.930120,1.253669,2.213674,1.088765,2.718039,1.667882,1.466682,3.634948,0.767046,5.541977,2.099457,1.044019,1.540369,3.208166,2.993027,0.900177,0.833459,2.271939,1.120942,1.414392,2.768101,1.289343,1.123606,4.370672,3.986943,3.508105,3.398597,3.539941,4.009795,4.183732,1.084189,0.956566,1.049041,1.176324,0.979762,2.771682,1.918776,1.095127,1.532213,1.812590,2.482768,3.403302,6.449008,0.865238,2.412158,1.182006,1.151932,3.506140,1.154500,1.872477,1.063059,0.988920,1.585765,1.058769,0.800864,1.202086,0.000000,0.899397,2.292813,1.903775,2.299080,1.016877,3.294740,1.457689,1.021861,1.091165,1.429419,1.742313,0.914917,1.169927,1.090853,4.627262,3.405756,3.028136,3.260403,2.481480,3.075595,2.244765,2.917662,2.488256,1.296689,2.770077
7.725397,4.238138,2.708579,3.372249,1.054839,1.993306,1.479254,0.819222,1.217085,2.717145,4.088284,2.901579,1.947400,6.183708,2.899963,6.127052,3.071913,2.948660,1.154758,0.760931,2.228443,2.249122,3.607868,3.173593,1.191823,5.033171,1.384576,3.734080,1.616457,2.152187,1.429846,0.817958,2.192211,1.139103,1.155284,1.127006,2.289377,1.621298,0.935410,1.208524,1.555912,1.164874,3.148014,2.036802,0.839288,1.365760,2.313904,1.374320,3.030644,1.788508,1.704758,4.066983,0.995855,6.212633,2.285927,1.275547,2.006718,3.876492,2.945880,0.757200,1.141275,2.783712,1.428400,1.424330,2.134486,1.377275,1.383206,4.075572,4.522690,3.478135,3.568107,3.304452,4.335730,3.856693,0.872440,1.091213,1.151186,0.815461,1.303894,3.200365,2.827847,1.230527,1.780707,2.086923,2.523040,3.590355,6.054664,1.117841,2.490014,1.531572,1.164903,3.377830,0.918061,2.370801,1.513832,1.286565,1.489174,1.410889,1.120768,1.656089,0.968847,0.000000,2.440716,2.104863,2.804095,1.285028,3.561630,1.797997,0.770983,1.007713,1.754731,2.030534,0.907102,1.574863,0.837684,4.551861,3.287071,3.059264,3.242465,2.544409,3.522731,2.055533,3.400392,2.192386,1.180333,2.939816
7.925005,3.237831,2.121127,2.944294,1.523923,2.847942,2.534024,1.424905,1.976550,2.851786,3.527749,3.388439,1.262874,6.760264,2.735931,5.642582,2.690472,2.546261,1.842101,1.725444,2.564701,1.543458,3.125132,2.353644,1.148775,6.174685,2.394446,4.718414,2.322358,3.412395,1.612600,1.646871,2.496918,2.831991,1.742794,2.086554,4.074760,2.123285,1.335481,1.940703,2.329052,1.652085,3.623509,2.505401,1.553874,2.928275,3.632794,2.489524,2.833695,1.757185,2.889629,3.588197,2.505421,6.092751,1.940406,2.283319,2.578656,2.938040,1.932057,1.048288,3.012701,3.617635,2.642457,1.783477,2.849412,1.400097,1.606458,3.342188,3.707221,3.110480,3.621538,2.775264,3.381121,2.574301,1.819154,1.559196,1.798766,2.112087,2.005488,2.035890,3.966121,1.945520,2.068644,1.699259,2.528457,2.441105,7.464154,3.155799,1.891415,2.663230,1.239719,2.487785,2.081108,3.353481,2.685924,2.879687,1.664425,2.484839,2.518407,3.091379,2.006919,1.980627,0.000000,1.585666,1.889896,2.383566,2.455341,2.892185,1.418410,1.450440,3.794928,2.989567,1.615627,1.961669,1.731511,3.985815,2.823300,2.541245,2.319213,2.324891,2.726997,1.707754,2.513779,1.757588,1.454696,2.204409
7.409057,2.361294,1.624215,1.909931,1.402267,2.163408,1.954680,1.293408,1.683894,2.177783,2.576010,2.379894,0.997343,5.926220,2.232919,4.864184,1.902028,1.759291,1.441544,1.682894,2.053959,1.463634,2.276790,1.666020,0.978287,4.953850,1.863552,3.654004,1.993659,2.667003,1.397819,1.559439,1.963943,2.557748,1.537698,1.909865,3.495762,1.713684,1.236348,1.785906,1.834913,1.430924,2.943538,1.670400,1.420517,2.584484,2.749895,2.055954,2.079268,1.407136,2.274485,3.059969,2.003294,5.053909,1.395546,1.949263,1.754801,2.160715,1.472092,0.600262,2.392812,2.818351,2.177585,1.526876,2.283523,1.293940,1.428213,2.523502,2.657771,2.172648,2.478686,1.996913,2.163997,2.139309,1.753650,1.205000,1.434643,1.705197,1.523836,1.422332,2.773743,1.729789,1.651680,1.287162,1.848509,1.808744,6.627186,2.561207,1.530866,2.163271,1.237936,1.809891,1.928917,2.743186,2.358186,2.670639,1.333971,1.971274,2.320015,2.575465,1.783297,1.917014,1.495648,0.000000,1.515838,1.844456,1.863321,2.282642,1.378589,1.399762,3.170827,2.097200,1.351907,1.597822,1.491466,2.998886,2.127999,1.740440,1.506584,1.637727,1.899998,1.178706,1.780405,1.127761,1.149188,1.608447
7.679479,3.240479,2.169616,2.868017,1.550113,3.101984,2.677868,1.659295,1.992716,2.829207,3.440796,3.232562,1.269769,6.472272,2.813505,5.903896,2.680708,2.361768,2.021196,1.875897,2.182483,1.490599,3.118279,2.504216,1.136351,6.185831,2.414314,4.763707,2.569690,3.331110,1.458070,1.909037,2.641977,2.934731,1.867661,2.196723,4.075143,2.319380,1.515847,2.372956,2.321715,1.732990,3.730420,2.695785,1.632117,3.254705,3.541601,2.684874,2.847411,1.507678,2.928385,4.009950,2.437621,6.196166,1.782515,2.545638,2.643701,2.913424,1.912712,0.544377,3.239227,4.200275,2.756108,1.815534,2.849604,1.380665,1.811176,3.253079,3.273249,2.872624,3.393979,2.525020,2.855821,2.907121,2.112242,1.652966,1.929777,2.159552,2.076305,1.756295,3.969885,2.072514,1.693593,1.505145,2.630093,2.555294,7.862640,3.509922,1.766595,2.785610,1.253881,2.074616,2.461310,3.603433,3.161775,2.913596,1.714715,2.237262,2.548190,3.160325,2.084566,2.328328,1.949891,1.645367,0.000000,2.281646,2.582934,2.973483,1.400212,1.538020,3.755081,3.032042,1.531090,1.961782,1.804301,3.976923,2.800424,2.613969,2.337234,2.195459,2.836167,1.347918,2.613355,1.602723,1.309687,2.379480
8.321919,4.473985,2.822978,3.888047,0.940181,2.004919,1.291246,0.908668,1.076964,3.492098,4.474872,3.389040,1.964681,6.756599,2.876117,6.413188,3.037478,2.989169,1.040334,0.757797,2.242060,2.539801,3.886829,3.105557,1.064527,5.744884,1.402158,4.859037,1.662438,2.088067,1.321815,0.912706,2.416904,0.965398,0.915683,0.933863,1.973382,1.551547,0.958256,1.042733,1.680902,1.223794,3.228746,1.742314,0.874797,1.712438,3.323525,1.408029,3.002588,1.585845,1.885571,4.115701,0.986804,5.972810,2.026046,1.347517,2.040783,3.653321,3.071956,0.592835,0.964820,3.367465,1.303975,1.641283,3.238650,1.229800,1.334018,4.288473,4.170577,3.790349,3.590290,3.608379,4.430493,4.217176,0.960738,0.943160,1.059712,0.723849,1.198419,3.132920,2.543108,1.233494,1.687858,1.599696,2.720728,3.643809,6.667995,1.084440,2.271224,1.510162,1.174157,3.488398,0.694315,2.572433,1.270413,1.159710,1.799305,1.228779,1.206814,1.898542,0.882557,1.030979,2.442269,1.967488,2.656883,0.000000,3.673899,1.667593,0.643199,0.796930,1.824278,2.153419,0.982555,1.504082,0.815632,4.911617,3.863283,3.504642,3.524581,3.078606,3.571123,2.534530,3.130543,2.578034,1.343550,3.110638
8.045202,4.083911,2.752270,3.281627,1.947356,3.856673,3.364285,2.059111,2.635196,3.280852,4.274566,3.630135,1.518529,7.145327,3.998757,6.309822,3.363600,2.946186,2.745587,2.535974,2.848859,2.065005,3.868680,2.990164,1.468208,6.725786,3.269824,5.121344,3.218928,4.830459,2.319144,2.394050,3.231801,4.084678,2.311204,2.946757,5.175743,3.040121,1.810311,3.187234,3.029627,2.071812,4.735136,3.542509,2.322550,4.143948,4.090819,3.494735,3.711573,2.218082,3.751966,4.741030,3.600772,6.713906,2.576108,3.520447,3.453800,3.869255,2.635860,1.426713,4.403993,5.042162,3.585713,2.479060,3.339572,1.669506,2.245783,4.207241,4.080523,3.627192,4.080980,3.078614,3.572489,3.607032,2.756662,2.215902,2.589495,3.093667,2.742273,2.376448,5.199077,2.690422,2.637975,1.827391,3.561052,3.247323,8.532607,4.584286,2.006455,3.846732,1.647998,2.829629,3.416510,4.295243,4.234784,4.091483,2.217956,3.229096,3.858160,4.051383,3.063759,3.227537,2.537100,2.056713,2.658420,3.382065,0.000000,3.972284,2.194841,1.838450,4.951513,3.627713,1.967992,2.714143,2.410752,4.474865,3.470558,3.181227,2.944086,2.783019,3.303531,1.626669,3.119753,2.079168,1.756339,2.738466
8.551309,4.927728,2.981664,4.524839,1.463416,2.893388,1.965509,1.158759,1.659497,4.025637,4.864340,4.087287,2.495748,7.354713,3.754609,6.832945,3.984354,3.642451,1.401777,1.009195,2.901975,2.780634,4.521947,4.013334,1.258893,6.699483,1.858198,5.858688,2.222393,2.899682,1.720872,1.245935,3.172672,1.589730,1.430916,1.434017,3.018576,1.904510,1.372836,1.584989,2.326974,1.483308,4.125509,2.783693,1.096054,2.497784,3.934861,2.080269,3.505957,1.996930,2.605270,4.785866,1.592451,7.145719,2.884312,1.932756,2.584359,4.225365,3.462348,0.869458,1.699730,4.023645,2.208680,2.360589,4.030171,1.384024,1.573992,4.979757,4.662811,4.414566,4.414177,4.182132,4.768372,4.536630,1.204025,1.180820,1.481125,1.319399,1.511830,3.328434,3.934106,2.075387,2.217324,2.253290,3.165228,4.224507,7.637429,1.855475,2.734955,2.373852,1.438158,3.790378,1.082192,3.463015,1.920930,1.744174,2.130741,1.943738,1.896954,2.489700,1.539919,1.717208,2.994551,2.394295,3.303117,1.659431,4.266097,0.000000,0.986016,0.996311,2.811660,2.941288,1.243255,2.148590,1.138622,5.618507,4.170606,4.102996,4.035663,3.704018,4.259951,2.837107,3.787769,2.896036,1.705684,3.719089
7.415214,3.092337,1.843696,2.239849,0.967610,1.212979,0.860814,0.905099,1.102613,2.056761,2.868490,2.050540,1.257128,4.997269,1.967448,4.581974,2.153199,2.233759,0.834085,0.959787,1.596184,1.794025,2.379297,2.245072,0.972928,4.058124,0.887444,3.399438,1.158850,1.256331,1.026838,0.800813,1.652355,1.047328,0.867173,0.976825,1.327029,0.909079,0.923872,0.684615,1.307732,1.022749,2.016745,1.205619,0.969250,1.106320,2.240097,1.153181,2.005480,1.240342,0.931828,2.524308,1.033485,4.570252,1.445298,0.863473,1.193098,2.207638,2.130911,0.854246,0.942850,2.267340,1.022194,0.946565,1.843155,1.046164,0.802445,2.996191,2.834796,2.673760,2.452682,2.363274,2.972727,2.592687,1.045177,0.904961,1.073192,1.028629,1.035916,2.046155,1.754630,0.716357,1.193846,1.474540,1.708511,2.164009,5.031846,0.985478,1.477342,0.896147,1.032372,2.000578,1.092160,1.394363,0.719156,0.653259,1.234364,1.096027,1.030852,1.146565,1.058275,0.818058,1.742399,1.430922,1.833420,1.061250,2.578805,0.873500,0.000000,0.951410,1.186282,1.466437,0.967245,0.978299,1.082455,3.283568,2.264660,2.200651,2.298348,1.981068,2.227768,1.716488,2.216013,1.655392,1.064421,1.870638
7.193891,2.333473,1.529736,2.030150,0.982930,1.535586,0.941696,0.884613,0.891200,1.948051,2.483763,2.173215,1.472596,5.099225,1.623200,4.274929,1.754076,1.605386,0.708577,0.795732,1.760040,1.752590,2.363594,1.604155,0.844698,3.863507,1.021494,3.264311,1.444376,1.409223,0.937868,0.750162,1.734754,0.870700,0.749179,0.885673,1.419436,0.862798,1.018435,0.789922,1.438574,0.946777,2.112468,1.393262,0.825587,1.153572,1.986934,1.248277,1.709789,1.171421,1.102134,2.301901,0.641654,4.233969,1.344195,1.075473,1.242182,1.805845,1.968319,0.856577,0.846918,2.573717,1.034555,0.911176,1.733070,1.055679,0.991162,2.590606,2.584857,2.118988,2.283306,2.043221,2.573394,2.154947,1.022870,0.847270,0.831427,0.734711,0.858571,1.657114,1.906022,0.858513,1.017153,1.341463,1.456835,2.072566,5.188047,0.970504,1.784288,1.101628,1.021128,1.989474,0.940921,1.583744,0.806760,0.770933,1.148233,0.787119,0.874123,1.453112,0.955506,0.670816,1.540840,1.369435,1.495463,0.692856,1.978095,0.993649,0.861119,0.000000,1.435564,1.520535,0.969943,1.021830,0.920505,2.825784,1.974645,1.859943,2.031612,1.617312,2.043362,1.598987,1.806717,1.600917,1.021578,1.629744
8.355759,6.094962,3.994840,5.211567,1.461182,3.048857,2.493676,1.329606,1.631601,4.985547,6.360073,4.850802,3.261050,7.961426,4.688120,7.745979,4.915034,4.622584,1.892377,1.176690,2.052525,3.934387,5.822162,4.909811,1.457576,6.117102,2.121268,6.328093,2.264152,3.179652,1.899076,1.414011,2.638093,1.915096,1.611474,1.515883,3.395825,2.140961,1.472621,1.919962,1.704173,1.486499,4.195098,2.990423,1.177911,2.420507,3.391786,2.123702,4.682335,2.909597,2.827708,5.478595,1.938600,7.470141,3.384642,2.045153,3.057301,5.236860,4.555851,1.147935,1.797830,3.984272,2.132871,2.905408,4.536864,2.196579,1.707711,6.227752,5.741660,5.183465,5.378279,5.482580,5.554748,5.958014,1.228939,1.237533,1.839373,1.717767,2.201329,4.341546,3.714096,2.552838,2.671869,3.206786,4.289519,4.802803,7.783929,1.855982,3.781413,2.354666,1.782380,4.852576,1.457169,3.016787,2.493603,2.287270,3.031352,2.457344,2.198594,2.080398,1.630266,1.962900,4.044944,3.040709,3.923890,2.202224,5.194907,3.043112,1.438003,1.760086,0.000000,3.363192,1.067097,2.227942,1.682245,6.523036,5.327596,5.193326,5.338890,4.112081,5.330223,3.878488,4.991505,4.125769,2.273771,4.482106
8.644468,4.680620,3.143409,4.239740,1.666142,2.737959,2.454960,1.509186,1.986971,3.958055,4.703078,3.608042,2.329055,7.213722,4.008238,7.094898,3.480657,3.258538,1.996219,1.509811,2.278833,2.893179,4.188987,3.425495,1.164045,6.434513,2.122045,5.540745,2.070461,2.902448,1.987890,1.764050,2.346433,2.871957,1.996628,2.172538,3.262156,2.294529,1.416365,1.740519,1.676240,1.414447,3.651717,2.266166,1.428111,2.673268,3.236784,2.021846,4.206681,2.687429,2.892860,5.293719,2.484526,6.667088,2.897571,2.027468,2.814672,4.512692,3.397980,1.115038,2.393785,2.965006,2.201896,2.764146,3.950417,2.166798,1.135956,5.177466,4.846238,4.375751,4.440274,4.457617,4.670572,4.629141,1.778465,1.321656,1.770222,2.124915,2.039468,3.128519,3.200484,2.335429,2.637080,2.814903,3.607863,3.704413,7.721842,2.195291,2.856291,2.146193,1.747289,3.930747,2.144966,3.162406,2.626375,2.504666,2.435080,2.905091,2.401687,2.242611,2.037808,2.470217,3.061324,2.135465,2.962976,2.693152,3.618896,3.262281,1.779062,1.940733,3.519460,0.000000,1.058337,2.020521,2.063036,5.460225,4.125913,3.932604,3.882577,2.816444,4.122763,2.830968,4.090112,2.983386,1.566971,3.352373
6.662922,1.975923,1.249603,1.870278,1.116260,1.091371,1.086579,1.093392,1.081133,1.897782,2.101717,1.711283,1.251535,4.484094,1.479889,3.777153,1.251021,1.549580,0.993507,1.050774,1.266939,1.286825,1.800401,1.222413,0.971530,2.825484,1.086077,2.377294,1.125683,1.222194,1.029086,0.968375,1.195501,1.150497,1.083945,1.232840,0.923597,1.128249,0.979523,0.962715,1.053962,1.045385,1.561843,1.069214,1.115651,1.171546,1.900786,1.042090,1.626272,1.017296,0.976540,2.276764,1.028372,3.719123,0.994359,1.007422,0.917974,1.610988,1.512368,1.046904,1.128266,1.336376,1.126318,1.237417,1.989438,1.034988,0.786956,2.172314,2.029126,2.115215,1.945550,1.980015,2.008241,2.100910,1.068011,1.116440,1.129276,0.968133,1.055852,1.493855,1.191810,0.948062,0.972167,1.096053,1.328675,1.654751,4.594032,1.132828,1.142111,1.080533,1.181507,1.692376,1.073459,1.486220,1.022993,1.032450,1.247418,1.077806,1.083062,1.176915,1.022143,1.107343,1.380509,0.928281,1.242377,0.887869,1.810937,1.148600,1.057422,1.104526,1.333455,1.070781,0.000000,1.163218,1.118938,2.503374,1.906414,1.704599,1.723529,1.329509,1.622765,1.357563,1.787688,1.308275,1.102847,1.427111
8.064039,3.507435,2.418952,3.240321,1.008746,2.111095,1.733884,1.100395,1.328530,2.825571,3.464838,2.795261,1.483669,5.908767,2.894694,5.805316,2.606650,2.455964,1.309754,0.717085,1.761920,1.913478,3.277119,2.636919,1.029854,4.809014,1.812380,3.852589,1.635880,2.416101,1.384345,1.248968,1.759516,1.761833,1.409280,1.546289,2.537504,1.794500,1.126382,1.492615,1.598535,0.983549,2.818252,1.772388,0.967130,1.974439,2.481410,1.770023,3.179328,1.770538,1.990201,4.013967,1.586332,6.139962,1.952408,1.480315,2.100196,3.209508,2.468983,0.785385,1.804871,2.556968,1.700742,1.797066,2.691721,1.319333,1.244820,3.707798,3.819732,3.064700,3.363307,2.777327,3.599609,3.444897,1.075677,1.220308,1.358932,1.187147,1.540914,2.279534,2.731542,1.309634,1.909575,1.907156,2.468077,2.810905,6.633141,1.650297,2.269502,1.727996,1.168964,3.041685,1.117167,2.406408,1.714368,1.573258,1.754826,1.754299,1.458457,1.791564,1.050736,1.594454,2.039391,1.653009,2.174514,1.734264,2.875775,2.337151,1.152470,1.244138,2.450533,2.056812,1.024015,0.000000,1.016718,4.182583,2.799970,2.966368,2.792045,2.172962,3.290144,1.918550,2.879696,2.049910,1.297235,2.341968
7.972728,3.528191,2.054484,3.032363,1.066193,1.290431,1.149941,1.093614,1.008947,2.466960,3.591421,2.547840,1.782732,5.776587,2.183243,5.347508,2.594478,2.426179,0.874444,1.054638,1.603856,1.993379,3.092470,2.700020,0.876540,4.418564,0.821496,3.635908,1.159402,1.537888,1.013197,0.948011,1.441535,0.847636,0.903948,0.968116,1.839285,1.011689,0.955211,0.817323,1.166715,1.035522,2.272065,1.362746,1.150685,1.200592,2.042536,1.009348,2.178080,1.315308,1.339825,2.926464,1.287137,4.681419,1.772393,1.078699,1.442960,2.554727,2.315022,0.894448,0.799470,2.323143,0.963554,1.113867,2.410370,1.080609,0.982402,3.357284,3.109746,2.992386,2.911166,3.038251,3.346903,3.419389,1.055865,1.101014,1.250284,1.302712,1.150587,2.265282,1.648082,1.034316,1.311986,1.644323,1.985003,2.802630,5.542645,0.984762,1.866684,1.081211,1.038436,2.722740,1.228015,1.557423,0.867064,1.137770,1.322858,1.050479,1.112265,1.130706,0.875301,1.051367,1.614800,1.665429,2.149913,1.001906,2.844567,1.118717,1.089416,1.130017,1.350806,1.681364,0.963477,1.266596,0.000000,3.832264,2.753576,2.752332,2.937008,2.522226,2.612070,1.945697,2.636479,2.100574,1.109534,2.197094
8.692598,5.324203,4.483856,5.176425,2.987891,5.495110,4.965118,3.253638,3.773064,4.796150,5.709336,5.143453,2.748327,7.899037,5.512487,7.314295,4.438031,4.601584,4.014713,3.574273,4.293604,3.591583,5.434529,4.853528,2.032608,7.987233,4.399449,7.243372,4.541598,5.812467,3.375871,3.687134,4.694399,5.703962,3.931836,4.353973,6.573002,4.506386,2.674684,4.477830,4.027531,3.254074,6.313179,4.845633,3.191486,5.713154,5.451965,4.516960,5.789313,3.877033,5.680798,6.884022,5.066885,8.081452,3.848005,4.621308,5.042423,5.295184,4.095777,1.587193,5.999909,6.379733,5.003692,3.909437,4.797506,2.674802,3.569061,5.853697,5.966102,5.200511,6.009329,4.795532,5.484176,5.409070,4.149767,3.648053,3.962271,4.381360,4.393921,4.402327,6.483062,4.523721,4.159356,3.568879,5.404784,4.922722,8.861145,6.120949,3.547663,5.226483,2.897661,4.510182,5.002560,5.846660,5.754900,5.852299,3.710467,5.134053,5.510093,5.342180,4.528050,4.709493,4.196517,3.257954,4.166846,5.242763,4.800808,5.771718,3.364996,3.129617,6.264209,5.232309,2.669938,4.220955,3.705352,0.000000,5.152559,4.355021,4.745426,4.329605,5.029327,3.220685,4.884987,3.809354,2.986920,4.451546
8.183537,4.499386,3.556004,4.030850,2.235188,4.111649,3.686434,2.495009,2.991538,3.804703,4.639545,4.453579,2.236858,8.100761,4.560574,7.222314,3.788248,3.476726,2.799768,2.720392,3.494418,2.773252,4.373711,3.644532,1.595913,7.507415,3.588065,6.114087,3.511252,4.501114,2.316812,2.693287,3.877921,4.383552,2.733256,3.240557,5.520186,3.416338,2.006334,3.293623,3.350412,2.318520,5.017119,4.003677,2.227956,4.417938,4.618585,3.549018,4.284977,2.596541,4.861166,5.960165,3.816228,7.702238,3.126674,3.659384,3.762831,4.682279,3.130028,1.427532,4.222220,5.226264,3.640342,2.528564,3.933876,1.749520,2.846516,4.807261,4.847293,4.070035,4.569716,3.857687,4.490443,4.172471,3.060208,2.612079,2.968534,3.484492,2.956632,3.049651,5.786084,3.126214,2.850532,2.730910,3.839477,4.065160,8.709423,4.821491,2.651817,3.374546,2.048557,3.448267,3.526078,4.746513,4.355984,4.337141,2.779074,3.796313,3.988204,4.269148,3.614191,3.304461,3.294250,2.527620,3.346748,4.227756,4.086036,4.362257,2.510292,2.422083,5.369784,4.072661,2.220523,3.023128,2.793280,5.564644,0.000000,3.452159,3.841152,3.433576,4.341060,2.776915,3.826208,2.816398,2.016119,3.690390
8.133566,3.908841,3.009009,3.620520,1.812841,4.201167,3.732579,2.249781,2.733524,3.477514,3.980260,4.371714,1.525627,7.682860,3.931935,6.372764,2.849488,2.882135,2.841807,2.640787,2.725851,2.051717,3.808600,2.914194,1.393919,7.034249,3.159928,6.024114,3.140313,4.432511,2.196165,2.533016,3.274073,4.655984,2.554230,3.037838,5.459086,3.087477,1.992461,3.507409,2.769638,2.347352,4.739648,3.516557,2.369559,4.325063,3.970317,3.325952,3.838688,2.279431,4.195422,5.419438,3.646742,7.083256,2.481498,3.582130,3.976999,3.841316,2.635073,1.335545,4.344756,4.803272,3.689594,2.314587,3.418597,1.555632,2.560442,4.148298,4.366476,3.395845,4.053698,3.310250,3.809128,3.243811,3.058889,2.550630,2.531304,3.187598,2.937525,2.644233,5.429925,2.993970,2.732219,2.107008,3.509158,3.536499,8.307050,4.919242,2.188543,3.574033,1.789146,2.743310,3.674653,4.530172,4.426802,4.903819,2.191963,3.682965,3.809037,4.396912,3.184245,3.174196,2.732698,2.181120,2.735749,3.718540,3.291962,4.223337,2.344028,2.025867,5.398787,3.895637,2.033767,2.868315,2.633376,4.419183,3.267007,0.000000,2.735179,2.676773,3.434975,2.105134,2.949817,1.912432,1.954456,2.970380
7.846585,3.953617,2.769952,3.221692,1.912810,4.035789,3.729926,2.181728,2.429044,3.387737,3.505987,3.823860,1.598240,7.352997,3.869741,6.185603,3.117357,2.860108,2.778252,2.552459,3.015450,1.981729,3.600609,3.052006,1.401138,7.401543,3.451315,5.489892,3.491752,4.331077,2.220980,2.422936,3.418359,4.448915,2.600658,2.935705,4.872524,3.257847,1.956144,3.097613,2.974909,2.122611,4.934485,3.208498,2.297562,4.386208,4.605332,3.337522,3.524439,2.343613,4.032105,5.016393,3.585788,6.871938,2.586189,3.482624,3.425984,3.021643,2.549141,1.283955,4.364741,4.943701,3.839363,2.306891,3.306852,1.510431,2.364472,3.842584,4.323792,3.296820,4.224942,3.034150,3.508353,3.305885,3.035244,2.434898,2.698442,3.173781,2.844735,2.465034,5.527210,2.991776,2.546740,1.791651,3.649604,3.493653,7.921991,4.698372,1.877346,3.681746,1.750022,2.542613,3.330879,4.900571,4.131567,4.605528,2.379156,3.723765,3.732299,4.237214,3.209477,3.074582,2.588678,1.987703,2.525172,3.662703,3.238639,4.095385,2.178511,1.852378,5.146093,3.722299,1.966790,2.711177,2.754840,4.734384,3.635352,2.769231,0.000000,2.687332,3.312619,2.097381,2.989496,2.066235,1.853977,2.716534
8.272498,3.935218,2.801560,3.037491,1.760263,3.354427,3.273787,1.887632,2.330125,2.735359,3.684523,2.996431,1.611166,6.301143,3.727993,6.483669,2.908602,2.625835,2.419182,2.466170,2.099000,2.010192,3.611667,2.919336,1.245455,6.245608,2.699329,4.881953,2.787322,3.544486,1.879903,2.008792,2.796736,3.784863,2.349290,2.759041,4.524822,2.810511,1.528962,2.746589,2.414345,1.538855,3.928615,3.038223,2.014693,3.194159,3.084475,2.593456,4.007863,2.139883,3.629552,5.255984,3.187651,7.509683,2.535108,2.913044,3.179753,4.049394,2.597131,1.237578,3.655026,3.884394,2.931540,2.091607,2.353722,1.569058,2.039641,3.752297,4.489057,2.791508,3.864419,2.819061,3.657043,3.196185,2.266865,2.222838,2.237056,2.732281,2.615181,2.854228,4.279811,2.287846,2.476524,2.119057,3.310718,3.086699,7.716640,3.863658,2.075823,3.056873,1.489243,2.812638,2.843874,3.686294,3.884843,3.836505,1.989336,3.187919,3.105843,2.970581,2.653186,2.615449,2.579542,2.002814,2.442920,3.208876,3.012315,3.807326,2.228783,2.027509,4.204053,2.860438,1.562752,2.256704,2.462434,4.093410,3.140796,2.672834,2.749316,0.000000,3.223266,1.833417,2.979027,1.899066,1.528960,2.504034
8.203850,4.568827,3.252272,3.457069,2.214223,4.064040,3.683518,2.268765,2.722417,3.680639,4.230085,4.114801,1.684392,7.162525,4.523259,6.485788,3.479451,3.535477,3.067235,2.668600,3.362676,2.407347,4.265368,3.664160,1.600864,7.238883,3.415551,5.517937,3.605329,5.070385,2.274899,2.558559,3.710249,4.141225,2.924541,3.061926,5.253530,3.534943,1.984102,3.378776,2.896622,2.377820,5.314215,3.626294,2.262897,4.304873,4.810923,3.361853,4.192743,2.362438,4.072637,5.404934,3.844048,6.884007,2.787907,3.528317,3.751177,4.578281,2.916902,1.402740,4.246118,5.356081,3.932769,2.656320,3.660752,1.601405,2.562744,4.039523,4.323289,3.636320,4.146429,3.756651,3.766177,3.669012,3.186604,2.507247,2.538310,3.341157,3.191848,2.820095,5.756157,2.931571,2.685784,2.399543,3.931342,4.034075,8.432442,4.477777,2.489211,3.676883,1.846246,3.089854,3.343429,4.921486,4.455908,4.151461,2.552023,3.597422,3.963784,4.402890,3.268048,3.470080,2.968401,2.303923,3.073944,3.894963,3.601091,4.298780,2.391271,2.353998,5.284801,4.049568,1.973318,3.305663,2.646899,5.002400,3.901357,3.325046,3.370950,3.153742,0.000000,2.257171,3.474201,2.344929,1.958818,3.276614
6.256681,3.085413,2.312339,2.417387,1.454189,3.037429,2.481254,1.630413,1.695736,2.381797,2.852339,2.313215,1.208468,5.011397,3.038350,5.615165,2.723015,2.406743,1.709381,1.726819,2.028168,1.339782,2.979923,2.807770,1.126136,5.655200,2.331100,3.814407,2.283057,3.240882,1.700342,1.684750,2.652832,2.877140,1.999114,2.228472,3.627762,2.226433,1.213195,2.358743,2.345221,1.525972,3.503003,2.676033,1.564685,2.693915,2.900521,2.241031,3.072794,1.589586,2.921992,3.872066,2.578609,6.294225,1.952451,2.566786,2.659924,3.324317,1.602289,1.181972,3.238523,3.727065,2.636681,1.491373,1.967960,1.221235,1.976010,2.481128,3.255414,2.070911,3.036725,2.129838,2.302502,2.628302,1.631987,2.110125,1.885353,1.976623,2.058954,2.120272,4.275836,1.825168,1.692085,1.362851,2.749851,2.905159,7.124828,3.291870,1.478568,2.511735,1.426647,2.035781,2.314545,3.038251,3.259194,3.270844,1.666569,2.052436,2.702371,2.899637,2.271934,1.915666,2.229399,1.876516,2.129089,2.810349,2.426262,3.041862,1.383172,1.256417,3.529226,2.644927,1.554302,1.977958,1.607085,3.257472,2.760560,2.396946,2.373213,1.497049,2.554466,0.000000,2.687950,1.539830,1.251642,2.297955
8.290844,4.173587,3.066446,3.748567,2.126257,4.286061,3.759714,2.368658,2.679206,3.567889,4.225748,4.278039,1.909535,7.704328,3.926799,6.415588,3.379115,3.090404,3.012411,2.760474,3.319773,2.045628,4.195258,3.358412,1.472693,6.972172,3.243849,5.643460,3.389822,4.640612,2.129960,2.420948,3.837613,3.775265,2.513907,2.870089,5.473052,3.164435,2.064540,2.889262,3.108853,2.345011,4.840180,3.658105,2.379001,4.220118,4.369799,3.383959,3.713075,2.307817,4.334165,5.288348,3.679086,6.963968,2.596802,3.605615,3.400398,3.661716,2.722771,1.341493,4.295842,5.185464,3.687687,2.259889,3.769983,1.698027,2.606708,4.513641,4.240843,3.735552,4.405237,3.428635,3.606830,3.351685,2.898317,2.331149,2.741677,3.299572,3.021936,2.516692,5.495633,2.852940,2.297894,2.034799,3.712401,3.825921,8.505604,4.616526,2.102833,3.839490,1.740588,2.797826,3.355847,4.815472,4.261426,4.636488,2.555368,3.249099,3.825278,4.226566,2.969334,3.461578,2.833508,2.177555,2.940780,3.501900,3.506219,4.056423,2.350414,2.073272,5.183933,4.179929,2.153444,3.008031,2.730785,4.845978,3.711798,2.933890,3.065535,3.064443,3.786265,2.508768,0.000000,2.313848,1.939582,2.989237
6.990039,3.629763,2.438752,2.551759,1.554441,3.009062,2.835656,1.734008,2.176239,2.580154,3.086457,2.663969,1.335648,5.880669,3.052289,5.518846,2.619366,2.508957,2.136639,2.026869,1.941872,1.691501,2.534556,2.684673,1.194810,6.188751,2.627030,4.387234,2.697222,3.377145,1.731334,2.113318,2.671199,3.571178,2.205334,2.610147,4.061859,2.530285,1.434223,2.523311,2.483526,1.660094,4.020266,2.650197,1.730491,3.046706,3.212010,2.534237,3.258984,1.907820,3.282491,4.536243,2.853005,6.522859,2.146144,2.826837,2.887033,2.812756,1.840762,1.371265,3.435902,3.811922,3.049834,1.661536,2.051900,1.393054,1.786450,3.050085,3.292535,2.493001,3.188079,2.610127,3.047818,3.010323,2.174280,2.178640,2.122130,2.141904,2.109745,2.185615,4.542697,1.872325,1.980737,1.572068,2.912136,2.975136,7.230680,3.817897,1.529209,2.981006,1.439681,2.268212,2.743136,3.603099,3.638674,3.321257,1.828547,2.736506,2.657968,3.216768,2.559329,2.265293,2.177556,1.918220,2.251763,2.826779,2.592172,3.220020,1.901553,1.700591,4.210079,2.884901,1.681258,2.082996,2.040497,3.901988,2.837224,2.413238,2.397078,1.928142,2.713465,1.738930,2.460773,0.000000,1.353909,2.372325
6.300971,2.357110,1.576176,2.091926,0.990306,1.610068,1.550523,1.074965,1.190121,2.043893,2.386361,2.195130,1.390591,4.953394,2.148807,4.917299,1.823289,1.708655,1.270210,1.060209,1.264143,1.528194,2.413185,1.891111,1.006214,4.131134,1.305357,3.417743,1.443273,1.865223,0.936526,1.008414,1.321776,1.455578,1.153889,1.248077,2.330102,1.353987,0.967280,1.322464,1.106318,1.191732,2.084624,1.573992,1.024649,1.723305,1.720166,1.386548,2.221191,1.264096,2.126123,2.980489,1.430073,4.350320,1.465033,1.355711,1.613168,2.475658,1.718722,0.876740,1.632078,1.910193,1.341552,1.453921,2.183781,1.256327,1.161620,2.736290,2.376789,2.389836,2.570356,2.357993,2.175609,2.337735,1.172700,1.102227,1.102948,1.494145,1.436089,1.591791,2.185815,1.393283,1.341719,1.448853,2.060579,2.073451,6.299121,1.641485,1.538795,1.455055,1.093692,1.827549,1.147418,2.175302,1.766423,1.674364,1.261222,1.712297,1.480317,1.316656,1.383725,1.474935,1.592735,1.309075,1.457747,1.516599,1.963614,1.965061,1.208184,1.128360,2.085767,1.563116,1.074637,1.300630,1.205853,3.098627,2.107262,2.067075,2.077737,1.656842,2.094858,1.359632,2.123148,1.606519,0.000000,1.870441
8.044894,3.976823,2.702955,3.439375,1.806184,3.242402,3.153724,1.918371,2.221800,3.442195,3.924392,4.115551,1.903087,7.351064,3.961597,6.756368,3.381830,3.047930,2.495777,2.159877,2.707811,2.108146,3.977468,3.091303,1.287041,6.761983,3.039614,5.109516,2.615388,3.942003,1.910212,2.320169,3.151028,3.813436,2.377880,2.620666,4.456503,3.026118,1.894505,2.827895,2.636155,1.979721,4.300244,3.081722,1.897146,3.403025,3.763421,2.987780,3.713881,2.437412,3.520047,4.812512,3.279541,6.968260,2.483705,3.018364,3.197220,3.969874,2.675171,0.726640,3.923784,4.399035,3.171014,2.471996,3.094799,1.637946,1.950144,4.065203,4.320452,3.640234,4.048423,3.480909,3.543226,3.892264,2.597111,2.275359,2.436375,2.892065,2.808842,2.752021,4.749328,2.669103,2.483893,2.154912,3.320573,3.494364,8.282489,3.776126,2.053140,3.047033,1.617939,2.825955,2.785559,4.272152,3.939936,3.975640,2.189173,3.281846,3.384596,3.546334,2.727864,2.965592,2.662388,2.079990,2.691115,3.202559,3.108076,3.889463,2.041202,1.747317,4.470989,3.242151,1.684565,2.496278,2.196560,4.857827,3.522914,3.117411,2.902759,2.667031,3.337464,2.024483,3.219259,2.073051,1.685872,0.000000
