0, 1.970519, 1.465114, 2.006086, 0.761296, 2.855833, 1.920271, 1.19916, 1.912225, 1.607521, 2.209793, 2.421863, 1.355843, 4.023457, 3.298472, 3.915948, 1.761295, 2.086565, 1.494943, 1.239561, 1.566832, 1.458536, 2.759847, 2.482223, 0.802943, 4.392995, 1.103982, 3.291218, 1.851781, 2.964899, 1.242685, 1.570063, 1.910809, 1.504269, 1.21082, 1.35914, 2.363488, 1.513199, 0.837689, 1.261334, 1.557066, 0.844916, 2.241764, 2.209259, 1.188766, 2.752266, 2.522221, 1.866874, 1.524948, 1.811514, 2.681122, 1.774481, 1.884697, 3.515371, 1.335731, 1.624531, 1.456591, 2.491139, 1.208658, 0, 2.602582, 3.155257, 1.948452, 1.303142, 2.394571, 0.807551, 1.069337, 2.819701, 1.5754, 2.480074, 2.785772, 2.481932, 2.382526, 2.133752, 1.620224, 1.326391, 1.579459, 1.516777, 1.289624, 1.251003, 2.608441, 1.898245, 1.276584, 1.42343, 2.90979, 2.498279, 0, 2.55969, 1.353815, 2.17891, 0.936893, 2.22185, 2.211358, 1.491492, 2.719262, 1.872687, 2.209051, 1.814925, 2.22239, 2.80812, 2.027952, 1.706624, 1.448719, 1.650312, 1.786002, 2.356973, 1.916463, 2.197399, 1.413552, 1.453186, 3.219362, 2.64261, 0.883739, 1.467178, 1.867345, 2.801547, 2.516871, 1.904327, 2.282363, 2.152256, 2.390418, 1.443197, 2.453204, 1.466843, 1.236705, 2.39549
2.222539, 0, 0.633025, 0.78707, 0.471251, 0.892568, 0, 0, 0.493499, 0, 0.856715, 0, -0.16363, 1.146378, 1.11626, 1.896119, 1.17521, 0.750102, 0.513981, 0, 0.836669, -0.236111, 1.058059, 0.901848, 0.256205, 1.467762, 0.583573, 1.493252, 0.86324, 1.101942, 0.49868, 0.425133, 0.774151, 0.986487, 0, 0.343137, 0.612187, 0.454605, 0, 0.345696, 0.885929, 0.358048, 0.593508, 0.562107, 0.556825, 1.276951, 1.309279, 1.258827, 0.566224, -0.252238, 0.769553, 0, 0.674958, 1.492525, 0.54219, 0.731543, 0.704304, 1.205346, -0.209686, -0.172051, 0.887463, 2.23846, 1.102413, 0.548654, 0, 0.598329, 0.511467, 0.668316, 0.633246, 1.040434, 0.803148, 0.946181, 0, 0.691079, 0.505881, 0.328061, 0, 0, 0.763092, -0.153768, 1.362378, 0, -0.231886, 0.641639, 1.13542, 0.541575, 2.072855, 1.154526, -0.236515, 0.464647, 0.378823, 0, 0, 0.710122, 0.516487, 0, 0.428204, 0.724347, 0.500559, 1.671371, 0.54988, 0.651048, 0.583786, 0.451772, 0.566998, 0.695606, 0.859766, 0.630374, 0.414764, 0.657826, 0.973827, 0.890846, 0.736744, 0.464199, 0.566938, 0.934847, 0.815155, 0.80489, 0.564601, 0.633737, 0.832258, -0.208478, 0.866514, 0.526058, 0, 0.744107
2.175439, 0.803193, 0, 0.445718, 0.287944, 0.64091, 0.39542, 0.31943, 0.509674, -0.123541, 0.575691, -0.099853, -0.210289, 0, 0.788915, 1.414152, -0.122883, 0.533581, 0, 0.364476, 0.312654, -0.204609, 0.731095, 0.938855, 0.192262, 1.185017, 0.484941, 0.891223, 0.419223, 0.646625, 0, 0, 0, 0, 0, 0.330165, 0.539893, 0, 0, 0, 0.691649, 0.332669, 0.440563, 0.374171, 0.316158, 0.63695, 0.717984, 0.638145, -0.170243, 0, 0.694715, 0.856259, 0.367958, 1.257379, -0.130647, 0.356759, 0.337969, -0.188819, -0.177601, -0.105164, 0.691137, 1.256986, 0.641973, 0.418413, 0, -0.158653, 0.298211, 0.613726, -0.191181, -0.110407, 0.576106, 0.765839, 0.651101, 0.547239, 0.316662, 0.226082, 0.385707, -0.155521, 0.458571, -0.138644, 0, -0.076297, -0.149532, -0.147289, 0.804794, 0.382066, 1.135063, 0.72045, -0.203817, 0.290236, -0.108013, 0.482126, 0, 0.507484, 0.54046, 0, 0.55761, 0.571726, 0, 1.104329, 0.307684, 0, 0.502701, 0, 0.503665, 0.549041, 0.579717, 0.486595, 0.433704, 0.35267, 0.890872, 0.672963, 0.672719, 0.419552, 0.40212, 0.625551, 0.52222, 0.667886, 0.736384, 0.335229, 0.635233, -0.159053, 0.844024, -0.15239, 0, 0.567874
1.688257, 0.65612, 0.484605, 0, 0.465387, 0.822409, 0.557891, 0.722694, 0.90937, 0.756602, 0.936174, 0.799266, -0.283668, 1.219535, 1.183173, 1.56031, 1.098427, 0.680855, 0.723281, 0.523496, 0.573984, -0.239953, 1.083488, 0.824125, 0, 1.921114, 0.618575, 1.073806, 0.716143, 0.908796, 0.386072, 0.647736, 0.685068, 0.558635, 0.459664, 0.580615, 0.917789, 0, 0, 0.4059, 0.944732, 0.451354, 0.87669, 0.592055, 0.527421, 0.802973, 0.751786, 0.950756, 0.814357, 0.519941, 0.624234, 1.205549, 0.605708, 1.206306, -0.085818, 0.618831, 0.593529, 1.229339, -0.235663, 0.62987, 1.024012, 1.710169, 0.846513, 0.626652, -0.314891, -0.078498, 0.608326, 1.049947, 0.973227, 0.822396, 0, 0.795076, 0.824214, 0.523104, 0.402385, 0.648301, 0, 0.877224, 0.594179, -0.081331, 0.798264, 0.343896, -0.194665, 0.601558, 1.009491, 0, 1.369571, 0.917068, -0.143808, 0.489788, 0.406376, 0.634595, 0.415818, 0, 0.644103, 0, 0, 0.693664, 0, 1.593922, 0.643143, 0, 0, 0, 0.596843, 1.143583, 0.783819, 0, 0.559471, 0.513849, 0.942962, 0.738369, 0.788191, 0, 0.641619, 0.821214, 0, 0.914698, 0.996046, 0.420223, 0.532773, -0.2383, 0.881116, -0.257957, 0, 0
1.060141, 0.534277, 0.339004, 0.289982, 0, -0.082643, 0.311157, -0.077469, -0.034025, -0.062956, 0.309919, -0.063945, -0.093362, 0, 0.296424, 0.799064, 0.56716, 0, -0.04893, -0.042025, -0.088199, 0.258677, 0.423733, 0.304777, 0.184119, 0.749908, -0.077759, 0, -0.098633, 0, 0.505157, 0.337192, -0.115982, -0.060388, 0.293547, 0, 0.27159, 0.391384, -0.112065, 0, 0.447382, -0.107986, 0.422019, -0.07042, 0.189578, 0, 0, 0.277515, 0.622388, 0.258624, 0.274497, 0.570333, -0.075133, 0.859685, 0.311882, 0, 0.355764, 0.375412, 0.399904, 0, 0, 0.287623, 0.295013, 0.214802, -0.189686, 0.185021, 0, 0, 0.499202, 0, 0.265412, 0.292048, 0, 0.527823, 0.271856, 0.125114, 0.271099, -0.128675, -0.108612, 0.523354, -0.091638, 0, 0.366765, 0.297864, 0.37564, 0, 1.05121, 0.24116, 0.193009, -0.065738, -0.029971, 0.383363, 0.402687, 0, 0, 0, 0, 0, 0.251141, 0.314386, 0.515254, 0, 0, 0, 0.455094, 0, 0, 0, 0.150897, 0.21386, 0, 0.268949, 0.33943, -0.11513, 0.408981, 0, 0, 0.471018, 0.242216, 0, 0, -0.065265, 0.261718, 0.239358, 0, 0
2.091493, 0.802484, 0.598864, 0.545557, 0, 0, 0, 0, 0.353389, 0, 0.755713, 0, 0, 1.186774, 0.53393, 1.269109, 0.536665, 0, 0, -0.08225, 0, 0, 0.729107, 0.444389, 0.229736, 1.284149, 0, 0, 0, 0.482749, 0.392088, 0, 0.500343, 0.58196, 0.497437, 0.399757, 0.723375, 0.31195, 0.246893, 0, 0.40968, 0.343757, 0.530208, 0, -0.054782, 0, 0, 0, 0.995625, 0, 0.433081, 1.249431, 0, 1.552878, 0, 0, 0.427908, 0.731019, 0.545064, 0.197843, 0, 0, 0.42409, 0.708162, 0, 0.408708, 0.353865, 0.787612, 1.268076, 0, 0.527507, 0.590868, 0, 0.674646, 0.293363, 0, 0, 0.36519, 0.271354, 0, 0.505266, 0, 0.415314, 0.599109, 0.640829, 0, 1.204607, 0, 0, 0.317113, 0, 0.662754, 0.322521, 0, 0.593058, 0.363084, 0.301197, 0.607915, 0, 0, 0, 0.508005, 0.357903, 0, 0.340701, 0.531583, 0.489365, 0.478049, 0.397446, 0.366051, 0.606211, 0.522164, 0, 0, 0, 0.754554, 0.66422, 0.848638, 0.735197, 0.346347, 0.544955, 0, 0.611118, 0, 0, 0.433577
1.944366, 1.009544, 0.359731, 0.491831, 0, 0, 0, -0.055387, 0.217033, 0, 0.541202, -0.093089, 0, 0, 0.497961, 1.302413, 0.489322, 0.580438, 0.210827, 0, 0.321045, 0.317024, 0.638054, 0.77367, 0.223586, 0, 0, 1.165485, 0, 0, 0.247559, 0.265614, 0.277558, 0.377964, 0.288147, 0, 0.353217, 0, 0, 0, 0.261966, 0, 0.573189, 0, -0.057681, 0, 0, 0, 1.125102, 0.237588, 0.365446, 1.373101, -0.077678, 1.90318, 0.818198, 0, 0.454448, 0.972731, 0.480703, -0.029894, 0, 0.390708, 0, 0.293844, -0.116697, 0.374432, 0, 0.755417, 1.247494, 0.676849, 0.685534, 0.468531, 0.956349, 0.645604, 0, 0.402867, 0.284387, -0.093911, 0, 0.671332, 0, 0.253648, 0.37363, 0.396721, 0.341301, 0, 0, 0, 0.565824, 0, 0.231048, 0.614053, 0, 0, 0, 0, 0, 0, 0, -0.110459, 0, 0, 0, 0.312335, 0.539698, -0.06496, 0.474988, 0.316837, 0.256051, 0.281746, 0, 0, 0, 0, 0, 0.724387, 0.507362, 0.603816, 0, 0, 0.618307, 0, 0.466987, 0.49766, 0, 0.448488
1.324996, 0.757154, 0.206644, 0.64329, 0.227726, 0, 0, 0, 0.255291, 0.363, 0.521093, -0.173391, 0.575093, 0.551905, 0, 0.799046, 0, 0, 0.28822, 0, 0.233501, 0.250157, 0.488106, 0.39105, 0.133654, 0.527167, 0.182307, 0.404578, 0, 0, 0.228546, 0.150971, 0.51411, 0.272661, 0.245037, 0.35034, 0.4599, 0.252094, 0.257517, 0.190599, 0.189586, -0.048455, 0.371209, 0.234235, 0.150262, 0, 0.292031, 0, 0.808931, 0.242692, 0.253225, 1.082055, -0.071594, 1.070003, 0.424758, -0.045345, 0.310117, 0.703362, 0.531885, 0.280472, -0.065938, -0.059404, 0, 0.418742, -0.247829, 0.429222, 0.372857, 0.736182, 1.043346, 0.738045, 0.56756, 0.547185, 0.575139, 0.654783, 0.168203, 0.328357, 0, -0.093545, 0, 0.641123, 0, -0.079838, 0.330806, 0.417902, 0.346203, 0.467511, 0, 0, 0.514424, 0, 0.235562, 0.500678, -0.067434, 0, -0.064657, -0.049861, 0.266926, 0, 0, 0, -0.049161, 0, 0.37467, 0.316429, 0.586869, -0.081863, 0.318272, 0.300229, 0.242368, 0.241522, 0, 0.292806, 0.221831, 0, 0, 0.596144, 0.483012, 0.689689, 0.593536, 0.507486, 0.533146, 0.368003, 0.570665, 0, 0.200699, 0.310671
1.23175, 0.378977, 0.226252, 0.455337, -0.086563, 0, 0, -0.033491, 0, 0, 0.561739, 0, 0.427708, 0.877467, 0.505369, 0.938496, 0.595248, 0.377076, 0, -0.044371, -0.103252, 0.400573, 0.835633, 0.612141, 0, 0, -0.076562, 0.679756, 0, 0.382107, 0.256271, -0.047726, 0.417831, 0, -0.053464, 0, 0.291086, 0, -0.053541, 0, -0.112923, -0.103602, 0.377845, 0, -0.072004, -0.061871, 0, 0, 0.625434, 0.263341, 0.548003, 0.552257, -0.071925, 0.792719, 0.407675, 0.188373, 0, 0.501242, 0.423442, 0.175913, -0.070375, 0.4445, 0, -0.061974, 0, 0.197894, 0, 0.687339, 0.605389, 0.450924, 0.41663, 0.564578, 0.638272, 0.482999, 0.295639, 0, 0.315943, -0.058931, 0.431136, 0.568467, 0, 0.214817, 0.273757, 0, 0.464533, 0, 0, 0, 0.444338, -0.050925, 0, 0.35487, 0.457229, 0, -0.080673, 0, 0, -0.086383, 0, 0.440084, 0.267665, 0, 0, 0, 0.225366, -0.068349, 0.333087, 0, 0, 0, 0, 0.298075, -0.040821, 0, 0.331925, 0.47552, 0.422406, 0.786776, 0.657176, 0.429612, 0.415453, 0, 0.493555, 0.368609, 0.33808, 0
2.369532, 1.291631, 0.897959, 0.581119, 0.453907, 0.713254, 0.472221, 0.384109, 0.612964, 0, 0.586467, 0.524679, 0.771624, 1.557269, 0.591956, 1.439796, 0.459386, 0.934404, 0.502359, 0.413498, 0, 0.481176, 0.667597, 0.950004, 0.180281, 1.692363, 0.510094, 1.433297, 0, 0.478328, 0.532292, 0.563352, 1.110535, 0.583264, 0.709413, 0.650248, 0, 0.662847, 0.332171, 0.467098, 0.751341, 0, 1.023166, 1.348401, 0.364552, 0.4698, 0, 0.545722, 0.793942, 0.351611, 0.75861, 1.513154, 0.498979, 1.798588, 0.687587, 0.611625, 0.643399, 0.791999, 0.459031, 0.692654, 0.670041, 1.124841, 0.50305, 0.817722, 0.725484, 0, 0.376275, 0.893358, 0.90917, 0.767923, 0.496016, 0.731411, 1.129328, 0.628521, 0.503187, 1.202738, 0.391181, 0.520589, 0.525291, 0.546854, 1.357886, -0.126625, 0, 0.659287, 0.915981, 1.147614, 2.034768, 0.863192, 0.404495, 0, 0.50899, 0.686775, 0, 0.485106, 0.644984, 0.688603, 0.609842, 0.690251, 0.783573, 0.72635, 0.527988, 0.55486, 0.457586, 0.725833, 0.856879, 0.773924, 0.447534, 0.856591, 0.605039, 0.530153, 0.583537, 0.469944, 0.503541, 0, 0, 1.137792, 0.744844, 0.764274, 0.645769, 0.694378, 0.422715, -0.117819, 0.577843, 0, 0.388776, 0.415772
2.123074, 0.708565, 0, 0.563033, 0.569305, 0.691456, 0.425748, 0.379603, 0.577326, 0.704101, 0, 0.75328, 0.499923, 0.880171, 0.764991, 1.360628, 0, 0, 0.401783, 0, 0.836522, 0.681949, 0.730396, 0, 0, 1.778363, 0.408422, 1.282005, 0.565391, 0.55269, 0, 0.707646, 0.506592, 0, 0.693515, 0.635324, 0.884455, 0.50696, 0, 0, 0.499348, 0, 0.861437, 0.454352, 0, 0.981147, 1.116442, 0.785399, 0, 0, 0.648843, 0.773042, 0.848719, 1.33917, 0, 0.510811, 0.58831, 0.801355, 0.417947, 0.197747, 0.953339, 1.101873, 0.655646, 0, 0, 0, 0.470094, 1.110447, 0.666529, 0.74381, 0, 0.562818, 0.905225, 0, 0.48447, 0.827242, 0.373738, 0.784317, 0.510899, 0, 0.704575, 0, 0.668385, 0, 0.652193, 0, 1.936826, 1.130108, 0, 0.682516, 0.276943, 0.67749, 0.66843, 0.71787, 0.642931, 0.714928, 0, 0.649048, 0.792248, 1.48776, 0.762669, 0.469881, 0.415727, 0, 0, 0.724899, 0.483827, 0.7509, 0.482863, 0.597679, 1.071251, 0.935323, 0.462153, 0.418347, 0.617053, 0.914726, 0.636142, 0, 0.489522, 0, 0, 0.684774, 0.69075, 0.634509, 0, 0
2.293741, 1.195856, 1.074991, 0.735819, 0.798053, 0.837705, 0.922919, 0, 0.669911, 0.500462, 1.10126, 0, 0.494019, 1.291406, 0.980689, 1.452439, 0.717224, 0, 0.326793, 0.464455, 0.50561, 0.624389, 0, 1.141978, 0.271537, 1.727128, 0.438289, 1.145588, 0.372412, 0, 0.478513, 0.610663, 1.108869, 0.647149, 0.787548, 0.718463, 0.590749, 0.928753, 0.272137, 0.592311, 0.506382, 0.408131, 0.948419, 1.238368, 0, 0.439821, 0, 0.691679, 1.146702, 0.686354, 0.662397, 1.375775, 0.67807, 1.071315, 0.672226, 0, 1.121144, 1.615137, 0.72161, 0.613661, 0.816805, 0.991714, 0.798299, 0.74315, -0.335027, 0.53704, 0.343121, 0.824457, 1.169088, 0.887876, 0.81874, 0.758055, 1.182216, 0.974769, 0.52873, 1.334326, 0.389847, 0.602115, 0.632909, 1.057796, 1.180241, 0.422522, 0.535746, 0.99559, 1.223478, 1.080637, 1.77278, 0.908292, 0.928054, 0.783755, 0.451035, 0.864832, 0.443234, 0.552222, 1.018201, 0.820284, 0.544762, 0.44034, 0.876204, 0, 0.715184, 0.43992, 0.549421, 0.882754, 0.751219, 0.86803, 0.893583, 1.399115, 0.762474, 1.075275, 0.910373, 0.622462, 0.741238, 0.419109, 0.792106, 1.042174, 0.89494, 0.731062, 0, 0.480999, 0.882458, 0.340372, 0.538331, 0, 0.260892, 0.921468
1.207394, 0.617555, 0.501293, 0, 0.511955, 0.535156, 0.585609, 0.423705, 0.344757, 0.634367, 0.442806, 0.688947, 0, 1.148561, 0, 1.137529, 0.403705, 0.404525, 0, 0.33922, 0.219502, 0, 0, 0.806979, 0.257011, 1.189903, 0.375407, 1.205181, 0, 0, 0.392442, 0, 0.676262, 0.387328, 0.311628, 0.389736, 0.529654, 0.300766, 0.320407, 0, 0.767502, 0, 0.627146, 0.836003, 0.465592, 0, -0.086196, 0.421094, 0.49845, 0.589518, 0.651387, 0.562993, 0.587857, 1.042946, 0.289116, 0, 0.42627, 0.470165, -0.129223, -0.178798, 0.537835, 0.956053, 0.49232, -0.107723, -0.467181, 0, 0.402152, 0.742889, 0.381889, 0.882427, 0.645323, -0.10938, 0, 0, 0.270025, 0.973767, 0.381013, 0.754718, 0.383135, 0.462832, 1.283871, -0.173889, -0.078901, 0.50268, 0.344534, 0.913508, 0.939648, 0.741294, 0.328707, 0, 0.618644, 0, 0.349616, 0, 0.589212, 0.313302, 0.401249, 0.639647, 0.639381, 0.405209, 0.377164, 0.809812, 0.259487, 0.705195, 0.517964, 0.907395, 0, 0.704149, 0.355485, 0.481396, 0.570067, 0.418679, 0.677733, 0, 0.311168, 0.722851, -0.083052, 0, 0, 0, 0, -0.109118, 0.693697, -0.095877, -0.040274, 0.479518
4.047736, 1.868196, 1.573218, 1.634563, 0.869362, 1.405756, 1.38274, 0.541559, 1.187794, 1.410094, 1.592205, 1.631821, 0.696563, 0, 1.2931, 3.961479, 1.098435, 1.207693, 0, 0.754014, 0.785338, 1.088287, 1.791147, 1.354888, 0.401241, 3.079937, 1.2395, 2.482522, 1.488664, 0, 0.904567, 0.856831, 1.141041, 1.485461, 1.208795, 1.247884, 1.56216, 1.128211, 0.633101, 1.183047, 1.039345, 0.851334, 2.066441, 1.576104, 0.95326, 1.490555, 0, 1.014813, 2.076524, 1.113151, 1.431552, 3.055177, 0.858644, 3.352325, 1.30695, 0.867286, 2.068522, 2.58286, 0.973513, -0.06777, 1.652603, 2.160814, 1.18269, 0.860037, 1.593081, 1.173035, 0.535303, 1.648269, 2.006354, 1.783981, 2.015707, 1.390726, 1.640311, 2.090214, 0.894867, 1.61653, 0.781026, 0, 1.092014, 1.672204, 2.033925, 1.025154, 1.314073, 1.203455, 1.985389, 2.21212, 3.504837, 1.545333, 1.666243, 0.929626, 0.595468, 1.482519, 1.12912, 1.370683, 1.70953, 1.576393, 0.755172, 1.740558, 1.906733, 1.256692, 0.796382, 1.201842, 1.244789, 1.22011, 1.416105, 1.837991, 1.694098, 2.020599, 1.272464, 1.329938, 1.986749, 1.331419, 0.643845, 0, 1.362459, 2.125614, 1.740439, 1.262415, 1.23556, 1.380188, 1.247828, 0, 1.607134, 0.681949, 0, 1.767873
2.423851, 1.284322, 0.649331, 0.845523, 0.500688, 0.715655, 0, 0.373984, 0.406675, 0.98214, 0.929305, -0.165313, -0.262605, 1.632261, 0, 2.168693, 0.865455, 0.438808, 0.500789, 0, 0.752786, 0.748284, 1.039325, 0.662528, 0.196177, 1.653966, 0.509456, 1.212091, 0.668071, 0.831686, 0.506491, 0.471894, 0.533125, 0.407639, 0, 0, 0.477743, 0.450235, 0, 0.466205, 1.084124, 0.62289, 0.766874, 0.636499, 0.471709, 0.582423, 0.607953, 0.7204, 0.829324, 0.65141, 0.712041, 0.673907, 0.447513, 1.392537, 0.454724, 0.566532, 0.44507, 0.947761, 0.664301, -0.165682, 0.749849, 1.797935, 1.032461, 0.425953, -0.208655, 0.596261, 0.344722, 0.827409, 0.665607, 1.033459, 0.700002, 1.011169, 1.0706, 1.345728, 0, 0.658269, 0.387376, -0.191809, 0.681761, 0.520334, 0.880622, 0, 0.511953, 0.483336, 0.863344, 0, 1.402551, 0.937012, 0.746621, 0.520969, -0.124189, 0.939066, 0.499151, 0.903521, 0.652965, 0.396944, 0.399499, 0.680862, 0, 1.405042, 0.406568, 0.615134, 0.673461, 0.398719, 0.635259, 0.498865, 0.943464, 0.817849, 0.282855, 0, 0.837353, 0.764269, 0.726261, 0, 0.66507, 1.191757, 0.848098, 0.919752, 1.142208, 0.617975, 1.023085, -0.208607, 1.006817, 0.563145, 0, 0.694219
3.777195, 2.277309, 1.463402, 1.641539, 0.877409, 1.628922, 1.544241, 0.667893, 0.81441, 1.571774, 1.826268, 1.607655, 1.026903, 1.754856, 2.098962, 0, 2.121662, 1.521266, 0.90819, 0.50737, 1.203763, 1.444362, 2.251467, 2.091351, 0.394898, 3.085672, 0.960742, 2.633766, 1.164555, 1.427255, 0.925132, 0.845513, 1.151551, 1.088241, 0.871492, 0.675315, 1.397003, 1.010367, 0, 0.689015, 1.144626, 0.781831, 1.873148, 1.453725, 0.698232, 1.396661, 1.37793, 1.448405, 1.999351, 0.657664, 1.457591, 2.364645, 1.314723, 3.200172, 1.307659, 0.797934, 1.542066, 2.402498, 1.282511, -0.22876, 0.919116, 2.306353, 1.303043, 1.119878, 0.952278, 1.200667, 0.899007, 1.988344, 1.448327, 2.177814, 2.163062, 2.283593, 2.095215, 2.203635, 0.682972, 0.556047, 0.60333, 1.215213, 0.755263, 1.145563, 1.63812, 0, 1.156686, 1.326153, 2.123181, 1.699334, 3.419894, 1.440713, 1.6001, 1.130832, -0.104104, 1.952276, 0, 1.636637, 1.139089, 0, 0.866868, 1.684778, 1.158466, 2.01767, 0.878295, 0.912247, 0.833514, 0.879457, 1.30005, 1.629377, 1.824182, 1.387777, 0.881336, 1.012987, 1.524963, 1.296668, 0.900518, 1.169495, 0.785237, 2.440724, 2.14626, 2.181829, 1.830408, 1.454135, 1.951577, 0.892598, 2.137702, 1.435059, 0.659925, 1.348424
1.162558, 0.939633, -0.151752, 0.593478, 0.215658, 0.963449, 0.477138, 0.380552, 0.502549, -0.206037, 0.896062, -0.240602, -0.279125, 0.851357, 0.967272, 1.555076, 0, 0.385181, 0.524711, 0.450342, 0, -0.239421, 0.939124, 0.765239, 0.24846, 1.329123, 0.638003, 1.18565, 0.479297, 0.625632, 0.334214, 0, 0.424905, 0.438753, 0.456289, 0.376189, 0.829721, 0.471681, 0, 0.37977, 0.932346, 0.511198, 0, 0, 0.549626, 0.872702, 0.749297, 0.848848, 0.910846, -0.208663, 0.495831, 1.076118, 0.552158, 1.15743, 0.52145, 0.597848, 0.640158, 0.947155, -0.266132, -0.190755, 0.850154, 1.602222, 0.980393, 0.506615, -0.13337, -0.210223, 0.449688, -0.183498, 0.484339, -0.197403, 0.855023, 0.887342, 0.662252, 0.734065, 0.429668, 0.368127, 0.39047, -0.12862, 0.53946, 0.551404, 0.94795, -0.070772, 0.486088, 0.784416, 0.814965, 0.529548, 1.385052, 0.99636, -0.247151, 0.646265, -0.066535, 0.819074, 0.295122, 0.605705, 0, 0.369029, -0.115776, 0, 0.585748, 1.53069, 0, -0.137377, 0.391207, 0.508276, 0.605308, 0.823158, 0.587085, 0.651033, 0.2894, 0.525709, 1.062371, 0.440246, 0.787834, 0, 0.566262, 1.036099, 0.988589, 0.791625, 0.595577, 0.579339, 0.887322, -0.303164, 0.815205, -0.334729, 0, 0
1.034563, 0.693462, 0.514444, 0.683653, 0.406449, 0.684225, 0.311942, 0.501085, 0.768733, -0.167965, -0.164323, 0.801434, -0.240153, 0, 1.052887, 1.446759, 1.004006, 0, 0.555779, 0.422874, 0.617261, -0.245673, 1.113148, 0.835593, 0.16021, 1.505826, 0.701518, 1.177697, 0.573452, 0.780735, 0, 0.509646, 0.36931, 0.614025, 0.535303, 0.316976, 0.814471, 0.504458, 0, 0.332811, 0.685828, 0.520726, 0.588839, 0.410326, 0.565697, 0.7578, 0.826311, 0.7604, 0.434246, 0.4006, 0.978595, 0.710107, 0.70223, 1.323879, -0.138243, 0.604388, 0.613207, 0.845518, -0.182138, -0.138448, 0.779046, 1.345079, 0.991602, 0.615919, -0.101965, 0.666688, 0.348527, 0.573298, -0.249287, -0.178957, 0.522005, 0.979431, 0.706988, 0.499176, 0.565246, 0.266417, 0.377774, 0, 0.696566, -0.219188, 0.844419, 0, 0.444419, 0.669028, 0.853509, 0, 1.524461, 1.042179, -0.273334, 0.40154, -0.069398, -0.166924, 0.551285, 0.662812, 0.494981, 0.419003, 0, 0.622345, 0.416094, 1.448193, 0.366661, -0.084206, 0.444012, 0.297551, 0.552222, 0.822672, 0.5545, 0.596473, 0.450443, 0.646468, 1.15802, 0.552011, 0.634375, 0.569242, 0.736812, 0.688256, 0.455223, 0.931424, -0.284156, 0.468886, 0.463379, -0.26796, 0.721633, -0.234632, 0.387634, 0
1.880927, 0.672254, 0.38573, 0.749459, 0.432086, 0, 0.224786, 0.224361, 0.536128, 0.469549, 0.652532, -0.271259, -0.193494, 0.994985, 0, 1.169189, 0.581448, 0.350821, 0, 0, 0.599838, 0.408756, 0.967358, 0.485081, 0.189353, 1.10673, 0, 0, -0.061983, 0, 0.320718, 0.227222, 0.372151, 0.445159, 0.484091, 0.375703, 0.376802, 0.347765, 0.190817, 0, 0.215443, 0, 0.61778, 0, 0.145717, 0, 0.699298, -0.067199, 0.873269, 0, 0, 1.167999, 0, 1.125707, 0.337574, 0, 0.451235, 0.859338, 0.55171, 0.234666, -0.109677, 0.587989, 0.416628, -0.059515, -0.27042, 0.432134, 0.271463, 0.626946, 1.207787, 0.87254, 0, 0.682166, 0.826635, 0.385621, 0.210784, 0.580266, 0, -0.114278, 0, 0.689094, 0, -0.114347, 0.378767, 0, 0.451018, 0.727021, 0, 0, 0.506699, 0, 0.321549, 0.767102, 0, 0, 0, -0.057476, 0.594673, 0, 0, 0.426804, -0.068815, -0.119948, 0.337169, 0.499007, 0.528861, -0.084723, 0.57605, 0.255296, -0.111534, 0.258692, 0.379337, 0.430182, 0.275666, -0.055172, 0.375984, 0.643814, 0.442664, 0.927221, 0.79326, 0.542182, 0.722954, -0.151152, 0.377833, 0.473836, 0, 0.471469
1.189767, 0.746993, 0.645733, 0.7833, 0.2615, 0, 0.319576, 0, 0.176893, 0, 0.519204, 0, 0, 0.537903, 0.512644, 0.967923, 0.425194, 0.510897, 0.297662, 0, 0, 0.683908, 0.629146, 0.617783, 0.215395, 0.632972, 0.213886, 0, -0.065119, 0, 0.384722, 0.337994, 0.269876, 0, 0.341914, 0.540607, -0.055609, 0.336318, 0, 0.176804, 0, 0, 0.321703, 0, 0, -0.066287, 0.263267, 0, 1.059657, 0.42551, 0, 1.133321, 0, 1.21889, 0.619935, 0, 0.562436, 0.756405, 0.70877, 0.159321, -0.105508, 0, 0, 0.499556, 0.593567, 0.557888, 0.206675, 0.636261, 1.142674, 0.556726, 0.514085, 0.869375, 0.737883, 0.735809, 0.270618, 0.253808, 0, 0, 0, 0.993883, 0, 0, 0.53686, 0.738997, 0.596587, 0.454038, 0, 0, 0.779033, 0, 0.325597, 0.966829, -0.04984, 0, 0, 0.231678, 0, 0.291033, -0.076413, 0, 0, 0, 0.455362, 0.341417, 0.787736, 0, 0.809483, 0.359762, 0.418519, 0.423662, 0, 0.252521, 0.121128, -0.086565, 0.28126, 0.605637, 0.700328, 0.909034, 0.718255, 0.482516, 0.734384, 0.479855, 0.574407, 0.444057, 0.288901, 0.441705
1.885796, 1.042012, 0.450663, 0.719022, -0.096545, 0.34024, 0, 0.345696, -0.06225, 0.414516, 0.722501, 0.608617, 0.428047, 1.238556, 0.990799, 1.334675, 0.856287, 0.925507, 0.292651, -0.119415, 0, 0.575772, 0.981079, 0.954321, 0.15347, 1.316974, 0, 1.048256, 0.323091, 0.380858, 0.287488, 0.404725, -0.09452, 0.570151, 0.339696, 0.267878, 0.970445, 0, 0, 0.26174, 0.304529, -0.076354, 0, 0.486329, 0.275882, 0.272699, -0.079635, 0.425796, 0.9887, 0.433802, 0.685124, 0.770571, 0, 1.333293, 0.649347, 0.276069, 0.880202, 1.052064, 0, 0.342147, 0.559387, 0.442201, 0.491405, 0.741922, 0, 0.352513, 0, 0, 0.794757, 0, 0.761157, 0.81184, -0.121661, 0.880508, -0.103246, 0.506448, 0.313532, 0.270149, 0.28347, 0.516561, 0.645533, 0.488314, 0.505035, -0.125995, 1.016064, 0.489137, 0.995154, 0.301485, 0.589569, -0.098651, 0.330031, 0.53071, 0.443571, -0.127625, 0.732275, 0.610794, 0, 0.308565, 0.392245, -0.131672, 0.438206, 0, 0.464759, 0, 0.72913, 0.514844, 0.600074, 0, 0.579648, 0.599441, 0.356754, 0.402748, 0.359815, 0, 0.369642, 0.510175, 0.695026, 0.968467, 0.79564, 0.739645, 0.657654, 0.486423, 0.846129, 0.479411, 0.253539, 0.441935
1.770088, 0, 0, -0.124516, 0.447726, 0.658867, 0.507013, 0.393453, 0.368459, 0.66271, 0.753754, 0.498374, -0.263476, 0, 0.897047, 0.739592, 0, 0, 0.628574, 0, 0.557881, 0, 0.612136, 0, 0.268954, 1.253955, 0.418717, 0.998046, 0.338966, 0.828035, 0.499966, 0.529682, 0.582823, 0.797859, 0.360058, 0.405591, 0, 0.410417, 0, 0.411949, 1.130553, 0, 0.677039, 0.868096, 0.301976, 0.556004, 0.576934, 0.705562, 0, -0.148289, 0.616291, 0, 0.704658, 1.456267, 0, 0.546079, 0.356123, 0.864708, -0.18135, 0.415866, 0.668985, 1.888669, 0.883202, 0.528393, -0.249105, -0.125256, 0.241333, 0.722719, 0.831749, 0.807356, 0.447653, -0.233182, 0.372667, -0.097406, 0.297067, 0.546552, 0.422143, 0.729041, 0.423887, -0.075296, 0.998117, 0.502121, -0.179133, 0, 0, 0.359129, 1.156159, 0.703321, -0.111667, 0, 0.416605, 0.634972, 0.416565, 0.610263, 0.552237, 0, 0.415985, 0.566406, 0.719399, 1.128971, 0.598132, 0.670995, 0, 0, 0, 0.787305, 0.419185, 0.636859, 0.31413, 0, 0.879536, 0.608888, 0.539797, 0.249673, 0.555344, 0.599074, 0.501804, 0.726102, -0.211907, 0.512426, -0.11341, -0.239253, 0.758615, -0.14918, 0, 0.648569
2.210033, 1.358621, 0.895773, 0.993987, 0.837684, 1.065159, 0.393964, 0.546684, 0.809546, 0.893128, 0.806412, 0.974473, -0.3395, 0, 1.101185, 2.175697, 1.291852, 0.723653, 0.630058, 0.375582, 0.806556, 0.942919, 0, 1.036634, 0.300014, 1.939352, 0.53564, 0.915938, 0.620462, 1.129231, 0.559461, 0.351956, 0.737642, 0.897956, 0.534652, 0.427695, 0.948971, 0.569781, 0, 0.497814, 1.094599, 0.738334, 0.867552, 1.063802, 0.693684, 0.76413, 0.744988, 0.877424, 1.301387, 0.698594, 0.674051, 0.998497, 0.859222, 2.126655, 0.757828, 0.601851, 0.847463, 1.710467, 0, -0.27577, 0.89197, 2.206324, 1.078412, 0.729219, -0.118458, 0.886863, 0.435051, 0.740688, 0.880336, 1.131926, 1.295075, 1.687016, 1.059941, 1.133075, 0.350988, 0.537326, 0.345377, -0.120948, 0.550847, 0.788348, 1.065934, -0.112465, 0.57762, 0.754189, 1.24282, 0, 1.917301, 1.171577, 0.91904, 0.436912, -0.112224, 0.93945, 0, 0.981325, 0.848347, 0, 0.418598, 0, 0, 1.842805, 0.523483, 0.707436, 0.409622, 0.531515, 0.653621, 1.198664, 1.186414, 0.773964, 0.564826, 0.557022, 0.882556, 0.893041, 0.757562, 0.601056, 0.632486, 1.364381, 1.180084, 1.062318, 0.948239, 0.772318, 0.871783, -0.202652, 1.42742, 0.866078, 0, 0.979864
2.331086, 0.984968, 0.602426, 0.636912, 0.499199, 0.495102, 0, 0.54124, 0.81047, -0.246702, 1.073568, -0.125369, -0.29032, 0.740592, 0.920309, 1.781135, 0.978304, 0.576633, 0.425409, 0.463141, 0.597063, -0.285772, 1.056702, 0, 0.249154, 1.697992, 0.505848, 1.525191, 0.668182, 0.774432, 0, 0, 0.426513, 0.689337, 0.484432, 0.411156, 0.693697, 0.608467, 0, 0, 0.875591, 0.729226, 0.598638, 0.550773, 0.61003, 0.854611, 0.944309, 0.727373, 0.904679, 0.369631, 0.760238, 0.951369, 0.807389, 1.028822, 0.422178, 0.520498, 0.904942, 1.314283, -0.203988, -0.206453, 0.902035, 1.710895, 0.894075, -0.214019, -0.143116, -0.214707, 0.423614, 0, 0.665964, -0.19053, -0.110442, 1.098863, 0.826273, 0.765008, 0.521898, 0.341268, 0, -0.129458, 0.761471, 0.634937, 0.780264, -0.154542, 0.486739, 0.696475, 1.066638, 0.410774, 1.097341, 0.89888, 0.899784, 0.509261, -0.093944, 0.712685, 0, 0.992554, 0.547373, 0, -0.094828, -0.184675, 0.905289, 1.972484, 0.566454, -0.141121, 0, 0.284782, 0.554002, 0.830124, 0.788933, 0.589288, -0.136045, 0.676733, 1.029266, 0.589176, 0.762413, 0.393199, 0.792288, 1.034049, 0.956524, 1.034365, 0.966596, -0.165309, 0.825062, -0.258401, 1.020948, -0.234658, 0, 0.380111
0.576891, 0.285756, 0.195711, 0.278915, 0.221008, 0, 0.176088, 0.174199, 0.21361, 0.26765, 0.200694, 0.211528, 0.184195, 0.446584, 0, 0.427197, 0.205363, 0.292031, 0.123607, 0.169968, 0.137237, 0, 0.277259, 0.266359, 0, 0.351857, 0.186674, 0, 0.202302, 0, 0.186664, 0.23187, 0.181919, 0.278609, 0.22074, 0.205507, 0, 0.180782, 0, 0.153614, 0.121301, 0.121014, 0.282597, 0.147233, 0.109674, 0.16915, 0.219532, 0.155295, 0.392288, 0.127182, 0, 0.528497, 0.158944, 0.412868, 0.177508, 0.14221, 0.180797, 0.230655, 0.257484, 0.143245, 0, 0.208538, 0.165081, 0.248658, 0, 0.188409, 0, 0, 0.318695, 0, 0.326651, 0.321068, 0.249101, 0.403325, 0.213708, 0.14893, 0.131834, 0.139642, 0, 0.31333, 0.233706, 0, 0.327036, 0.223297, 0.261034, 0, 0.513477, 0.199775, 0.252076, 0.186535, 0.161569, 0.253613, 0.144656, 0, 0.166383, 0, 0.192341, 0.223355, 0, 0.216678, 0, 0.22014, 0.15828, 0.168363, 0.202261, 0.204332, 0.220406, 0, 0.171381, 0.183659, 0.190123, 0.229065, 0.136429, 0, 0.209733, 0.242507, 0.293393, 0.270028, 0.336029, 0.195921, 0.327866, 0.169335, 0.277692, 0, 0.171462, 0.245561
0, 1.73781, 0.980231, 1.585488, 0.503881, 0.972724, 0.793757, 0, 0.688466, 0.853519, 1.47152, 0, 0, 2.216822, 1.407876, 2.29341, 0.809769, 0.926036, 0.723653, 0, 1.040485, 0.775255, 1.303144, 1.252051, 0, 0, 0.792845, 2.382812, 1.184219, 1.505504, 0.815071, 0.624832, 0.966697, 0.957539, 0, 0.543109, 1.559783, 0.750672, 0.48421, 0, 1.140309, 0, 1.391458, 0.909808, 0.725973, 1.190827, 1.349495, 1.034459, 1.117321, 0.963434, 1.58804, 1.834335, 1.168756, 2.821917, 0.905752, 1.057915, 1.367485, 0, 0, 0, 1.299422, 2.050583, 1.192764, 0.858153, 1.102972, 0, 0.835973, 0, 1.326011, 1.202654, 1.585675, 1.007994, 1.326188, 1.656609, 0.772207, 0.811511, 0.91274, 0.942547, 0.847463, 0.998264, 1.632003, 0.673368, 0.78908, 0.684995, 1.34753, 1.246737, 3.885792, 1.313597, 0.881888, 1.147216, 0.575351, 1.682127, 0, 1.436186, 1.228299, 0.718511, 0.607052, 1.079536, 1.404564, 1.454915, 0, 0.914538, 0, 0.545043, 0.987974, 0, 1.018188, 1.094178, 0.619135, 0, 1.341492, 0.850891, 0.648197, 0.784649, 0.684465, 1.782665, 1.260181, 1.346231, 1.295802, 0.895232, 1.344016, 0, 1.213628, 0.804961, 0.63217, 1.065483
2.237592, 0.919134, 0.464116, 0.970579, 0, 0, 0.275725, 0, 0, 0.591987, 0.760993, 0, 0.401993, 0, 0.72303, 1.668249, 0.52815, 0.469501, 0.263146, 0, -0.097823, 0.64148, 0.819864, 0.674682, 0.131874, 0.82568, 0, 0.558349, 0.275684, 0.428374, 0.212468, 0.26351, 0.410156, 0, 0, 0, 0.372027, 0, -0.086178, 0, -0.062928, -0.118765, 0, -0.063486, 0.193827, 0.282295, 0.323096, 0, 1.11487, 0.492221, 0.397527, 0.834122, 0, 1.136324, 0.577499, 0.241824, 0.769738, 0.959681, 0.334976, 0.334933, 0, 0.774531, -0.057755, 0.50187, 0.384026, 0.382914, 0, 0.748193, 0.925897, 0.495216, 0.583036, 0.747441, 0.782636, 0.976137, 0.239727, 0, 0, -0.058119, 0, 0.855537, 0, 0.270671, 0.518019, 0.380089, 0.790025, 0.336017, 0.979208, 0.360339, 0.633405, 0.345656, 0.21857, 0.404112, 0, 0, 0, 0, 0, 0, 0, 0.48999, 0, 0, 0.291137, 0, 0.509033, 0, 0.620829, 0.468574, 0.26467, 0.27872, 0, 0.350365, -0.036062, 0, 0, 0.750915, 0.844521, 0.965269, 0.926515, 0.67255, 0.621376, 0.397339, 0.787936, 0.53051, 0.216765, 0.741263
3.158194, 1.03849, 0, 1.133103, 0.537663, 1.438986, 0.820234, 0.497538, 0.679607, 0.840467, 1.990165, 1.020821, 0, 2.964921, 1.365766, 2.597115, 0.878943, 0, 0.88557, 0.87589, 0.588574, 0.984224, 1.830059, 0.952402, 0.304486, 2.528275, 0.880361, 0, 0.973397, 1.157418, 0.610898, 0.804621, 1.155167, 1.113422, 0, 0.770589, 1.770719, 0.682604, 0.487696, 0.806647, 0.697176, 0.513847, 1.450109, 0.909965, 0.679168, 1.4931, 1.232831, 1.055877, 1.101671, 0.938848, 1.610349, 0, 1.281987, 2.07306, 0.553014, 0.886744, 0.966794, 0.876713, 0.86841, 0.236671, 1.818095, 1.430545, 1.400163, 0.964915, 0.843141, 0.402917, 0, 1.227529, 0, 1.20668, 1.062032, 1.092763, 0.92399, 0, 0.820948, 0.923603, 0.581172, 0.957339, 0.629402, 0, 1.685925, 0.537503, 0.747662, 0, 0.944416, 0, 2.839243, 1.45137, 0, 0.934154, 0, 0, 1.081744, 1.105193, 1.166589, 0.920271, 0.726327, 1.370746, 0.692755, 1.621695, 0.887332, 1.035454, 0, 0, 0.699997, 0.95526, 0, 0.929322, 0.368804, 0.760203, 1.496341, 1.075553, 0.689084, 0, 1.163601, 1.540659, 1.281511, 1.071061, 1.347267, 0.919703, 1.315939, 0, 1.462714, 0.712117, 0, 0
1.634981, 1.15183, 0.831719, 1.134523, 0, 0.464437, 0, 0.19995, 0.297728, 0.908036, 0.627961, 0.571569, 0.652142, 0.910191, 1.262356, 1.793031, 0.788837, 0.741061, 0, -0.057161, 0, 1.099045, 1.39774, 1.005239, 0.137265, 1.077645, 0.421515, 1.044599, 0, 0.432929, 0.330517, 0, -0.06527, 0, 0, 0.232992, 0, 0.305488, 0, -0.059582, 0.550986, -0.107203, 0.465726, -0.075292, -0.112091, 0.412582, 0.672408, -0.130679, 1.115452, 0.616507, 0.348325, 0.843523, 0, 1.543158, 0.791463, -0.137351, 0.768452, 1.393608, 0.625029, 0.388523, -0.096132, 0.7699, -0.118548, 0.959767, 0.421743, 0.697579, -0.096719, 0.70956, 0.937772, 0.813476, 0.853909, 1.187164, 0.759681, 0.987065, 0.38372, 0, 0, 0, 0, 0.578352, -0.176535, 0.337171, 0.638431, 0.659604, 1.036403, 0.795835, 1.022105, -0.082701, 0.70933, -0.123216, 0.258378, 0.923757, 0, 0.38038, 0, 0, 0, 0.432359, 0.292487, 0.684448, 0.373657, 0.41106, 0.501189, 0.456846, 0.903648, 0, 0.764659, 0.64981, 0.50974, 0.342514, 0.329831, 0.477345, -0.066367, 0.252772, 0.21343, 0.988392, 0.975592, 1.288122, 1.158144, 0.825042, 0.881789, 0.754452, 1.372187, 0.720741, 0, 0.70223
2.743997, 0.679599, 0.616393, 0.505428, 0.258497, 0, 0.45929, 0, 0.351323, 0.510613, 0.873155, 0.82788, 0.574085, 1.5485, 0.627242, 1.473951, 0.585786, 0.564044, 0.347714, 0.337576, 0.537964, 0, 1.112434, 0.86309, 0.176632, 1.037221, 0, 0.794088, 0, 0, 0, 0.410387, 0.696819, 0, -0.065468, 0, 0.61542, 0.38335, 0.299141, 0, 0.287739, 0, 0.621421, 0, 0, 0, 0, 0, 0.941674, 0, 0.725033, 1.507434, 0, 1.295234, 0.608252, 0, 0.460571, 1.161173, 0.7115, 0, 0, 0.616491, 0, 0.286853, 1.025622, 0.254595, 0.27454, 0.814955, 1.345814, 0.721911, 0.782606, 0.658971, 0.559263, 0.516161, 0, 0.298247, 0, 0, 0, 0.514414, 0.627303, 0, 0.576491, 0.621902, 0.617588, 0.803135, 1.482445, 0, 0.442953, 0, 0, 0.597742, -0.072182, 0.566459, 0.378412, 0, 0, 0.440479, 0, 0, -0.066423, 0.36658, 0.404441, 0.409974, 0.570389, -0.078092, 0.643652, 0, 0, 0, 0, 0.436233, 0.176369, 0.380727, 0, 1.265278, 0.473912, 0.740109, 0.51494, 0.361871, 0, 0.731789, 0.748196, 0.576612, 0.339468, 0.589014
1.084169, 0.330193, 0.425743, 0.419874, 0.340557, 0, 0, -0.083215, 0, -0.115218, 0.546942, -0.154996, -0.159048, 0, 0, 0.967865, 0.471907, 0.297773, -0.047192, -0.032012, 0, 0, 0.679913, 0.584013, 0.124182, 0.672755, 0, 0.677811, 0, 0.25954, 0, 0.25713, 0.356665, 0, 0, 0, 0.388946, 0, 0, 0, 0, 0, 0, 0, 0, 0, 0, 0, 0.474659, 0.313971, -0.071045, 0.681857, -0.132326, 0.597385, 0, 0, 0.31986, 0.437355, 0.500989, -0.07498, 0, 0.529441, 0, 0, -0.282337, 0.336521, 0, 0.537713, 0.548079, 0.638122, 0, 0.55506, 0.544453, 0.597165, 0, 0, -0.077387, -0.142905, -0.089686, 0.558309, 0, -0.054548, 0.300903, 0, 0.362028, 0, 0.615471, 0, 0.476636, 0, -0.03681, 0.466318, -0.07811, 0, 0, 0, -0.058867, -0.107687, 0.322564, 0.396744, -0.066525, 0, 0.222183, 0, 0.244057, -0.088306, 0.417382, 0.33945, 0.268065, 0, 0, 0.3319, 0.329084, -0.054756, 0.397364, 0.521151, 0.472638, 0.499227, 0.306352, 0, 0.295639, -0.149141, 0.530234, -0.090108, 0, 0.463597
1.866679, 0.4449, 0.409556, 0, 0.226551, 0, 0, -0.060046, 0.187788, 0.359119, 0.360597, -0.116732, 0.429954, 0, 0, 0, 0.469927, 0, 0, 0, 0.391878, 0, 0.539098, 0.622239, 0.111021, 0.553434, -0.066616, 0, 0, 0, 0.292246, 0, 0.283918, 0, 0, 0.227776, 0.280627, 0.260712, -0.06028, 0, 0, -0.063259, 0, 0, -0.034834, -0.063967, 0.390774, 0, 0.727332, 0.200309, 0, 0.799046, 0, 0.87016, 0.391559, -0.039674, 0.412939, 0.604629, 0.50364, 0, -0.066391, 0.524197, 0, 0, -0.15687, 0.152267, 0, 0.787667, 0.799337, 0.637927, 0, 0.312867, 0.887922, 0.362896, 0, 0.302678, -0.037262, -0.076205, -0.043849, 0.417641, -0.060819, -0.053796, 0.208432, 0, 0.302815, 0, 0, -0.058418, 0.304339, 0, 0.150317, 0.477204, 0, 0, 0, 0, -0.058493, 0, 0, -0.086664, -0.050915, 0.273519, 0, 0.272557, 0.601041, -0.096612, 0, 0, 0.233481, 0.188659, 0, 0, 0.113287, 0, 0.189067, 0.610225, 0, 0.550042, 0.375141, 0, 0, 0.407249, 0, 0.364332, 0, 0.274555
1.229965, 0, 0, 0, 0.188125, 0, 0, 0, 0, 0, 0, 0.458897, -0.092471, 0.942973, 0, 1.124304, 0, 0.524152, 0, 0.201547, 0, 0, 0, 0, 0, 1.149976, 0, 0, 0, 0.466802, 0.438509, 0.289033, 0, 0.709216, 0.366791, 0.380104, 0.75825, 0.400719, 0, 0.313915, 0, 0, 0.50559, 0, 0.22056, 0, 0, 0, 0.419193, 0, 0, 1.001682, 0, 1.232573, 0, 0, 0.646359, 0.794121, 0.55645, -0.028908, 0, 0.477725, 0, 0, 0, 0.368586, 0, 0, 0.506116, 0, 0, 0.671251, 0, 0.377397, 0, 0.40613, 0.407591, -0.102336, 0.339604, 0.643802, 0, 0, 0.554885, 0, 0, 0, 1.436085, 0, 0.376048, 0.27537, 0.231503, 0, 0, 0, 0, 0, 0.298123, 0, 0.358536, 0, 0, 0, 0, 0, 0.453312, 0.515746, 0.36792, 0.549469, 0.338561, 0.323238, 0, 0.463916, 0, 0, 0, 0, 0, 0.642498, 0, 0, 0.475046, 0, 0.528054, 0, 0, 0
2.548142, 0.852995, 0.689851, 0.886091, -0.047448, 0, 0, 0, -0.110722, 0.485126, 1.292153, 0.526203, 0, 1.280939, 0.500589, 1.48007, 0.433086, 0.664906, 0.306876, -0.066118, 0.40751, 0, 0, 1.170577, 0.150287, 1.144646, -0.095653, 0, 0, 0.449402, 0, 0, 1.026804, 0, -0.066668, -0.081118, 0.518212, -0.09227, -0.060035, 0, 0, 0, 0, 0.523083, 0, -0.075039, 0.577835, 0, 0.807959, 0, 0.767961, 0.849468, -0.125625, 1.631737, 0.510965, 0, 0, 0.786411, 0.572675, 0, -0.108458, 0.36475, -0.174712, 0.370849, 0.505704, 0.356273, 0.211903, 0.876882, 1.100719, 0.748041, 0, 0.914039, 0.516926, 0.85057, -0.094209, 0, 0.306266, -0.081706, 0.315783, 0.528547, 1.578325, 0.350869, 0, 0, 0.492239, 0.608323, 0, 0.385084, 0.606974, 0.517627, 0, 0.799656, -0.151051, 0, 0, 0, 0, -0.087342, -0.095055, -0.128407, -0.084938, 0, 0.441193, 0, 0.388292, -0.064764, 0.455016, 0, 0, 0, 0, 0.391359, -0.037429, 0, -0.084789, 0.875973, 0.648784, 0.909497, 0.725659, 0, 0.776002, 0, 0.592382, 0.565593, 0.334113, 0.676593
1.483572, 0.620459, 0.303263, 0.38195, 0.179136, -0.054313, -0.075459, -0.087077, -0.039809, 0, 0, 0, 0, 0, 0.268496, 0.618795, 0, 0.335974, 0, -0.037644, 0.560342, 0.223087, 0.346362, 0.45059, 0.134371, 0.603766, 0.347608, 1.008536, 0, 0, 0.284371, -0.074425, 0, 0, 0, 0, 0, -0.054657, -0.054906, -0.053713, 0, -0.043351, 0.392457, 0, 0, 0.328469, 0.437, -0.050462, 0.659439, 0, 0.314887, 0.818542, 0, 1.104066, 0.307321, -0.049332, 0.381565, 0, 0.512973, 0, 0, 0.318128, 0, 0, -0.085908, 0.190004, 0, 0.832149, 0.927249, 0.637013, 0.757531, 0.345038, 0.744226, 0.338318, 0.187282, 0.25534, 0.271722, -0.079448, -0.047362, 0.620568, 0, -0.080967, 0, 0.359412, 0.335634, 0.43007, 0.610946, -0.050549, 0.423097, 0, 0.258469, 0.53053, -0.088256, 0, 0, 0, -0.054144, -0.052504, 0, -0.067168, -0.078247, -0.047909, 0.25539, 0.376513, 0.44704, -0.045845, 0.354688, 0, 0, 0, 0, 0, 0, -0.076248, -0.097, 0.637763, 0.304627, 0.406675, 0.397529, 0.394296, 0.288813, 0.352467, 0, 0.328297, 0, 0.38534
1.403356, 0.495571, 0.461819, 0.334239, -0.102397, 0, -0.075793, -0.038014, -0.105154, 0, 0.329276, -0.095608, 0, 0, 0, 0.814104, 0, 0, 0, 0, 0.499488, 0.415, 0.418183, 0.716467, 0.145117, 0.793412, -0.106439, 0.545727, -0.059477, -0.066803, 0.466951, -0.064573, 0, -0.057991, -0.078226, 0, 0.375493, -0.077479, -0.099002, 0, 0, -0.070363, 0, 0.253, -0.078502, -0.103434, -0.109115, -0.080028, 0.705955, 0.235294, 0.316067, 0.638606, -0.056786, 0.943821, 0.293499, 0, 0.302627, 0.47438, 0.472773, 0, -0.135961, 0, -0.124477, 0, -0.086405, 0, 0.262424, 0.45915, 0.710791, 0, 0.38121, 0, 0.582107, 0.429093, -0.069094, 0, -0.089345, -0.116961, -0.069524, 0.568459, 0.546644, -0.067396, 0, 0, 0.3986, 0.414666, 0, -0.099285, 0.335657, 0, 0, 0, -0.174932, 0, -0.112443, -0.107789, -0.062936, 0, -0.121844, 0, -0.094179, -0.089284, 0, 0, 0.294464, -0.067884, 0.345967, -0.084968, -0.054127, -0.050286, -0.070346, 0.285782, 0, -0.106036, 0.224593, 0.634967, 0, 0.602532, 0.334811, 0.365925, 0, 0, 0, 0.410323, 0.201059, 0.400578
2.369435, 1.081123, 0.546963, 0.817287, 0.371457, 0, 0.637813, 0.236534, 0.522792, 0.736602, 0, 0.920291, 0.92854, 1.508206, 0.635365, 1.799599, 0.474527, 0.592123, 0.385978, 0, 0, 0.754399, 0.951222, 0.600831, 0.238471, 1.496865, 0.448637, 1.465615, 0.597993, 0.361916, 0.398922, 0.42726, 0, 0.885676, 0.457018, 0.481895, 0, 0.332391, 0, 0, 0, 0, 0.620515, 0.383018, 0, 0, 0.888248, 0, 0.908178, 0.713037, 0, 1.809223, 0, 2.042456, 0.639469, 0, 0.81263, 1.462886, 0.865331, 0.15667, 0, 0, 0, 0.454147, 0.893241, 0.679004, 0.289805, 1.264815, 1.310168, 0.932439, 1.159929, 1.10121, 1.242285, 1.174288, 0.307562, 0.268377, 0.360468, 0, 0.521782, 1.285068, 0.493492, 0, 0.678513, 0.942466, 0.8407, 1.0239, 2.307024, 0, 0.906892, 0.492464, 0.409761, 1.07626, 0, 0.641973, 0, 0.382524, 0.483855, 0.480437, 0.407211, 0, 0, 0.321093, 0.977337, 0.452458, 0.633836, 0.603122, 0.884157, 0.7471, 0.42849, 0.334204, 0.608528, 0.369685, -0.041159, 0.313231, 0.45299, 1.483691, 0.652418, 1.059822, 0.781099, 0, 0.683101, 0.594286, 0.566044, 0.62709, 0.369948, 0.772057
1.760976, 0.601335, 0, 0.69589, 0, 0, -0.084786, -0.085761, 0, 0, 0.403031, 0, -0.088154, 0, 0, 0.930335, 0, 0, 0, -0.043912, -0.134049, 0.285531, 0.595499, 0, 0.21322, 0, 0.25717, 0.73985, 0, 0, 0.286802, 0.229703, 0.353209, 0, 0, -0.065694, 0.533194, 0, -0.094635, 0, -0.050087, 0.179643, 0.637844, 0, 0, 0, 0, 0, 0.539982, 0.285088, 0, 1.086281, -0.116165, 0.804419, 0, 0, 0.309595, 0, 0.505524, -0.05156, -0.078073, 0, 0, 0, -0.140494, 0.212313, 0, 0, 1.138468, 0.517946, 0.550897, 0.488375, 0.457074, 0.597618, 0, 0, -0.078614, -0.144881, -0.127756, 0.552019, 0, -0.091497, 0.329689, 0, 0, 0.426115, 0.699369, -0.083133, 0.245318, 0, -0.043571, 0, -0.0581, 0, 0, 0, 0, -0.065707, 0, 0.226184, -0.080395, -0.099691, 0, 0.274968, 0, -0.106673, 0, 0, 0, 0, 0, 0, 0.22949, -0.123601, -0.122295, 0, 0, 0.490276, 0.404492, 0.373298, 0, 0, 0.531761, 0, 0, 0.400357
1.05317, 0.777727, 0.635428, 0.604464, 0, 0, 0.28744, 0.162965, 0.275661, 0, 0.368528, 0.226563, 0.281255, 0, 0.579757, 1.186009, 0.546256, 0.529548, 0.174374, -0.025697, 0.388333, 0.569421, 0.635178, 0.554321, 0.144291, 0.534465, 0, 0, 0.229161, 0, 0.401476, 0, 0.30049, 0.255838, 0.155265, 0.364666, 0, 0.227229, 0, 0, 0.32342, 0.19326, 0.422459, 0.26523, 0.223343, 0.293808, 0, 0.282817, 1.076781, 0.330322, 0.208118, 1.024586, 0, 1.182912, 0.646685, -0.054335, 0.529654, 0.991929, 0.314659, 0.120118, -0.069555, 0.255899, -0.055339, 0.380527, -0.14686, 0.393506, 0, 0.309709, 1.000429, 0.373708, 0.420428, 0.536467, 0.692996, 0.755141, 0.179856, 0.426921, 0.203451, -0.060766, 0, 1.045235, 0.283343, 0.356478, 0.414638, 0.608698, 0.559921, 0.747776, 0, -0.047634, 0.717336, -0.063515, 0, 0.581714, 0.293507, 0.282277, 0.270638, 0.21148, 0.278482, 0.250088, 0.214271, 0.412177, 0.15571, 0, 0.213161, 0.352735, 0.688253, 0.19481, 0.570275, 0.218344, 0.316735, 0.411528, 0, 0.194582, 0.149955, -0.044005, 0, 0.437484, 0.413367, 0.704909, 0.776575, 0.312099, 0.419836, 0.193713, 0.346519, 0.284797, 0.222092, 0.545922
1.389222, 0.617846, 0, 0, 0.232749, 0, 0.245148, 0, 0.318181, 0, 0.687896, -0.108002, 0.378314, 0, 0, 0.90259, 0.384996, 0.470919, 0.206102, 0.291962, 0.417643, 0.599724, 0, 0.493092, 0, 0.681397, 0, 0, 0, 0, 0.316685, 0.426191, 0.295788, 0.475168, 0.373842, 0.475439, 0.509145, 0.379757, 0.183502, 0, 0.238745, -0.037379, 0, -0.065206, 0, 0, 0.324909, 0, 0.919696, 0.238271, 0, 1.045463, 0, 1.122962, 0.3509, 0, 0.338075, 0.578549, 0.423244, 0, 0, 0, 0, 0.283538, 0.410695, 0.345826, -0.057971, 0.759466, 0.916012, 0.492811, 0.471167, 0.412222, 0.72401, 0.728178, 0.332333, 0.131094, 0, 0, 0, 0.86682, 0.391713, 0, 0.453294, 0.507848, 0.415765, 0.484951, 0.794093, 0, 0.535239, 0, 0.215, 0.617393, 0, 0.450671, -0.055342, 0, 0.300161, 0.348393, -0.08039, 0, -0.056606, 0, 0, 0, 0.429298, 0.413564, 0.543284, 0.373528, 0.288967, 0, 0.448144, 0, 0, 0, 0.332064, 0.770455, 0.44682, 0.578139, 0, 0.37111, 0.3713, 0.350163, 0.59622, 0.413488, 0.267653, 0.315692
1.956773, 0.525099, 0, 0.43417, 0, 0, 0, 0.273322, 0.229136, 0, 0.576706, 0.361881, 0.469795, 1.190007, 0.380117, 0.946411, 0, 0, 0.208723, 0.168494, 0.237226, 0.618459, 0.310793, 0.265635, 0, 0.852489, 0, 0.662278, 0.26764, 0.449985, 0.326481, 0.410612, -0.138545, 0.590055, 0.172135, 0.418841, 0.836712, 0, 0, 0, 0, 0.16082, 0, 0.538815, 0, 0, 0, 0, 0.545223, 0, 0, 0.888299, 0, 0.68281, 0, 0, 0, 0.399808, 0.26886, 0.49176, 0, 0.411427, 0, 0.610855, 0.482518, 0.477968, 0, 0, 0, 0.34438, 0.609427, 0.456948, 0.365527, 0.5792, 0.369629, 0.229422, 0, 0, 0.217772, 0, -0.144291, 0.404672, 0.549393, 0, 0.351626, 0, 0.894966, 0, 0.327167, 0.283186, 0.2324, 0.376954, 0.211397, 0, 0, 0, 0.349517, 0, 0.563737, 0, 0, 0.299077, 0, 0, 0, 0.305706, 0, 0, 0, 0, 0.594319, 0.345628, 0.165697, 0.273927, 0.299991, 0, 0.597334, 0.583791, 0.556964, 0.432742, 0.563864, 0.424784, 0.675484, 0.427465, 0.270258, 0
1.139815, 0.77842, 0.527638, 0.500592, 0, 0, 0.255076, -0.043734, 0, 0.331606, 0.402864, 0.289998, 0.398795, 0.776043, 0.667521, 1.227402, 0.765844, 0.485784, 0.188262, 0.279667, 0, 0.572288, 0.949989, 0.551391, 0, 0.464779, 0, 0.624915, 0, 0.4132, 0.340946, 0, 0.249344, 0.455644, 0.203578, 0.232974, 0.338779, 0.325549, 0.150201, -0.080349, 0, 0, 0, -0.063726, 0.283885, -0.064376, 0.346899, 0.303691, 0.868003, 0.496211, 0.34574, 0.800768, 0.254129, 0.99102, 0.625898, -0.072418, 0.458809, 0.67355, 0.490922, 0.343319, -0.063092, 0.342813, -0.070357, 0.585403, 0.538607, 0.546745, -0.075274, 0.339999, 0.7804, 0.362939, 0.423115, 0.698571, 0.632456, 0.899653, 0, 0, 0, 0.221861, 0.210457, 0.607095, -0.151032, 0.447042, 0.58827, 0.639188, 0.770528, 0.463318, 0.616117, -0.09352, 0.355364, 0.387029, 0.233281, 0.615109, 0, 0.408622, 0, 0, 0.401327, 0, 0.246617, 0.295601, 0.343982, 0.215035, 0.301627, 0.190184, 0.441806, 0.256066, 0.534179, 0.32421, 0.384704, 0.352895, 0.293251, -0.053171, 0.227852, 0, 0.203791, 0.513219, 0.65715, 0.821353, 0.80215, 0.535077, 0.613785, 0.362841, 0.966675, 0.570214, 0, 0.501349
2.77569, 0, 0, 0.589617, 0, 0, 0.451514, 0, 0, 0, 0, 0.546925, 0, 1.293779, 0, 1.434717, 0, 0.643885, 0, 0, 0, 0, 0.709985, 0.444908, 0, 1.342775, 0.353151, 1.136635, 0, 0.417177, 0, 0, 0, 0, 0, 0, 0.888066, 0, -0.065823, 0, 0, 0, 0, 0.685109, 0, 0, 0.539111, 0, 0.465496, 0, 0.437932, 0.712138, 0, 1.023022, 0.413888, 0.325565, 0, 0, 0.65237, -0.056418, 0.401899, 0.974154, 0, 0, 0, 0, 0, 0.857009, 0, 0, 0.622436, 0, 0.611174, 0.857234, 0, 0, 0.3586, -0.080626, 0, 0.754604, 0, 0, 0.422672, 0, 0.72398, 0, 1.247392, 0.588381, 0.471203, 0, 0, 0.614711, 0, 0, 0, 0, 0, 0.600246, 0.474342, 0.604943, 0, 0, 0, 0, 0, 0.651104, 0.459862, 0.594524, 0, 0, 0.93107, 0, 0.240935, 0, 0, 0.902501, 0.628427, 0, 0.590617, 0.438487, 0.618046, 0.432876, 0, 0, 0, 0.547864
1.650753, 0.550014, 0, 0, 0.341111, -0.129193, 0, 0, 0.525798, 0.853606, 0.461454, 0, 0.446951, 1.359676, 0, 1.19975, 0.414914, 0, 0, 0.216949, 0.34614, 0, 0, 0, 0.275991, 0.771984, 0.260895, 0.73684, 0.317586, 0.349307, 0.531647, 0.263817, 0.490899, 0.826574, 0.226791, 0.646845, 0, 0.318052, -0.071512, 0, 0.312023, 0, 0.671284, 0, 0.257504, 0, 0.819059, 0, 0, 0.408001, 0.413539, 1.163477, 0, 1.122762, 0, 0, 0.305382, 0, 0.446723, 0.287838, 0, 0, 0, 0.555574, 0.943033, 0.345393, 0.427308, 0.651301, 0.520663, 0.700409, 0.822257, 0, 0.567274, 0, 0.502007, 0, 0, 0, 0.428138, 0.627723, 0.560347, 0.399567, 0, 0.325798, 0, 0, 1.276047, -0.086017, 0.56634, 0, 0, 0.588627, 0.259657, 0.467863, 0, 0.329097, 0, 0.33922, 0.419694, 0.523792, 0.332652, 0, 0.369601, 0, 0, 0, 0, 0, 0, 0, 0.608303, 0.425832, 0, 0, 0, 0.586201, 0.386591, 0.418489, 0.426414, 0.399312, 0, 0.651944, 0.417983, 0, 0.36893, 0
1.666861, 0.854674, 0.392842, 0.604401, 0.17764, -0.061428, 0, 0, 0, 0.378648, 0.512365, 0.363223, 0.299652, 0, 0.319706, 1.027807, 0.230792, 0.467157, 0, 0, 0.287638, 0.364709, 0.780818, 0.440545, 0.147236, 0, 0.238421, 0, 0, -0.048931, 0.21363, 0.143526, 0.240479, 0.257958, 0.182542, 0, 0.29035, 0, 0, 0, 0.364874, 0.146013, 0.351449, 0, 0, -0.068001, 0.671165, -0.052888, 0.807918, 0.326119, -0.049152, 1.179218, 0, 1.355359, 0.377559, 0.224748, 0.485362, 0.978643, 0.567728, 0.317877, -0.06359, 0.419679, 0, 0, 0.351619, 0.501052, 0.139921, 0.496933, 1.189184, 0.457072, 0.434557, 0.677226, 0.717754, 0.819991, -0.040899, 0, 0, 0, 0, 0.840692, -0.086051, -0.051203, 0.400661, 0.419079, 0.329494, 0.280052, 0, -0.055719, 0.612671, 0, 0.299328, 0.651694, 0, -0.074756, -0.081342, 0, 0.325901, 0.200162, 0, -0.082066, -0.052989, 0, 0.194478, 0.286903, 0.437337, -0.055321, 0.605092, -0.082657, 0.310866, 0.305078, 0, 0.212002, 0, 0, -0.039931, 0.511793, 0.494738, 0.820702, 0.640507, 0.563398, 0.703273, 0.474922, 0.540959, 0.386264, 0.207885, 0.555688
2.450209, 1.230684, 0.520258, 0.825191, 0, 0, 0, 0, 0, 0.604244, 0.758357, 0.407829, 0.448582, 0, 0.777815, 1.635804, 0.765494, 0.569206, 0.292904, 0, 0, 0.468729, 1.10422, 0.91136, 0.184717, 1.229013, 0, 0.89135, 0, 0.419406, 0.273626, 0, 0.523025, 0, 0, 0.220246, 0.628685, 0.284455, 0, 0.324162, 0, 0, 0, 0, 0, 0, 0, 0, 1.137734, 0.418302, 0.551384, 1.146988, 0, 1.637796, 0.645381, 0, 0.739947, 0.955534, 0.465923, 0, -0.07414, 0.342324, 0, 0.507431, 0.473216, 0.441454, -0.06422, 0.568166, 0.919665, 0.607088, 0.51452, 0.684582, 0.617099, 0.867802, 0, 0, 0, 0, 0, 0.517247, 0, 0.33293, 0.315348, 0, 0.784566, 0.412118, 1.166923, 0.435167, 0.352416, 0.345504, 0.261009, 0.389138, 0, 0, 0.409422, 0, 0, 0.483055, 0.327443, 0, 0, 0, 0, 0, 0.468676, 0.620492, 0.7133, 0.433623, 0.433033, -0.084528, 0, 0, 0.250574, 0, 0, 1.069112, 0.934561, 0.967715, 0.863726, 0.633957, 0.735635, 0.568153, 0.977461, 0.400066, 0.214779, 0.523914
2.894775, 1.756041, 1.036451, 1.518904, -0.069338, 0.393083, 0, 0.481736, -0.156013, 0.890322, 0.842926, 0.648754, 0.695135, 1.719453, 1.566753, 2.523756, 1.558236, 1.099683, 0, 0.422986, -0.099523, 1.263073, 1.77854, 1.738965, 0, 1.683096, 0, 1.13822, 0.382342, 0.576121, 0, 0.405004, 1.077647, 0.446939, 0, 0, 1.023115, 0.398481, 0.441226, 0.668278, 0.308008, 0.239955, 0, 0.402737, 0, 0.322308, 0, 0.297806, 1.51111, 0.790873, 1.133604, 1.161471, 0.94947, 1.75498, 1.003566, 0.442077, 1.389103, 1.396211, 0.641252, 0.556159, 0, 0.607037, 0, 0.99754, 0.449339, 0.992045, 0.656092, 0, 1.365928, 0.8342, 0.857581, 1.419472, 0.766363, 1.501441, -0.160106, 0.509418, 0.404743, 0.328793, 0, 0.685466, 0.583451, 0.752156, 0.520901, 0.772526, 1.558286, 0.724714, 1.477571, 0.697736, 0.981986, 0.512811, 0.404555, 0.749632, 0.553923, 0, 0.882215, 0.49315, 0.579104, 0.822695, 0.349049, -0.279523, 0.387753, 0.815051, 0.735235, 0.520131, 1.113131, 0.615281, 1.195507, 0.837418, 0.782304, 1.087005, 0, 0.501063, 0.358073, 0, 0.399243, 1.438665, 1.284909, 1.475766, 1.66203, 1.011569, 1.274708, 0.894664, 1.647362, 0.904884, 0.305782, 0.836304
1.204903, 0.887945, 0.385368, 0.569756, 0, 0, 0, 0, 0, 0.516774, 0.489446, 0, 0, 0, 0.58572, 1.348599, 0.495062, 0.267855, 0, 0, 0, 0.627473, 0.889218, 0.644819, 0.183638, 0.68738, 0, 0.571652, 0, 0.287341, 0.305721, 0, 0.30305, 0.325833, 0.225305, 0, 0.417142, 0.233349, 0, -0.070003, -0.047942, 0, 0.421375, -0.122112, -0.060316, -0.05545, 0, 0, 0.87806, 0.345897, 0.342261, 0.972098, -0.069358, 1.319352, 0.387044, 0, 0.63796, 1.113052, 0.589703, 0.327352, -0.111845, 0.623632, 0, 0.484518, 0.378721, 0.650759, -0.04847, 0.697908, 0.964368, 0.365142, 0.506524, 0.817145, 0.543638, 0.884747, 0, 0, 0.257396, -0.054247, 0, 0.794635, -0.173294, 0.266645, 0.397524, 0.367302, 0.730609, 0.426655, 1.116245, -0.097187, 0.544816, 0.2469, 0.246161, 0.958711, 0, 0, -0.062601, 0, 0.250339, 0.43028, 0, 0.46687, 0, 0, 0, 0.301814, 0.420583, 0.293198, 0.557827, 0.448078, 0.287288, 0.374566, 0, 0, 0.150077, 0, 0, 0.646751, 0.534323, 0.727664, 0.906177, 0.556873, 0.412607, 0.36638, 0.724223, 0.532677, 0.274378, 0.515014
2.290764, 0.974969, -0.127711, 0.611668, 0.372966, 0.837193, 0, 0, 0.598094, -0.219013, 0.73886, 0, -0.162156, 0, 0.895938, 2.170542, 0.966138, 0.871684, -0.067759, 0, 0.90658, -0.23493, 1.269076, 1.058292, 0, 1.725558, 0.631972, 1.230273, 0.601854, 0.956931, 0.294796, 0, 0.582454, 0.690135, 0, 0, 0.877351, 0.329127, 0, 0, 0.955417, 0.464194, 0.665782, 0.716893, 0.509894, 0.882443, 1.431689, 0.767282, 0, -0.262029, 0.56001, -0.150966, 0, 1.246863, -0.108488, 0.522706, 0.774032, 1.006997, -0.17216, -0.148348, 0.807845, 2.132063, 0.691208, -0.240667, 0, -0.246298, 0, 0.828151, -0.166853, 1.001049, 0.808278, 1.022923, 0, -0.205352, 0.489861, 0.383365, 0, -0.152115, 0, -0.284186, 1.203163, -0.122417, -0.24158, -0.23706, 0.798504, 0, 1.758585, 0.79779, -0.259723, 0.650177, -0.140945, -0.169787, 0, 0.883276, 0, 0, 0, -0.210601, 0, 1.336752, 0, -0.080263, 0, -0.071926, 0.668909, -0.08887, 0.765733, 0.678677, -0.080105, 0.359038, 0.961309, 0.694862, 0.454608, 0.376063, -0.0719, 1.156716, 0.554617, 0.902899, -0.232706, 0.63672, 0.641986, 0.386624, 0.693373, 0.559215, 0, 0.794673
0.881496, 0, 0.631661, 0.377622, 0, 0.397273, 0.238963, 0, 0, 0.408399, 0.409462, 0.332257, 0.435185, 0, 0.455689, 1.01573, 0, 0.426888, 0.222061, 0, 0.360494, -0.091536, 0.751272, 0.459847, 0.163684, 0.663062, 0, 0.689433, 0, 0.416608, 0.282728, 0.225102, 0.478204, 0, 0.396152, 0, 0.369601, 0, 0, 0, 0.338255, 0, 0.402834, 0.466896, 0, 0, 0, 0, 0, 0, 0, 0.737275, 0.37921, 0.77937, 0, 0, 0.281346, 0, -0.106295, -0.119229, 0, 0.985951, 0, -0.096132, 0.665443, -0.086663, 0, 0, 0, 0.722582, 0.497738, 0.770888, 0, 0, 0, 0.260097, 0.224191, 0.463759, 0.304131, 0, 0.659482, 0.346681, -0.137525, 0, 0, 0, 0, 0.372574, 0, 0, -0.087453, 0, 0, 0, -0.083355, 0, 0.368211, -0.146669, 0, 0, 0, 0, 0.26843, 0.382881, 0, 0.477535, 0.578111, 0.313056, 0, 0.210956, 0, 0, 0.41478, 0, 0, 0.510071, 0.450458, 0, -0.096439, 0.359531, 0.522126, -0.133106, 0, 0.563066, 0, 0.343377
2.520664, 1.098949, 0.584846, 0.746831, 0.336683, 0, 0.350338, 0, 0.332695, 0.817823, 0.769693, 0, 0.41245, 0.999434, 0.563831, 1.618885, 0.635628, 0.450699, 0.262186, 0, 0, 0.492076, 0.867678, 0.430529, 0, 0, 0, 0.862116, 0.410931, 0.393789, 0.319946, 0, 0.50854, 0, 0.278041, 0, 0, 0.256033, -0.065804, 0, 0.377501, 0, 0.50801, -0.105744, 0, 0, 0, 0.353665, 0.944056, 0.322268, 0, 1.531895, 0, 1.769946, 0.43778, 0, 0.433129, 1.144206, 0.655137, -0.05719, -0.101236, 0.54062, 0, 0, -0.171139, 0.421208, 0.404874, 0.908828, 1.065744, 0, 0.882559, 0.814689, 1.182824, 0.77678, 0, 0.351485, 0, -0.09418, 0, 0.944352, 0, 0, 0.376144, 0.585945, 0.451111, 0, 1.231856, -0.076795, 0.823224, 0.298249, 0, 0.787022, 0, 0.573225, 0, -0.078214, 0, 0.333077, 0, 0.391465, -0.083343, -0.065795, 0, 0.320126, 0.560423, 0.424738, 0.882394, 0.553984, -0.085897, 0, 0, 0.546492, 0.273798, 0, 0, 1.004363, 0.566657, 1.03833, 0.812853, 0.362727, 0.621819, 0.426204, 0.597175, 0.367532, 0, 0.423472
2.723371, 1.177572, 0.639988, 1.114434, 0, 0.676882, 0, 0, 0, 0.596106, 1.160522, 1.105854, 0.731419, 1.276842, 1.302615, 2.120968, 0.684445, 0.980904, 0, 0, 0.951115, -0.21625, 1.391238, 0.895282, 0, 2.420551, 0.645457, 2.402427, 0, 0.546411, 0, 0, 0.873393, 0, 0, 0, 0.910867, 0, 0, 0, 0.504407, 0, 0.78532, 0.597871, 0, 0, 0.857915, 0.5847, 0, 0, 0.896325, 0, 0, 1.327837, 0.444303, 0, 0.505962, 1.086793, 0.829655, 0, 0.547044, 1.107287, 0.744562, -0.112457, 0.81655, -0.217491, 0, 1.243529, -0.164442, 1.117377, 1.083428, 1.248805, 0.799525, 0.854677, 0, 0, 0, -0.143892, 0, -0.176668, 0.925626, 0, -0.21816, 0.691856, 1.172539, 1.276736, 2.048507, 0.54853, -0.18462, 0.781125, -0.134943, 0, 0, 0, 0.635722, 0, 0.712003, -0.20521, 0, 0.96751, 0, 0, 0, 0.755918, 0.853565, 0, 1.240379, 0, 0, -0.074835, 0.921007, 0.738136, 0, 0.568583, 0, 1.761074, 0.905663, 0.958841, 1.007665, 1.091593, 0.862181, 0.659361, 0.914809, 1.009691, 0.472018, 1.108393
2.214624, 0.768842, 0.482518, 0.720929, 0.292755, 0, 0, 0, 0, 0.754192, 0.705952, -0.226417, 0.852172, 1.031079, 0.528717, 1.10659, 0.502579, 0.348897, 0.340516, -0.09352, 0.446435, 0.636795, 0.739962, 0.507172, 0.152378, 0.981573, 0, 0.830321, -0.060969, -0.119992, 0.204983, 0.235587, 0.662792, 0, 0.417261, 0.407693, 0.670167, 0.224368, 0.260135, 0, -0.064892, 0.244528, 0.450577, 0, -0.071116, 0, 0, 0, 1.0239, 0.562998, 0, 1.042533, 0, 1.35603, 0.513373, 0, 0.602143, 0.908882, 0.921651, 0.310188, -0.067431, 0.624725, -0.072729, 0, 0.717473, 0.412293, 0, 0.972668, 1.242635, 0.758137, 1.109928, 0.856872, 1.009792, 0.625212, 0, 0.33586, 0, -0.184047, 0, 0.805581, 0.552834, -0.108976, 0.562848, 0.489767, 0.624085, 0.377271, 0.78733, -0.076093, 0.610721, -0.082227, 0.325121, 0.68975, -0.085441, 0.545114, 0, -0.068389, 0.517748, -0.09246, -0.086573, 0.4261, -0.054323, -0.091876, 0.352586, 0.29273, 0.440545, -0.129161, 0.679001, 0.551548, 0.305592, 0.303721, 0.360076, 0, 0.294856, 0, 0.378967, 0.999484, 0.64843, 0.576101, 0.671654, 0.523152, 0.764705, 0.656578, 0.730976, 0.49866, -0.053891, 0.441862
3.189378, 1.617145, 1.053915, 0.993962, 0, 1.055026, 0, 0, 0.756729, 0, 1.497759, 1.687056, 0.824771, 1.810443, 1.659435, 2.877962, 1.53427, 1.167462, 0, 0.507506, 1.064503, 0.72815, 1.916833, 1.566607, 0.312226, 3.621352, 1.117843, 2.920138, 1.020492, 1.080409, 0.755574, 0, 0.658371, 1.770617, 0.464027, 0, 1.128999, 1.036079, 0, 0, 1.095718, 0.453441, 1.74474, 0.645313, 0.475315, 1.367766, 1.571124, 1.112457, 1.378975, 0, 1.336653, 0, 0, 0, 0.812162, 0.715384, 0.706403, 1.633259, 0.992362, 0, 0.861536, 2.292906, 0.621224, 0.932034, 1.276824, 0, 0.932984, 1.651353, 0.869403, 1.878189, 1.295419, 1.941315, 1.744406, 1.54096, 0.62018, 0, 0, 0, 0, 0.770883, 1.936658, 0, 0.669636, 1.04442, 1.455502, 1.396659, 2.81602, 0.836578, 1.002692, 1.15343, 0, 1.401495, 0, 1.324925, 1.123438, 0, 1.257011, 0.93247, 1.005199, 1.395628, 0, 0, 0.969331, 0.792916, 0.723142, 0.810154, 1.330171, 1.304846, 0, 0, 1.607291, 1.201495, 0.594696, 0, 0, 2.056873, 1.558122, 1.503914, 1.416593, 1.145808, 1.634674, 1.002123, 1.936327, 0.995631, 0, 1.520003
1.299964, 0.581178, -0.10301, -0.173933, 0.274773, 0.612987, 0, -0.050084, 0.382889, -0.18407, 0.61024, -0.169658, -0.257719, 0, 0.506942, 0.938577, 0.769386, -0.105167, 0, 0.226244, 0.566143, -0.215415, 0.561565, 0.71249, 0.1541, 1.495445, 0.414828, 1.03676, 0.388892, 0.498761, 0, -0.045454, 0.34496, 0.406667, 0, 0.254395, 0.705572, 0.331996, 0, 0, 0.613233, 0.192105, 0.529191, 0.296862, 0.18793, 0.450012, 0.777879, 0.603041, -0.147576, -0.205616, 0.402975, 0, -0.13483, 0.673031, 0, 0, 0.440657, -0.189011, -0.202129, -0.12952, 0.353865, 1.345216, 0.512801, -0.167316, -0.184793, -0.166725, 0.207447, -0.183728, 0, -0.147455, 0.711581, -0.250897, 0.627488, 0.616291, 0, 0.220699, 0, -0.219936, -0.079657, -0.116944, 0.697379, -0.14031, -0.155924, -0.139005, 0.581023, 0, 0.812357, 0.506947, -0.192754, 0.472881, -0.127362, -0.135772, 0, 0.512935, 0, 0, 0, -0.207822, 0, 1.198656, 0, -0.123636, 0.381256, 0.306223, -0.069617, 0.378607, 0.634106, 0.544813, -0.076741, 0.456821, 0.569399, 0.65618, 0.526091, 0.289359, 0.42803, 0.734804, 0.552822, 0.476912, -0.185501, 0.625136, 0.661933, -0.221064, -0.22648, -0.241145, 0, 0.5307
1.812044, 0.588105, 0.517966, 0.621431, 0.333829, 0, 0.215215, 0.222867, 0.249392, 0.367013, 0.667592, 0.69788, 0.364066, 0.851499, 0.523185, 1.43496, 0.367705, 0.290266, 0.25007, -0.048199, 0.429665, 0.634823, 0.61324, 0, 0.139063, 0, 0.416782, 0.560754, 0.368363, -0.08774, 0.421213, 0.403282, 0.543119, 0.508337, 0.375949, 0.515996, 0.464832, 0.345793, 0, 0.303207, 0.322331, 0, 0.52757, -0.080447, 0.322412, -0.094426, 0.35742, 0.257158, 0.996334, 0.637621, 0, 1.340859, -0.090951, 1.412299, 0.675695, 0, 0.733563, 1.194433, 0.751855, 0.418626, -0.107721, 0.676667, 0.338984, 0.737564, 0.592913, 0.69393, 0.413838, 0.718977, 1.147077, 0.647258, 0.794835, 0.955486, 0.7034, 0.930902, 0.366244, 0.170675, 0.197136, -0.078736, 0, 0.79205, 0.637932, -0.060328, 0.73115, 0.636983, 0.684901, 0.380365, 0.633195, -0.082991, 0.633836, 0.404687, 0.396843, 0.854185, 0, 0, 0, -0.113979, 0.356812, 0.462336, -0.103288, 0.474446, -0.106368, 0, 0.550662, 0.367654, 0.498333, 0.266913, 0.676801, 0.569637, 0.347061, 0.290719, 0.318954, 0.288, 0.23521, 0, 0.310352, 0.809118, 0.848858, 0.863551, 0.901268, 0.737369, 0.80725, 0.633706, 0.713827, 0.580479, 0.241034, 0.614906
2.049462, 0.860612, 0.479513, 0.652246, 0.337065, 0, 0, -0.04436, 0.329882, -0.132951, 0.767442, 0, -0.17101, 0, 0, 1.487585, 0.56792, 0.780686, 0.303713, 0.184079, 0, 0.445994, 0.730834, 0.68934, 0.246604, 0, 0.43518, 1.034059, 0.328018, 0, 0, 0, 0, -0.108639, 0.249359, 0.240715, 0.753316, 0, 0, 0, 0.428192, 0.218, 0.713467, 0, 0, 0.379038, 0.729373, 0.504455, 0.567084, 0.293613, 0, 0.744302, -0.080039, 1.062637, 0.329958, 0.370667, 0, 0.808166, 0.679941, -0.13951, 0, 1.128322, 0.499224, 0.30738, 0, 0.383114, 0, 0.889636, 0.553845, 1.094143, 0.777506, 1.151921, 1.04682, 0.874768, 0.295958, 0.238631, 0.266569, -0.15555, 0, 0.528456, 0.540243, -0.138807, 0.341372, 0.489858, 0.841075, 0.531155, 1.017112, 0.369004, 0.75883, 0.312937, -0.083903, 0.881751, 0, 0.528535, 0, 0, -0.096619, -0.191562, 0, 1.154807, 0, -0.150757, 0.31074, 0.454385, 0.562458, -0.166901, 0.864708, 0, -0.094366, -0.109017, 0.652598, 0.451301, 0.526864, 0, -0.06704, 1.089428, 0.73846, 0.982976, 0.908097, 0.427143, 0.646306, -0.14074, 0.625055, 0.61975, 0, 0.579775
2.711671, 0.932087, -0.289211, 1.236971, 0.335989, 0.789523, 0, 0, 0.541306, -0.236799, 1.393904, -0.162355, -0.28685, 1.120683, 1.308079, 1.843511, 1.256978, 1.153425, 0.340686, 0, 0, 1.165751, 1.690956, 1.347016, 0.259596, 2.155854, 0.796099, 1.71996, 0.850051, 1.381717, 0.326651, 0, 0.859568, 0.589095, 0.507091, 0, 0.682604, 0.51394, 0, 0.360058, 0.889598, 0.461034, 0.912533, 0.78474, 0.864491, 1.050907, 1.188275, 1.242718, 0.753994, -0.294195, 0.664192, 0, -0.148078, 1.41398, -0.129266, 0.81202, 0.511234, 0, -0.298348, -0.211395, 0.93939, 2.239602, 1.109176, -0.315861, -0.129191, -0.299401, 0.414744, 1.026483, 0, 1.286, 1.020778, 1.098534, 1.10635, 1.160692, 0.448524, 0, 0, -0.184471, -0.108475, -0.360709, 1.238029, -0.139834, -0.310614, -0.235386, 1.167277, 0.719997, 1.458731, 1.071861, -0.366918, 0.779094, -0.127532, 1.083187, 0, 0.782099, 0.528899, 0, 0, -0.278448, 0.536194, 2.232887, 0, -0.131067, 0.468169, 0.665086, 0.67812, 0.867251, 0.968108, 0.616881, 0.492907, 0.747644, 1.354587, 0.942793, 0.689848, 0.434638, 0.708702, 1.263916, 1.426957, 1.187457, 1.236836, 0.882769, 0.972323, -0.273811, 1.352237, -0.289554, 0.387482, 0.603034
1.857913, 0, 0, 0, 0, 0.475112, 0.310608, 0.400666, 0.400069, 0.513834, 0.654469, 0, -0.135649, 1.090165, 0.665351, 0, 0, 0, 0.519559, 0.331963, 0.435899, -0.12103, 0.595276, 0, 0.215926, 1.40965, 0.314221, 0.655418, 0, 0.582089, 0, 0, 0, 0.442209, 0, 0, 0, 0.300255, 0.224183, 0.325785, 0.610521, 0, 0, 0.584186, 0, 0.565892, 0.514252, 0.709061, -0.112727, -0.085496, 0.662371, 0.733452, 0.521179, 1.104233, 0, 0, 0.333145, 0, 0, 0.419041, 0, 1.301207, 0.527446, 0, 0.563028, -0.0803, 0.265169, 0.567978, 0, 0.564487, 0, 0, 0, 0, 0, 0, 0, 0.825189, 0.520273, -0.080778, 0.99222, 0.562322, -0.160263, 0, 0.555799, 0.590617, 0, 0.579236, -0.072769, 0, 0.213369, -0.088238, 0.356468, 0.396686, 0.705656, 0, 0.504612, 0, 0.626032, 0.966042, 0.452481, 0.546431, 0, 0, 0, 0.761489, 0, 0.62196, 0.461568, 0.411992, 0.654246, 0, 0.38254, 0.333556, 0.573885, 0.761846, 0, 0, -0.092591, 0, 0, -0.154884, 0.633316, -0.096172, 0.251258, 0.425239
1.018317, 0.728651, 0.69152, 0.460442, 0.331117, 0.248432, 0.152811, 0.392323, 0.372427, 0.547477, 0.391121, 0.703866, -0.18699, -0.254197, 0.240413, 0.688306, 0.557293, 0.631002, 0.213967, 0, 0.227437, 0.498812, 0.365066, 0.913875, 0.185545, 0.394691, 0.163572, 0.288694, 0, 0.211647, 0.144823, 0.216048, 0.425371, 0.270053, 0.277986, 0.376906, 0, 0.214129, 0.212822, 0.161131, 0.484622, 0.081447, 0.382416, 0.661133, 0.082579, 0.277401, -0.133895, 0, 0.707413, -0.069749, 0.12802, 0.83695, 0.147132, 0.684263, 0.509522, -0.02566, 0.374204, 0.818636, 0.508033, 0, -0.06337, 0.649595, 0, -0.062684, -0.416388, 0.428209, 0.279034, 0.690925, 0.865931, 0.663614, 0.602773, 0.559476, 0.564261, 0.454329, 0, 0.593559, 0.13552, -0.130966, 0, 0.679607, 0.532908, -0.115608, 0, 0.560729, 0.448058, 0.889238, 0.370819, 0.152647, 0.605713, -0.042879, 0.309258, 0.551703, -0.073727, 0, 0.297264, -0.04031, -0.085379, -0.052052, -0.096366, 0.245579, 0.270734, -0.090585, 0.297981, 0.552328, 0.721162, 0.227936, 0.443429, 0.20355, 0.207885, 0.345942, 0, 0, 0.430825, 0, 0, 0.655241, 0.330464, 0.310109, 0.491297, 0.266311, 0.277993, -0.107307, 0, -0.05756, 0.174807, 0.311998
2.363404, 1.198469, 0.431463, 1.02527, 0.262168, 0, -0.098247, 0, 0, 0.475844, 0.548163, 0, 0.411366, 0, 0.43144, 1.530607, 0, 0.373029, -0.081919, 0, 0, 0.775015, 0.736931, 0.614152, 0, 0, 0.375544, 0, 0.452729, -0.178576, 0, -0.055343, -0.128926, -0.063812, 0.309869, -0.112349, 0.534839, -0.064415, 0, -0.102931, 0, 0, 0, -0.10791, -0.070636, -0.142404, 0.686967, -0.069636, 1.245909, 0.485465, -0.081399, 1.730103, -0.126048, 1.648661, 0.692611, 0, 0.721281, 1.328682, 0.968399, -0.073852, 0, 0, 0, 0.557162, 0.520506, 0.53763, -0.07318, 1.133652, 1.54707, 0.830673, 0.964459, 1.195436, 1.297377, 0.92736, -0.066264, -0.056323, 0, -0.15208, -0.133866, 1.245906, 0, -0.126212, 0.697323, 0.60962, 0.779134, 0.418598, 1.092122, 0, 0.814486, 0, 0.220426, 0.974698, -0.160227, 0, -0.157069, 0, 0, -0.130235, -0.183429, -0.214867, -0.112568, -0.146321, 0.370394, 0.299148, 0.656178, -0.139195, 0.668499, 0, -0.095083, -0.085877, 0, 0.381393, 0, 0, 0, 0.970179, 0, 1.000158, 0.970143, 0.60968, 0.95422, 0.557212, 0.613795, 0.432704, 0.293846, 0.661946
2.374439, 0.561334, 0, 1.370863, 0.354579, 0.404072, 0, 0, 0.610577, 1.237216, 0.703076, 1.048458, 0.883703, 2.534689, 0.938952, 1.325148, 0.394169, 0, 0.432417, 0.422578, 0.497518, 1.201781, 1.306375, 0, 0, 1.482749, 0.454729, 1.229281, 0.642743, 0.723337, 0, 0, -0.143888, 0.661996, 0.356521, 0.779598, 0.958861, 0.44431, 0.383233, 0, 0.654168, 0.346438, 0, -0.200418, 0.292433, 0, 0.403155, 0.428308, 1.116721, 1.002462, 0.486382, 1.145056, 0.427931, 1.649183, 0, 0.389014, 0.705929, 0.653165, 0.926884, 0.610716, 0.491545, 0, 0.399048, 1.221495, 1.188407, 0.680123, 0.367236, 0.876991, 1.005153, 1.296022, 1.122261, 0.950217, 0, 1.281233, 0.352406, 0.252932, 0.482928, 0.403834, 0.459122, 0.892355, -0.221039, 0.812985, 0.745522, 0, 0.505056, 0, 1.713974, -0.215265, 0, -0.077517, 0.573085, 0.613316, 0.498174, 0.596684, 0.472742, 0.660523, 0.687119, 1.056753, 0.916485, 1.027698, 0, 0.673894, 0, 0, 0, 0.510565, 0.653327, 0.615471, 0.350477, 0.415157, 0, 0, 0.361494, 0, 0, 1.480574, 0.968072, 1.219406, 1.288955, 0.582466, 0.955113, 1.288907, 1.161763, 0.804457, 0.43041, 0.580927
2.468424, 1.078576, 0.452714, 0.62709, 0.248197, -0.077493, 0.338637, -0.045361, 0.25304, 0.492054, 0.639755, 0, 0.356632, 0, 0.856776, 1.640921, 0.654031, 0.546985, 0.35076, -0.043349, 0.36182, 0.69157, 0.964907, 0.572959, 0, 0.87633, 0, 0.546446, 0, 0, 0.304524, 0, -0.077879, 0, 0.222163, 0, 0, 0, 0, 0, 0.278084, 0, 0.490603, -0.093282, 0, -0.062177, 0.770523, 0, 1.018816, 0.536994, 0.374093, 1.269347, -0.097993, 1.401566, 0.550082, 0, 0.700523, 0.988093, 0.606705, 0.250065, -0.105918, 0.50362, 0, 0.524023, 0.43698, 0.509514, 0, 0.918643, 1.385857, 0.671453, 0.612972, 0.885871, 0.835578, 1.013529, -0.06599, 0, 0, 0, 0, 1.225936, 0.366679, 0, 0.725084, 0.505359, 0.619259, 0.448227, 1.150994, 0, 0.728006, 0, 0.374832, 1.060457, 0, 0, 0, 0.46468, 0, 0.551308, -0.072531, -0.114382, 0, 0, 0.280335, 0.241748, 0.687167, 0.376389, 0.648192, 0.435983, 0.395855, 0.312246, 0, 0.334862, 0, 0, 0, 1.144345, 0.656294, 0.779656, 1.037887, 0.543481, 0.665131, 0.517946, 0.775729, 0.385824, 0.354761, 0
1.493394, 0.72616, 0.370523, 0.545811, 0.447022, 0.626571, 0, 0.276912, -0.088708, 0.718002, 0.441312, 0.580565, -0.23519, 0.911664, 0.434679, 1.038236, 0.766834, 0.361468, 0.224604, 0, 0.281763, 0.66726, 0.795506, 0.522552, 0.169274, 1.071302, 0.23854, 0.987017, 0.243069, 0, 0.232425, 0.309519, 0.479642, 0, 0.210809, -0.091753, 0.720096, 0.260864, 0, 0, 0.625852, 0, 0.533475, 0.754642, 0.486706, 0.365578, 0, 0.656854, 0, -0.151997, 0.401707, 0, -0.065895, 0.744897, 0, 0, 0.630136, 0, 0.399914, -0.163096, 0.580788, 1.194717, 0.601788, 0, -0.235197, -0.05148, 0.238808, 0.462546, 0, 0.722149, 0.649724, 0.641133, 0, 0.660308, 0, 0.471385, 0.249405, -0.151216, 0.420626, 0, 1.245311, 0.398732, -0.091072, 0, 0.559848, 0.600735, 0, 0.744935, 0, 0, 0.453066, 0.75923, 0, 0.387305, 0.278274, 0, 0, 0.469861, 0, 0.646113, 0.281482, 0.512631, 0.294221, 0.263131, 0, -0.091922, 0.613853, 0.35925, 0.302577, 0.410908, 0.480525, 0.402823, 0.472109, 0, 0.365368, 0.751728, -0.116814, 0, 0.765444, 0.377835, 0.640869, -0.195949, 0.629541, -0.126978, 0, 0.569781
2.078255, 1.032656, 1.205516, 0.598742, 0.321516, 0.779813, 0.425614, -0.089414, 0.458773, 0.920843, 0.634575, 0, -0.146565, 1.534139, 0.903387, 1.17361, 0.970161, 0.784629, 0, 0, 0, 0.89033, 1.188736, 1.226779, 0.256327, 1.164338, 0, 1.19891, 0.393437, 0.467407, 0.276887, 0.278128, 0.976321, 0, 0.478723, 0.473188, 0.79287, 0.397486, -0.060515, 0, 0.522106, 0, 0.965492, 1.11707, 0.427389, 0.465366, 0.556731, 0, 1.181674, 0.560547, 0.604728, 1.746505, 0.38179, 1.698633, 0.775767, 0, 1.014299, 1.190037, 0.601028, -0.126855, 0.677214, 0.549821, 0.608703, 0, 0, 0.477505, 0.476971, 0.56018, 1.197036, 0.631861, 0.890322, 0.477614, 0.93208, 1.03498, 0.621095, 1.35306, 0.378359, 0.660928, 0.423745, 0.813957, 1.032461, 0.622943, 0.593805, 1.01438, 1.095467, 1.151369, 1.414238, 0.943043, 1.097901, 0, 0.453532, 0.544241, 0, 0.421148, 0.913229, 0.599086, 0.614395, 0.568832, 1.060756, 0.393123, 0.319371, 0, 0.486612, 0.900437, 0.870355, 0.827878, 0.93743, 1.186103, 0.764006, 0.851699, 0.783819, 0, 0.466377, 0.322321, 0, 0.765373, 0, 0.62011, 0.701275, 0.604518, 0.798084, 0, 0.758562, 0, 0, 0.794124
0.700521, 0.448422, -0.136243, -0.193821, 0.35867, 0.397909, 0, 0, 0.301313, -0.19438, -0.139373, -0.176054, -0.186379, 0, 0.557432, 0.479429, -0.083238, 0.422127, 0.262528, 0, 0.395298, -0.197848, 0.424009, 0, 0.194323, 0.66109, 0.239917, 0.654666, 0.363031, 0.375946, 0, -0.043929, 0, 0, 0, 0, 0.550523, 0, 0, 0, 0.61006, 0.142481, 0.416975, 0.581674, 0.371184, 0.528785, 0.416775, 0.467483, -0.183509, -0.168721, 0, -0.094688, 0, 0.512191, -0.075506, 0.289154, 0.309859, -0.149654, -0.162995, 0.234382, 0.519146, 1.316134, 0.492332, -0.18177, -0.243872, 0, 0, -0.157721, -0.138013, -0.202417, -0.200234, -0.234016, -0.158276, -0.226356, 0.299244, 0, 0, -0.146407, 0, -0.156398, 0.63416, -0.140646, -0.194023, -0.184229, 0.575481, 0, 0, 0.467382, -0.212549, 0.454497, -0.115128, -0.216473, 0, 0.350611, 0.295682, 0, -0.115683, -0.174998, 0, 1.014932, 0, 0, -0.045502, -0.040205, 0.529727, 0.305683, 0.511651, 0.378334, 0.28943, 0.43262, 0.351923, 0.315452, 0.389723, 0, 0.277545, 0.614825, -0.151552, -0.164005, -0.237238, 0.3988, -0.132288, -0.258885, -0.187606, -0.187767, 0, 0.531507
1.28201, 0.429627, 0, 0.323192, 0.641277, 0, 0.407151, 0, 0.743451, 0.360501, 0.402601, -0.0735, 0.316667, 0.540483, 0, 0.715688, 0, 0.245039, 0.314054, 0, 0.613719, 0.460257, 0.413709, 0, 0.196531, 0, 0.337964, 0.644597, 0.481829, 0, 0.530695, 0.438497, 0.373592, 0.784517, 0.514092, 0.559172, -0.079527, 0.398643, 0.31196, -0.080665, 0.264951, -0.032986, 0.729087, 0, 0, 0, 0.400767, 0.284741, 0.762699, 0.229964, 0, 1.10579, -0.104814, 0.928517, 0.300579, 0, 0.286053, 0.711636, 0.368839, 0.087293, 0, -0.096391, -0.05681, 0, 0.554576, 0.40652, 0, 0.777628, 1.040571, 0.424654, 0.556612, 0.372888, 0.724111, 0.541605, 0.390075, 0.216957, 0.230696, 0, 0.265462, 0.787758, -0.068594, 0, 0.339025, 0.449134, 0.27614, 0.607009, 0, -0.055126, 0.324405, 0.32382, 0.319295, 0.671345, 0.279123, 0.354191, 0, 0, 0, 0.288845, -0.094328, 0.38472, 0, -0.065777, 0.250397, 0.318288, 0.27535, -0.074585, 0.376906, 0.491433, -0.047415, 0, 0.403578, 0.224426, 0.213354, -0.044403, 0.324602, 0.609452, 0, 0.529563, 0.380053, 0, 0.501075, 0.293018, 0, 0, 0.231354, 0
2.878907, 0.907122, 0, 0.880285, 0.42829, 0.759197, 0.705489, 0.380319, 0, 0.726932, 0, 0.941823, 0.503129, 1.850872, 0.944461, 1.650142, 0.831304, 0, 0.665032, 0.51705, 0.670975, 0.479535, 0.896538, 0.929492, 0.253608, 2.169395, 0.469683, 2.331453, 0.553665, 0.614392, 0.45063, 0.607224, 1.203743, 0, 0.443133, 0, 1.04661, 0.75723, 0.471658, 0.623558, 0.872077, 0.507527, 0.85378, 1.158557, 0.488843, 1.125163, 1.035793, 0.620626, 0.983512, 0.549264, 1.109988, 0.943071, 1.196871, 1.590613, 0.428088, 0, 0.488527, 0.641348, 0, 0.362884, 0.697191, 1.451497, 0.604976, 0.537118, 0.979357, 0, 0.600616, 0, 0.829936, 0.940284, 0, 0.62453, 0.854798, 0.742296, 0.572847, 0.987576, 0.739172, 0.862906, 0.484212, 0, 1.326046, 0.483187, 0, 0.417413, 1.228192, 0.772247, 2.458218, 0.781441, 0, 0.704316, 0, 0.591769, 0.852443, 0.537171, 0.791359, 0.703286, 0.636684, 0.794215, 0, 0.946652, 0.667063, 0.701164, 0, 0.439077, 0.501273, 1.227534, 0.850565, 1.02965, 0.721309, 0.638945, 0.999773, 0.776273, 0.550632, 0, 0.572637, 1.265572, 0.677434, 0.731525, 0, 0, 0.564345, 0, 1.009298, 0.485326, 0, 0.514809
2.389494, 0.740385, -0.107907, 0, 0, 0, -0.102134, 0, 0, 0, 0.712302, 0, -0.08432, 0, 1.023024, 1.531366, 1.180203, 0, 0, 0, 0.809698, 0, 1.336164, 0.839624, 0, 1.987425, 0.623267, 2.241559, 0, 0.681617, 0, -0.087851, 0.738838, 0, 0, 0, 0.641176, 0, 0, 0, 0.952505, 0, 0.677677, 0.953384, 0.44373, 0.717908, 1.682463, 0.619016, -0.215476, -0.189871, 1.029258, -0.144639, 0.52819, 1.343854, 0.455709, 0, 0.452342, 1.140162, -0.149622, -0.175566, 0.643212, 1.689196, 0.735771, 0, 0, -0.176289, 0, 0.704332, 0, 0.967227, 0.736465, 1.105248, 0, 0.77247, 0.349669, -0.06877, 0, -0.214207, 0, -0.229659, 0.932971, 0, -0.248659, 0.848719, 1.318716, 1.204467, 1.969101, 0.793681, -0.157769, 0.920073, -0.134732, 0, 0, 0.76649, 0.475218, 0, 0.501734, -0.184674, 0.567095, 1.555271, 0, 0.982426, 0.591678, 0.731209, 0.71925, 1.048516, 1.140071, 0.914166, -0.075195, 0.571791, 1.058303, 0.73802, 0.451099, 0.551989, 0, 0.964988, 0.800783, 0.725251, 1.079561, 0.642617, 0.730748, -0.165588, 0.857115, 0.475684, 0, 1.047347
2.122882, 0.571098, 0.714525, 0.541139, 0.611967, 0.979013, 0.604487, 0.434056, 0.567672, 0.580405, 0.53136, 0.810197, 0.378096, 1.776593, 0.58791, 1.716916, 0.40417, 0.446184, 0.578506, 0, 0.519518, 0, 0.585282, 0.778144, 0.194982, 2.019523, 0.400826, 1.092193, 0, 0.474451, 0, 0.352019, 1.040728, 0, 0, 0.506955, 1.110034, 0, 0.235861, 0.370419, 0.718744, 0, 0.921595, 0.942, 0.576749, 0.562798, 0, 0.397033, 0.66149, 0.564185, 0.829458, 1.007584, 0.661515, 1.113204, 0, 0.611982, 0.671266, 0.93266, 0, 0.533508, 0.900569, 1.478498, 0.818335, 0.426057, 0.630769, 0, 0.35112, 0.636947, 0.775298, 0, 0.618438, 0.662318, 0.691499, 0.798, 0, 0.955597, 0.428103, 0.726659, 0.372176, 0, 1.211451, 0.593881, 0.390989, 0.358777, 0.605242, 0.58213, 1.884489, 0.966312, 0, 0, 0.343838, 0.688486, 0.418028, 0.655097, 0.913265, 0, 0, 0.46981, 0.706008, 0.887785, 0, 0, 0.474426, 0.448412, 0.408834, 0.744755, 0, 0.605789, 0.462141, 0.333074, 0.695528, 0.431668, 0.607913, 0.376696, 0.626976, 1.048137, 1.018378, 0.535267, 0.518546, 0, 0, 0, 0.574736, 0.409609, 0, 0
2.088687, 0.577463, 0, 0.761724, 0.551287, 0.623214, 0, 0.443363, 0.796053, 0.520298, 1.09189, 0.782899, 0.796815, 1.981695, 1.003292, 1.47057, 0, 0.434823, 0.616352, 0, 0.853206, 0.584996, 0.847106, 0.588138, 0.234489, 2.217255, 0.38137, 1.891323, 0.470539, 0.752991, 0.666795, 0.543514, 0.693429, 0.729145, 0, 0.584793, 0, 0, 0.28365, 0.4975, 0.955984, 0, 1.23215, 1.306461, 0.487344, 0.829086, 0.637003, 0.616208, 0.703554, 0.44982, 0.68717, 1.037338, 0.736906, 1.405397, 0, 0, 0, 0.803601, 0.534799, 0.473269, 0.442677, 1.561619, 0.758754, 0.458115, 0.824184, 0, 0.446397, 1.159334, 0, 0.959079, 0, 1.236948, 1.183482, 0.6969, 0.380836, 0.806328, 0, 0.663726, 0, 0, 1.174342, 0.712343, -0.123737, 0.644115, 0.882501, 1.14415, 1.278561, 0.739744, 0, 0, 0.374075, 0.770141, 0.721065, 0.661151, 0.738205, 0, 0.676963, 0.60176, 0.764563, 1.099612, 0.489826, 0.415889, 0.499146, 0.660424, 0.617216, 0.693745, 0.573574, 0, 0, 0, 1.080351, 0.595197, 0.788943, 0.649635, 0.753313, 1.486112, 0.753392, 0.780605, 0.833491, 0.445667, 0.699933, 0.506413, 0.787852, 0.531343, 0, 0.461576
2.236467, 0.799352, 0.591478, 0.940195, 0.481683, 0.763439, 0.599071, 0.529153, 0.873651, 0.708297, 0.791379, 0.920744, -0.338421, 1.680329, 1.298622, 1.788114, 1.060523, 0.900777, 1.03478, 0.628994, 0.54263, -0.212589, 1.426972, 1.013466, 0.322465, 1.881327, 0.522131, 1.456303, 0.624844, 0.901002, 0.300678, 0.640558, 0.723473, 0.85573, 0.744352, 0.562664, 0.765246, 0.55127, 0, 0.50741, 1.01677, 0.337323, 0.934703, 0.86698, 0.508572, 0.847587, 0.889985, 0.819462, 0.989934, 0.646678, 1.106699, 1.120304, 1.191904, 1.643736, 0, 0.939304, 0.92533, 1.378669, -0.244186, 0.661434, 1.022781, 1.910637, 1.111118, 0.854925, -0.337351, -0.181626, 0.504992, 0.999542, 0.888859, 0.851276, 0.668699, 0, 0.621606, 0.798112, 0.627156, 0.865531, 0.285085, 1.157813, 0.924069, -0.186992, 1.229734, 0.759754, -0.255647, -0.095845, 1.121511, 0.427812, 1.605217, 1.172805, -0.176879, 0.64964, 0.449729, 1.096776, 0.437666, 0.788804, 0.699192, 0.671438, 0.635889, 0.941048, 0, 1.581632, 0.799968, 0.907446, 0, 0, 0.833762, 1.429772, 0.929669, 0.905469, 0.802728, 0.928107, 1.254024, 0.920316, 0.937612, 0.579091, 0.864096, 1.335372, 0.916093, 0.955202, -0.219278, 0.694902, 0.984148, -0.269905, 1.06404, -0.199954, 0, 0.686595
2.642479, 1.173658, 0.470749, 0.661756, 0.32322, 0.923453, 0.691269, 0, 0, 0.565687, 0.675441, 0, -0.15087, 1.727538, 0.727628, 1.399315, 0.641011, 0, 0.430123, 0, 0.530122, 0.478138, 0.791999, 0.70029, 0.2423, 1.947141, 0.735042, 1.715777, 0.616962, 1.04191, 0, 0.431215, 0.820148, 0.948609, 0.702711, 0, 0.672023, 0.454193, 0, 0, 0.858009, 0.318533, 0.739904, 0.574442, 0.307106, 1.209473, 1.608445, 0.596405, 0.879067, 0.405981, 0.637077, 0, 1.005432, 1.667087, 0, 0.570652, 0.464498, 0.654578, -0.103202, -0.11563, 0.548684, 1.151475, 0.489846, 0.611736, 0, -0.10368, 0, 0, 1.102038, 0.822308, 0.783494, 0.795808, 0, 0, 0, 0, 0, 0.89592, 0.528117, -0.109346, 0.957585, 0.562033, 0.723243, -0.086061, 0.992458, 0.739293, 2.08021, 0.97621, -0.192292, 0.898108, 0.362848, -0.115288, 0, 0, 0.677358, 0, 0.547036, 0.567292, 0.529745, 1.462205, 0.741934, 0.566659, 0.607503, 0, 0.502926, 0.786594, 0.540425, 0.749733, 0.496092, 0.635132, 1.472085, 0.743957, 0.549814, 0.489091, 0.707732, 0.737075, 0.632949, 0.769842, 0.80867, 0, 0, 0.415435, 0.702906, 0.631901, 0.438401, 0
2.296088, 0.733065, 0.620932, 0.938562, 0.514981, 0.935934, 0.700939, 0, 0.681336, 0.677996, 0.89887, 0, -0.123581, 1.175177, 1.154235, 1.762487, 1.038839, 0.727834, 0.649711, 0.425781, 0.709755, -0.163391, 1.055008, 0.847653, 0.211156, 2.150152, 0.756546, 1.479757, 0.653998, 0.964854, 0.434261, 0, 0.736987, 0.823358, 0.434696, 0.357285, 0.726097, 0, 0, 0, 0.86407, 0.484055, 0.808878, 0.738432, 0.575296, 1.182447, 1.463083, 0.857029, -0.249771, -0.150718, 0.739197, 0.637661, 0.710211, 1.554942, 0.534146, 0.618841, 0.618175, 1.092806, -0.12766, 0.429521, 0.960385, 2.185227, 0.898731, 0.395764, 0, -0.24506, 0.306263, 0.545302, 0.645295, 0.718787, 0.884726, 0.701179, 0.643439, 0, 0.5503, 0.563426, 0, 0.728297, 0.711844, -0.25856, 1.101785, 0, -0.219676, -0.136441, 1.252084, 0, 1.808408, 1.124084, -0.241813, 0.846002, -0.133912, -0.197472, 0.656267, 0.463581, 0.804505, 0.491922, 0, 0.862741, 0.56379, 1.89225, 0.574853, 0.689917, 0.554526, 0, 0.636385, 0.825969, 0.632478, 0.793795, 0.621044, 0.723152, 1.126158, 0.921413, 0.616501, 0.365456, 0.66111, 0.927773, 0.748811, 0.752204, 0.711806, 0.61121, 0.731505, -0.162739, 1.136529, 0.506142, 0, 0
2.006802, 1.282557, 0.571994, 1.046121, 0.155034, 0, -0.048391, 0, 0.282738, 0, 0.601226, 0.428645, 0.285435, 0, 0.802669, 1.307851, 0.90636, 0.657945, 0.280594, 0, -0.104591, 0.881936, 1.169913, 1.095571, 0, 0.818064, 0, 0, 0, -0.092326, 0.286625, 0, -0.10281, 0, 0, 0, 0.364266, -0.060553, 0, 0, -0.116379, -0.09587, 0, -0.049324, -0.062023, -0.108424, -0.17595, -0.097219, 1.158904, 0.328783, 0.496107, 0.889261, -0.105134, 1.227552, 0.851205, -0.05413, 0.58535, 1.272257, 0.641535, 0.343491, -0.096493, -0.126526, -0.061843, 0.587442, 0.390652, 0.56178, 0, 0.644161, 1.148553, 0.548056, 0.38259, 0.949799, 0.830033, 1.003044, 0, 0.139827, 0.280386, -0.077654, 0.339022, 0.801143, 0, 0.422484, 0.435788, 0.603077, 0.924519, 0.47315, 0, 0, 0.841254, 0, 0.24293, 0.688112, -0.043913, 0, -0.128514, 0, 0, 0, -0.086911, -0.135924, -0.097394, -0.108145, 0.364471, 0.248194, 0.785082, -0.090299, 0.923501, 0.372234, 0.463926, 0.531791, -0.105136, 0, -0.027644, -0.064941, -0.10756, 0.860781, 0.831461, 1.119944, 0.945667, 0.623652, 0.844561, 0.592422, 1.021984, 0.672097, 0.241039, 0.671337
0.981542, 0.530426, -0.087561, -0.09372, 0.215977, 0.419927, 0, 0, 0.140534, 0, -0.089622, -0.080124, 0, 0, 0, 0, 0.429356, 0.415362, 0, 0.329254, 0.244454, -0.138993, 0, 0.389351, 0.180506, 0, 0, 0, 0.234802, 0, 0.304156, 0, -0.058788, -0.060348, 0, -0.046205, 0.434858, -0.060926, 0, 0, 0.379582, 0.165669, 0.40568, -0.057424, -0.068823, 0, 0.299199, 0, 0, 0, 0, 0.507732, -0.039916, 0.366251, 0.159622, 0, 0, 0.276649, 0.463462, 0.097933, -0.12338, 0, 0.25462, -0.063742, 0.386614, -0.151696, 0, 0, 0, 0, 0, 0, 0.468792, 0, 0.262153, 0, -0.03856, -0.073348, -0.053368, 0.30447, 0, 0, -0.06068, -0.107683, -0.08305, 0.429693, 0, 0.237935, 0.19404, 0, -0.055992, 0.451463, -0.057507, 0.328742, -0.063862, 0, -0.056415, -0.094942, 0, 0.415919, -0.076408, 0, 0.244118, 0.367889, 0.264331, -0.04118, 0.585662, 0, 0, -0.026033, 0.248268, 0.195235, 0.213934, -0.062376, 0, 0.407016, 0, -0.083315, -0.054267, 0, 0, 0, -0.082469, 0, 0, 0
1.560003, 0.563922, 0.399522, 0.485579, 0.264607, 0, 0, 0.19085, 0, 0.414385, 0.444201, 0.461292, 0.470033, 0.728484, 0, 0.746993, 0, 0, 0, -0.058673, 0, 0.351596, 0.460016, 0.575149, 0.11554, 0, 0.245958, 0.546355, 0, 0.250516, 0.206095, 0, 0, 0, 0, 0, 0.508869, 0, 0, 0.217114, 0.244963, -0.058261, 0, -0.103225, -0.050729, -0.076599, 0.292866, 0, 0.71408, 0.293302, 0.285197, 0.859586, -0.07566, 0.918673, 0.314933, 0, 0, 0.628817, 0.49135, 0.19389, -0.064086, 0, 0, 0, 0.605401, 0.235248, 0, 0.722861, 0.803133, 0.400838, 0.553305, 0.469524, 0.58315, 0.513158, 0, 0.145258, 0, -0.106449, -0.070282, 0.451526, 0, 0, 0.315978, 0.350986, 0.379995, 0.659662, 1.037178, 0, 0.352391, -0.061269, 0, 0.53881, -0.076797, 0.275294, -0.063678, -0.060554, 0.340215, 0, -0.060908, 0, -0.050172, 0, 0, 0.293785, 0.470656, 0, 0.462561, 0, 0.168783, 0.288944, 0, 0.290615, 0, 0, 0, 0.655421, 0.486357, 0.466412, 0.416352, 0.305002, 0.383904, 0.266351, 0.371756, 0.322782, 0, 0.282764
1.656518, 1.013005, 0.65456, 0.577334, 0.324782, 0, 0.329985, 0, 0.214063, 0.60969, 0.656272, 0.554837, 0.674229, 1.022546, 0.420823, 0.860622, 0.605799, 0.820452, 0.216137, -0.065082, 0.282131, 0.539952, 0.909548, 0.919939, 0, 0, 0, 0.534027, 0, 0, 0.320085, 0.292679, 0, 0, 0.36183, 0.341425, 0.440801, 0.343342, 0, -0.066908, 0, 0.265792, 0.40416, 0.370887, -0.065262, -0.090007, -0.176228, -0.055925, 1.039946, 0.618669, 0.322334, 0.959605, -0.051063, 1.55419, 0.814605, 0, 0.545904, 1.11825, 0.714427, 0, -0.118344, 0, -0.079405, 0.351469, 0.899531, 0.385444, -0.063407, 0.871071, 1.117377, 0.676133, 0.692198, 0.646888, 0.900108, 0.371751, 0, 0.258317, 0, 0, 0, 0.986133, 0.322263, -0.097531, 0.355164, 0.484926, 0.903939, 0.819231, 0, -0.057174, 0.71612, 0.323172, 0.288202, 0.563626, 0, 0, -0.10093, -0.071799, 0, 0, 0, 0, -0.046153, 0, 0.270987, 0.497953, 0.714378, 0.226551, 0.550867, 0.721848, 0.46977, 0.371384, 0, 0.385963, 0, 0, 0, 0.749226, 0.513839, 0.486154, 0.42988, 0, 0.593432, 0.410977, 0.578142, 0.319766, -0.049151, 0.325785
1.569483, 0.402704, 0.301989, 0.699217, 0.222765, 0, -0.058119, -0.075928, 0, 0.466919, 0.574298, -0.151359, 0.484101, 0.723618, 0, 1.035249, 0.414618, 0, -0.049147, -0.085835, 0.491568, 0.677262, 0.496591, 0, 0, 0.810179, 0.283503, 0.76436, -0.053425, -0.078905, 0, 0, 0.519009, 0, 0.25003, -0.06594, 0.579119, 0, -0.041025, -0.058451, -0.06595, 0.358597, 0.437142, -0.074705, -0.074409, 0, 0.731989, -0.057732, 0.8019, 0, -0.074483, 0.967994, -0.105887, 1.163743, 0.452517, -0.09522, 0.251463, 0.537807, 0.648179, -0.049462, -0.073539, 0, -0.075211, 0, -0.143537, 0.303063, 0, 0.749118, 1.035084, 0.772807, 0.689985, 0.452861, 1.181355, 0, 0, 0.195612, 0, -0.17068, 0, 0.679634, 0, -0.118902, 0.358891, 0.311282, 0.377749, 0, 0.988217, -0.058467, 0.529358, 0, 0.245341, 0.419251, -0.063453, 0, -0.059305, 0, 0.261667, 0, -0.085813, 0.292957, -0.069828, -0.061616, 0.494216, 0.255453, 0.517171, -0.066267, 0.502141, 0, -0.051076, 0, 0, 0.319032, 0, 0, 0, 0.633636, 0.544524, 0.793374, 0.536637, 0.469858, 0, 0.397529, 0.644285, 0.310375, 0.259841, 0.447642
1.507558, -0.133374, -0.175309, -0.228802, 0, 0.867889, -0.092869, -0.092276, 0, -0.215917, 0.733591, -0.223196, -0.220559, 0, 0.7711, 0.846531, 0.779107, 0, 0.263543, 0, 0.320506, -0.246004, 0.93386, 0.709535, 0, 1.083785, 0, 1.405473, 0, 0.509124, 0.230956, -0.078843, 0.332563, 0, 0.240003, 0, 0, 0, -0.059437, 0, 0.523511, 0, 0, 0.381271, 0.289291, 0.606665, 1.099212, 0.629362, -0.343074, -0.250481, 0, -0.163371, -0.098632, 1.040373, -0.134497, 0.316432, 0.319462, -0.17449, -0.197937, -0.146328, 0.419375, 1.242526, 0.58614, -0.154031, 0, -0.221491, -0.062309, 0.688917, -0.251678, 0.719605, 0.647126, -0.207063, -0.179678, -0.174795, 0, 0.316644, 0, -0.166348, 0, 0, 0.416871, -0.077611, -0.300143, -0.227983, 0.656373, 0, 1.162302, 0.422021, -0.24744, 0.433582, -0.134694, -0.175189, 0, 0.366963, 0, 0, 0, -0.230061, 0, 1.240447, 0, -0.098739, -0.107353, -0.093246, -0.148952, 0.750647, 0.891041, 0.389594, -0.124607, 0.670861, 0.572602, 0.471815, 0.335655, 0, 0.356652, 0.836965, 0.649417, -0.175869, -0.237426, 0.518918, -0.235495, -0.227595, 0.738812, -0.14702, 0, 0.630747
2.806162, 0.668952, 0.551381, 0.728056, 0, 0, 0, -0.066973, 0.291124, 0.942929, 0.853937, 1.319142, 0.999117, 1.582627, 0, 1.498916, 0, 0, 0, -0.087627, 0, 0.549133, 0.927773, 0, 0, 1.059234, 0.344747, 1.170328, 0, 0, 0.358716, 0, -0.179692, 0.833917, 0.389586, 0.639836, 0.559129, 0.363453, 0.242631, 0, 0, -0.10479, 0, 0.457768, -0.071852, 0, 0.76853, 0, 0.969467, 0.690889, 0, 1.358818, 0, 2.039802, 0, 0.398096, 0.533801, 0.609237, 0.802953, 0.346292, -0.143483, -0.088678, 0.340283, 0.899987, 1.01831, 0.348023, -0.101992, 1.031195, 1.211484, 0.995147, 0.736303, 0.905124, 0.955952, 0.743157, 0.510183, 0.379428, 0, 0, 0, 0.875854, 0, 0, 0.483488, 0, 0.525752, 0.502207, 1.84974, -0.177554, 0.525393, -0.133319, 0.320741, 0.931806, -0.099539, 0.456988, 0, 0, 0, 0.553556, 0, 0, 0, 0, 0.599805, 0, 0, 0, 0.812169, 0, 0.234876, 0, 0.584188, 0.588138, -0.067258, 0, 0, 1.327191, 0.859492, 0.808452, 0.739306, 0.612883, 0, 0.796474, 0.89114, 0.827103, 0.331927, 0.671238
1.880577, 0.966738, 0.511315, 0.545828, 0.283366, 0.349348, 0, -0.046518, 0, 0, 0.674732, 0.433759, -0.118771, 0.824599, 0.509324, 1.453292, 0.665369, 0.958048, 0, 0, 0, 0.632896, 0.779646, 1.07079, 0.186581, 0.66066, 0.248744, 0.692401, 0, 0.266716, 0.213425, 0, 0.435228, -0.072597, 0.360569, 0.24018, 0.583689, 0.369634, 0, 0, 0.213425, 0.261649, 0.582026, 0, 0.26352, 0, -0.08633, 0, 0.85929, 0.396296, 0.551548, 1.038545, 0, 1.355567, 0.719544, 0, 0.558774, 0.807478, 0.54298, -0.06122, -0.064887, 0, 0.24946, 0.307091, 0.711783, 0.455785, 0.433456, 0.625442, 0.948057, 0.524714, 0.826265, 0.449802, 0.495515, 0.668645, 0, 0.528704, 0.493487, -0.116837, 0, 1.017745, 0.345828, 0, 0.268635, 0.4908, 0.672481, 0.839373, 0.845265, 0.245472, 0.618687, 0, 0.225267, 0.648653, 0.309048, 0, 0.506565, 0, 0.604697, 0, 0, 0.3001, 0, 0, 0, 0.479227, 0.543456, 0.35471, 0.514401, 0.454474, 0.43636, 0.370459, 0, 0, 0.258236, 0.233818, 0, 0.630529, 0.586781, 0.733305, 0, 0, 0.650433, 0.516852, 0.476497, 0, -0.053969, 0.457879
1.799804, 0, -0.113845, -0.138916, 0.177412, 0, 0, 0.28543, -0.047421, -0.207974, 0.641067, -0.202945, -0.204204, 0.911973, 0.620667, 0.880918, 0.857396, 0.595716, 0, 0, 0, -0.165027, 1.15559, 0.573265, 0, 0.76238, 0, 1.09986, 0, 0, 0, 0.309205, 0, 0, 0, 0, 0.441158, 0, -0.04253, 0, 0.464812, 0, 0, 0.464105, 0, 0.332659, 0.368938, 0.273033, -0.140738, -0.16931, 0.44726, 0, 0, 0.814347, 0, 0, 0, -0.084908, -0.141382, -0.145154, 0, 0.824366, 0.413235, -0.156311, 0.610235, -0.154064, 0.301642, 0.779848, -0.140445, 0.7521, -0.184139, -0.134992, 0.634866, -0.153221, 0, 0, 0, -0.164568, 0, -0.175683, 0.623047, -0.140972, 0, -0.096279, 0.712021, 0.339136, 0.849785, 0.544524, -0.163616, 0, -0.112732, -0.153925, 0, 0.348158, 0, 0, 0, 0.622006, 0, 0.858935, 0, 0, 0, 0, 0, 0.466096, 0.881739, 0.346917, 0.327281, 0.37113, 0, 0.296733, 0.284339, 0.229495, 0.312811, 0.764937, 0.58768, -0.10421, -0.191404, 0.59423, 0.777387, -0.238971, 0.69094, -0.204493, 0.260806, 0.568743
1.751197, 0.887195, -0.211408, 0.876467, 0.271851, 0.460725, 0.536594, -0.058372, 0.449038, -0.281635, -0.189205, -0.273732, -0.370551, 0, 0.745765, 1.247291, 1.073234, 0.491, 0.388067, 0.179625, 0, -0.352551, 0.942664, 0.903468, 0.125676, 1.287005, 0.42134, 0.778519, 0.287888, 0.638251, 0.391817, 0.406069, 0.549961, 0.37923, 0, 0.221102, 0.335032, 0.300351, -0.075373, 0, 0.569287, 0.307306, 0.453187, 0.397172, 0.321172, 0.612119, 0.753083, 0.520701, -0.223103, -0.231327, 0.567847, 0.598342, 0.272284, 0.770032, -0.165209, 0.51746, 0.504255, -0.193712, -0.290877, -0.172222, 0.594045, 1.494685, 0.688043, -0.240162, -0.30794, -0.195632, 0, -0.230221, 0.381281, -0.251448, 0.775747, -0.298487, -0.169898, -0.189302, 0.440857, 0.162944, 0, -0.236192, 0, -0.216583, 0.895672, -0.126764, -0.286393, 0, 0.903668, 0, 0, 0.750854, -0.295493, 0.555647, -0.142698, -0.158663, -0.053536, 0.455352, 0.424421, 0, -0.125942, -0.180472, 0.316546, 1.521535, 0.377924, -0.143938, -0.118402, -0.099057, -0.11469, 0.554607, -0.264437, 0.511927, 0.459128, 0.581264, 0.754121, 0.56733, 0.686058, 0.354645, 0.370113, -0.279197, -0.257052, -0.250113, -0.303617, -0.150304, 0.778182, -0.366062, -0.273504, -0.324131, 0, 0.454041
1.937793, 1.268732, 0.839753, 0.792683, 0.689043, 0.569875, 0.58473, 0.365709, 0.876824, 0, 0.891034, -0.125026, -0.301121, 1.214742, 0.932561, 2.111923, 1.104474, 0.802393, 0.593508, 0.442183, 0.896011, -0.305783, 1.475206, 1.282169, 0.273965, 1.894625, 0.54381, 1.306555, 0.791817, 0.611129, 0.356035, 0.305714, 0.784193, 0.735665, 0.272745, 0.410042, 0.96734, 0.471765, 0, 0.34636, 1.02727, 0.503549, 0.896791, 0.742147, 0.498465, 0.999583, 1.163786, 0.766467, 1.053894, -0.181528, 0.832311, 1.057865, 0, 1.389392, 0.605128, 0.576747, 0.456358, 1.423235, 0.654697, -0.129002, 0.888114, 1.9285, 0.943709, 0.561357, -0.134198, 0.640786, 0.435757, 0.651357, 0.972377, 0.936931, 0.781818, 1.014079, 0.818991, 0.98987, 0.633782, 0.410642, 0.344471, -0.120382, 0.608721, 0.70735, 0.943937, -0.082711, 0.359921, 0.805591, 0, 0.748692, 1.515164, 0.824455, 0.832511, 0.782327, -0.115025, 0.909446, 0.48565, 0.836889, 0.765178, 0.481338, 0.473937, 0.648671, 0.646946, 1.923758, 0.448848, 0.399301, 0.360372, 0.402413, 0.61061, 0.704952, 0.9974, 0.678743, 0.387249, 0.455833, 0.976149, 0.7477, 0.766274, 0.41661, 0.632076, 1.088081, 1.107611, 1.274237, 0.951991, 0.560873, 0.990311, -0.24797, 1.138068, -0.232283, 0, 0.66191
2.023977, 0.843652, 0.718774, 0.785799, 0.357782, 0.71984, 0.611868, 0, 0.690043, -0.132847, 0.919339, 0, -0.231334, 1.081964, 0.944003, 1.460749, 1.045377, 0.666045, 0.371482, 0.405525, 0.458459, -0.310586, 1.245929, 1.288631, 0.233612, 1.531751, 0.740688, 1.445116, 0.625769, 0.566649, 0.378861, 0.649071, 0.900627, 0.624875, 0, 0.486314, 0.772516, 0.393389, 0, 0, 0.735386, 0.522298, 0.73765, 0.520916, 0.507066, 0.729206, 1.112652, 0.738119, -0.283409, -0.145956, 0.803604, 1.11269, 0.586302, 1.361023, -0.201893, 0.626695, 0.778048, 1.271801, -0.213578, -0.06698, 0.83692, 1.616171, 0.893859, -0.153865, 0, -0.215224, 0, -0.125094, 0, -0.149141, 0, -0.293855, 0, 0.949971, 0.666473, 0.527742, 0.494198, -0.071263, 0.536604, -0.29334, 1.036345, 0, -0.218394, -0.264553, 0.991468, 0, 1.139147, 0.866856, -0.279952, 0.796486, -0.118209, -0.174861, 0.581583, 0.410554, 0.606475, 0.472294, 0, 0.717895, 0.662597, 1.684927, 0.357197, 0, -0.159889, 0.62452, -0.15413, 0.943051, -0.194872, 0.871061, 0.462085, 0.71746, 1.37976, 0.831175, 0.609414, 0.46899, 0.540541, -0.163517, 0.64028, 0.842601, -0.230435, -0.122205, 0.712826, -0.210592, -0.198147, -0.269475, 0.359222, -0.179401
4.387095, 1.830983, 1.483218, 1.771445, 0, 1.67788, 1.26282, 0.933538, 0.714019, 1.893592, 1.889138, 2.113395, 1.106664, 4.192065, 1.819257, 3.484609, 1.290019, 1.334974, 1.217725, 1.058979, 0, 1.289008, 1.872523, 1.688414, 0.395402, 3.2764, 0.693487, 2.78438, 0.673102, 1.171123, 0.92734, 0.900405, 1.015732, 1.414742, 0.722076, 0.878731, 2.143576, 1.071684, 0.588082, 0.836639, 0.614385, 0.582008, 1.659602, 1.19818, 0.648602, 1.161375, 1.056515, 0.805574, 2.190426, 1.238586, 1.507738, 3.400116, 1.397856, 3.339305, 1.502491, 1.009617, 1.29669, 2.029079, 1.860126, 0, 0.832362, 1.725133, 1.070963, 1.146634, 1.306051, 1.093229, 0.789928, 2.016811, 2.390059, 2.104424, 2.203734, 1.372055, 2.4899, 2.030824, 0.897893, 0.841849, 0.654727, 0.951118, 0.76159, 1.694782, 1.51145, 0.808799, 1.487877, 1.276396, 1.583442, 1.566599, 0, 1.437249, 1.310249, 1.063721, 0.685372, 1.883426, 1.045473, 0, 1.643605, 1.381763, 0, 1.424498, 1.377514, 1.055603, 0.839355, 1.11228, 0.941403, 0.93109, 1.163869, 1.800723, 1.315731, 1.688669, 0.855489, 0.764401, 1.300192, 1.299914, 0.640725, 0, 0.792225, 2.666259, 1.934696, 1.563057, 1.714721, 1.208891, 1.392554, 1.279371, 1.689029, 1.176863, 0, 1.639667
2.433606, 1.014681, 0, 0.438375, 0.283326, 0, 0, -0.044279, -0.050731, 0.453243, 0.704587, 0.453238, 0.612382, 0, 0.481591, 1.468859, 0, 0, -0.082269, 0, 0.614225, 0.577301, 0.921873, 0, 0, 0, 0, 0, 0.471757, -0.118974, 0.289377, 0, -0.129849, 0.466311, -0.050979, 0, 0.377947, 0, 0.282807, -0.053519, -0.063299, -0.042528, 0.484706, -0.143743, -0.090968, 0, 0.631764, 0, 1.119271, 0.719161, 0, 1.742396, 0, 1.685542, 0.488286, -0.072219, 0.509512, 0.963353, 1.072021, 0.425968, -0.160185, -0.089581, 0, 0.489739, 0.991665, 0.495363, 0, 0.868403, 1.245714, 0.914191, 1.196443, 0.896447, 0.942788, 0.79523, 0.253025, 0, 0, -0.126573, 0, 1.020525, 0, 0, 0.676191, 0.358655, 0.499151, 0, 0.732168, 0, 0.634304, 0, 0.387895, 1.083947, -0.095231, 0.391609, -0.092725, -0.078934, 0, 0.357964, -0.072277, 0, -0.052919, -0.068789, 0.485438, 0, 0.64191, -0.058511, 0.856457, 0, -0.067166, 0, 0.317523, 0.592802, -0.061294, 0, -0.075663, 1.252834, 1.200459, 1.006883, 1.05712, 0.84545, 0.681007, 0.916141, 0.906302, 0.630698, 0.2645, 0.829316
1.246321, -0.194643, -0.199315, -0.248108, 0.211032, 0.448111, 0.577164, 0.470248, 0, -0.164293, -0.173105, -0.091196, -0.221081, 0, 0.567993, 1.050031, -0.172828, -0.11213, -0.06465, 0.221109, 0.730728, -0.295759, 0.646402, 0.609875, 0.190503, 1.200535, 0.330768, 0.944573, 0.451782, 0.666802, 0, 0.383461, 0.60982, 0.413767, 0.226082, 0.269111, 0.642832, 0, 0, 0, 0.517515, 0, 0, 0, 0.494158, 0.809779, 0.837667, 0.727535, -0.324832, -0.235493, 0.598005, -0.191978, 0.435114, 1.057601, -0.187774, 0.350723, 0.565869, -0.260574, -0.254312, -0.141158, 0.699814, 1.291601, 0.611318, -0.221175, -0.103847, -0.264273, 0.540944, -0.256752, -0.31021, -0.223563, -0.173624, -0.297678, -0.237609, -0.237959, 0.509879, 0.380119, 0, -0.170867, 0.416256, -0.272828, 0.734098, -0.099972, -0.294912, -0.205617, 0.816129, 0, 0.950412, 0.715227, 0, 0.531819, -0.164452, -0.255067, 0, 0.540283, 0.439738, 0, 0, 0.567907, 0, 1.523945, 0, 0.580965, -0.123557, -0.088122, -0.180664, 0.56792, -0.21763, 0.50303, 0.495188, 0.576486, 0.778058, 0.613147, 0.432172, 0.522562, 0.379537, -0.182757, -0.131205, -0.241663, -0.309783, -0.15851, -0.223416, -0.261991, -0.279699, -0.255327, 0.24231, 0.724101
1.596699, 1.090558, 0.680812, 0.774627, 0.252319, 0, 0.257894, 0, 0, 0.738136, 0.906593, 0, 0.584922, 0.982226, 0.998211, 1.609585, 0.909849, 0.60511, 0.248941, 0.203897, 0, 0.940833, 1.129444, 0.854801, 0.15055, 0.817244, 0.28625, 1.080731, 0, 0.309076, 0.331844, 0.33174, 0, 0, 0.38989, 0.374308, 0.409326, 0, 0, 0.2643, 0, 0.206153, 0.634874, 0.390794, -0.088231, 0, 0.4283, 0.388009, 1.406384, 0.746127, 0.478257, 1.417236, 0, 1.699197, 0.738303, 0.328783, 0.84423, 1.249509, 1.083754, 0.403122, 0, -0.075551, -0.078442, 0.892791, 0.559055, 0.904944, 0, 0.693315, 1.512194, 0.769761, 0.908006, 1.251454, 1.165416, 1.146219, 0.306747, 0, 0.321673, 0, 0.223695, 0.888069, 0, 0.252053, 0.621343, 0.841422, 0.970488, 0.631217, 1.336711, -0.116049, 0.86659, 0, 0.435562, 1.177707, 0, 0, 0.45756, 0.329674, 0, 0.66026, 0.322952, 0.51235, 0.298087, 0.345507, 0.273661, 0.307182, 0.772528, 0.310722, 0.753888, 0.628685, 0.446751, 0.484356, 0.439667, 0.288415, 0, 0, 0.338037, 0.953111, 0.90815, 1.15858, 1.089178, 0.865205, 0.826992, 0.74909, 0.845331, 0.567953, 0.214352, 0.782272
0.599119, 0, 0.454018, 0.346783, 0.168864, 0.301662, 0, 0.145504, 0.225363, 0, 0, 0, 0.200223, 0.641887, 0.32893, 0.699333, 0.344134, 0.271995, 0, 0, 0.182947, 0.203816, 0.407812, 0.578947, 0.161501, 0, 0, 0.609014, 0, 0.323835, 0.219079, 0.123275, 0, 0.18571, 0, -0.04838, 0.360838, 0.270602, 0.17286, 0, 0.446078, 0.22806, 0.327226, 0.537399, 0.121027, 0, 0, 0.149568, 0.321579, 0, 0.310661, 0.294624, 0, 0.827749, 0.289165, 0, 0.292097, 0.366596, 0.308572, 0.289109, 0.167834, 0.256684, 0, 0, 0.361575, -0.065923, 0.135011, 0.442421, 0.418124, 0.489253, 0, 0.407232, 0.386095, 0, 0, 0.325613, 0, 0.228926, 0.168317, 0.179354, 0.449354, 0.203836, 0, 0.186049, 0.391359, 0.353368, 0, 0.221104, 0, 0, 0, 0, 0, 0, 0, -0.045215, 0, 0.298009, 0.237499, 0.215752, 0, 0, 0.269471, 0.287987, 0.444774, 0, 0.241414, 0.224745, 0, 0, 0.229802, 0.211374, 0.260958, 0, 0.231817, 0.344294, 0, 0, 0, 0, 0, -0.066302, 0.354288, 0, 0.189606, 0
1.878729, 0.770845, 0.352014, 0.559088, 0.341625, 0.565689, 0.369558, 0, 0.673246, 0, 0, -0.122362, -0.173891, 1.222353, 0.593321, 1.259483, 0.572592, 0, 0.333773, 0, 0.41324, 0.601915, 0.630103, 0, 0.229528, 1.625974, 0.538126, 1.260637, 0.446275, 0.786366, 0.275778, 0, 0.617709, 0, 0.40931, 0, 0.70364, 0.424956, 0, 0, 0.738273, 0, 0.689534, 0.718577, 0.511196, 0.700549, 0.845511, 0.752594, -0.216007, -0.188178, 0.508909, 0, 0.456694, 1.464701, -0.111965, 0.516199, 0.493044, 0.510866, -0.160436, 0.191766, 0.791597, 1.217943, 0.561638, 0, 0, -0.178368, 0, 0, -0.202208, 0, 0, 0.435848, -0.128779, 0, 0.428189, 0.27656, 0.342681, -0.087776, 0.573073, -0.200123, 1.043911, 0, -0.221161, -0.088976, 0.963112, 0, 1.471307, 0.91549, -0.21207, 0.480422, -0.115191, 0, 0, 0.501528, 0.67299, 0, 0, 0.5442, 0.406411, 1.112214, 0, 0.582768, 0.38082, 0.327408, 0.401066, 0.898113, 0, 0.685179, 0.512583, 0.542491, 0.894591, 0.713935, 0.487562, 0.406857, 0, 0, 0, 0.577732, 0.430055, 0, 0.50047, -0.159419, 0.51573, 0, 0.357463, 0.519665
2.058984, 0.900673, 0.469851, 0.769044, 0.275198, 0, -0.091201, -0.047797, 0.278444, 0.668815, 0.682493, 0.487678, 0.468926, 0.73585, 0.387163, 1.380072, 0.624627, 0.43282, 0, -0.038334, 0.41442, 0.4192, 0.774587, 0.696662, 0.136741, 0.951232, 0.273043, 0, -0.071985, -0.154711, 0.211073, 0.231248, 0.400028, 0, 0, -0.065045, -0.089756, -0.083556, 0, -0.051973, 0, -0.071184, 0, 0, -0.064324, -0.125191, 0.412369, -0.087738, 1.017398, 0.369662, -0.078102, 1.345183, -0.066606, 1.037115, 0.659548, -0.059132, 0.574977, 1.305947, 0.812098, 0, -0.149299, 0, 0, 0.364264, 0.997618, 0.348889, 0.189738, 1.077769, 1.342849, 0.583477, 0, 0.882691, 1.017231, 0.62133, -0.069479, 0, 0, -0.112953, -0.049611, 0.904967, 0, 0, 0.339432, 0.463009, 0.357488, 0, 0, -0.069147, 0.715404, -0.079979, 0, 0.656069, 0, 0.534351, -0.125589, -0.057513, 0.371133, 0, -0.113104, -0.102287, -0.11056, -0.103779, 0.368274, 0.215595, 0.720306, 0, 0.57408, -0.112232, -0.062251, 0, -0.104023, -0.076969, 0.16283, 0, -0.048546, 0.722192, 0.465177, 0.723813, 0.524359, 0, 0.39091, 0.571586, 0, 0.3685, 0, 0
2.057632, 1.065838, 0.724177, 0.725375, 0.43145, 0, 0.38352, 0, 0.285979, 0, 0.759068, 0.518564, 0.453879, 0.993126, 1.026037, 2.091971, 0.8716, 0.691421, 0, 0, 0, 0.882387, 1.180826, 1.126386, 0, 1.236657, 0.429931, 1.318921, 0, 0, 0.528125, 0.334085, 0, 0, 0.300797, 0, 0.687529, 0.509119, 0, 0.279173, 0.338977, 0, 0.469995, 0, 0, 0, 0.497497, 0.303308, 1.231481, 0.540111, 0.745421, 0.958448, 0, 1.5485, 0.830764, 0.419492, 0.776856, 1.397953, 0.491312, 0.280363, 0, 0.668342, 0.409267, 0.770672, 0.82825, 0.527494, 0, 0.897743, 1.084942, 0.639029, 0.922397, 1.158934, 0.627518, 0.923405, 0.383816, 0, 0.275307, 0.441925, 0.501374, 0.612995, 0, 0.546889, 0, 0.484615, 1.026496, 0.500409, 1.677017, 0, 0.764535, -0.08495, 0, 0.74637, 0.369052, 0, 0.694621, 0.378807, 0, 0.355128, 0.362605, 0.602441, 0.467724, 0.549421, 0.419413, 0.283389, 0.750421, 0, 0.801725, 0.659627, 0.562246, 0.39878, 0.565041, 0.432544, 0.236344, 0, 0.379157, 0.867397, 0.856517, 1.028964, 0.98691, 0.654102, 0, 0.378377, 0.949746, 0.629787, 0, 0.791336
1.963158, 0.90654, 0.405067, 0.585862, 0.467688, 0, 0.282424, 0, 0, 0.492623, 0.808847, 0, 0.67117, 0, 0.723737, 1.522955, 0.548305, 0.692507, 0.25442, -0.051806, 0.477662, 0.461786, 0.636059, 0.55702, 0.175928, 0.715525, 0, 1.430823, 0.463255, 0, 0.2953, 0.430825, 0.401902, 0.479389, 0.512722, 0, -0.10454, 0.49077, 0.186694, 0, 0.377592, 0, 0.696558, 0, -0.044303, 0, 0, 0, 1.065747, 0.342678, 0.359293, 1.937957, 0, 1.704304, 0.517072, 0, 0.679781, 1.002568, 0.626445, 0, 0, 0, 0, 0, 0.749492, 0.387447, 0, 1.353708, 1.379264, 0.982383, 0.763988, 0.82763, 1.14714, 0.800841, 0, -0.056772, 0, 0, 0.282766, 1.196593, 0.664736, 0, 0.590222, 0.482908, 0.483245, 0.476515, 0, 0, 0.59268, 0.27199, 0.29594, 0.856872, -0.056139, 0.570812, 0, -0.082859, 0, -0.104005, -0.092304, 0.357886, -0.064196, 0, 0.481379, 0.604198, 0.727973, -0.145544, 0.717073, 0.401752, 0.459654, 0.339544, 0.415511, 0.372771, 0.222553, 0, 0.335032, 1.109343, 0.498032, 0.528651, 0.830476, 0, 0.769146, 0.694196, 0.567403, 0.587421, 0, 0.690056
2.531909, 1.216016, 0.571267, 0.58155, 0.35506, 0, 0.305152, 0, -0.052715, 0, 0.723086, -0.15058, 0.450762, 0, 0.381681, 1.33843, 0.538351, 0.438312, -0.089278, 0, 0.677166, 0.692284, 0.64094, 0.863083, 0.173898, 1.098146, 0, 0.918544, 0.388259, -0.122915, 0.291441, 0.253281, 0.448321, 0.389589, 0.290899, 0, 0.410721, 0.423166, 0, 0, 0, 0.276312, 0.740329, 0, -0.087947, -0.078993, 0.690732, 0, 1.276125, 0, -0.096473, 1.626982, -0.104735, 1.649631, 0.727537, 0, 0.703638, 1.299425, 0.950847, 0, -0.145778, 0, 0.278702, 0.333596, 0.895133, 0.341443, -0.082442, 1.439624, 1.380687, 0.955741, 0.756382, 0.692705, 1.187462, 0.898313, 0.310638, 0.318672, 0, -0.087096, -0.067091, 0.747525, 0.337485, -0.069559, 0.375713, 0.524466, 0, 0.713059, 0, -0.071741, 0.572045, 0.333533, 0, 0.750429, -0.053814, 0.516905, 0, 0, 0, -0.07725, -0.095865, 0, -0.096635, -0.086021, 0.600223, 0.465242, 0.74832, -0.112682, 0.793947, 0.502442, 0.366965, -0.067903, 0.337176, 0, 0, 0, 0.320118, 0.728669, 0.606029, 0.570738, 0, 0.445678, 0.786573, 0.401479, 0.592804, 0.41818, 0, 0.473188
1.653518, 0, 0.492251, 0.525939, 0.31056, 0.646903, 0.466546, 0.260269, 0.397382, 0.368712, 0.686648, 0.602568, 0.600079, 0.846392, 0.424784, 0.854613, 0.405249, 0.350024, 0, 0.268716, 0.561691, 0.36039, 0.619545, 0.478801, 0.160655, 1.365553, 0.363051, 0, 0, 0.336976, 0.353834, 0.267096, 0.507339, 0.452152, 0.45359, 0.446083, 0.42606, 0.356617, 0, 0, 0.566234, 0, 0.483085, 0.410804, 0.291621, 0.40591, 0.330396, 0, 0.546575, 0.534341, 0.497541, 0.956364, 0, 0.940187, 0.271354, 0.235813, 0.438423, 0.504853, 0, -0.039847, 0.491914, 0.927826, 0.425019, 0.296214, 0.517432, 0, 0.331593, 0, 0.504863, 0.568158, 0, 0, 0, 0.468653, 0.344557, 0.434967, 0, 0.379706, 0.299037, 0.40627, 0.681979, 0, 0.358696, 0, 0.413217, 0.433053, 1.103111, 0.540878, 0.316644, 0, 0, 0, 0.242781, 0.61224, 0.52302, 0.415245, 0, 0.426933, 0, 0.543636, 0, 0, 0.307344, 0, 0.387247, 0, 0, 0, 0.273418, 0.236015, 0.508864, 0.300181, 0.296923, 0.304921, 0, 0.435324, 0.398213, 0.52838, 0, 0.49688, 0.436659, 0, 0.570827, 0, 0.263318, 0.623176
2.07089, 0.840049, 0.411888, 0.841396, 0.317918, 0, 0.319825, -0.050363, -0.07501, 0.545899, 0.813347, -0.282348, 0.713166, 0.952047, 0.604204, 1.105342, 0.764299, 0.622123, 0, 0, 0.643584, 0.612027, 0.977013, 0.975694, 0, 1.147994, 0.545909, 1.108727, 0, 0, 0, 0.224325, 0.706284, -0.059912, 0, -0.085296, 0.692781, 0.277669, -0.066873, 0, 0.439649, 0.451144, 0.570368, 0.594919, -0.05244, 0, -0.170018, 0, 0.526659, -0.094031, 0.663597, 0.566335, -0.089174, 1.159742, 0.438785, 0, 0, 1.028936, 0.742456, -0.133201, -0.157105, 0.808073, 0.317422, 0, -0.298614, -0.062194, 0, 1.057502, 0.491271, 0.982051, 0.958985, 0.850342, 0.802879, 0.950999, 0.383965, 0.302544, 0.536523, -0.181348, 0.440593, 0.391655, 0.973911, -0.120391, 0.352953, 0, 0.742679, 0, 0.834132, 0.344643, 0.588353, 0, 0.314877, 0.834785, -0.118603, 0, 0, -0.07211, 0.399339, 0, -0.075824, 0.347446, -0.099967, -0.130996, 0.57168, 0.517333, 0.551457, -0.157154, 0.827402, 0.666326, 0.24726, 0.355807, 0, 0, 0.195048, 0.342139, 0.515925, 1.139595, 0.615058, 0.711056, 0.865706, 0.612443, 0.517822, 0.785621, 0.704823, 0.536361, 0.329163, 0.63005
2.549339, 1.058156, 0.599793, 0.695616, 0.34599, 0, -0.103639, -0.081305, -0.094403, 0, 0.510732, 0, 0, 0, 0.505162, 1.256956, 0.691152, 0.696882, 0.279287, -0.085725, 0.479075, 0.363142, 0.775653, 0.506347, 0, 0.816489, 0.441606, 0.899136, 0, -0.067729, 0, 0.265004, 0, 0, -0.068723, -0.087074, 0.51138, 0.321121, 0, 0, 0, -0.050817, 0.481966, 0, -0.070824, -0.105399, 0.817322, -0.051966, 1.083618, 0, -0.097994, 1.813145, 0, 1.65172, 0.790728, 0, 0.58375, 1.111475, 0.591999, 0, -0.122007, 0.465498, -0.068622, 0.268564, 0.461054, 0.590204, 0, 0.756817, 1.72868, 0.463635, 0, 0.936346, 1.198983, 0.89568, -0.062074, -0.075298, 0.250387, -0.133284, -0.100033, 1.101883, 0.448361, -0.099422, 0.506863, 0.695358, 0, 0.634909, 0, -0.071896, 0.900627, 0, 0, 1.104896, -0.089149, 0.526578, 0, -0.076038, 0.498166, 0, 0, 0, -0.111191, 0, 0.342212, 0.374923, 0.504357, -0.086427, 0.80805, 0, 0.333725, -0.068105, -0.153831, 0.300556, 0, 0, -0.066033, 0.581937, 0, 1.20724, 0.574323, 0.37363, 0.696389, 0.29556, 0, 0, 0.267746, 0.637332
2.641443, 1.286517, 0.821558, 1.602609, 0, -0.066836, 0, 0.385867, 0, 1.209392, 1.108902, 0.879181, 0.970354, 1.949718, 1.21991, 1.726758, 0.873839, 0.676087, 0.244477, 0, -0.145821, 1.286935, 1.423361, 0.919268, 0.143985, 0.992552, 0.40809, 1.327573, 0.468942, 0.378243, 0, 0.217144, 0.500252, 0, 0, 0.4611, 0.426057, 0, 0, 0, -0.120853, 0.28287, 0, -0.103143, -0.087583, 0.557306, 0, 0, 1.273064, 0.891991, 0.869615, 1.267266, 0.501827, 1.421095, 0.771397, 0, 0.840087, 1.147297, 1.140474, 0.710142, 0, 0.83518, 0, 0.912619, 0.834213, 0.999221, 0, 0.858087, 1.57301, 0.994775, 1.279992, 1.367508, 0.8678, 1.606648, 0, -0.044652, 0.225647, 0.45538, 0.23934, 0.864916, -0.167242, 0.589422, 0.747563, 0.671767, 1.282093, 0, 1.027139, -0.125475, 0.869046, 0.255859, 0.401036, 1.033228, 0.246665, 0, 0.264503, 0, 0.708897, 0.678343, 0.478492, 0, 0, 0.715477, 0.3003, 0.386069, 0.574964, 0.614332, 1.086056, 0.684078, 0.366183, 0.510317, 0, -0.09612, -0.097301, 0, 0, 1.548432, 1.216178, 1.699585, 1.217646, 0.805011, 1.277657, 1.244172, 1.418616, 1.101331, 0.382651, 0.637727
1.878352, 0.619444, 0.412222, 0.359233, 0.370882, -0.085892, 0, 0, 0.23378, 0, 0.72119, 0, 0.451458, 0.791498, 0.346112, 0.698164, 0.378154, 0.60215, 0, -0.050469, 0, 0.347094, 0, 0.453699, 0, 0.963702, 0.27103, 0.589212, 0, -0.087522, 0.159422, 0.175883, 0.370981, 0, 0.15686, -0.085567, 0.640338, 0.212731, 0.150231, -0.061352, 0.425786, 0.240482, 0.323334, 0.381653, 0, -0.093348, 0.540757, 0, 0.896414, 0.217537, 0, 1.362439, -0.060613, 1.29036, 0.607019, 0, 0.36671, 0.950118, 0.633056, 0.124547, -0.108706, 0.323671, -0.092709, 0.265397, 0, 0.262872, 0.289706, 0.599841, 1.043045, 0.555432, 0, 0.549543, 0.713852, 0.542706, -0.039801, 0, -0.051152, -0.101476, -0.061973, 0.936139, 0.391232, -0.094793, 0.413344, 0.420877, 0.468615, 0.644095, 0.601563, -0.066991, 0.712376, 0, 0.23068, 0.792458, -0.060912, 0, 0.304995, -0.059986, 0.515637, 0, 0, -0.06153, 0, 0, 0.502407, 0.495525, 0.554632, -0.049773, 0.302364, -0.091957, 0.270714, 0.223912, 0.351791, 0, 0, -0.072876, 0, 0.531401, 0, 0.789478, 0.705165, 0.468139, 0.50993, 0.4451, 0.669805, 0.450585, 0, 0.364208
2.163999, 0.596332, 0.616934, 0.682045, 0.369115, 0.416111, 0.350816, 0.387472, -0.068185, 0.78987, 0.807824, -0.168535, 0.545026, 0.8981, 0.510917, 1.187032, 0.29472, 0.373918, 0, -0.081185, 0.534328, 0.565206, 0.767862, 0.924484, 0.232633, 0.919369, 0, 0, 0, 0, 0.351302, 0.361608, 0.511388, 0, -0.066604, -0.09505, 0.563223, 0, 0.224819, -0.078556, 0.342982, 0, 0.535186, 0.259935, -0.092173, -0.091324, -0.120933, -0.084077, 0.825194, 0.357903, 0, 1.247205, -0.096351, 1.482418, 0.523423, -0.059992, 0.436826, 0.743651, 0.873578, -0.09539, -0.179162, 0.485896, -0.103314, 0.53016, -0.324814, 0.454567, 0.272276, 0.993977, 1.014755, 0.864283, 0.895974, 1.021811, 0.659578, 0.938906, -0.053256, 0.452767, 0.302959, -0.160611, 0, 0.85552, 0.629068, -0.106142, 0.440576, 0.282807, 0.650423, 0.532105, 0.682815, -0.100593, 0.620738, 0, 0.27912, 0.902349, -0.089304, 0.348707, 0.279216, 0, -0.106114, -0.109593, -0.141958, 0.390531, -0.120689, 0, 0, 0.368555, 0.456578, -0.135819, 0.614415, 0.308066, 0.330816, 0, 0, 0.423014, 0.373394, 0, 0.443599, 1.170113, 0.517465, 0.512074, 0.816327, 0.494707, 0.571784, 0.532259, 0.787738, 0.402213, 0, 0.425551
2.078033, 0.883665, 0.396942, 0.595177, 0.366084, 0, 0.387642, 0, 0.372718, -0.107438, 0, -0.091861, -0.168555, 0, 0, 1.105993, 0.682209, 0.681207, 0.285486, 0.320751, 0.640386, -0.20469, 1.108717, 0.65416, 0.189249, 1.203262, 0.589204, 1.134832, 0.371092, 0.512505, 0.273603, 0.443692, 0.349651, 0, 0, 0.269266, 0.691069, 0.264199, 0, 0, 0.705833, 0, 0.381638, 0.415922, 0.369994, 0.510709, 0.706005, 0.474859, 0.699222, 0.326162, 0.795524, 0.796233, 0.31515, 1.153939, 0, 0.516022, 0.573761, 1.047709, -0.171312, -0.074916, 0.571485, 1.077518, 0.620738, 0.359779, -0.078356, -0.154055, 0, 0.537896, 0.471428, -0.109301, 0, -0.22945, 0.479168, 0.455041, 0.382059, 0.284602, 0.32581, -0.108753, 0.53649, -0.188541, 0.485959, 0.315923, -0.158626, -0.110049, 0.852102, 0, 1.191314, 0.334211, -0.159785, 0.333956, -0.083848, 0.379987, 0.429123, 0, 0.36869, 0.31177, 0.330649, 0.362712, 0.664371, 1.3273, 0.552553, 0.455299, 0, 0, 0.612911, 0.579663, 0.653912, 0.442986, 0, 0.498893, 0.647891, 0.591944, 0.563504, 0, 0.484655, 0.610308, 0.474006, 0.799649, 0.506818, 0.59921, 0.603168, -0.165405, 0.866552, -0.144044, 0.191807, 0.449676
1.232456, 0.631835, 0.579266, -0.173876, 0.292884, 0.481396, 0.461285, 0, 0.634588, -0.103493, 0.80803, -0.088791, -0.14168, 0.653641, 0.612093, 0.933232, 0.92811, 0.608508, 0.224267, 0.168588, 0.449658, -0.202267, 0.77262, 0.824267, 0, 1.063931, 0.357253, 0.697389, 0.259127, 0.440963, 0.192133, 0.279573, 0.689709, 0.607227, 0.225533, 0.398205, 0.424394, 0.30186, 0, 0.429569, 0.441778, 0.293299, 0.610764, 0.383276, 0.341643, 0.734627, 0.770845, 0.55721, -0.179642, 0.316047, 0.555009, 0.594959, 0.446404, 0.905747, 0.352546, 0.389751, 0.380653, 0.740215, -0.166897, -0.057014, 0.612541, 1.10383, 0.638186, -0.124494, 0, -0.178443, 0.459143, -0.105979, 0, -0.125102, 0, -0.226536, -0.133553, -0.174078, 0.691983, 0.401854, 0.207396, -0.080354, 0.42922, -0.123195, 0.542289, 0, -0.093459, -0.205635, 0.645468, 0.357597, 0.719544, 0.615195, -0.271125, 0.51568, -0.06295, 0.407875, 0.329525, 0.497733, 0.299538, 0.248549, -0.084804, 0.288162, 0.362294, 1.360988, 0.293603, 0.226158, -0.150936, 0, -0.175894, 0.383808, -0.213566, 0.363621, 0.428784, 0.597456, 0.908945, 0.440793, 0.61657, 0.2471, 0.479639, -0.116487, 0.546282, 0.732556, -0.18691, 0.418284, 0.46884, -0.180712, 0.695019, -0.135331, 0.243409, 0.488051
1.682628, 0.876037, 0.562937, 0.88741, 0.453496, 0.418628, 0.406477, 0, 0.749839, -0.207805, 0.801056, -0.182123, -0.295109, 0, 0.894221, 1.603088, 0.969804, 0.727803, 0.344436, 0, 0.253706, -0.265701, 1.190291, 0.837862, 0.177638, 1.189693, 0.476388, 1.107947, 0.355685, 0.601616, 0.470241, 0, 0, 0.675659, 0.23815, 0.307942, 0.660409, 0.384066, 0, 0.370502, 0.693872, 0.269539, 0, 0.494431, 0.560319, 0.445189, 0.557288, 0.837489, 0.790898, -0.209869, 0.673515, 0, 0.516718, 1.321795, -0.13433, 0.509735, 0.517594, 1.238077, -0.23744, -0.177077, 0.59285, 1.734364, 0.78001, -0.199178, -0.313137, 0.570976, 0.349408, -0.135792, 0, -0.220011, -0.104224, 0.905398, 0.786272, 0.783783, 0.297356, 0, 0, -0.188749, -0.075999, -0.152782, 0.614803, -0.129182, -0.194431, -0.16335, 0.917794, 0, 0.83084, 0.827977, -0.232267, 0.455613, -0.124817, 0.771781, 0, 0.436064, 0.33331, 0, 0, -0.162468, 0.600084, 1.514873, 0, -0.101987, 0, 0, 0, 0.849711, 0.497444, 0.647698, -0.119882, 0.634481, 0.712869, 0.630278, 0.728553, 0.393437, 0.495626, 0.680278, 0.683098, 1.006708, 0.849124, 0.547297, 0.603616, -0.282803, 0.992164, -0.236813, 0, 0.562271
1.336757, 1.032456, 0.644531, 0.608447, 0.416362, 0, 0, 0, 0.424442, 0.68777, 0.865374, -0.135005, 0.670061, 0, 0.493935, 1.429294, 0.692034, 0.651167, 0, -0.073793, 0.686638, 0.684671, 0.656008, 0.681328, 0.148325, 1.288304, 0.378926, 0.782504, 0, -0.104509, 0.331971, 0, 0.3005, 0, 0.213612, -0.06701, 0.549586, 0, 0, 0, 0.483749, 0, 0.642958, 0.432101, 0, 0, 0.789893, 0, 0.720179, 0.484919, 0.294737, 1.384862, -0.068167, 1.368956, 0.275084, 0, 0, 0.747155, 0.743385, 0.196053, -0.149833, 0.598084, 0.360557, 0, 0.705162, 0.52957, 0.39285, 1.093573, 0.993807, 0.906828, 0.690145, 0.866893, 0.966682, 1.066927, -0.090162, 0.228219, 0.297204, -0.162381, 0, 0.618897, 0.55485, -0.120574, 0, 0.476639, 0.408209, 0.528991, 0, -0.097618, 0.830197, 0, 0.225229, 0.804624, -0.10386, 0.495619, 0.30522, 0, -0.143105, 0, -0.087554, 0.417805, -0.110829, 0, 0.337954, 0.530912, 0.548089, 0, 0.660644, 0, -0.080882, 0, 0, 0.28883, 0.331821, 0.325025, -0.060294, 1.048233, 0.832772, 0.946489, 1.062435, 0.504473, 0.923456, 0.550659, 0.833096, 0.572941, 0, 0.664728
2.16685, 0.953427, 0.718868, 0.743651, 0.501579, 0.889279, 0.581633, -0.079878, 0.801902, -0.188174, 0.916599, -0.149783, -0.28188, 0, 1.074196, 1.678556, 1.068772, 0.632273, 0.515146, 0.417198, 0.59597, 0.787986, 1.251611, 1.015517, 0.299138, 1.531784, 0.625662, 1.360679, 0.380104, 0.683779, 0, 0.376584, 0.553943, 0.86526, 0.296583, 0.404669, 0.601991, 0.55846, -0.050768, 0.49218, 0.744056, 0.459892, 0.870995, 0.616891, 0.561309, 0.657348, 0.836434, 0.830916, 0.741471, 0.521374, 0.749935, 0.805986, 0.732571, 1.272803, 0.5511, 0.530563, 0.738139, 1.346497, -0.232749, -0.19323, 0.882698, 1.789997, 0.837869, 0.511467, -0.204166, 0.707595, 0.275066, 0.576734, 0.649483, -0.228674, 0.89354, 0.961043, 0.899739, 0.789379, 0.609009, 0.400529, 0, 0.841622, 0.641277, 0, 1.169713, -0.121493, 0.633934, -0.114304, 1.112151, 0, 1.109968, 0.969039, -0.144772, 0.496502, 0.472927, 0.710279, 0.498969, 0.636623, 0.786452, 0.539939, 0.372176, 0.874044, 0.702177, 1.544636, 0.594716, 0.812281, 0, 0, 0.506633, 1.040561, 0, 0.571485, 0.64169, 0.625926, 0.946398, 0.800861, 0.820297, 0.572166, 0.694358, 1.118668, 0.888119, 1.037993, 0.782287, 0.55959, 0.902605, -0.285679, 0.975207, -0.227546, 0.307415, 0.785376
2.385514, 0.765175, 0.458477, 0.783041, 0.327927, 0.683665, 0.32088, 0, 0.303594, -0.128373, 0.566413, 0, -0.149955, 0, 0, 1.288274, 0.644115, 0.422072, 0, 0.239282, 0.914941, 0.54579, 0.801269, 0.558574, 0.231589, 1.185941, 0, 1.356871, 0.425328, 0, 0.393131, 0.24704, 0.401839, -0.095553, 0, 0, 0.619591, 0.329451, 0, 0, 0.431855, 0, 0, 0.752009, -0.066133, 0, 0, 0.453048, 0, 0.353244, 0.40137, 1.324003, -0.078117, 1.141418, 0, 0.328421, 0.394437, 0.709798, 0.611648, -0.099627, -0.157923, 1.313199, 0.515049, 0, 0, 0, 0, 0.928695, 0.944633, 0.853595, 0.829916, 0.714044, 0.83676, 0.864822, 0, 0.175865, 0.515842, -0.146024, 0, 0.568548, 0.956359, -0.068113, 0, 0, 0, 0.407186, 0, 0.711335, 0.598815, 0.463564, -0.0648, 0.718298, -0.073797, 0.802517, 0, 0, 0.452985, 0, 0, 1.195929, 0, -0.122764, 0, 0.461371, 0.357754, -0.118568, 0.756997, 0, -0.052682, 0, 0.701017, 0.508897, 0.46127, 0, 0.33272, 1.04092, 0.718979, 0.742463, 0.9438, 0.757058, 0.733328, -0.153608, 0, 0.495968, 0, 0.521557
1.357349, 0.714903, 0.314285, 0.514652, 0.390351, 0.36137, 0.164729, -0.04552, 0.256375, -0.15003, 0.635329, -0.172835, -0.163721, -0.156269, 0.375807, 0.887823, 0.524129, 0.430397, 0, 0, 0.233081, 0.611592, 0.633691, 0.273286, 0.182694, 0.543914, 0.277803, -0.172252, 0.332872, -0.087273, 0.22233, 0.188335, 0.342813, -0.069073, -0.043476, -0.068226, 0, -0.048165, 0, 0, 0.356893, 0, 0.465323, 0.264893, 0, 0, 0, 0, 0.367925, 0.238983, -0.077388, 1.009503, -0.088899, 0.988078, 0.214638, 0, 0, 0.572971, 0.716526, -0.061948, -0.08095, 0.984414, 0.207611, 0, -0.16793, 0.442368, -0.03632, 0.784024, 0.845863, 0.717819, 0.496145, 0.764826, 0.797889, 0.695819, 0.208244, 0.254993, 0.272957, -0.156799, -0.057158, 0.393389, 0.440143, -0.108306, 0, 0.177425, 0.316943, 0.303486, 0, 0, 0.597167, 0.189176, 0.267549, 0.821216, -0.072121, 0.310697, 0, 0, -0.112718, -0.062062, 0, 0.471524, -0.06198, -0.121771, 0.438494, 0.37428, 0.262563, -0.103524, 0.647825, 0, 0, -0.039576, -0.072056, 0.192465, 0.303972, 0, 0, 0.719182, 0.601887, 0.795208, 0.650319, 0.489395, 0.49649, -0.13822, 0.659956, 0.568956, 0, 0.435993
1.499182, 0.788824, 0.454132, 0.473011, 0.379818, 0, 0, -0.069703, 0.405148, -0.189628, 0.570991, -0.157659, -0.210297, -0.119479, -0.144185, 0.747527, 0.6694, 0.494616, 0, 0.221446, 0, -0.191555, 0.667012, 0.48724, 0.130985, 0.77466, 0.221122, 0.707471, 0.319505, -0.098834, 0.29395, 0.226758, 0.414298, -0.086374, 0.25932, 0, 0.408153, -0.079565, -0.040061, 0.253567, 0.498961, 0, 0.368125, 0.306407, 0.200985, -0.061736, 0, 0.343451, 0.500128, 0.292626, 0.227865, 1.00729, -0.076801, 0.894016, 0.214526, 0.192321, -0.0528, 0.690489, 0.488544, -0.054474, -0.094064, 1.233046, 0.330927, 0, -0.182745, 0.415815, 0.378418, 0.545816, 0.605654, 0.616788, 0.549804, 0.848691, 0.801479, 0.555822, 0.279001, 0.319832, 0, -0.206115, -0.057654, 0.230713, 0.451592, -0.129259, 0, 0.512958, 0.405599, 0.288749, 0, 0.361182, 0.67174, 0.275925, 0.346679, 0.749325, -0.080534, 0.542527, 0, 0, -0.090351, 0, -0.060317, 0.988088, -0.041028, -0.149064, 0, 0.322248, 0.50796, -0.076547, 0.841044, 0.359635, -0.06096, 0, 0.343061, 0.27717, 0.38314, 0, -0.073458, 0.533885, 0.42708, 0.780231, 0.732143, 0.533118, 0.709765, -0.207, 0.716933, -0.183975, 0, 0.537511
2.913593, 1.351192, 0.944983, 0.950533, 0.389016, 0, 0.303098, -0.070004, 0.386857, 0.700283, 0.910173, 0.612189, 0.537972, 1.47327, 1.205055, 2.061987, 1.160086, 0.917141, 0.467564, -0.058873, 0.446592, 0.97681, 1.296837, 1.20254, 0, 1.391012, 0, 1.394874, 0, 0, 0.376805, -0.066336, 0.482285, 0.542028, 0.249635, -0.065649, 0.844245, 0.30226, -0.065733, 0, 0, -0.068288, 0.68426, 0.34338, 0, 0, 0.876887, -0.074299, 1.367538, 0.664052, 0.584193, 2.000037, 0.308489, 2.073351, 0.895277, 0, 1.080182, 1.636915, 1.004406, 0.31534, -0.098791, -0.157668, 0, 0.836213, 0.560159, 0.598352, 0, 1.087372, 1.855257, 0.995765, 1.124788, 1.346946, 1.595573, 1.375357, 0, 0, 0.37963, 0, 0.336148, 1.10814, 0.570579, 0.586545, 0.540716, 0.629584, 1.123226, 0.68776, 1.424346, 0, 0.974764, 0, 0.364656, 1.124054, 0, 0, 0.362327, 0, 0.353143, 0.463414, 0, -0.090096, 0, 0, 0, 0.441847, 0.98132, 0.48781, 0.958752, 0.68898, -0.081047, 0.509838, 0, 0.407462, -0.052183, 0, -0.083064, 1.203092, 1.005776, 1.302185, 1.240174, 0.736052, 1.153085, 0.556156, 1.090798, 0.722175, 0.292742, 0.725694
1.49982, 0.805925, 0.488385, 0.66745, 0, 0, 0.423125, 0.315383, 0.25125, 0.644875, 0.782955, 0.424282, 0.266285, 1.071768, 0.881222, 1.60152, 0.354964, 0.536399, 0.272337, 0, 0, 0.828567, 0.728375, 0.55307, 0.188117, 0.863599, 0.270056, 0.782056, 0, 0, 0.21502, 0.293358, 0, 0.60374, 0.356516, 0.607715, 0.547244, 0.293099, 0, 0, 0, 0, 0.615557, 0, 0.189758, 0, 0.416815, 0.273352, 0.941826, 0.561636, 0.330317, 1.320917, 0.4465, 1.139732, 0.706279, 0, 0.811033, 0.985178, 0.56181, 0.262452, 0, 0.39863, 0.313201, 0.567958, 0.635112, 0.61735, 0, 0.929457, 0.598919, 0.937078, 0.613235, 0.934819, 0.77758, 0.66051, 0.442401, 0, 0.282665, 0, 0.259963, 0.822333, 0, 0.280827, 0.413225, 0.798018, 0.85972, 0.457938, 1.649125, 0, 0.713107, 0.344271, 0.383778, 0.918118, 0.385545, 0, 0.502288, 0.43937, 0.382626, 0.800406, 0, 0, 0.273919, 0.570482, 0.404186, 0.48069, 0.613802, 0.789354, 0.569682, 0.764861, 0.528441, 0.504572, 0.43259, 0, 0, 0, 0.444647, 0.723696, 0.808435, 0.72818, 0.919432, 0.466544, 0.627741, 0.414828, 0.87237, 0.380253, 0.286529, 0.423295
1.031638, 0.506691, 0.211863, 0.484764, 0.244999, 0, 0.226718, 0, 0.19225, 0.260614, 0.367148, 0, 0.327496, 0.533586, 0.428939, 0.83396, 0.247868, 0.217699, 0.268521, 0.183841, 0.273826, 0.456608, 0.55427, 0.257958, 0.10639, 0, 0, 0, 0.184882, 0.173713, 0.349679, 0.250468, -0.105367, 0.322701, 0.211399, 0.315809, 0, 0.306202, 0.125866, 0.170011, 0.20062, 0, 0, -0.15242, 0.124463, 0, 0.451481, 0.159784, 0.598945, 0.441518, 0, 0.584695, 0, 0.803244, 0.385216, 0.132738, 0.295808, 0.403907, 0.609878, 0.400216, -0.048148, 0.568811, 0, 0.438818, 0.430078, 0.343982, -0.046664, 0.558967, 0.49396, 0.496938, 0.564365, 0.654309, 0.444493, 0.538491, 0.274902, 0, 0.154396, -0.051324, 0.173976, 0.582244, -0.107071, 0.235932, 0.363284, 0.319516, 0.309537, 0, 0, -0.037718, 0.320549, 0, 0.271727, 0.653248, 0.244849, 0, -0.040503, 0, 0.199937, 0.247855, 0.210716, 0.178083, 0.234927, 0.132239, 0.222836, 0.132553, 0.359724, 0.188074, 0.557716, 0.25858, 0.355194, 0.232227, 0.227098, 0.367322, 0, 0.177331, 0.240606, 0.655292, 0.485073, 0.693996, 0.544965, 0.25223, 0.464825, 0.460259, 0.448253, 0.346874, 0.172994, 0.265245
1.385437, 0.451002, 0.364279, 0.480244, 0, 0.356068, 0.325258, 0.339825, 0.399631, 0.544879, 0.745859, 0.420206, 0.377195, 1.064007, 0.503941, 1.200733, 0.569059, 0.565849, 0, 0, 0.343729, 0.619421, 0.799537, 0.666706, 0.190244, 0.752303, 0, 0.883552, 0, 0.426399, 0.233519, 0.253256, 0.298378, 0, 0.280611, 0.231508, 0.426146, 0.215833, 0, 0, 0.228143, -0.068928, 0.453757, 0.230237, 0.189087, 0, 0.426872, 0.293322, 0.714097, 0.410306, 0.281417, 0.827058, -0.062127, 1.078419, 0.400747, 0.214747, 0.508362, 0.842376, 0.525157, -0.050032, 0, 0.424758, 0.244452, 0.338655, -0.197032, 0.400659, 0, 0.537584, 0.767768, 0.541949, 0.419216, 0.532786, 0.561724, 0.464409, 0, 0.232974, 0.216838, -0.161377, 0.378134, 0.680017, 0.611665, -0.04771, 0.378683, 0, 0.541248, 0.393602, 1.41297, 0, 0.565735, 0.324068, 0.278842, 0.553369, 0, 0.330773, 0.333647, 0, 0, 0, 0.246207, 0.512267, 0, 0, 0.229701, 0.458745, 0.350279, 0, 0, 0.352885, 0.296001, 0.221254, 0.363593, 0, 0.231361, 0, 0, 0.623305, 0.465584, 0.764639, 0.551027, 0.351381, 0.324729, 0.360744, 0.628941, 0.42313, 0.22495, 0
1.596206, 0.542362, 0, 0.470344, 0.283589, -0.090316, 0, -0.06199, 0, -0.172705, 0.376184, -0.228297, -0.222979, 0, 0, 0.761251, 0.418735, 0.310195, 0, 0, 0.557217, 0.307304, 0.415342, 0, 0.219856, 0.754566, 0.215326, 0, 0, -0.099648, 0, 0, -0.065585, 0, 0.167565, -0.080314, 0.347393, 0, -0.045994, 0, 0, 0, 0.374417, 0, -0.054123, -0.072283, 0.478171, -0.057146, 0.625698, 0, 0.299356, 1.075685, -0.072345, 1.123177, 0, 0, 0, 0, 0.484318, -0.062785, -0.129439, 0.720037, -0.083665, 0, -0.276705, 0.283954, 0, 0.641026, 0.83144, 0.504529, 0.388768, 0.601122, 0.499908, 0.443434, -0.046593, 0.154092, -0.046284, -0.162796, -0.064896, 0.641971, 0, -0.057377, 0.255529, 0.208885, 0, 0.461624, 0.836279, 0, 0.36932, 0, 0.216111, 0.648979, -0.096077, 0, 0, 0, 0.382178, -0.068111, -0.072487, 0.442485, -0.095842, 0, 0.378002, 0.283189, 0.429318, -0.069822, 0.441505, 0, -0.036019, 0, -0.069725, 0.28289, 0, -0.092546, 0, 0.780448, 0.37409, 0.75308, 0.583479, 0.364456, 0.698024, 0.294368, 0.750378, -0.153564, 0, 0.508557
3.454924, 0.685058, 0.577468, 0.931649, 0.510775, 0.63698, 0.732958, 0.8029, 0.74576, 0.689975, 0.973263, 1.155562, 0.74183, 1.951111, 1.199112, 2.086998, 0.891155, 0, 0.772202, 0, 0.901131, 0.824085, 0.940438, 0, 0.317098, 2.376117, 0.499817, 2.006747, 0.484749, 0.636747, 0.486372, 0.607044, 1.042202, 0.822816, 0.467187, 0.568902, 1.107785, 0.694236, 0, 0.423444, 1.063473, 0, 1.061528, 1.263724, 0.758977, 1.00545, 0.834274, 1.000619, 0.943162, 0.587054, 0.811283, 1.040211, 0.70602, 2.006645, 0, 0.51529, 0.90422, 1.17161, 0.659383, 0.645895, 0.823604, 1.813158, 0.902222, 0.590432, 0.932999, 0.664934, 0.468245, 0.982816, 1.018619, 0.879219, 0.84605, 0.788913, 1.026916, 1.0832, 0.389366, 1.020616, 0.45163, 0.801763, 0.731204, 0.489081, 1.558557, 0.833696, 0.525636, 0, 1.002224, 1.097131, 2.38959, 0.920926, 0, 0.548573, 0.416934, 0.909148, 0.552054, 0.816775, 1.123028, 1.066863, 0.692707, 0.872196, 0.8324, 1.568427, 0.748814, 0.755354, 0.465108, 0.407429, 0.697082, 1.166485, 0.980089, 0.798709, 0.474155, 0.531877, 1.045192, 0.907066, 0.668516, 0.40868, 0.668086, 0, 0.832846, 0.632304, 0.886233, 0, 0.933407, 0.46384, 0.967011, 0.589245, 0, 0
3.021856, 0.663346, 0, 0.555235, 0.477928, 0.540081, 0.45735, 0.26569, 0, 0.563071, 0.973774, 0, -0.27367, 0, 0.619578, 1.956912, 0.829331, 0.655654, 0.447252, 0, 0.503612, 0.580332, 1.023915, 0.771559, 0, 1.887419, 0.368533, 1.714435, 0.361121, 0.717789, 0, 0.501366, 0.548588, 0.572169, 0.352016, 0.604591, 0.88366, 0, 0, 0.377081, 0.804442, 0.432618, 0.546049, 0.759534, 0.426095, 0.755903, 0.82452, 0.687152, 0, 0.458811, 0.755832, 0.789533, 0.695935, 1.485183, 0.514459, 0.376759, 0.593951, 0.782811, -0.22313, 0.357328, 0.736159, 1.607549, 0.745352, -0.091241, -0.213985, -0.090096, 0.438963, 0.650013, 0, 0.795481, 0.692021, 0.750887, 0.595281, 0, 0, 0.552368, 0.319961, 0.801925, 0.589589, 0, 1.034079, 0.77288, 0.364038, 0, 0.707415, 0.478323, 1.951005, 0.764492, -0.1106, 0.574832, 0.341435, 0.673965, 0.384332, 0.527129, 0.774531, 0.424275, 0.455155, 0.861949, 0.686372, 1.255031, 0.578238, 0.512426, 0.399747, 0, 0.532421, 0.850552, 0.713751, 0.55029, 0.511497, 0.572999, 0.72535, 0.531249, 0.518804, 0.517923, 0.638454, 0.859556, 0, 1.063078, 0.626688, 0, 0.67831, -0.249126, 0.76136, 0.382317, 0, 0.465987
2.240802, 0.880035, 0.689995, 0.904504, 0, 0.734131, 0.477355, 0.361853, 0.731477, 0.990807, 0.850917, 0.945477, -0.251724, 1.351868, 1.197664, 1.689259, 1.162006, 0.883825, 0, 0, 0.557032, 0.778266, 1.519871, 0.909753, 0, 1.564604, 0.54991, 1.383108, 0.597909, 0.623366, 0, 0, 0.473287, 0, 0.351854, 0, 0.687813, 0, 0, 0, 0.854221, 0.388865, 0.55444, 0.664465, 0.567295, 0.647273, 0.877933, 0.779091, 0.706418, -0.232814, 0.665192, 1.042384, 0.482589, 1.816535, 0.586801, 0.437444, 0.85636, 1.600827, -0.268717, -0.15923, 0.721152, 1.537965, 0.821325, -0.282838, -0.185604, -0.186195, 0, 0.810891, 0.658639, -0.172005, 0.941636, 0.902081, 0.792139, 0.806455, 0.368295, 0.354518, 0.31632, -0.167473, 0.444006, -0.263773, 0.876148, -0.118024, -0.297631, -0.181728, 1.125378, 0.472702, 1.214666, 1.106071, -0.231374, 0.458143, -0.129828, 0.64114, 0, 0.500526, 0.811081, 0.636826, 0.500713, 0.732272, 0, 1.691462, 0.29379, -0.168157, 0.520047, 0.481635, 0.711173, 0.767573, 0.831719, 0.433349, 0.502632, 0.576129, 0.94928, 0.958271, 0.683984, 0.39641, 0.69727, 1.144454, 0.732303, 0, -0.280843, 0.648192, 1.00235, -0.253086, 0.963018, -0.245835, 0, 0.856725
2.34568, 0.634889, 0.505147, 0.847584, 0.381345, 1.03734, 0.633395, 0.376764, 0.786849, 0.640533, 0.968432, 0.937473, -0.216198, 1.698828, 1.026878, 1.399269, 0.709416, 0, 0.46189, 0.418821, 0.585563, -0.210908, 0.870096, 0.75309, 0.326982, 1.834913, 0.669367, 1.366092, 0.669466, 0.80137, 0.267835, 0, 0.606414, 0.739992, 0.465534, 0.415443, 0.688737, 0.434286, 0, 0.501057, 1.003467, 0.281442, 0.762887, 0.544575, 0.336072, 0.839183, 0.98174, 0.769052, -0.1086, -0.143563, 0.724856, 0.744205, 0.549469, 1.211238, -0.090741, 0.608093, 0.867035, 1.045658, -0.216172, 0.426888, 0.855976, 1.758403, 1.045197, 0.644822, -0.17656, -0.172687, 0.443219, 0.626703, 0, 0.855112, 0, -0.24795, 0.690542, 0.754389, 0.44372, 0.370675, 0, 0.746482, 0.684463, -0.098379, 1.010762, 0.437049, -0.200419, -0.134071, 0.873998, 0, 1.661015, 0.780661, -0.231286, 0.595937, -0.14089, 0.792643, 0.533642, 0.532983, 0.52479, 0.679989, 0.369799, 0.791599, 0.503982, 1.687857, 0.352897, 0.542015, 0.463885, 0, 0.639168, 0.919959, 0.698708, 0.461427, 0.53786, 0.577331, 0.850694, 0.789085, 0.805477, 0.396645, 0.528568, 0.862544, 0.894832, -0.184856, 0, 0.423723, 0, -0.172076, 0.889909, 0.5727, 0.263938, 0.4162
1.658225, 0.492383, 0.396797, 0.509679, 0.543327, 0.50979, 0.29375, 0.529882, 0.426703, 0, 0.455297, 0.754901, -0.19335, 0, 0.642211, 1.273474, 0.517369, 0.461606, 0.399793, 0.354044, 0.577331, 0.64448, 0.873889, 0, 0.271651, 1.263448, 0.398947, 0.939952, 0.329246, 0.668559, 0.2977, 0.426693, 0.591176, 0.542278, 0.412427, 0.421456, 0.606996, 0.37245, 0, 0, 0.717516, 0.362587, 0.626766, 0.867002, 0.426442, 0.489258, 0, 0.470091, 0.690747, 0.356951, 0.663455, 0, 0.744659, 1.219373, 0, 0.441464, 0.548127, 1.143527, -0.190132, 0.479596, 0.685506, 1.117379, 0.668382, 0.519784, -0.134242, 0.445176, 0.371029, 0.63159, 0, 0.493621, 0.613134, 0.744712, 0.579775, 0, 0, 0.807012, 0, 0.772977, 0.641682, 0, 1.089466, 0.793088, 0.508469, 0, 0.755511, 0.471876, 1.543444, 0.739934, 0, 0.414623, 0.314257, 0.56157, 0.448873, 0.462558, 0.626812, 0.517027, 0, 0.77442, 0.450957, 0.83262, 0.482855, 0.526656, 0.358997, 0.343223, 0.378268, 0.852578, 0.775554, 0.428566, 0.453187, 0.452433, 0, 0.571394, 0.445999, 0.249275, 0.664739, 0.838054, 0.555306, 0.626432, 0.591837, 0, 0.472431, 0.321523, 0.879728, 0, 0, 0.483402
2.080494, 0.578689, 0.491555, 0.863832, 0.40076, 0.804943, 0, 0.396904, 0.747479, -0.166597, 0.795382, 0, -0.226073, 1.434583, 0.921382, 1.509092, 1.062855, 0.765203, 0.661156, 0, 0.535918, -0.19794, 1.03477, 1.078435, 0, 1.55878, 0.500219, 1.366596, 0.726076, 0.855029, 0.292383, 0.315396, 0.697009, 0.533705, 0, 0.489051, 0.697237, 0.443386, 0, 0.350781, 0.91666, 0.270438, 0.612757, 0.690492, 0, 0.907388, 0.968586, 0.677586, 0.456621, 0, 0.725117, 0, 0.601385, 0, 0.535589, 0.365033, 0.538858, 1.23334, -0.176526, -0.15514, 0.776131, 1.398887, 0.606381, 0.419968, -0.123867, -0.113547, 0.425809, 0.86007, 0, 1.13621, 0.695442, 1.087329, 0.783611, 0.632324, 0.473909, 0.378359, 0.307223, 0.661336, 0.590295, -0.106276, 0.892978, 0.407153, 0, 0.342853, 1.02308, 0, 1.46239, 0.84881, -0.135277, 0, -0.102433, 0.576901, 0.400476, 0, 0, 0, 0, 0.637674, 0.413891, 1.378651, 0.412906, 0.369601, 0.537956, 0.47378, 0.508484, 0.722073, 0.657398, 0.556402, 0.560415, 0.512846, 1.101721, 0.643171, 0.603173, 0, 0.396813, 1.175162, 0.743613, 1.001836, 0.846518, 0.84665, 0, -0.185411, 0.959671, -0.248448, 0, 0.567517
1.480774, 0.43477, 0.50129, 0, 0.426642, 0.491993, 0.555817, 0.565796, 0.393645, -0.181656, 0, 0.599752, -0.295841, 0.837631, 0, 1.092201, 0.337093, 0.441221, 0, 0, 0.324615, 0, 0, 0.697047, 0.23424, 1.199649, 0.333771, 1.074371, 0, 0, 0.342661, 0.315363, 0.849889, 0.315644, 0.294213, 0.476145, 0, 0.256481, 0.498239, 0, 0.844057, 0.186639, 0.716245, 1.122058, 0.537668, 0, 0, 0.592574, 0.787173, -0.117746, 0.618109, 0.722937, 0.45222, 0.647063, 0, 0.369434, 0, 0.430625, -0.176691, -0.196745, 0.337288, 1.252522, 0.43915, -0.128243, -0.43405, 0, 0.264202, 0.596977, 0, -0.194607, 0.57744, -0.178189, 0.653967, 0, 0, 0.946294, 0.417501, 0.747419, 0.231245, 0, 0.830349, 0.451886, -0.098541, 0, 0.382446, 0.840961, 1.244556, 0.824237, 0.239388, 0, -0.119067, 0, 0.534662, 0, 0.611053, 0.334052, -0.125066, 0.516875, 0.547307, 1.030597, 0.529778, 0.576043, 0, 0.533265, 0.359303, 0.800522, 0, 0.418084, 0, 0.337584, 0.340589, 0.540891, 0.671084, 0, 0.593113, 0.826133, 0, 0, 0, 0.581375, 0, 0, 1.025397, -0.142267, 0.203345, 0
1.93201, 0, 0, 1.001902, 0.56059, 1.018059, 0, 0.452504, 0.715361, 0.80907, 0.798745, 1.014674, 0.792068, 1.662805, 0.868955, 1.800277, 0.989741, 0.632119, 0.665726, 0.452337, 0.566563, 0.692398, 1.20229, 0.804677, 0, 1.764763, 0.434418, 1.447271, 0.586738, 0.591331, 0, 0.492902, 0.523671, 0.714806, 0.403884, 0.47613, 0.895199, 0, -0.052979, 0.503952, 0.904613, 0.444462, 0.692429, 0.922947, 0.446663, 0.786178, 0.527309, 0.885835, 0.976762, -0.174176, 0.715553, 1.383156, 0.719825, 1.162408, 0, 0.362524, 0.934245, 1.199044, 0, -0.166181, 0.931009, 1.70733, 0.9044, 0.479254, 0, -0.128721, 0.387095, 0.731485, 1.148989, 0.815605, 0.750576, 0.962094, 1.135698, 0.806829, 0.483802, 0.489165, 0, -0.11428, 0.437752, 0, 1.247886, 0.488347, 0.420917, -0.115651, 0.880009, 0, 1.612423, 1.149536, -0.134519, 0.453491, 0.456474, 0.642604, 0, 0.609635, 0.474601, 0.401666, 0.414131, 0.536612, 0.36813, 1.50615, 0, 0.49669, 0, 0.319523, 0.603669, 0.834178, 0.854585, 0.726914, 0.533999, 0.447756, 0.866552, 0.666767, 0.82231, 0, 0.627549, 1.15144, 0.911424, 0.894738, 0.623087, 0.754366, 0.751146, 0.549629, 0, 0.440353, 0, 0.767196
1.67052, 0.621338, 0, 0, 0.462872, 0.866088, 0, 0.372802, 0.272831, -0.166178, 0, 0.691464, -0.311995, 1.397003, 0.769318, 0.975848, 0, 0, 0.512034, 0, 0, -0.117819, 0.562542, 0.474545, 0.293593, 0.896472, 0, 1.024966, 0.347041, 0.616896, 0, 0.36652, 0.829227, 0.53767, 0.287888, 0.481204, 0.643698, 0.335414, 0, 0.373516, 0.860948, 0.200732, 0.671854, 0.952414, 0.472884, 0.586368, 0, 0.792055, 0.800173, 0.511355, 0.640155, 0.661986, 0.592237, 0.99754, -0.069415, 0.559605, 0.522385, 0, -0.270993, -0.195869, 0.523557, 1.307044, 0.638816, -0.136822, -0.407309, -0.110964, 0.37897, 0.809009, 0.921544, 0.790432, 0.591769, -0.181199, 0.646432, 0.383504, 0, 0.771944, 0, -0.177142, 0.619826, -0.073806, 1.370126, -0.112097, -0.218162, 0, 0, 0.494322, 1.098827, 1.230423, -0.060852, 0.458381, -0.121449, 0.771359, 0.533011, 0.403444, 0.560549, 0.316029, 0.406771, 0.611405, 0.325939, 1.230286, 0.416787, 0.547439, 0, 0.316024, 0, 0.789475, 0, 0.534472, 0.448202, 0, 0.66644, 0.502734, 0.75703, 0, 0, 1.042678, 0.719787, 0, 0.687511, 0.576265, 0, -0.230116, 0.68269, 0, 0, 0
1.310224, 0.552432, 0.279753, 0.306367, 0.216473, 0.260277, 0.210971, 0, 0, 0, 0.471036, 0, 0.21204, 0, 0.47043, 0.554921, 0.392544, 0.300394, 0.206353, 0.210022, 0, 0.406614, 0.352738, 0.491773, 0.183324, 0.48209, 0, 0.466741, 0.217486, 0, 0.227014, 0.191761, 0.232602, 0, 0, 0, 0, 0.314626, 0, 0, 0, 0.217775, 0, 0.235856, 0, 0, -0.055251, 0.20076, 0.669722, 0.239315, 0.264412, 0.603107, 0, 0.87773, 0.381884, 0, 0.411344, 0.572159, 0, 0.23622, 0.282541, 0, 0, 0.262814, 0.336931, 0.242287, 0.231118, 0.361714, 0.429599, 0.413744, 0, 0.547046, 0.472053, 0.418821, 0, 0.280401, 0.274461, 0, 0, 0.384646, 0.5539, 0, 0, 0.314923, 0.511401, 0.357442, 0.74751, 0, 0, 0, 0.126491, 0.335915, 0.285212, 0.25677, 0.43064, 0.249235, 0, 0, 0, 0, 0, 0.266437, 0.316862, 0.332376, 0.35036, 0.316786, 0, 0.380823, 0.298882, 0.301475, 0, 0, 0.146588, 0.244981, 0, 0.366342, 0.414276, 0.370389, 0.35943, 0.309734, 0.491388, 0.227698, 0.470157, 0.27811, 0, 0
2.729769, 0.919276, 0.61265, 0.643953, 0.442796, 0.690051, 0.569811, 0.348163, 0.618742, 0.696305, 0.77283, 0, -0.182515, 0, 0.842913, 1.540155, 0.74612, 0.637011, 0.4006, 0.350057, 0.560815, 0.800993, 0.842766, 0.719316, 0.2089, 1.430658, 0.656393, 1.393696, 0.486866, 0.681992, 0.347193, 0.328281, 0.645984, 0, 0, 0.407173, 0.564428, 0.391771, 0, 0.639168, 0.555387, 0.22687, 0.71414, 0.824318, 0.350062, 0.743674, 0.614233, 0.78787, 0.803092, 0.565436, 0.544155, 1.058032, 0.64942, 1.107317, 0.37464, 0.553189, 0.475264, 0.884962, 0.645579, -0.115284, 0.601679, 1.596715, 0.744798, 0.498589, -0.143385, 0.530487, 0.445873, 0.850519, 0.939582, 0.797653, 0.854755, 0.658386, 0.707241, 0.542952, 0.30464, 0.501713, 0.497082, 0.58279, 0.603738, 0.398749, 0.978046, 0, 0.322822, 0.653474, 0.796481, 0.438358, 0.969305, 0.939304, 0.429749, 0.654722, -0.112448, 0.662736, 0.608285, 0.7521, 0.614197, 0.519387, 0.354837, 0.822097, 0.476257, 1.15461, 0.489618, 0.504065, 0.586558, 0.528834, 0.471641, 0.823432, 0.659282, 0.642753, 0.369748, 0.464316, 1.019598, 0.596395, 0.61477, 0.346881, 0.447207, 0.663432, 0.759218, 0.668337, 0.711621, 0.671537, 0.662209, -0.209218, 0.695163, -0.162792, 0.282224, 0
