0, 6.615892875092649, 7.054998633421466, 6.645526033154717, 5.052066254931226, 6.7656565202827865, 6.101670984143704, 5.111771243338522, 5.184211879340496, 6.587850590000965, 6.967272009555117, 7.157006946001908, 6.267700784118204, 8.520312546135912, 7.034451929088269, 8.951294013269848, 5.521517867304469, 6.459034325498958, 5.311994365536482, 5.270926205657298, 6.98724101697691, 5.790033080102647, 6.735395647015058, 6.324666023161606, 0, 9.083366762628492, 7.176411916706817, 9.32862796090324, 6.1836439747834495, 7.129140776289154, 6.090553782038192, 5.8811489620551125, 6.387503777618847, 5.888250669626958, 5.6416354693646635, 5.915884043727091, 8.1410966610609, 5.819766566546412, 0, 6.089626159792489, 6.919120262406364, 5.474047322716184, 8.169663031143893, 6.483255737092915, 5.360583115114857, 7.160591873785217, 7.094999397852661, 6.768110036720092, 7.1217061103753645, 6.0475174029826935, 6.736520298621459, 6.827275526113513, 6.509057203433443, 7.786886275270326, 5.952122092804065, 6.725958957996782, 6.948506240451535, 7.821875565959276, 6.324986432127807, 4.247894315736168, 6.154492106604798, 8.765286105810397, 6.735156742857815, 6.4245333815800905, 7.848123275425253, 0, 5.806752346567038, 7.384211138138285, 6.593714725885857, 6.664410962952944, 7.729763427394333, 6.981015474374004, 6.174059874575091, 7.236768935635183, 4.486772494965247, 4.853569223116435, 6.281313600471843, 6.282513699213493, 6.315097979284773, 6.109679580243851, 7.642552607172323, 6.440055556611472, 6.4177298873884325, 5.555118815016651, 8.010689535408234, 7.275953644697435, 8.938719225942544, 6.475864419196528, 5.414520076788344, 7.4521211770715965, 4.795956018180547, 6.259573966967194, 6.16944725585081, 8.164178606591488, 5.9412629710006595, 6.2517578126959, 6.4876235215520754, 5.650886331668746, 7.31178427270423, 7.262170903557446, 6.27402348575569, 6.7419924153171555, 6.701500575292632, 5.774759036928359, 6.7912688460182675, 5.435639517237004, 6.6694982412467825, 6.559466670365264, 4.988766203552181, 5.332124111697658, 7.085857643695747, 6.636398742864845, 4.199533456202118, 5.743755276064421, 5.826070219910342, 8.106417116009585, 7.607832979053414, 7.2535920463378245, 6.795628481665803, 6.575296479211336, 7.2636105086632865, 5.733860254515019, 7.072229057681627, 6.510575831437049, 5.51793187683242, 7.833812239521216
7.1876009182194736, 0, 0, 0, 1.7940990319583012, 2.4894924145449058, 1.9770380685281708, 1.3363356892830436, 1.754576015383837, 0, 0, 0, 1.5845762149616962, 5.713307199517981, 0, 5.596308872969719, 0, 0, 0, 1.6383223741675659, 0, 0, 0, 0, 1.3156475302561905, 6.104459035517574, 1.7260351891350247, 5.2719968562882995, 1.8473427707595083, 0, 0, 1.7325962104382056, 0, 0, 1.9363948309256083, 0, 4.935466285547244, 0, 1.501575425430634, 0, 0, 1.3754826513774903, 0, 0, 0, 0, 0, 0, 0, 1.810656578200528, 0, 0, 0, 0, 0, 1.7987364903581362, 0, 0, 0, 1.599011714721101, 0, 2.8222020740946494, 0, 0, 0, 1.4971299585240478, 1.845237195522088, 0, 0, 0, 3.225430617433966, 0, 0, 0, 0, 1.2671147160525715, 0, 0, 0, 1.9007166612009851, 0, 0, 1.8842936520019713, 1.5957014141724524, 0, 2.3524432217647346, 6.590616899537067, 0, 1.727695237432823, 2.4807655262987445, 0, 2.405390879155993, 0, 0, 2.105122796226135, 2.3116800979581655, 0, 0, 0, 0, 0, 1.8395974390200673, 2.1335860114812983, 1.67093695621713, 2.0794297029688096, 1.9883355909464844, 0, 2.4691851416845876, 0, 1.2649131233196795, 4.4926952769184965, 2.1394742443228556, 1.2456119251048052, 0, 1.6642177945653691, 0, 0, 3.6618351942467235, 0, 0, 0, 1.839468874561183, 0, 2.122992049763679, 0, 0
6.124783608225891, 0, 0, 2.220287329361567, 1.6988815099389782, 1.9867454115765115, 1.9041187269504216, 1.4495144680671326, 1.6015267790374144, 0, 0, 2.4004532410227872, 1.7457918283971852, 4.475489742658897, 2.0226528470744056, 4.969240833036684, 0, 1.8987188578125758, 1.2976831826458093, 1.6435956561517207, 1.7436517305205652, 1.6754283253031708, 0, 1.8431560977085713, 0, 0, 1.8246201120083325, 3.1375363774063096, 1.6450620999021281, 1.5351393969874603, 1.4025137027572612, 1.5469103656302183, 1.9851639638367298, 1.8292566954415288, 1.3470576690401865, 1.4711202171172668, 2.080070887063896, 1.2663509590747122, 1.4444090976154869, 1.2652636603731342, 0, 1.4177089151272815, 2.2145565064964714, 1.6949568405056963, 1.2977640984633885, 1.611811756959949, 0, 1.8603783778405036, 1.6522460038438762, 1.529407002264562, 1.588138630410905, 0, 1.8922770461984364, 0, 1.3178072410738606, 1.63303561289124, 1.9442815727852787, 0, 1.7175676401549562, 0, 1.6497730641040358, 2.4379173908555325, 1.5927019149023074, 1.4598481879308292, 2.032067131822484, 0, 1.890967206467223, 0, 0, 2.050322104493874, 2.2183172422270965, 1.8377469166473057, 0, 0, 1.4235776413062742, 0, 1.970044951848259, 1.7501100211739649, 1.4892564380669344, 1.6167634527282877, 2.269875988620901, 1.410022081320054, 1.3687893700823508, 1.251853798875579, 2.1067281721423297, 1.8106350571060796, 5.285426779046125, 1.7508651126450856, 1.4595067685578587, 1.9128948576930165, 0, 1.9936438686505902, 1.7890777847182895, 2.099769809838359, 1.9575477573575617, 1.9524217872004201, 1.2259123054853263, 1.430538813675646, 1.9133310728233515, 1.4282685922325056, 1.7711486727929238, 1.679944225254653, 2.0114395761867336, 1.3861872773359187, 1.7694190916133092, 1.383165542282195, 0, 1.598940389639917, 1.193367397923937, 1.0888806375421722, 1.910020748689427, 1.6514370184807108, 1.1899979036360533, 1.6974353610818893, 1.4657136881158719, 2.5514769852686054, 2.171445873876369, 0, 2.1549452432066145, 1.7212114140331563, 1.9259399006689992, 1.6164116865589175, 0, 1.8939965203405864, 0, 1.7229217895631161
6.659740078256869, 0, 2.0633338881303485, 0, 1.8942149561436985, 2.9689205280506283, 2.3225691835963844, 1.8034595467177146, 1.6171954551712668, 0, 0, 0, 2.4741363574636948, 4.746051738875563, 0, 5.8307392541184395, 0, 0, 1.847698332409313, 1.7919835061233302, 0, 1.7415171073154014, 0, 0, 0, 5.612243052206109, 1.5564279262189429, 5.11388253367176, 0, 0, 1.5642293296955379, 1.7472929543158044, 1.9816863521376185, 2.20098301525921, 1.7304202345496842, 1.8434614770538604, 2.655485994323571, 1.5847810167519982, 1.8400798156000149, 1.8024491392105877, 0, 1.4506170807108374, 0, 2.4569050550874034, 1.544324549402485, 0, 0, 1.797436451323333, 0, 1.6910569701169755, 0, 4.349647030311779, 2.9074630217408624, 4.413173148043571, 1.7703017716052256, 1.894977543697617, 2.0943451309082475, 4.088706583582341, 0, 1.3448079409786557, 2.0389146505391715, 3.1113211048504468, 1.8250698932034792, 1.8244667955426708, 2.1103028310356797, 1.5778775188245155, 1.8970891895210211, 3.252793324943191, 0, 0, 0, 0, 2.310092955166227, 0, 1.9975026898093142, 1.2695495351773982, 2.316165920914841, 2.4856513272364547, 2.3239812256372248, 1.978891381318634, 2.537986767664718, 1.753004014443568, 1.9463059737891568, 0, 3.6213941616651044, 0, 5.667211338308964, 2.2277553532200467, 0, 2.287658231608315, 0, 0, 1.9644142574957897, 0, 2.0620235090443417, 2.193606368572049, 1.6364446567924444, 0, 2.362565652154727, 0, 2.0697692287412615, 2.158677124233404, 1.7017669823265558, 1.4684807204994528, 3.147007883092148, 0, 2.115727388460007, 2.1109342367070485, 1.5224892460629096, 1.597824170046292, 0, 1.850217828244625, 1.1437958599991092, 1.4234376040596226, 1.745950089182229, 0, 0, 3.4609750771081798, 0, 0, 0, 1.7923617719530698, 3.6960437460162896, 0, 1.4061354663055468, 0
4.990903851135199, 1.4944744343078948, 1.3456207350906453, 0, 0, 1.2681077194965267, 0.975532126697055, 0.9696297574834215, 0, 0, 0, 0, 0, 0, 1.2788530588805773, 2.2778736572498453, 0, 1.643891947722846, 0, 0, 0, 0, 1.505133248303757, 1.4996858229726011, 0, 0, 0.9794160348026585, 0, 0, 1.1715607719634331, 0, 0, 1.348642436639531, 0, 0.8936100563919143, 0.9308837782016735, 1.2946277646868825, 0, 0, 0, 0, 0, 1.3036206579889071, 1.1808496394942103, 0, 0, 0, 0, 1.786379767486931, 1.1235727979803647, 0, 1.8849928619327443, 0, 2.4952132928548028, 0, 0, 1.6210230746090368, 1.7664489636064327, 1.236937860918116, 0.7176190076636546, 0, 1.8643572744012893, 0, 0, 1.6410486477480293, 0, 0, 0, 1.560278035842335, 0, 1.5499991407408436, 0, 1.6816676894038656, 1.457639104589707, 0.7894541579106911, 0, 0.9801999363175342, 0, 0.9450866416818765, 1.4467683107025608, 0, 1.0441606951348614, 1.3419195361549738, 0, 1.6062519773248136, 0, 0, 1.255374369685813, 1.3419576329227034, 0, 0, 0, 1.0552738490344054, 1.2558387359371788, 1.2463415534785083, 1.2853929496788026, 1.0521387713631354, 1.104742819692485, 1.0621455017659065, 0, 1.1194325078672227, 1.2466556037842291, 1.247158107506221, 0, 0, 1.0697476588769708, 0, 1.166465165245936, 0.8807770845301993, 0, 0, 1.205409526735224, 0.6048976766239685, 0, 0.9764235683213092, 0, 1.5023956056146357, 1.3658919385487585, 0, 0, 0, 0, 1.4538132498859337, 0, 0, 0
7.023990184038847, 0, 1.7310021167817609, 0, 0, 0, 1.2976334618901082, 0, 1.0779407894823663, 0, 0, 0, 0, 5.535600523913105, 0, 4.888405349749841, 1.7604675941309051, 2.0467755596522212, 0, 1.079895441210021, 0, 0, 2.4272623308591643, 1.9216207693699958, 0, 5.5094055123220915, 0, 3.1671812844840757, 1.2811268019914046, 1.9382839708761757, 0, 1.1004423178347769, 0, 1.496558659814423, 1.0782946337668635, 1.5747176258233404, 2.1924584234765714, 1.3681734304242419, 0, 1.31182295472531, 0, 0, 0, 0, 0.963377774661087, 0, 0, 0, 0, 0, 0, 0, 0, 4.576929508543808, 0, 1.2039943757174727, 2.037163942973561, 2.3537915138865237, 0, 0, 0, 1.776353596095271, 0, 0, 0, 0, 0, 0, 0, 0, 0, 0, 2.4130169535922756, 0, 1.379015087203595, 1.1013658454112578, 0, 0, 1.1858478460733308, 1.7610134399002741, 0, 0, 1.505006880073424, 1.4435418727545413, 1.8408136924301433, 0, 0, 1.3590462825741105, 1.8828092897754742, 0, 1.3795411999234095, 1.9949924850572047, 0, 1.6861064211147918, 1.2825799981999295, 0, 0, 0, 0, 0, 1.088474888037003, 0, 0, 1.4254024230774032, 1.6797811716266888, 0, 0, 0, 0, 0, 0, 1.8124701873915414, 0.9494628830286731, 0, 0, 3.5673297486936097, 0, 0, 0, 0, 2.205385059784023, 0, 0, 0, 0, 0
6.1172331524453964, 0, 1.4895957010001202, 2.0325106483723707, 0.9473505027290692, 0, 0, 0, 0, 2.2357709390608087, 0, 0, 1.5446779755202935, 3.6665436529918742, 1.6695521053475908, 0, 0, 1.5754557949870143, 0, 0, 0, 1.7428032277227612, 0, 1.8268294602978692, 0, 0, 1.0593904057966677, 0, 0, 0, 0, 0.882048605120009, 1.3991849035347492, 0, 0.7869371291287767, 0, 1.2612466980365085, 0, 0.9943000351018707, 0, 0, 0, 1.3967761208306544, 0, 0, 0, 0, 0, 1.6136753028707078, 0, 0, 0, 0, 2.674369605486634, 0, 0.9729097487766736, 1.795254190136697, 1.8451947952923353, 1.8328481880296807, 0, 0, 0, 1.033923187291945, 0, 2.2148119597197384, 0, 0, 0, 0, 2.166085683783316, 0, 0, 2.375253907608672, 2.117585646894155, 0, 0, 0, 0, 0, 1.9576766155960517, 0, 1.1686933728736195, 1.1233799921621554, 0, 1.699322291161221, 0, 0, 0.8483600229385104, 1.7102024222010899, 0, 0, 2.0734004671423967, 0.8827835120768946, 0, 1.2856787064200066, 0, 0, 0, 0, 0, 0.7739471349296709, 1.200205296223833, 0, 0, 1.508339720897715, 0, 0, 0, 0, 0, 0, 1.5919688151941151, 0.6588816047129338, 0, 0, 2.611815804227373, 1.866621132670325, 1.7758403205601772, 0, 0, 0, 1.7803229950151087, 0, 0, 0, 1.6627160690176348
5.21634423855767, 0, 0, 0, 0, 0, 1.042288694450066, 0, 0, 1.8105507354725818, 0, 0, 0, 0, 0, 0, 1.490250460537225, 1.3538000071178673, 0, 0, 0, 0, 0, 1.5590979064374366, 0, 0, 0, 2.4029565677690705, 0, 0, 0, 0.9298922461461804, 0, 0, 0, -0.03478008952334776, 1.4421170237428231, 0, -0.056665012071885436, 0, 0, 0, 0, 0, 0, 0, 0, 0, 1.277030133996638, 0, 0, 1.2310404692328971, 0, 1.701171073535787, 0, 0.9645363428562018, 1.413393373147751, 1.4735662221268953, 0, 0.36768171450761594, 0, 0, 0, 1.1404274878715284, 1.8429286500304065, 0, 0.7109055720696816, 1.7708138329034633, 0, 0, 0, 0, 1.8366539871028529, 0, 0, 0, 0, -0.06795517664742151, -0.04750832397236207, 1.3985369557812992, 1.1090558371567902, 0, 0, 0, 1.3851056490929858, 0, 0, 0, 0, 0, 0, 1.5973561124364186, 0.9119923539322161, 0, 1.109132482716186, 0.9012508126013947, 0, 0.9306234631351342, 1.002360726101798, 0, -0.06133653617706336, 1.0269096650006653, 0, 0, 1.2198354145667512, 0, 0, 0, -0.07611912412853991, 0.45699579714027405, 1.2804526812113814, 0, 0.5101751017495509, 0, 0, 2.0466916272096753, 1.7005891465528598, 0, 0, 0, 0, 1.2957297763809357, 1.3263955297613073, 0, 0, 1.4211778388711331
5.128862567513413, 1.823539290400245, 1.519293510679515, 0, 0, 0, 0, 0, 0, 1.6520248120423857, 0, 0, 1.4395440628301457, 0, 0, 0, 0, 1.2558691588525968, 0, 0.8840240906854105, 0, 1.3142011072614395, 0, 1.6369218610055034, 0, 0, 0, 0, 0, 1.4570823069561334, 0, 0.9536910128205551, 0, 0.8673555735063758, 0.9309103083739487, 0, 1.1375915372013836, 1.0747015449523556, 0, 0, 0, 0, 0, 0, 0, 0, 1.1680303138946673, 0, 1.461724435967241, 1.3505116921709244, 0, 1.6740920889064566, 0, 0, 0, 0.9687295297880312, 1.2009090330459549, 1.5083375376422525, 0, 0, 0.882093252574127, 0, 0.9327437580025, 0, 1.596132838949431, 0, 0, 2.1800548236546735, 1.9294450775006742, 1.6894051512492876, 2.091405579624974, 0, 2.0740621564540427, 0, -0.05775483852610216, 0, 1.0098763177192398, 0, 0.8568043322225682, 1.6474122489062364, 0, 0, 1.1723746788881466, 0, 0, 0, 0, 0.9196782435328641, 1.4680573450638479, 0, 0, 0, 0.8643083900356406, 1.1853172196210708, 1.1305956082327522, 0.9489213779674115, 0, 0.9284243582228567, 0, 0, 0.9807753698581422, 1.1236703683541618, 0, 0, 1.3474227449640015, 1.0549114956628962, 1.5425523283519158, 1.0581249529073786, 0, 0.6798586509587482, 1.1824560597896294, 1.3889118044862871, 0, 0, 0, 0, 1.5086690324289265, 0, 0, 1.5185909747140816, 0, 1.4694669420705837, 1.4292043091738513, 1.3574944166717604, 0, 1.5683185414626533
7.597284249875619, 0, 0, 0, 1.5723306770121583, 2.1239144274294226, 2.1265300573704997, 1.678801907008237, 1.835586298719346, 0, 0, 0, 0, 4.764423769192267, 0, 5.438473624018684, 0, 0, 1.7815051427261213, 1.3870451023604096, 0, 0, 0, 0, 0, 5.493852688711255, 1.6519145882296251, 4.851282248963435, 1.698748109406685, 2.1062888684181806, 1.4503880511984686, 1.6140708135753816, 0, 0, 1.8952230059715776, 1.5798837431756723, 2.5857191759205334, 1.5572663873796984, 1.2959465202789853, 1.6872320647760333, 0, 0, 0, 0, 1.6690943078620641, 0, 0, 0, 0, 1.779144091419625, 2.1490659136229966, 4.310648632605991, 2.6952821863398024, 4.408718923505533, 0, 1.7659750946323514, 0, 3.753003570725787, 0, 1.2898816277811052, 2.0393089348725995, 0, 1.6926403780298347, 0, 0, 0, 1.5268779911897994, 0, 0, 0, 0, 0, 0, 0, 1.8895057395807267, 1.3702864894388205, 2.217531420133974, 2.1113311174271856, 2.299797571452076, 0, 2.4042572550876717, 1.8024332965979837, 0, 0, 0, 0, 4.600430959954074, 1.601167589102609, 0, 1.7367048232447793, 1.4117139570197694, 0, 2.0332651087342835, 2.2129758600511935, 1.896284340744555, 2.2397968871575835, 1.5807228279357635, 0, 2.036193104106195, 0, 1.7956350345386316, 1.7789714185697734, 1.691702789999511, 0, 0, 1.9069574847687336, 0, 2.203708880438542, 1.3669048796637153, 1.4300978570257712, 2.1690967987513643, 1.7782445693656819, 0, 0, 1.46067738774104, 0, 0, 0, 2.10848924423054, 0, 0, 0, 0, 0, 0, 0
6.6811605426219565, 0, 0, 0, 1.958208477041944, 0, 2.384561460948969, 2.185422314694804, 1.8382602480213908, 0, 0, 3.9733546896409693, 1.6571700371449622, 5.04123250953215, 0, 5.459001125316989, 2.1303532760650277, 1.918227035901087, 2.3778961450152627, 1.668704492840903, 0, 0, 0, 0, 1.2670283927811383, 5.8391148551537055, 1.9504625308569687, 4.97562196534248, 2.0871395916340565, 0, 0, 1.749664788704144, 2.0274336070796095, 2.7159223734770155, 1.7269765418272522, 0, 0, 1.983476034993895, 1.6561898484367672, 2.0045131391070146, 0, 1.5485401997932742, 0, 2.2694311597604795, 1.9013132848789716, 2.4136461777851292, 2.8340687511745406, 0, 0, 0, 0, 4.548988630072266, 2.7663409880089134, 4.598347868909314, 0, 1.9409929200615228, 0, 0, 2.070752139998942, 0, 2.323993995334201, 0, 0, 0, 2.873501698331665, 0, 1.546855338676727, 0, 0, 0, 3.0166024486559144, 0, 0, 0, 2.004343305320125, 0, 2.112291871640472, 0, 2.4668520039139503, 0, 2.9350376157303986, 2.1553199521106827, 0, 1.7125986150264005, 0, 0, 6.520273687433215, 2.129062372111815, 0, 2.2191608428461724, 0, 0, 1.9656576107804609, 2.6434171274443425, 2.284425416270244, 2.421787213827764, 0, 0, 0, 0, 2.1745832041884734, 2.1774030518374397, 1.9524179128237305, 0, 0, 0, 0, 0, 1.8202141352351189, 0, 2.7352116865998735, 2.221877037430819, 0, 0, 2.0150648281740806, 0, 0, 0, 0, 0, 0, 1.7328464825534615, 0, 1.8139801193964005, 0, 0
7.422845691505034, 0, 0, 0, 1.7671183870507527, 0, 2.0637035158081987, 2.1332210165943177, 1.9351958457445153, 0, 0, 0, 0, 4.93304424656823, 0, 5.685062843187969, 0, 0, 1.8271330861304085, 1.8636338540507997, 0, 0, 0, 0, 1.2452239471005888, 5.463479193317071, 0, 4.868723232910418, 1.7966265693896875, 0, 1.6369933873992928, 1.7306317263893014, 2.5759203313375783, 2.1585656236566306, 1.6130658947465442, 1.836063913787453, 3.3616924785806885, 2.2359669057998244, 1.337337348882734, 2.2745550612251453, 2.2775823034233884, 1.3393064936811117, 0, 0, 1.4776339916185657, 2.074922356725332, 0, 1.7515188352252367, 0, 0, 2.3107567141999494, 0, 2.509944106285551, 4.586226961290507, 0, 1.5631531191992285, 0, 3.7663512273802757, 0, -0.09101179301609166, 2.152897569019485, 0, 2.0060556946192096, 0, 0, 0, 2.104762528965762, 4.381336646902376, 4.36035616755884, 0, 0, 0, 0, 0, 1.9623700911945934, 1.6509393831939654, 2.302312766181416, 2.2829695932424117, 2.1759932374430506, 0, 2.4683053669556623, 1.6225432533368522, 0, 1.611781149447474, 3.560251662484707, 0, 5.790393365138269, 1.6719374591454592, 0, 1.9189685880334069, 1.7125990386341647, 0, 1.919400635220137, 2.364690906332935, 2.6544707469844955, 2.156388627441231, 1.4670111511430228, 1.9048143168713831, 2.015895503823807, 1.9151336469618616, 2.243757965027774, 1.9722248932567332, 0, 0, 0, 1.9784560739259922, 0, 1.9915601284153917, 1.707671272477421, 1.5658989116584847, 2.6006917119011232, 0, 1.3790004993166147, 0, 1.7905051226470896, 4.562445504645753, 0, 0, 0, 0, 0, 0, 0, 1.931042163510126, 0, 0
5.630436276911662, 0, 0, 0, 1.722078239236954, 1.9789688006448507, 1.9544724847836763, 1.6541043450386421, 1.3937561977589195, 2.4382559412267564, 0, 2.463332471604458, 0, 0, 0, 0, 0, 0, 1.3739114252421132, 1.452884570754157, 0, 0, 0, 1.2046235830088643, 1.034237308073525, 0, 1.269189739059872, 0, 1.6941647028943072, 0, 1.437924597897232, 1.4211611730246116, 1.5019293000188803, 1.4586662649412094, 1.2110500501936996, 1.4563953300640835, 2.0542137920953585, 1.1857629666923835, 1.1679308269661062, 1.6966931307843656, 0, 0, 1.741514454517173, 0, 1.2646016414408652, 1.6600547032806507, 1.720351436545386, 1.555373814524521, 0, 1.3123738383133106, 1.6397927728082438, 0, 2.0363591624528814, 0, 0, 1.3651568213598713, 0, 0, 0, 1.085724816048337, 1.5570402542230486, 0, 1.6675356939252992, 0, 1.8503725389247336, -0.09283672123543232, 1.4452053193622014, 0, 0, 0, 1.7650448863882637, 0, 0, 0, 1.622205917988986, 1.3813097086520438, 1.753166328911614, 1.7128384263127538, 1.6998204601410674, 1.5632177403653174, 2.3835309884633404, 1.3186020126842688, 1.5434437669109926, -0.10926691669089436, 1.5048864904777877, 0, 0, 1.4637878687110413, 0, 1.4656172058209367, 0, 0, 1.524058880265682, 1.757878661151608, 1.9496559621872638, 1.6658355424025941, 0, 1.4703137013206495, 1.8845958648934762, 1.7182493248599406, 1.7576651689569374, 1.6735974171665216, 1.5349603446161586, 0, -0.12109566085103168, 1.4739743771389258, 0, 1.5427638304549844, 1.3145157536320558, -0.1312243293157598, 1.9272965117419425, 1.583768776909498, 0, 1.1731898568970174, 1.45473066023786, 0, 1.7326794198614084, 0, 0, 0, 0, -0.1776263907589046, 0, 0, 0, 0
7.84689044843604, 5.70279215644509, 4.790897598523259, 5.3112354800568005, 0, 5.385274808612307, 3.474335123956073, 0, 0, 4.572555403452339, 6.243565134482696, 5.438317857834531, 0, 0, 5.196516819176439, 7.442998136352455, 0, 0, 0, 0, 5.090475525855888, 4.246490275619686, 5.513844085383241, 5.467061157756034, 0, 6.868658407054871, 4.616103119431474, 6.9917934238802735, 0, 5.96178421558508, 0, 0, 0, 4.308205301313699, 0, 0, 6.17655751632409, 0, 0, 0, 0, 3.059967437543339, 6.647915043098501, 5.0608485004789685, 0, 5.624282164176094, 5.653861380533715, 0, 5.266335786283072, 4.2173764689860045, 0, 6.05211964420474, 0, 6.7400659325672025, 4.614811142126109, 0, 5.55114434139856, 6.075498075361961, 0, 0, 4.500233204763366, 7.162443879008187, 4.833753926956736, 0, 5.27935835350807, 0, 2.5056452190957734, 6.066856654703456, 5.719721088205844, 5.861617532468153, 5.830768979853788, 5.226758307390078, 5.219495867218553, 5.47472147924932, 2.792891327726702, 0, 0, 0, 3.4456576218469976, 4.375611153717014, 5.697709146710363, 4.431710100137727, 4.260630418856055, 0, 5.8010786869111906, 4.97561528905678, 7.418466462884254, 4.675211169099106, 0, 4.898582551928556, 2.9211691162540716, 5.150695647774105, 0, 5.13380177489492, 0, 4.427542397176416, 4.2625161496577, 4.427669633503298, 4.252279333878861, 5.472076517477633, 0, 4.125281670194051, 4.695897849380115, 0, 5.024596987026794, 0, 5.0503501884638435, 0, 0, 0, 5.2738223950031875, 4.410851591235438, 0, 0, 0, 6.740530476300402, 5.57145459686318, 5.433870192863866, 5.153005962011096, 4.982759518911217, 5.566479808412979, 4.125043740812056, 5.620382405046906, 4.719340573796632, 0, 5.304488075275058
7.921681379285112, 0, 1.9522030027797546, 0, 1.6905613958866164, 2.4508242734874712, 1.896242307022538, 1.6059356365521602, 1.7009171184291978, 0, 0, 0, 1.6463638150840214, 5.013022212242071, 0, 5.703546661817156, 2.071753602281762, 1.8588229894207848, 1.6633884052084345, 1.496587536652385, 0, 1.8026838018437863, 0, 2.2367189505014315, 1.29651108413255, 5.23193277423231, 0, 3.711947641933574, 1.5690835374892407, 0, 1.3662531109959357, 1.5895389792899879, 1.966962173812116, 1.9582156704864515, 1.5748717511177894, 1.6216506407035187, 0, 1.5331306430728417, 1.6237629954515236, 1.8232185222085993, 0, 1.3388667863788684, 0, 0, 1.2563812814128754, 0, 0, 1.734365648155618, 0, 1.493941431752805, 1.7631698226087091, 0, 1.910106488243742, 4.774053543441561, 1.7676316278077553, 1.6006436683326823, 1.770455536595718, 2.526410393367541, 0, 1.2704945310997853, 1.4291937308694962, 0, 1.7281909355934821, 0, 0, 0, 1.7643947719081545, 3.5964378736048057, 0, 2.556561825898387, 3.1391840180741055, 0, 2.427510957011309, 0, 1.537006672711421, 1.215939644018311, 1.3764690460379376, 1.7171594821194989, 1.6819735868003718, 0, 2.1481920467408036, 1.7246824734380648, 1.4238271142569827, 1.6467938326134448, 2.2099221026300415, 0, 5.658260707673918, 1.5753956646634446, 1.9110734675583505, 1.974372764033089, 0, 0, 1.7609906101288235, 2.241937060697542, 1.745288824109355, 1.8892222119862556, 1.6098019459015867, 0, 2.113976890408926, 1.7015448552191756, 1.5963572223326528, 2.2258086927274428, 2.4766990691372692, 1.4765533702411593, 0, 0, 0, 0, 1.3189657119388027, 1.2115963055972143, 2.0082153160913085, 2.129474379953429, 1.2714110977904636, 1.588487233388317, 1.2133646639338334, 0, 0, 0, 0, 2.02327341798922, 0, 0, 0, 1.9131307792554975, 1.4699577406053592, 0
9.48604906577119, 5.858153300669387, 4.539247823045874, 5.634925582607862, 2.440812234095595, 5.108180320277959, 3.0959532618227605, 0, 2.616497830823395, 4.984527647301629, 5.156112989090494, 5.941839781475735, 3.929260026038689, 8.04950852872086, 5.126427402821534, 0, 4.6547484684357405, 4.386703277041436, 0, 0, 0, 4.390689569284858, 6.098593029623638, 5.300685587534265, 0, 7.6414963089043475, 0, 7.229750828845576, 4.648864056790564, 5.107705053340467, 0, 0, 4.780969521225403, 4.395438869494362, 2.2723432189342976, 0, 6.299619687311074, 0, 1.8507103533770057, 0, 4.2509882910198975, 0, 5.5734091480875225, 0, 0, 0, 5.6032207767077065, 0, 6.017920121946565, 0, 4.247806691558497, 6.332873452772795, 2.8702338800319582, 6.702535023687122, 4.2454713784960925, 2.574657085286658, 4.68574473891287, 6.114626487743363, 0, 1.764565960394585, 3.4392396483140955, 5.743050498744179, 0, 4.7190913222333055, 5.0363665876254, 3.4153953116670857, 2.30500926123249, 5.750000514611809, 6.1362865180530095, 5.368342206253499, 5.839654490799985, 5.338124469034185, 6.2763184795670455, 5.846828500092416, 0, 0, 2.5559409729748155, 2.694324598180047, 2.749965123669004, 4.7249846565279485, 5.93407323715836, 0, 4.2705859905791, 3.8778026456699783, 5.565151363895661, 5.489167491309697, 8.124391470981223, 3.608282273260889, 0, 4.839508900022784, 0, 5.531974230420176, 0, 4.860377189748001, 4.268598297527681, 4.502693263715378, 0, 4.371220291642822, 5.154190141521542, 4.653859601060002, 0, 3.9633311251989607, 4.370035980391274, 0, 4.66132225770821, 0, 5.252392672900285, 4.48034611810229, 0, 3.1916268320661376, 5.377463210716189, 4.853119610261399, 1.641931219238352, 0, 0, 5.6787473364445455, 6.077066239830182, 5.757585363389623, 4.842228748517359, 4.867304986050769, 5.448944241830127, 4.092794798751047, 5.814105026874908, 4.617041770594232, 0, 0
6.437909827930869, 0, 1.669988402598898, 2.6620566352914525, 1.9888905393483594, 2.1759115008572967, 2.176358687197758, 1.7258391437885405, 1.5672536801312686, 1.8536321483048868, 0, 0, 1.5042891920397208, 0, 2.116960691072882, 5.15917895839298, 0, 1.550599218273069, 1.5904795354112142, 1.2801069908703688, 1.6546735612187675, 0, 0, 0, 0, 4.290212521677733, 1.5318156575531447, 0, 2.015824851090306, 0, 1.6702945897689137, 1.6551043055141965, 0, 2.1348009976560616, 1.7464417045537588, 1.4406371492779233, 0, 0, 1.4819989813673062, 1.560633270244143, 1.7221055675330896, 1.7130071948331511, 0, 0, 1.2884098452894581, 0, 0, 1.865160630254246, 1.9365856403449566, 1.5175121395412616, 0, 0, 2.2704193166301225, 0, 1.658858078923013, 1.6822487769550376, 0, 0, 1.9143741532767045, 1.3597385471458507, 1.3452328800751006, 2.335595353105193, 1.5471365117904297, 1.7273369377548502, 2.8219461747527994, 1.4251506217355527, 1.466019676869886, 2.75355029974683, 2.4810110739909317, 2.377819716206973, 2.903743086405404, 0, 2.042239104209388, 2.2377893426929214, 1.6315124305413233, 1.320423901736122, 1.606434896072219, 2.008743237918025, 1.779642023728358, 1.9195120210806642, 2.201036502135961, 2.0190268126086295, 1.6937333728748263, 0, 2.026966794723438, 3.147797775890168, 5.759350713170785, 1.547953578206563, 1.5466479627735488, 1.7651616291688565, 1.3074780506535966, 2.0706875286367046, 1.4666893756906656, 0, 1.6768588224643592, 1.8401204248346907, 1.6014575432468146, 1.8534557789311876, 1.9704530132005391, 0, 1.7838289521274924, 1.8983421697059082, 2.174159132714855, 0, 1.8379230824814161, 1.7172745102952391, 1.9041856976095461, 1.8299150393932184, 1.1800311252901692, 1.1507263487157529, 0, 1.8807850703219973, 0, 1.728276151300232, 1.8153569461605057, 0, 2.3424086404447007, 3.2566678507552242, 1.9033970706342962, 1.9070327611291527, 0, 1.8876803757433689, 2.136558182376696, 1.658673369107111, 1.3679430335943787, 0
7.634191093250602, 2.315391671332252, 1.9604380093874503, 0, 1.420798125710213, 0, 1.8484346256784445, 1.4020927390784756, 0, 1.9102310582207922, 0, 0, 1.4695664789009144, 0, 0, 4.918670255941752, 0, 0, 1.398041211545335, 1.2416957831833257, 1.6552693077346896, 0, 2.1554135274593778, 0, 1.1098343108984023, 4.95614259688786, 1.6094028273283953, 0, 1.3907787996421388, 2.013128821898567, 1.8015564280590033, 1.261803900906577, 1.5631389947453926, 0, 1.5863929949555633, 1.5294606791541294, 0, 0, 1.3648913277946721, 0, 0, 0, 0, 1.8232772143869056, 1.276399351488008, 2.2881686855439116, 0, 0, 0, 1.502532389978975, 0, 2.9294987737641507, 0, 0, 0, 1.531869585267252, 0, 0, 0, 1.2156297278226131, 1.4992597007101234, 2.0949206696367475, 0, 1.7663113880869672, 0, 1.3143199945714805, 1.402946458545208, 0, 0, 0, 2.6000246919834447, 0, 0, 0, 1.7980782606459798, 1.2366562503008616, 1.6328138352990709, 0, 1.6565976989152889, 1.7587703955055187, 0, 1.496874144046822, 0, 0, 0, 0, 5.249711236135978, 1.5582766829699473, 0, 1.751904459823977, 0, 0, 1.7001537823521895, 1.9426658927233131, 1.6391693894254455, 1.8310838436389354, 1.5972754917425196, 0, 0, 0, 1.5959402257914845, 2.2808897404486332, 1.8188847823338359, 0, 1.6339264251623498, 1.8671500748957846, 1.9314626681548532, 1.7778712469443652, 0, 1.4396755699756878, 0, 1.598695888727118, 0, 1.3540922022576216, 1.4782038092232856, 0, 0, 0, 0, 0, 0, 1.4896982123795246, 2.0923525710434028, 1.6151969760317415, 0, 0
4.973101842187302, 0, 0, 0, 0, 0, 0, 0.9546701570212655, 0, 1.8874838767180602, 0, 0, 0, 3.595971991596765, 0, 0, 0, 1.375365802777496, 0, 0, 0, 0, 0, 0, 0, 0, 0, 0, 0, 0, 0, 0, 0, 1.1215773861779155, 0, 0, 1.2113434112580446, 0, 0, 0, 0, 0, 0, 0, 0, 0, 0, 0.9674033587542902, 0, 0, 0, 1.486812999979059, 0, 0, 0, 0, 0, 1.6995491288114275, 0, 0, 0, 2.0267262265674, 1.0443798098213641, 0, 1.9129409057324047, 0, 0, 2.363285715516709, 1.911892836308694, 1.7917423177190392, 0, 0, 2.0326526691729265, 0, 0, 0, 0, 0, 0, 1.670579293652794, 1.46465028427783, 0, 1.264868215374161, 0, 0, 0, 0, 0.9897079560016603, 1.7054798309458343, 1.1431667321650105, 0, 1.8656173432983956, 0, 0, 1.2184051727409513, 0, 0, 0, 1.0809125377887852, 0, 0, 0, 0, 1.2873935626124169, 1.5591707089278195, 0, 0, 0, 0, 0, 1.3809791856815434, 1.3881464452985952, 0, 0, 0, 0, 1.8022526233561682, 0, 0, 0, 1.666420518458692, 1.394460648324935, 0, 0, 0, 0
5.448461278238032, 2.031369648531545, 1.4783058048571822, 1.8923551639746645, 0.8224855505877116, 0, 0, 0, 0, 1.7167899817410024, 1.801279716198611, 1.577015691759759, 0, 2.741961119728691, 1.1931733565620186, 2.4153922291979404, 1.6540378391482609, 1.7990627625695275, 0, 0, 0, 0, 0, 1.5588504037197035, 0, 0, 0, 0, 0, 0, 0, 0, 0, 0.8565831199897056, 0, 0.8697473709700249, 1.0525780000348786, 0, 0, 0, 0, 0, 0, 0, 0, 0, 0, 0, 1.520293402335656, 1.1896525847216481, 0.9198485377624995, 1.1560236771098014, 0, 2.0990102172647576, 1.1814620613607791, 0, 1.3349043755467296, 1.5248926231867688, 1.4572353790653447, 0.4467184328459735, 0, 0, 0, 0, 1.8920667968640668, 0, 0, 2.6497726702405857, 1.7575172440083098, 2.0136866527241892, 0, 0, 2.2750761922425964, 2.09693690043756, 0, 0.573225613658692, 0, 0, 0, 1.7831997372392685, 0, 0, 1.0837299596557026, 1.1292698199484725, 1.162711866165893, 1.59107906627757, 0, 0, 1.4289470084874074, 0, 0, 1.9214981166301865, 0, 0, 0, 0, 0, 0, 0, 0, 0, 0, 0, 0, 1.3246735703850128, 0, 1.4921253387538578, 0, 0, 0, 0, 0, 0.56499810490471, 0, 0, 2.2304991024965797, 1.6900663867311028, 1.5679936250542341, 0, 1.493753496090585, 0, 0, 1.365905436317311, 0, 0, 1.5977419859241981
7.22971384659421, 0, 0, 0, 0.8852351899481761, 1.568874121528084, 1.3426361253773669, 1.1211444129602628, 1.247424546075131, 0, 0, 0, 0, 0, 0, 4.6074791405266255, 0, 0, 1.2606268207126194, 1.4304677977006601, 0, 0, 2.3516243168718827, 0, 1.0399058085940354, 4.831462701697884, 1.1779883362431558, 0, 1.371954433378555, 1.623708797707382, 0, 1.2795356527045165, 1.2404059278592816, 0, 0, 1.4976813199250998, 0, 1.4250189898176044, 0, 0, 0, 0, 0, 1.165934662335599, 1.3445460833868392, 0, 0, 1.1724420371213216, 1.6878921306882975, 0, 1.2965837921783905, 2.6932524530856714, 1.7404647941290743, 4.237101458164059, 0, 1.6971486108587102, 1.8878063708133743, 1.9585626195170114, 0, 0, 1.8824742224025903, 1.2493644674806417, 1.4498290325662937, 0, 1.942291784681568, 0, 1.4434026818061962, 2.762431599898358, 0, 0, 0, 0, 2.633487618050781, 0, 0, 1.2517996406076422, 1.49756894698689, 1.5836764657904663, 1.3114504053041884, 2.2614140797769875, 1.6183713795625003, 1.3085906887286043, 0, 0, 0, 0, 3.830839047903876, 1.9037407290997197, 1.9929823326557181, 1.3170006538460772, 1.1582449179517689, 2.635443258895941, 1.8027721474702785, 1.6896075193919495, 1.9905654233487053, 2.207363431846297, 1.3816037297232735, 1.596143618712132, 1.5758801413784376, 1.0229307790946183, 1.6514546421981342, 2.056585105857898, 0, 0, 0, 1.661346675929275, 0, 1.8134505449022131, 1.3835274488733897, 1.1764108454224917, 1.6509476878053715, 1.2657174760503374, 0.8449016027622558, 0, 1.548864948967709, 0, 0, 0, 0, 0, 0, 0, 0, 0, 1.0916486819273539, 0
5.322516624499957, 0, 0, 1.8810766567386825, 1.4886942033105304, 2.1832276858000714, 2.1053784933743236, 1.5074656037561183, 1.4394109081008537, 0, 0, 1.5556971253411274, 1.563874724577108, 0, 0, 4.299164270276848, 0, 1.4395385506189171, 1.6409492064283182, 1.6329944709349684, 1.3747070987908916, 0, 0, 0, 0, 0, 1.6399219368656697, 2.5777020104133825, 1.4405259068087894, 1.49180105936756, 1.7883500424227663, 1.316020751160513, 1.6563776941233948, 1.8675831741707138, 1.6080682238875308, 1.6719429046509162, 1.7820798424757167, 1.2582683407972384, 1.4093979568575934, 1.451190825591147, 0, 1.3388605199577732, 0, 1.237381689959139, 1.3344112379017217, 1.7111307659735064, 1.5991717837439825, 1.5709277201507128, 0, 1.2826963017168718, 1.527615172226896, 0, 1.9529814343490712, 0, 1.1808195581984509, 1.5135743300389213, 0, 0, 1.5716356013696924, 1.113827848205212, 1.6921593506665975, 2.215212305091927, 1.7680547558772979, 2.0780297541181625, 1.5927711216916676, 0, 1.6301095117903066, 0, 2.1539467898702402, 0, 2.117901753581851, 0, 1.5915484903319408, 1.618849161705743, 1.7041596489296953, 1.1605762233898302, 1.6226813798969908, 1.8560626516541223, 1.6808345910352789, 1.2870599232466269, 2.3520176747683097, 1.3117565209520503, 1.17618680906718, 1.09228969859361, 0, 0, 4.710597718552227, 1.346733139506209, 1.144048427306134, 1.6806445243171666, 0, 0, 1.4958063785633782, 1.5377542249036966, 1.6111480289560505, 1.5887254813431704, 1.2709081848415111, 1.4433816985108918, 1.6032256016826254, 1.5237989046229554, 1.6389399807361444, 1.489121731273281, 1.5644442693392422, 0, 1.3607378210639764, 1.7475966000861447, 0, 1.8735531829857017, 1.194820975161317, 1.5287398183731098, 1.649050436280878, 1.570187516262382, 1.0521930589403337, 1.368907532602455, 1.4834050430939414, 0, 1.8402387386125545, 0, 1.7311368873256838, 0, 0, 1.6181042507539087, 0, 1.975671445667744, 0, 0
7.692963983498718, 0, 0, 0, 1.7593249801106083, 2.9909401117622045, 0, 1.4451449555414972, 0, 0, 0, 0, 0, 6.048168410982409, 0, 6.7883039573261374, 0, 0, 0, 1.7002079466105897, 0, 0, 0, 0, 0, 6.181254367882675, 1.963765120847853, 5.637569201493308, 0, 0, 1.728895328030554, 1.7481108690460467, 0, 0, 1.6315053224446607, 0, 4.592641436565176, 0, 1.424801403845464, 1.9367534277533214, 0, 1.6001771828054956, 0, 0, 0, 0, 0, 2.117195098648997, 3.9019628738238947, 2.0724647210266736, 0, 0, 2.7170779138299666, 5.337116419114, 0, 2.1137756052241725, 0, 4.398996609379107, 2.334026059419157, 1.3996902523435033, 2.438819899518381, 0, 2.6550787102606983, 0, 0, 0, 1.9412528083075307, 0, 0, 0, 3.643224484392527, 0, 4.039141529182074, 3.0696725084417222, 1.824300257203087, 1.7720370574029944, 2.2421920062366234, 2.503460116602047, 2.442485459797473, 2.5666385277720716, 3.212616201508766, 1.902887423379617, 2.0258973114408443, 0, 3.741325985125909, 0, 7.20726419543768, 0, 1.8287552244908487, 2.423857648235846, 0, 0, 1.9725590856165107, 0, 2.131393235455973, 2.4516562605865264, 0, 0, 2.3432500239777285, 0, 2.159165331475224, 2.080219623962464, 2.2484499954137576, 2.013611392242738, 2.197651232626524, 0, 0, 0, 0, 0, 2.6485021614925923, 0, 1.5490826816217103, 0, 1.8841860737817986, 0, 0, 3.7383092894787273, 0, 0, 3.847812776306215, 1.995720170003115, 3.926083712036779, 0, 1.502399787033525, 0
7.55703686099627, 0, 1.8738514058438434, 2.03978104116579, 1.7144934211647807, 2.463997685876393, 2.0263462940897585, 1.4995542065114615, 1.7123761408682192, 0, 0, 0, 1.441657841736276, 4.606096311940178, 2.0913448307144855, 5.44169377735608, 0, 1.6401869276087062, 1.6566723479102832, 1.3577165280326255, 0, 1.6264842915048654, 0, 0, 0, 3.9922378291248455, 1.7821196605308933, 0, 1.5501442231451088, 1.914029214511342, 1.8352698051682692, 1.5531799480473827, 1.8780266214243564, 2.507104272277013, 1.7668998326919911, 1.8545117495787673, 0, 0, 1.4766600706437312, 1.29244528628248, 1.78664926705935, 1.3596431484139582, 0, 1.981283651984082, 1.4653128349211864, 0, 0, 1.7275215201019836, 0, 0, 1.6067791855603115, 3.1807066029889643, 2.341186447167955, 0, 1.792581342591635, 1.7027891886347128, 1.8670884373350412, 3.551751626183687, 1.6652559950809511, 1.4634110820435822, 1.93481007936844, 2.308856785473063, 1.749201464142009, 1.5135812938990785, 0, 1.5793327340685475, 1.778596240938346, 0, 0, 2.2981051314635312, 2.716840630133359, 0, 0, 2.5609263515064633, 2.1693020122068667, 1.5136342958466025, 1.7484668035859992, 1.9041485151414728, 2.1281249832138873, 1.815269028712124, 0, 1.6328724173748637, 1.7290709441849395, 1.3158749473260285, 2.1257674564079285, 2.146563718505871, 5.598219288703376, 1.7032235318692628, 1.8304449014393285, 1.7456149496068312, 1.2683747194165038, 0, 1.765248416375813, 0, 2.1673837840763026, 1.9353407744147895, 1.5221912883715483, 0, 1.749355016207672, 2.2393665791053414, 2.0134026331635324, 2.1022754843740863, 1.8025708619347656, 1.5427431352934358, 2.096564091896243, 2.038934607652327, 2.0666297262428626, 1.971851614961425, 1.4503629048982065, 1.300461382236328, 0, 1.950272298401575, 0, 1.6067438584694174, 1.8453409457728611, 2.667802927813985, 2.2825613688299193, 0, 0, 1.8942141003254216, 2.18625801760312, 2.009323744076595, 0, 1.7550635146695568, 0, 0
2.940133937612037, 1.2860619236829285, 0, 1.1966591314168367, 0, 1.0563569411480598, 0, 0, 0, 1.3066501382458766, 1.2444747738059587, 1.1845819830090978, 0, 1.7755914664224957, 0, 1.581046891627527, 1.1644363518317675, 0, 0, 0, 0, 0, 0, 1.1510427516514992, 0, 1.6764196131695033, 0, 1.929862543651808, 0, 0, 0, 0, 0, 0, 0, 0, 1.195660070098133, 0, 0.7044096095717721, 0.8057147917735593, 0, 0, 0, 1.1042871602919273, 0, 0, 0, 0, 1.2858436125406543, 0, 0, 1.16203931962772, 0, 1.929284031019672, 0, 0, 1.1723400317387784, 1.4062470112009278, 1.2713674296592958, 0.6929889641032994, 0, 0, 0, 0, 1.3615029794629518, 0, 0, 1.4177702182428544, 1.2498966595489762, 1.2986656894239852, 1.4035220101104702, 1.1881777024435316, 1.2259574747340631, 0, 0, 0, 0, 0, 0, 1.1585967153737478, 0, 0.8914113747002571, 0.975765965619212, 0.9893663705590111, 1.1393296867779021, 0, 1.5737435083741895, 0, 1.0542012262167009, 0, 0, 1.1619730797653018, 0.8654887771566167, 1.091350434897601, 0, 0.8617922443618169, 0, 0, 0, 0, 0, 0, 0, 0, 0, 0, 1.1427294484178818, 0.9442425943185002, 0.4284542338404509, 0, 0, 0.9872317283001407, 0.6076801749557987, 0, 0, 1.652114824493888, 1.25455298571834, 1.3643113748561793, 0, 1.1962253648492671, 0, 1.0898493645515734, 1.1309964015368223, 1.1641142528067876, 0, 1.046702989137277
8.28896433470291, 5.78379871319122, 0, 5.472783977511088, 0, 5.460267272228579, 2.987264157404988, 2.223455470749755, 2.523529648196368, 5.341157753146276, 6.6084373772218195, 6.259685257362641, 0, 7.682441158314758, 5.461853317020945, 7.35696278604342, 0, 5.393756185062523, 0, 2.3733992159852324, 0, 3.4712689754091755, 5.602193880429329, 4.097567797089665, 0, 0, 0, 7.24645155874488, 0, 4.99238324334532, 0, 0, 0, 0, 0, 0, 5.881709505029778, 0, 2.168201091214927, 2.77294026255801, 0, 0, 6.29207057079908, 4.675448458330636, 2.5636334180596982, 5.355193254663533, 5.621874032067803, 0, 5.070748439130758, 3.137598607605233, 3.9219103727901152, 6.3612833871869245, 0, 7.398426446105962, 4.278713578659133, 0, 0, 5.651887260090302, 5.201486482239428, 1.5497152875961073, 0, 6.163458359038394, 0, 3.405803638715069, 6.357691560559645, 0, 2.635206946109933, 7.051517720254294, 6.087710781521276, 6.538316947315123, 6.783281671785981, 6.248029047038119, 6.30750144221385, 6.432213342173688, 0, 2.1361773164146727, 0, 3.1096733459093406, 0, 4.627549959843929, 5.0126990771304225, 0, 0, 0, 5.826736654913782, 5.230578701491869, 7.353767957606805, 3.4793686477705257, 4.002426985833614, 0, 2.228261117546481, 6.238490108118954, 2.5060189397548305, 5.393727083726819, 3.8896576072334073, 0, 0, 0, 3.1354257891942288, 0, 0, 3.100422787746866, 5.134412709276416, 0, 0, 3.3402498501004123, 5.590872311536898, 4.937756213982189, 2.709401052443025, 0, 5.207154786982661, 5.069339085316898, 1.8350274991585054, 4.48933627652869, 0, 7.184538234378188, 6.530546910282411, 4.828459828464384, 5.7625881050444425, 5.483036443620199, 5.8077181918924214, 0, 6.0339392567769945, 5.162112393267853, 0, 5.608057470916206
7.03197764843536, 0, 0, 1.7853517694631416, 1.091201576207336, 0, 1.365445869153099, 1.0678976407693312, 1.2566674589736717, 2.14013397067159, 1.9623449299915863, 0, 1.416636390879264, 4.68677184061672, 1.6264686109176767, 0, 1.4880950903096382, 1.3628027989688851, 0, 1.1788366780437654, 1.5238446354009336, 1.4411038521695851, 0, 1.8176217511539228, 0, 0, 0, 2.665208659086799, 1.3363799770243965, 1.465304181482506, 1.2492385349232307, 1.2913853913304811, 0, 1.2563106693699673, 1.2187220721223193, 1.3700711387555087, 1.71475045937279, 1.387110494500963, 1.0416833594550583, 0, -0.05073936780708425, 0, 0, 0, 1.0544036383218531, 0, 0, 0, 1.8988241016359577, 1.5582100867653936, 1.2475719714333249, 0, 0, 2.903269680887123, 1.352198783766853, 1.3205602926567255, 1.7049496997622302, 1.7575234018355979, 0, 0, 1.3438359732305227, 1.6350099569098218, 1.232734690225705, 0, 1.910676302597102, 0, 0, 2.1676214230784447, 0, 0, 0, 1.5846228816477386, 2.1599745395163015, 0, 1.0593590876132253, 1.0947555491075671, 1.3895932204000052, 1.32549870113898, 1.3197041586524567, 1.854190490750191, 0, 1.1867130621701873, 1.598352243443566, 1.1935560272108046, 1.5823002280256768, 1.715955869692, 0, 1.4587851318971354, 1.4256163289856565, 1.1526176695414991, 1.193961476678813, 1.7803757433143752, 1.3152108553265802, 1.518972879177395, 1.4082107676848477, 1.3705093054763113, 1.0822306315374701, 1.2507880582276318, 1.4210463695272968, 1.12661100673081, 1.4892997392103902, 1.3388483369332327, 1.4206174646964878, 0, 1.4597202765013855, 1.454572798536347, 0, 1.385034026319627, 0, 1.049416771556117, 1.2653808464208307, 1.614950327909156, 0, 1.1198124308690156, 1.3314944700958364, 2.535692754958047, 1.8719001060060683, 1.6347193007051573, 0, 1.6085674618878765, 1.8348655622210024, 0, 1.6353855829821737, 0, 0, 0
8.373180606384288, 0, 0, 5.1105889281597365, 1.5920371311596824, 0, 2.357674169478342, 1.808719854288374, 0, 0, 0, 4.463718198755787, 0, 6.6355820237907714, 0, 7.911929758781647, 0, 0, 2.2558885592951, 0, 0, 0, 4.554566421102605, 0, 0, 5.874299780309752, 0, 0, 0, 0, 1.8969328533307734, 0, 0, 0, 1.8892983604471798, 2.747303484452995, 5.423517072642457, 0, 1.8051042309536147, 0, 2.5459931168323453, 1.6097282054583115, 5.41731848016948, 0, 0, 0, 5.047769790466836, 0, 4.791502151945709, 0, 0, 5.125837277536189, 3.2645235600605225, 5.975777463058043, 0, 0, 0, 4.737245136476334, 0, 0, 0, 5.399782871629007, 0, 0, 0, 0, 1.9224598606722603, 5.550544441665264, 4.76032790953644, 0, 4.993844691604811, 4.972611189987188, 4.686595723252378, 4.756341335530731, 2.3321117358733314, 1.5470731603899595, 0, 3.0331602996090967, 0, 3.665830389260711, 0, 0, 0, 0, 0, 0, 6.696083410329443, 0, 0, 0, 1.6308876693110517, 4.184527706016893, 2.1280248639573727, 3.2386129559531156, 0, 0, 0, 0, 0, 0, 0, 2.1953801738590206, 3.8841958575876654, 0, 0, 0, 0, 0, 0, 0, 0, 0, 0, 2.162934206498139, 1.944838591935225, 5.468738529820959, 0, 0, 0, 0, 4.9355730640824875, 0, 0, 0, 0, 0
5.523838565541955, 0, 0, 1.7250238118017491, 0, 0, 1.3527768845196229, 1.178842673459873, 1.0544993396311833, 0, 2.0504744882525436, 0, 0, 0, 0, 0, 2.2456458597976394, 1.3278243599065087, 0, 1.1454808689043248, 0, 0, 0, 1.8548890999018275, 0, 0, 0, 0, 0, 0, 0, 1.239454962513701, 1.3371237956480286, 1.4927918433957945, 1.1764709214147493, 1.144091027940778, 1.8117941672636015, 1.3276196191660208, 0, 1.400260809449389, 0, 0, 0, 0, 1.0051078716670485, 1.3406667578932807, 0, 1.152751711198767, 1.9190719427369516, 1.3290479138490712, 1.257738031800883, 1.7848497258413574, 0, 3.1941314075380434, 1.4424612693193994, 1.2198384667661644, 1.672734769100423, 1.839322892493277, 1.4263455912357643, 0, 1.4517949329960353, 0, 0, 1.3029454574987644, 0, 1.1193939113349312, 0, 0, 2.0483968060218474, 0, 0, 0, 2.7023436913804892, 1.8753757203509671, 0.9465442935116664, 1.0977069179584256, 1.2677878720160163, 0, 1.1105220178729323, 1.9755910797763023, 1.3376467474569134, 1.2659528745598165, 1.5008182591952077, 1.4421104577475556, 0, 0, 0, 1.411572147020669, 1.5768204376555164, 1.324037903284727, 1.1615746186559845, 0, 1.421899549384016, 0, 1.3696144214884396, 1.3437100226265946, 1.2029745314396234, 1.3109172864107312, 0, 0, 1.4396339717075524, 1.418007842565208, 1.4058204248162496, 0, 1.4222847598264128, 1.2583473374832757, 0, 1.5524155405067785, 1.0787249782172816, 0, 1.686016436960099, 1.3895283380755163, 0, 0, 0, 0, 0, 1.6455415834816491, 0, 1.6758901207480739, 0, 0, 0, 0, 1.2072879646496568, 0
8.723014141742059, 0, 0, 0, 0, 0, 0, 0, 0, 0, 0, 0, 0, 6.158856560471818, 0, 0, 0, 1.9246661824890874, 0, 0, 0, 0, 0, 0, 0, 5.133197632574125, 0, 3.6320828316275793, 0, 0, 0, 0, 0, 0, 0, 0, 1.9534707157540814, 0, 0, 0, 0, 0, 0, 1.659592259330243, 0, 1.6523527136612224, 0, 0, 0, 0, 0, 0, 0, 0, 0, 0, 1.8099593063072914, 0, 0, 0, 0, 0, 0, 0, 0, 0, 0, 0, 0, 0, 0, 0, 3.1304389636015526, 0, 0, 0, 0, 0, 0, 0, 0, 0, 1.4186227848820843, 0, 0, 2.1732844488509557, 0, 0, 0, 0, 0, 2.2321899723476837, 0, 0, 1.2685031256293695, 0, 0, 0, 0, 0, 0, 0, 0, 0, 0, 0, 0, 0, 0, 0, 0, 0, 0, 0, 0, 0, 0, 0, 0, 0, 0, 0, 2.097739885765929, 0, 0, 0
6.011559055380374, 1.715045228020551, 1.41633416587735, 1.6860818433078484, 1.047608046641145, 0, 0, 0, 0, 1.7444680777430708, 1.722731616177925, 1.8245996668442357, 1.2405744664592875, 0, 1.3795528446768583, 3.8255712519743916, 0, 1.7176518093384467, 0, 0, 1.221895278316152, 1.5017176800731582, 0, 0, 0, 0, 1.0145223985967395, 0, 0, 1.274478171959968, 0, 0, 0, 0, 0.982807686751625, 0, 1.5501542748007935, 0, 0, 0, 0, 0, 0, 1.367386939632761, 0, 1.1208273299171811, 0, 0, 1.7810288219332635, 1.2621196599954791, 0, 1.79305200129247, 0, 2.395964378075887, 1.3852000475770128, 0, 1.428666057900042, 1.4967563329813094, 0, 0, 0, 0, 1.0968976916454891, 0, 1.5480502804109777, 0, 1.0959838595048303, 1.9352197820358068, 1.7498131910381416, 1.6322099617918597, 0, 0, 1.6064702840188114, 1.894477001061328, 0, 0.9727444664617673, 0, 0, 1.0200357630705599, 1.445868895511097, 1.1904086014693924, 0, 1.136863139189797, 1.1167846792849903, 1.4236939854594393, 1.5033874604541904, 0, 1.0869124678674764, 1.4998456670393214, 0, 0, 1.4921393814365786, 1.020620999354167, 0, 1.269338376140151, 1.1411044377335544, 1.253279920701586, 1.016621217624569, 1.0072048458338623, 0, 1.0941342907053133, 1.3318913416647535, 1.3776581063868911, 0, 1.4407324781821564, 1.0622927413638763, 1.411888020841137, 1.1181918473425156, 0, 0, 1.247661136316686, 1.2004305483626752, 0, 0, 0, 0, 1.6671419958569018, 1.4397401828061367, 1.5047343213255209, 1.484011783037725, 0, 0, 1.4763244214822349, 0, 0, 0
5.4587375450388995, 1.7344536462795055, 0, 0, 0, 0, 0, 0, 0, 1.5683929397021645, 0, 0, 0, 0, 0, 0, 0, 1.3188798693538282, 0, 0, 0, 1.2912393637217416, 0, 1.4379571566440321, 0, 0, 0, 2.1636597313423533, 0, 0, 0, 0, 0, 0, 0, 0, 0, 0, 0, 0, 0, 0, 0, 0, 0, 0, 0, 0, 1.4471247797348656, 0, 0, 1.19395465394641, 0.7327584710896459, 1.7286824687558606, 0, 0, 1.44855838484556, 1.4086650075791312, 1.4953253158537683, 0, 0, 0, 0, 0, 1.8378031257873562, 0, 0, 1.9052169300838344, 1.7948528228470515, 1.8385461629168827, 1.6052076411430363, 0, 1.6116025938451846, 1.8674461288971889, 0, 0, 0, 0, 0, 1.6012889439892477, 0, 0, 0, 0, 1.349616770973978, 0, 0, 0.8073113861857996, 0, 0, 0, 1.4974989269683974, 0, 0, 0.8204792649882554, 0, 0, 0, 0, 0, 0.787961991284581, 0, 0, 0, 0, 0, 0, 0, 0, 0, 0, 1.2050678063764517, 0, 0, 0, 0, 0, 0, 0, 0, 0, 0, 0, 0, 0, 0
7.289187043528685, 0, 0, 0, 1.3410631190649898, 0, 1.7255382998295339, 1.2838988496394181, 1.3472787920897775, 0, 2.0842050068977374, 0, 0, 4.83787126082633, 1.7495087001406024, 4.382892868304592, 2.125572177215158, 1.7970808563663936, 1.3933051194690813, 1.6088444461454288, 1.3819577543972743, 1.448902509183514, 2.160634537181838, 1.9095670368730078, 0, 4.989398870245003, 1.2878050615529573, 2.713697824018463, 0, 2.125424490906013, 1.410070986982311, 1.5338694092685874, 0, 2.0362023269580085, 1.4153167773073843, 1.314142508072859, 1.9570098702268186, 1.2612189597984538, 0, 1.769202389449485, 0, 0, 1.7398853642568946, 0, 0, 1.498953589545198, 0, 1.147265749220419, 2.244239657177493, 1.4327603420659527, 0, 2.642929701765783, 1.7208940321383313, 3.6821735858687696, 1.707350102765684, 1.4407644032818059, 1.8693657011688232, 2.704742778502115, 0, 1.0123169794194862, 1.5688175015028558, 0, 1.520270169806953, 1.4703690055333212, 2.4698714356733897, 1.3711897820903796, 1.5396352263966924, 0, 0, 0, 0, 0, 1.8329581010017761, 1.8311867048213541, 1.4881915580008414, 1.3728796937423005, 1.3010408880388267, 1.7085298538364635, 1.7019425470204714, 2.0745095366534754, 0, 0, 1.908292024828212, 1.593123974644783, 1.761101495086011, 1.7014429788686034, 0, 1.49932391271018, 1.4529486282994188, 0, 1.2917960209817922, 1.883293869403419, 1.6306166104268436, 1.6758561561812744, 2.0510864766247896, 1.9635772281082067, 1.3793003418767293, 1.4511597125300475, 1.7117440305513656, 1.2523409075351262, 1.6080526130050585, 1.773097903937559, 1.3422369925560276, 1.419749288397435, 1.7460138692391367, 1.6834875035571533, 1.7746248679398358, 1.9932044804756388, 1.4408027535779995, 0, 1.638287742175991, 1.3153973226737323, 0, 1.4567599556502355, 1.6466557566666216, 0, 0, 0, 0, 1.746386468160006, 2.220645514697967, 1.3075886194116457, 1.9593256836433735, 1.416494195388593, 0, 0
7.102614683949894, 2.538211673023926, 1.7438370324264048, 0, 0, 0, 0, 0, 0, 0, 0, 0, 1.790010692675742, 5.520232154944965, 0, 4.780938129171209, 0, 1.780136354073565, 0, 0, 0, 0, 0, 2.112537467346447, 0, 4.815345893683976, 0, 0, 0, 0, 0, 0.8816507087791078, 0, 0, 0.7597307896329899, 0, 0, 0, 0, 0, 0, 0, 0, 0, 0, 0, 0, 0, 0, 1.2612010465055017, 0, 1.3896860021076114, 0, 0, 0, 1.1302340533690238, 1.6288788058583774, 0, 1.718752810601895, 0, 0, 0, 0, 0, 0, 1.103110424102826, 0, 3.312812326251604, 2.5206149247241822, 2.4642266613578143, 3.2174660088483193, 0, 0, 0, 0, 0, 0, 0, 0, 1.730798044291732, 0, 0, 0, 0, 0, 0, 0, 0.9863105714999175, 0, 0, 0, 0, 0.8631913202972215, 0, 0, 0.8964207781267697, 0, 0, 0, 0, 0, 0, 0, 0, 0, 0, 0, 0, 0, 0, 0, 1.7264964423563394, 0, 0, 0, 3.0906535468398744, 2.783546572532613, 0, 0, 0, 0, 1.787607075078438, 0, 0, 0, 2.0892337502497456
5.654141043864074, 1.8324980413937255, 1.3253661300844075, 0, 0, 0, 0.9060829019038072, 0, 0, 0, 0, 0, 0, 0, 1.282449327989441, 0, 0, 1.648983707425689, 0, 0, 0, 0, 0, 1.507440246744613, 0, 0, 0, 0, 1.0443126764639457, 0, 0, 0, 0, 0, 0, 0, 0, 0, 0, 0, 0, 0, 1.197902980194981, 1.2414014259115158, 0.4570024152834181, 0, 0, 1.005542136870768, 1.55196233255528, 1.1529094999507767, 0, 1.3933809561694703, 0, 1.8515014662249552, 0, 0, 1.5116676153100008, 1.6662976215611414, 0, 0.6045736304032165, 0.8783807336468712, 1.6591917203476465, 1.1034939351091517, 0, 1.5421674017071518, 0, 0, 1.923876937672235, 1.7885106559654491, 0, 1.598902966201563, 0, 1.6894787610096824, 0, 0, 0, 0, 0, 0, 1.6839585830476138, 1.2054160244041876, 0, 1.098258589186156, 1.1390651789611155, 1.5693797025424732, 0, 0, 1.1487801051038717, 0, 0.9670410351961406, 0, 0, 0.969149764349597, 0, 1.0167552239721407, 0.8375292796417695, 0.9750141384334152, 0, 0.9096241022649357, 0, 0.8366702926724627, 0, 0, 1.1484046837874948, 1.3915093635130344, 0.7733419282221353, 0, 0, 0, 0, 0, 1.1556807596940473, 0.5262415342267256, 0, 0.6773729927078372, 0, 0, 0, 0, 0, 0, 0, 1.4306048576412558, 0, 0, 1.4426645085501781
6.065164237301524, 1.9213866815557652, 1.3843135852553898, 1.7799538524116951, 0, 0, 0, 0, 0, 0, 0, 0, 1.5323969456195439, 4.200017975929508, 1.3105814585274522, 3.2878658437205126, 0, 1.545621348267988, 0, 0, 0, 0, 0, 1.5365111363755815, 0, 0, 0, 0, 0, 0, 0, 0, 0, 0, 0, 0, 0, 0, 0, 0, 0, 0, 0, 1.2893442968432158, 0, 0, 0, 0, 1.6944092271780173, 1.2881886037264938, 0, 1.387240596912906, 0, 2.0593858359476567, 0, 0, 1.6974343811294412, 1.7034126547154562, 1.6209434660397863, 0, 0, 0, 0, 0, 1.6718658610353416, 1.1540768298185355, 0, 2.389080647345502, 2.130584450174429, 0, 0, 0, 1.7608754581479684, 1.9745414529217213, 0, 0, 0, 0, 0, 1.592643769413175, 0, 0, 1.0374506088861601, 0, 1.4444095449840033, 0, 0, 0, 1.45603300034815, 0, 0, 1.8181375245697997, 0.8167313437680982, 0, 0, 0, 0, 0, 0, 0, 0, 0, 0, 1.1834201442828927, 0, 0.8128430272783145, 0, 0, 0, 0, 0, 1.346166299900365, 0, 0, 0, 2.077960578246923, 0, 0, 1.648824026036051, 0, 0, 1.5182873581899046, 1.5854001760933771, 0, 0, 1.5877897658599982
6.850548255553263, 0, 2.2371815198501466, 3.0616253805925284, 0, 0, 0, 0, 0, 0, 3.441441098726625, 0, 0, 6.050738504084489, 0, 6.1182903787943825, 2.7187774872034693, 3.1058590796110304, 0, 0, 0, 2.4171811050015672, 4.7479220815774426, 3.0212544236667487, 0, 6.44202502002702, 0, 6.10649660205304, 0, 0, 0, 0, 0, 0, 0, 0, 0, 0, 0, 0, 0, 0, 0, 2.3590635737881214, 0, 0, 0, 0, 2.975600261604777, 0, 0, 0, 0, 4.821999657878529, 2.0273833865316195, 1.3135729738378596, 0, 2.8942069191472313, 2.4302082426658433, 0, 0, 0, 0, 1.871762446710168, 0, 1.5128132411977553, 0, 0, 3.2075773193072665, 3.465499884863217, 3.689463027965739, 3.6214012325505007, 3.6124578359543267, 0, 0, 1.1263396214398789, 0, 0, 0, 2.4561720217650094, 0, 0, 1.678803826027737, 1.992851015153701, 2.462380200775918, 3.3472737955438863, 5.745228320536077, 0, 2.3862327616760135, 0, 1.3561816920183813, 0, 0, 0, 0, 0, 0, 0, 0, 0, 0, 0, 2.8319926980853674, 2.0174828550345483, 2.2229801890041867, 0, 2.8909809958668786, 0, 0, 1.1238006672782965, 0, 0, 0, 0, 0, 4.573681032196103, 0, 0, 3.194858897045119, 2.8435879649581004, 3.176353688657278, 2.5487309472722393, 0, 2.4353736772485592, 1.8081852141005836, 0
7.069791400391582, 0, 1.5409854522946662, 0, 0, 0, 0, 0, 0.8825029862095521, 1.952533262500841, 0, 0, 0, 3.362633215382613, 0, 0, 1.7049350690382967, 1.563163929154164, 0, 0, 0, 1.6524129995766872, 0, 1.7785621632555524, 0, 0, 0, 0, 0, 0, 0, 0, 1.5457324436966795, 1.002973575606232, 0, 0.8742686292706284, 0, 0, 0, 0, 0, 0, 0, 1.2767390045974443, 0, 1.2795090510607372, 0, 1.04063577897754, 1.7769834065460064, 1.352725221928415, 1.17753833322903, 1.638044877636173, 0, 0, 1.2288770179418713, 0, 1.4657441958044197, 1.7195836843463077, 1.6671810590952316, 0, 1.0837019163141928, 2.095613894697252, 0, 1.1303596152416415, 2.2272572079585484, 1.1886887429135304, 0, 2.354737127467416, 2.0038975587263224, 1.9621112245617198, 2.051521464784874, 0, 2.2370835282652948, 2.018636196238255, 0, 0, 0.8682874795546347, 0, 0.8794703653938215, 1.663054584687091, 1.2479302911798882, 1.2320985490718683, 1.1683887520894507, 0, 1.5797332874883967, 0, 0, 1.0438893503854667, 1.4641733748139443, 1.0517481010195646, 0, 1.797320023838451, 0.8731586489601049, 0, 0, 0, 1.1853168265099956, 0, 1.0487051385902453, 0, 0, 0, 0, 0, 0, 0, 0, 0, 0, 0, 1.0591201523250704, 1.4831718480144125, 0, 1.0545007773642345, 0, 0, 1.9064944506925927, 1.7477978901528402, 0, 0, 0, 0, 0, 0, 0, 0
4.818565967638042, 1.3870653251606615, 0, 1.337925811238024, 0.8444008180619087, 0, 0.9885235563359754, 0, 0, 0, 0, 0, 0, 0, 0, 0, 0, 1.2616485556832493, 0, 0, 0, 0, 0, 1.2728616212789465, 0, 0, 0, 0, 0, 0, 0, 0, 0, 1.0141597120431072, 0, 0, 1.3336537671613222, 1.104646801809603, 0, 0, 0, 0, 0, 0, 0, 1.1574497154226204, 0, 0, 1.302536160504196, 0, 1.0812613523095678, 0, 0.9322312884673439, 2.19856617895802, 0, 0, 1.1578320675478875, 0, 0, 0.37839361443457503, 1.002267535916339, 0, 0, 0, 1.2118980494032539, 0, 0, 1.5038708878846336, 0, 0, 0, 0, 1.7675015075956575, 1.6405598190974469, 1.1254866677756894, 0.8767769225930093, 0, 0, 0.9779305462641398, 1.2634293357785216, 1.2142946987756584, 0, 0, 0, 0, 0, 0, 1.145146283790524, 0, 0, 0, 1.322643563973629, 0.9516320366070409, 0, 1.2078271472892708, 0.9601595836615355, 0, 0, 1.1050365392244272, 1.030081030772053, 1.0874183299500921, 1.0909851151566066, 0, 0, 0, 0.9323933162075895, 0, 1.1523661629644684, 0, 0, 1.1233191511749105, 1.1472316976671124, 0, 0, 0, 1.5650292287731644, 0, 0, 0, 0, 0, 0, 0, 0, 0, 0
6.074998181116222, 2.0179095635779443, 1.6589367348381185, 2.4382460513163187, 1.2399330268914575, 1.2522178880927968, 1.2286944111728442, 0, 0, 1.9181910359598027, 2.2046070828168274, 0, 0, 3.3609824408670126, 2.0317107127802214, 0, 2.128789149005712, 1.7521320961937308, 0.9715071626567348, 0, 0, 1.723219647043254, 0, 1.8955682212457952, 0, 0, 1.037096275938429, 2.6533931581371233, 1.2410381797772758, 1.1527343976760858, 0, 0, 1.5333702095121688, 1.0135978795950866, 1.0923784708037605, 0, 1.2427917685302576, 0.9700499828486483, 0, 0, 0, 0, 1.6043576446042502, 0, 0, 0, 0, 0, 1.8124375619237367, 1.3472532482349227, 1.5445616100525008, 1.572012764652099, 0, 2.4142323649170563, 1.2852615312231725, 0.9997427867855236, 1.8777104245132208, 2.0032933493260856, 1.5772927655609648, 0, 1.074583041192118, 0, 0.9959800479443038, 1.3690006826888588, 1.9670548818502196, 1.141386414042341, 1.0173530472215193, 2.681677116747309, 1.9254104350815018, 2.3123967583507783, 2.0467447729391828, 1.9546512193243955, 2.2566260650379117, 2.2591379087641683, 0, 0, 1.0373645011219164, 0, 0, 1.816792751202353, 0, 0, 1.2956477841643173, 0, 1.6179397193941478, 1.6869142024575103, 0, 1.1058442521275726, 1.7121757334608023, 1.1341975445213088, 1.0904797236921793, 2.2473573720020217, 1.2341959399169145, 1.5501486858579432, 1.1930034465524426, 0.9490574602968218, 0, 0.9559761328181978, 0, 0, 0.9285976618461182, 0, 1.3352178081274089, 0, 1.7251713347666136, 0.9808912142731381, 0, 1.0500278700775552, 0, 0, 1.1938663979435535, 1.3542643589358467, 0.5322523605560766, 0, 0.9728281785648815, 2.5413847002050485, 1.6626314563294602, 1.7829216583436864, 1.9686185818022022, 1.7895799448587932, 0, 0, 1.7208895732030478, 1.590367562810597, 0, 1.5738986329810116
7.345927353664395, 1.9131443196315074, 1.428453665334688, 1.5037858393017363, 0, 0, 1.041299989745459, 0, 0, 1.7898297662141673, 2.145965222103648, 0, 1.691061428625617, 0, 0, 4.008720315567562, 1.6398067274944743, 1.3445391124407629, 0, 0, 1.212980948277751, 1.7520412872765665, 1.7693917136978257, 1.8517836986360132, 0, 0, 0, 0, 1.1678143862968484, 1.08591748300103, 0.9403089808142516, 1.020011568330488, 1.1483096724065813, 0.9206789246739803, 0.9755575703740775, 0.9753688610871845, 1.1631963735493118, 1.140659137625849, 0, 0, 0, 0, 1.238352477625213, 1.3493500173413708, 0.8903444497300222, 0, 0, 0, 1.716089905527317, 1.5198941752769364, 1.0317058913912787, 1.4614658110386125, -0.07248133100832228, 2.448731767807079, 1.2941543009562606, 0.9293414336264408, 1.6319404736533796, 1.8387816282921146, 1.417969996006244, 0, 1.061372923384333, 1.7809458027386205, 0, 1.3238281320065937, 1.8175398566154548, 1.3396492284931896, 0, 2.2777833445513513, 2.4304841575920073, 1.6826000849218605, 2.3322872682343965, 0, 2.757169822637422, 2.505769374165772, -0.08604133159372317, 1.0112837292118404, 0, -0.0997191628804163, -0.13623863324622865, 1.9762981153350239, 0, 1.2573439702162, 1.6334172126440019, 0, 1.1488358922529178, 1.393913735349292, 2.354659875290115, 1.1706179602776583, 1.7503448661484478, 0.943488847869649, 1.2740191944386763, 2.206986934380545, 1.0744707398893838, 1.295263642378366, 0.8507307185699745, 1.0359196856447066, 0, 1.0094041535574478, 0.972410898949087, 0, -0.04949428571687137, 0, 0, 0, 1.2598540914553533, 1.0274874172858022, 0, 0.9477981063340088, 0, 0, 0.9758710092440984, 1.577183951921076, 0, 0, 0, 1.918434476491275, 1.9612531756512182, 1.828779162643475, 0, 1.3956966414006464, 0, 1.3977198778373945, 1.9207959963696295, 1.3623707680150154, 0, 0
5.428577074213824, 0, 0, 0, 1.226684259775465, 0, 1.2246351299500142, 1.1310767577343694, 1.0430402165921744, 0, 1.6677044541929982, 0, 1.2980942198249212, 0, 1.380279780055173, 0, 0, 0, 0, 1.1833979984590832, 0, 0, 0, 1.5958184138431546, 0, 0, 0, 2.376370762412197, 1.2071379135763722, 1.252673380206346, 1.1509792158491274, 1.110858427566713, 0, 1.3156157389518772, 0, 1.4680977957603096, 1.4452636718166507, 1.2702207228741755, 0, 1.3379976764411439, 0, 0, 0, 1.2656687865614842, 0, 1.494803313007691, 0, 0, 1.6261604781263637, 0, 1.1986082698949208, 1.6128915357477214, 0, 2.471793261823927, 1.1856285711692336, -0.04332477566375553, 1.4757718386432077, 0, 0, 0, 1.3501518090931, 0, 1.314766971514, 1.2586665787146334, 1.8161251989520564, 0, 0, 1.8343454264456582, 2.100263311474721, 1.3169543831882393, 0, 0, 1.5105352109269712, 1.7947041667923758, 1.1559189381385575, 0, 1.1861849507183824, 0, 1.172692590495924, 1.5668633563572372, 0, 1.3333696214393518, 1.185067246057227, 0, 1.2092384346765261, 1.2423124634422444, 2.217622990862896, 1.2661089275523427, 0, 1.1389331293323568, 0, 1.2827490416084344, 1.2470155497484605, 1.6128003861684677, 1.3162671737006912, 1.439134717074795, 0, 0, 1.28203092874469, 0, 1.3093925221067582, 0, 1.164467133509461, 0, 0, 1.1944084996359745, 0, 1.3188936131543478, 0, 0, 1.3497134100598525, 1.3986952991885, 0, 1.035485517640072, 1.253827670112624, 1.7080278415978902, 1.406283905715128, 0, 0, 1.2884420314731815, 1.2443030332277774, 0, 0, 0, 0, 0
7.560997883148841, 3.981500778029394, 2.062095042881569, 0, 1.187575896801362, 2.08041895754968, 0, 1.3741981840583737, 1.4909204491121066, 2.7166498498270255, 0, 0, 1.577150983235401, 7.115169551512186, 0, 5.7463287085967325, 2.1877844814581784, 2.232551933576628, 0, 1.4638131675836639, 0, 2.2357094127165036, 0, 0, 1.1917637944546748, 6.099925660761995, 1.473823352139556, 5.012965142131524, 0, 0, 1.5322027890052046, 1.5436161971306277, 0, 2.5375396390951437, 1.5498408520546827, 1.7194222666706733, 2.3963731107487387, 1.7093416561087111, 1.517211762349265, 0, 0, 0, 0, 1.97471063840504, 1.3692651515045562, 0, 0, 1.7166705363327754, 0, 0, 1.850830967620619, 0, 1.8142309272193127, 5.084177429702075, 1.8709609452608953, 1.72324263966401, 2.560000155899201, 2.8258409523525683, 0, 1.1740571144480485, 1.9760667832601224, 0, 1.5717310265376785, 1.7786907677636568, 0, 1.3517080263244678, 0, 0, 0, 0, 0, 0, 0, 0, 1.5353065083261928, 1.761294720540659, 1.7573127939777349, 1.795202091010926, 1.8072876608456248, 2.086237814845288, 0, 0, 1.8292715708522882, 0, 2.2806257277280655, 0, 5.5357060955589645, 1.731519983072514, 1.7413711702838202, 0, 1.5776037151272713, 0, 1.5986769627296509, 0, 2.1090331366554276, 1.8423804126814247, 0, 1.8666578991289546, 1.8559780962435486, 0, 1.503224825013226, 1.809361913234494, 2.028055641379673, 0, 1.8744832105584217, 0, 0, 2.1909266623172026, 1.52195055480603, 0, 0, 0, 1.135302791467376, 0, 1.2533169886097935, 0, 0, 0, 0, 0, 0, 1.8408397999942883, 2.3940829940684853, 0, 0, 0
7.653519329455456, 2.2765953030150095, 1.501129629287522, 0, 0, 0, 0, 0, 0, 1.992033428805427, 2.049737850162399, 2.057145498369882, 1.1873859176439037, 5.692550439148956, 2.114778253326776, 5.342596715486202, 1.603202060600093, 0, 1.1063015129270755, 0, 0, 1.4800990059067773, 0, 1.837469810754757, 0, 4.8342829938817635, 1.166269347804132, 0, 0, 1.579694300682727, 1.1349766676525141, 1.2449354749628039, 0, 1.5580877619147184, 0, 1.1669521873957176, 1.918550966557889, 1.3206392956413955, 1.2324793581325932, 0, 0, 0.9850423588476362, 0, 0, 0, 1.3292621558139315, 0, 0, 2.1200322270895593, 1.3723427578700549, 0, 2.210559747629848, 1.2395195812420348, 4.111532710298475, 1.7526580745208324, 1.2119790023668668, 1.5058165126507452, 2.4237020262609903, 0, 0, 1.025955042031065, 0, 1.2848066951383053, 1.447502270857175, 0, 1.2064447652426555, 1.0811790353408055, 0, 2.896600315378567, 0, 0, 1.8518805000150413, 2.599960594742138, 2.1946131517078014, 0, 1.1022779722241483, 1.083459918641529, 0, 1.065199252694345, 1.8525078913267208, 0, 0, 1.503385825624932, 1.4470239530015314, 1.7904112610345537, 0, 4.946329326673782, 1.0814814404500348, 1.926436713392949, 1.1808035972870565, 1.2336207393254879, 0, 1.0840502568219914, 1.504200708981599, 1.2399271035192505, 1.266669600672841, 1.377284734797986, 1.2389331194205377, 1.575871546246679, 0, 1.288446970836648, 0, 0, 0, 1.5879065469996356, 0, 1.9060651071571217, 0, 1.2134783956784452, 0, 0, 1.5635194757631221, 0, 0, 0, 2.573667308783332, 0, 2.253949148453999, 1.9498473785123123, 1.5305901354768012, 0, 0, 0, 1.747117208195637, 1.1851650780323295, 0
5.228335667668701, 1.8143356900344445, 0, 1.5782684005518457, 0.6183073857366889, 0, 0, 0, 0, 0, 1.9190205221850984, 0, 0, 3.1706710777904354, 1.2722205592920757, 2.428729727949975, 1.5403347128221454, 0, 0, 0, 0, 0, 0, 1.531315605086918, 0, 0, 0, 0, 0, 0, 0, 0, 0, 0.8503455417526449, 0, 0, 1.3647729040190886, 0, 0.6195685154193509, 0, 0, 0.6366797340806444, 1.0899814969075847, 0, 0, 0, 0, 0, 1.6533554024048753, 0, 0.9365049352261361, 1.174178042317184, 0, 2.001534640115501, 1.142167948229424, 0, 1.4987569158963516, 1.7513720454918817, 0, 0.4653705455427189, 0.8234852977856392, 0, 0, 1.0012960542865463, 0, 0, 0, 1.9278571094302017, 1.7549450148346604, 1.5603875366502309, 0, 0, 2.1246107463246813, 1.878037050134846, 0, 0, 0, 0, 0, 1.4562594351693654, 0, 0, 1.1642091510185193, 0, 1.196003506666433, 0, 0, 1.0759366218786297, 1.3821197702114858, 0, 0, 1.7480231266133832, 0.8328101373931652, 0, 0.8629637522206743, 0, 0, 0, 0.9153820519670937, 0, 0.9169603329287864, 0, 0, 0, 1.2640898196072896, 0.8369977584656088, 0, 0.9729259032925659, 0, 0, 1.124609771917575, 1.4918772307734638, 0.42388112848466064, 0, 0, 1.8001502240360965, 1.590190417952007, 0, 0, 0, 0, 0, 0, 0, 0, 0
8.15767804270344, 2.9982765681237553, 0, 2.7445608799515586, 0, 0, 1.17192200772693, 0, 0.9748364686904535, 0, 0, 0, 0, 5.573339449276722, 0, 4.526687927979104, 0, 2.200617241663414, 0, 1.118061998843489, 0, 0, 0, 0, 0, 5.416077739248792, 0, 0, 1.1866029244338858, 0, 0, 1.123977132419417, 0, 1.3503895215317583, 1.1651343495458755, 1.00143509321463, 1.9915835603235263, 1.27212585869727, 0, 1.3461072506727907, 0, 0, 0, 1.5606260027809664, 1.1940879538314064, 0, 0, 0, 1.8734876946840797, 1.346890972047089, 0, 0, 1.2740080032716006, 3.826679658783668, 0, 1.172745184143412, 0, 2.657808673326474, 0, 0, 1.414234551331264, 0, 1.1130540848605757, 1.4447578756580028, 0, 1.2028713850913202, 0, 0, 3.1942346669206, 0, 0, 0, 0, 0, 1.165139015310079, 1.1470673239463762, 0, 0, 1.23156408478627, 2.3074175029392223, 0, 0, 1.5714622639729783, 0, 0, 0, 0, 1.515359659473543, 2.04877879839654, 0, 0, 2.006510959029063, 1.1919161512955057, 0, 1.3649341568582634, 1.3702788868758435, 0, 0, 1.2301622046230791, 1.0717224545877826, 1.1052082259198737, 1.067825144211775, 0, 0, 0, 1.0826635318121396, 0, 0, 1.0440380121904569, 0, 1.519224171860344, 0, 0, 0, 1.0112621752187576, 0, 0, 2.708133546407495, 0, 0, 0, 0, 0, 0, 1.1749104744775496, 0
7.8893165350057615, 0, 0, 2.79170497102936, 0.841443091314146, 0, 1.6761196625300367, 1.3696341757077675, 1.107503235004677, 0, 0, 0, 0, 5.518191656233558, 0, 5.211884977391261, 2.6110762752597574, 1.670173357919804, 1.2789062226782384, 1.3938025272826138, 0, 0, 0, 2.4902868894930545, 1.2965811349018985, 5.476442623464116, 0, 4.818642571270617, 1.4101684550214575, 0, 1.1484534616526092, 1.1339273373500913, 0, 0, 1.282526835502679, 1.225336998249873, 2.7037899365482727, 1.3793109017477923, 1.359053611304423, 1.7075293682651518, 0, 1.2574882965893186, 0, 1.4261185227375925, 1.389967742055453, 0, 0, 1.3723888601890128, 3.2544301193752014, 1.7731271481160864, 0, 4.204783256492122, 1.6022330686727564, 4.978425706795107, 0, 1.724362253451624, 2.104592792827788, 3.486643114633306, 2.209168577383174, 0, 1.8314050783075817, 1.4837886785154526, 0, 1.738519155453282, 2.1550149364479023, 0, 1.498092801673503, 0, 3.7011441673645864, 0, 0, 0, 3.1654411202104966, 0, 0.9282725014341008, 1.68759262150413, 1.2765474890608897, 1.5810984827144965, 1.4986271064542835, 2.6546790096317654, 1.8146101572433944, 0, 2.3356576758339456, 0, 0, 0, 4.824819797916066, 2.1892368400644826, 2.267360042841147, 1.516631601977984, 1.6159570217900927, 2.9434362985907017, 1.1389708062761243, 1.6372926791866116, 1.5491407595677438, 1.572159016343256, 1.4039946651617081, 0, 0, 0, 1.9568932417937492, 1.8432671184827547, 0, 1.3905600172469177, 0, 1.6541532871735736, 0, 0, 1.2316159185208917, 0, 0, 2.008745889197647, 1.3903216135464562, 0, 1.0732195085910334, 0, 0, 3.1368620447447144, 2.764671014616909, 0, 0, 0, 0, 0, 0, 0
6.409750841137438, 0, 1.5388940434293732, 0, 0, 0, 1.2135315233788213, 0, 1.1173334485076662, 0, 0, 0, 0, 4.651756000589049, 0, 3.5911261434326303, 0, 1.518119143337843, 0, 0, 0, 0, 0, 1.6079018842231887, 0, 0, 1.0388102315249865, 0, 1.1256809466697457, 1.522684600838355, 0, 1.0559829981551658, 0, 1.4826428164173824, 0, 1.1757655263842082, 1.750600305168094, 1.0932953008569681, 0, 0, 0, 0, 0, 1.276505258035228, 1.1312239327087965, 1.3127867549142924, 0, 0, 1.836376743601112, 1.21349479059565, 1.1763286117127614, 0, 1.0196616407069732, 2.6689155178851593, 0, 1.0509195169087948, 1.5714702967965681, 1.6920305400108104, 0, 0.6394727102037151, 1.1548067319602051, 1.65762831798341, 1.080120441303821, 1.2731694589810052, 0, 0, 0, 0, 2.604594024669044, 0, 0, 0, 0, 1.8936318029052992, 1.1062818173851967, 0, 1.0524595997942132, 0, 1.1472319557844608, 2.148762513117277, 0, 0, 1.6039048741483637, 1.2239886292167674, 0, 0, 0, 1.0365332755276766, 0, 1.1950545198873006, 0, 0, 1.1211236069449315, 1.2766537647362455, 1.3771889531092683, 1.1750757736247395, 0, 1.2134827570283964, 1.362814747064102, 1.0188512694757197, 1.0757721155475484, 1.0384923278656655, 0, 0, 0, 1.1650736517997289, 0, 1.1830541429280048, 0, 0, 1.249563125872715, 1.4270876765190077, 0.945944180577909, 0, 0.7953160967472496, 0, 0, 0, 0, 0, 1.5593625131497901, 0, 0, 0, 0, 0
6.647291360101994, 0, 0, 0, 1.522025982558506, 2.3295531785386574, 1.7391182234463258, 1.2862342160801727, 0, 0, 0, 3.8255597212197694, 2.6760806382334357, 5.12586442534874, 0, 5.774320183523872, 0, 1.727719141198435, 1.315388456646538, 1.3419930007854406, 1.9611182585035276, 1.7463983511970331, 0, 0, 0, 4.73074532098754, 1.5753602701304281, 5.307293939721164, 1.8346620673417493, 0, 1.3688029607571581, 1.4142664920791248, 1.9104028314341892, 0, 1.3821238059047511, 0, 0, 1.6163070181864703, 1.4613557919115117, 0, 0, 1.2247658521199085, 2.467727614025628, 1.8157250544087273, 1.2418239583038488, 0, 0, 1.717365336183213, 0, 1.5813388301136178, 1.758407904747454, 0, 1.6184395038165675, 0, 0, 1.404627042042766, 0, 0, 2.0787208582475705, 1.2402716700387881, 1.5039336657527385, 2.4996649761018603, 1.4248262536182172, 0, 3.421361357267606, 0, 1.6230789178060467, 2.7322460899814627, 2.4914854484393523, 3.5660894947706105, 0, 3.5088068554434244, 0, 0, 1.3951508077343442, 0, 1.5370429843973605, 0, 1.4516650997475247, 0, 2.6220543607982916, 1.6720188484682643, 1.4292536598209589, 1.4757019079634144, 0, 2.363785596187337, 5.356214124455066, 1.6188173421934644, 0, 1.7380744252064457, 0, 0, 1.6769523353987086, 0, 0, 1.8969388077910365, 0, 0, 0, 0, 1.5975682423779916, 1.654605049695013, 2.0971724847873525, 0, 1.984040747282766, 1.5192192018217832, 0, 0, 1.3265669574321606, 0, 0, 2.121247761112312, 0, 1.4754258827350677, 1.1847123566523998, 0, 0, 3.6036804318299436, 0, 0, 3.738255050516254, 2.923367866758733, 3.4204029184969005, 1.9370562208251039, 0, 0
5.515386579174039, 0, 0, 0, 1.0595816218568777, 1.4476046853722617, 0, 0, 0, 0, 0, 0, 0, 4.275691406356897, 0, 3.0592389092357544, 0, 1.374172374272771, 0, 0, 1.4876769944697494, 0, 0, 1.546648885195597, 0, 0, 0, 0, 1.1465249876162096, 0, 0, 0.9397998484903707, 1.2367745855423862, 0, 0, 0, 0, 0, 0, 0, 0, 0, 0, 0, 0, 0, 1.7774272264242386, 0, 0, 0, 0, 0, 0, 0, 0, 0, 1.3448425959693917, 0, 0, 0.8850796253311038, 0, 2.124982317236529, 0, 1.181209100079108, 1.5622049913298135, -0.06244101287710864, 0, 0, 1.6752698958162935, 1.8395962677709132, 0, 0, 0, 0, 0, 0, 0, 0, 1.0019485156805377, 1.1462798744075908, 0, 1.2377344739184848, 1.1505506613655532, 1.1170698256584397, 0, 1.5740171021088432, 0, 1.0093761015296525, 0, 1.1662185894578998, 0, 1.5156938324402682, 1.0331448953528446, 0, 1.0009117321218084, 0, 0, 0, 0, 1.1805217529259073, 1.0910812016639455, 0, 1.4772017081754274, 0, 0, 1.0665333569205557, 0, 0, 0, 0, 0, 1.318482300570059, 0, 0, 0, 0, 0, 0, 0, 0, 0, 0, 0, 1.5709743802199048, 0, 0
7.726992974961344, 0, 1.778820956006509, 2.27315784717278, 1.3886988863755918, 1.6897640909793097, 0, 0, 1.088771874070147, 0, 0, 0, 0, 5.929202702128408, 0, 4.595332872844888, 0, 0, 0, 0, 0, 0, 0, 1.9111962004756635, 0, 0, 1.304891554121174, 0, 1.3176469535754598, 0, 1.1579210686497743, 1.1351985952984573, 1.675719535104168, 1.2154638390624506, 0.9781951080826771, 0, 0, 1.2356928103196014, 0, 1.1754172457994727, 0, 0, 0, 1.9042453066455627, 1.0524425525642684, 0, 0, 0, 2.1000187566980166, 0, 0, 0, 0, 3.4206207125406207, 1.418998949645229, 1.065422667264688, 1.6972134661766878, 2.0546268070822595, 1.898996908014207, 0, 1.2352848144629438, 2.258038810519251, 1.545794662375961, 1.591558750188621, 0, 0, 0, 3.3021475776030904, 0, 0, 0, 0, 2.584089072960682, 0, 0.9346589668309175, 1.0998212825714637, 0, 0, 0, 1.9380173106671834, 1.775735274198555, 1.2812393272227531, 1.6595131790797206, 1.3294944913357012, 0, 0, 0, 1.2441564127070905, 1.7814870649347312, 0, 1.2259896972461442, 2.30685143674046, 0, 0, 1.240676220634092, 0, 0, 0, 1.1745543703111019, 1.4374440673156028, 0, 0, 0, 1.5353035434769755, 0, 1.2222352878646023, 0, 1.3525059725292308, 0, 0, 0, 1.6420494193754553, 1.043575693308077, 0, 0, 3.049152326486098, 0, 2.087689134981601, 0, 0, 0, 0, 0, 0, 0, 2.348088988869338
7.149624888320306, 0, 0, 4.395650084997597, 0, 0, 0, 0, 0, 4.0179746928749145, 0, 4.6601613756847735, 2.277658432207805, 6.829200541245177, 0, 5.823432099250589, 0, 2.5189822337033134, 0, 1.257494104475618, 0, 0, 3.4607248496374665, 0, 0, 6.270215345856403, 0, 4.706642488969, 0, 0, 0, 0, 0, 0, 0, 0, 4.827188124384493, 0, 0, 0, 0, 0, 0, 0, 0, 0, 0, 0, 0, 0, 0, 0, 0, 0, 0, 0, 0, 0, 0, 0, 0, 0, 0, 0, 3.5928151254564353, 1.5959575072655925, 0, 4.212650240806901, 0, 4.148422092136498, 0, 0, 0, 0, 0, 0, 0, 0, 0, 0, 0, 0, 0, 0, 0, 0, 6.549475181105297, 0, 2.0297137704372754, 0, 0, 0, 0, 0, 0, 0, 0, 0, 0, 0, 0, 0, 0, 2.0969583972684185, 0, 0, 0, 0, 0, 0, 0, 0, 0, 0, 0, 4.993129348741924, 0, 0, 0, 0, 0, 2.247145488105215, 0, 0, 0, 0
7.233941421389633, 2.499005640158728, 1.8304557239885946, 0, 0, 0, 0, 0, 0.8933012519220609, 0, 0, 0, 0, 5.330504433477668, 1.5889786560210248, 0, 2.018536181790202, 2.2908963359315244, 0, 0, 0, 1.748587609493961, 2.2059629836576202, 2.220350035974925, 0, 0, 0, 0, 0, 0, 0, 0, 1.4878484120547912, 1.019367754055034, 0, -0.05235404502721719, 0, 0, 0, 0, 0, 0, 0, 1.3564649777154647, -0.04350979697685718, 0, 0, 0, 1.6942462897399027, 1.2562216094854137, 0, 0, 0, 0, 1.1981195341899051, 0, 1.7437137738407171, 1.882675385990389, 1.7364387537836292, 0, 0.8793435333432681, 0, 0.9162414835444496, 1.2858732752945607, 0, 0, 0, 2.480408650695352, 1.9609009949062683, 0, 2.623313557682913, 0, 2.415661778243796, 2.3440184481790918, 0, 0, 0, -0.10004502320422662, -0.10146770008810257, 1.8669706167997149, 0, 0, 0, 1.2537466426021633, 1.6581027278606606, 1.9748831031574303, 0, 0.8770435966583047, 1.5866298715219185, 0, 1.0226693477542592, 2.557263606985895, -0.03352005446386046, 0, 0, 0, 0, 0.9396790220992798, 0.846842387882305, 0, -0.05735536381882226, 0, 0, 1.3408005205255062, 1.6929765092722893, 0.9330682297425491, 0, 0, -0.04421801583846603, 0, 0, 1.6215430945799774, 0, 0, 0, 2.865590716431916, 0, 2.156759798071231, 0, 0, 0, 1.6478162335317217, 2.1386971741089273, 0, 0, 1.862076059989242
7.512400488085461, 0, 0, 0, 0, 4.844881403932062, 0, 0, 0, 4.601444276609612, 4.788340135315587, 4.931028045671771, 2.7733455116445036, 7.352758699193119, 4.647796214329508, 7.029615668710963, 3.9709921477974066, 0, 0, 0, 0, 3.443115657425266, 4.747482720889014, 0, 0, 6.701742142795095, 0, 5.8765429593428085, 0, 0, 0, 0, 0, 0, 1.9020792694016282, 0, 5.744283586350671, 0, 0, 0, 0, 0, 5.260271150217551, 4.200760821327635, 0, 0, 4.481111486557566, 0, 0, 0, 0, 0, 0, 0, 0, 0, 0, 0, 0, 0, 0, 5.161858524021701, 4.519441389877832, 0, 5.210989546462687, 0, 0, 4.76277342132003, 0, 4.473960202957683, 5.33583766556144, 4.7077200841583915, 0, 0, 0, 0, 0, 0, 0, 0, 4.669526551553742, 0, 2.9610182497423922, 0, 0, 0, 6.4499328534794, 0, 2.664485825216319, 0, 0, 3.452196930947684, 0, 5.183705204256104, 0, 0, 0, 0, 4.737085699998676, 0, 0, 0, 4.089115906837214, 0, 0, 3.2454877000800297, 0, 0, 0, 0, 4.852186166846667, 4.545615523846937, 0, 0, 0, 6.01631179538837, 4.829408173884529, 4.433526237238526, 0, 4.279555327967126, 5.3321489286256725, 3.4528359330062957, 0, 3.305602581380708, 0, 0
6.486024170206534, 2.090484232640487, 1.423450799205056, 1.8039420499084924, 1.5472734950804556, 2.1148324545049135, 1.5885657316918096, 1.1026726249945866, 1.443436654991354, 0, 2.12189804976985, 0, 1.3903526109150088, 0, 1.7980526571838384, 4.378573963858424, 0, 1.7920625178097898, 0, 1.373297208697618, 1.6518523328465466, 0, 0, 1.6044397616660175, 0, 0, 1.7406974179796224, 3.152717893368725, 1.5007608909222092, 0, 1.5086313620034983, 1.3718058628934455, 0, 1.9242003806088146, 1.4943401568490944, 1.2334441311259772, 1.7060472652320144, 0, 1.2749946420400735, 0, 0, 0, 0, 0, 1.1032860177479928, 1.767370656364877, 2.06635775632744, 1.2947813208353818, 0, 1.4073076927235022, 0, 0, 1.6985551083487997, 0, 0, 1.424875474969474, 1.8229275167066743, 1.9732186532211557, 0, 0, 1.2141539088821067, 0, 1.5105462835041237, 1.6870913777390122, 0, 0, 1.2816244870960334, 0, 1.9839188367190659, 2.178454912313392, 2.073799622887297, 0, 1.7662649663495709, 2.042174516340434, 1.4615111055996808, 0, 1.51165266574242, 1.4378742624573668, 1.6069593279806347, 1.790640771356824, 2.0848461217870082, 1.4839152192495637, 1.218247524966628, 1.2857960619729079, 1.8456231153831137, 1.7239911500744562, 0, 1.2626200543500556, 0, 1.766371438482029, 0, 0, 1.3395926796924562, 1.8492357111868372, 1.410905030418654, 1.3492792604588666, 0, 1.3046304926502033, 0, 1.4846240791053231, 1.4283237776380888, 1.8782656797047124, 1.6831719678211081, 1.353065877804513, 1.7045466046890436, 1.3675272050182843, 1.6933602177247191, 1.5178232623391634, 1.0644195931894938, 1.0388213072578438, 1.7575250659565411, 1.6703154403632894, 0, 1.360870643328172, 1.107200394166623, 2.32987337345125, 1.9403467357587565, 0, 0, 1.644761033042901, 1.738015134261917, 1.560465651663718, 0, 1.5749625881949, 0, 1.53141680613121
6.857406199969489, 2.1058660132989027, 0, 2.1866657504168128, 0, 0, 0, 0, 0, 1.8660212181990032, 2.201673208106414, 0, 0, 4.7977703898540165, 1.5576995597194456, 2.7508665526450975, 1.7053844281086055, 1.9822046335288068, 0, 0, 0, 0, 2.1009175503958595, 2.0287371748663756, 0, 0, 0, 3.0681801504365755, 0, 0, 0, 0, 0, 0, 0, 0, 1.3492853625291807, 0, 0.7211245835071142, 0, 0, 0, 0, 1.5316375264754387, 0, 0, 0, 0, 1.7930810954391478, 0, 0, 1.515318866252033, 0, 2.5610009238238094, 0, 0, 1.5075824800983824, 1.9252123908389798, 1.5035160410275388, 0.5569503545688372, 0, 0, 0, 1.1531292238788118, 0, 0, 0, 2.20308254463291, 1.9747632610797674, 2.0297163616347236, 0, 1.6898068835226983, 2.2563397265870373, 2.342925386678947, 0, 0, 0, 0, 0, 1.975631852309315, 0, 0, 1.2494697203209575, 1.2965183597570207, 1.5908522759714352, 1.923768441943833, 0, 0, 1.5815654013995335, 0, 0, 2.140219225124854, 0, 0, 0, 0, 0, 0, 0, 0, 0, 0, 1.585122350604877, 0, 1.6828750172794944, 0.8433378726731728, 1.6029315447500214, 0, 0, 0, 0, 1.3067739064561565, 0, 0, 0, 2.249209494092702, 1.9255820944388669, 1.9178856838340805, 1.7812672720368807, 0, 1.8653786128572019, 1.4494321894398003, 0, 0, 0, 1.5601035536320302
5.960519762252966, 0, 0, 0, 1.2629373948253975, 0, 1.2082494141540676, 1.0610505678063618, 1.0098247569146652, 0, 0, 0, 1.4502493914055954, 4.698907800527625, 1.91576123177912, 5.052482833173802, 0, 1.7649533937932753, 0, 0.9186152795842845, 1.6837306485616375, 0, 3.398807208627294, 0, 0, 4.846356096026931, 0, 0, 0, 0, 0, 0.9275945070331473, 0, 1.3552431785669303, 1.053641217335345, 0, 0, 0, 1.0650964529067186, 0, 0, 0, 0, 1.7051427188941553, 0, 1.8135381691984993, 0, 0, 1.7058773010659196, 1.2735777529231573, 0, 0, 1.247289072081856, 0, 0, 0, 0, 2.1093777605068187, 0, 0, 1.2112011399472906, 2.1310462152793708, 0, 0, 0, 1.1983170171972075, 1.129942348260655, 2.688369207430151, 2.215631427995308, 2.2911263069377608, 2.3761605866375466, 0, 0, 2.205995670434807, 1.0313966761972186, 0, 1.0335313668679453, 0, 1.200781882937694, 0, 0, 1.3755746471304515, 1.1110567565187406, 1.3719511392064339, 0, 0, 4.789607437261863, 0, 1.4956873879443229, 1.3495231287923977, 0, 2.2655327318559606, 0, 0, 0, 1.2838282473589513, 1.3463895755297188, 1.1908402479535036, 0, 0, 1.0885080969430199, 0, 1.6031207218745263, 1.3791924319412538, 1.618077174243709, 1.1334302802819496, 0, 0, 0, 0, 0, 1.7834039407147284, 0.9261596840298427, 1.1331746731362813, 0.86776793698825, 0, 0, 0, 0, 0, 0, 0, 2.067867599334818, 1.999035277315906, 0, 0
6.226653712857926, 2.872574441208105, 0, 0, 1.7892706596439278, 2.2791630446287034, 1.882897597986504, 1.318369195991779, 1.5499741439198234, 0, 0, 0, 1.7252417354885716, 5.717983614177489, 2.5417795811887576, 5.876251890887808, 0, 2.254541133758233, 1.4547025356690855, 0, 0, 0, 4.3904673126532465, 0, 1.3155470082223961, 5.507755400863157, 1.6962558987224061, 5.2818799959746014, 0, 0, 1.8943832172982107, 1.3581517743397287, 0, 0, 1.7047732252991483, 1.4515092901653743, 0, 0, 1.4075664704113733, 0, 0, 1.5199969876077726, 0, 2.2228981443466327, 1.3116359463230414, 0, 0, 1.5854956758263126, 0, 0, 0, 0, 2.094467199595508, 4.331882610172735, 0, 1.7842030551320753, 0, 0, 2.0021505092763623, 1.6733369108568512, 0, 2.951172408067587, 1.792321928600339, 0, 0, 1.4970960575136492, 1.6227672783836375, 0, 0, 0, 2.8800086577426156, 0, 0, 0, 1.2637203472442342, 1.1505702075927406, 1.9546116375272555, 1.8018284558401434, 1.8262665028205887, 1.9212885232490118, 0, 2.0393203564547537, 1.697361955216539, 0, 0, 0, 6.348641633581502, 1.7279200605513547, 1.6469555377461638, 1.8667946694950983, 0, 0, 1.5534136930506586, 0, 1.7484583415792967, 1.7377453618156224, 1.910760502666079, 0, 0, 0, 1.4374915707593965, 2.114887953211881, 1.9180960119462274, 0, 0, 0, 3.7312928616922023, 0, 0, 0, 0, 2.214719281000477, 1.276080547662062, 1.722666024556255, 1.2980863485981122, 0, 0, 3.9559269110843043, 0, 0, 0, 1.928250945925096, 3.765092723026183, 0, 0, 0
5.720295525872439, 0, 0, 0, 1.366694280227784, 2.2580460632890653, 0, 1.367504780880113, 1.3701000675291644, 0, 0, 1.986764106646385, 1.3231530275726036, 0, 0, 4.647034306503443, 0, 1.3607853155793743, 1.3673232813839147, 1.3225371272689066, 1.5278056512505203, 0, 0, 0, 0, 0, 0, 0, 1.4358329334602336, 2.203011663539523, 0, 1.159421107538736, 1.2846906124282205, 1.9154770167580055, 1.3619703136149628, 1.401499952849182, 0, 0, 0, 1.2823001498989561, 0, 0, 0, 1.5565505295293738, 0, 0, 0, 0, 0, 1.3177072480492562, 1.6381158535420872, 0, 1.852301765339328, 0, 1.1934107978877402, 0, 0, 0, 0, 1.1425071405461424, 1.7337011651148704, 2.5780630671085847, 1.5555591602717838, 1.285265930405525, 2.0334267296137765, 0, 1.5037821116147407, 0, 0, 0, 2.367632614404665, 0, 0, 0, 1.3727607247560514, 0, 1.5257830813070419, 1.5839952699911992, 1.36875976451274, 1.2629728160942284, 1.7754006281773294, 1.5144698493491462, 0, 1.176845137872857, 0, 0, 4.249098056123235, 1.2818525727933991, 0, 0, 0, 0, 1.5656996992207395, 0, 1.9753348257785308, 1.405075842215319, 0, 0, 0, 1.3939452957005636, 1.4378996953931875, 1.4680703845815912, 1.7166572068795463, 0, 1.4507412484308861, 1.5731436447370197, 1.6936835398190053, 1.804000474241895, 1.394788986798234, 1.0442698297253952, 0, 1.428624640880518, 1.0676587310749137, 0, 1.1465764625992134, 0, 0, 0, 0, 0, 0, 1.4813311571530265, 0, 1.5868228710160774, 0, 0
0, 0, -0.07390538154447149, 0, 0.7409176388036267, 0.8722697776329936, 0, 0.370195015241061, 0, 0, 0, 0, 0.9480782861581802, 0, 1.1050048196331612, 0, 0, 1.1608004450922171, 0, 0.3525972040787937, 0, 0, 0, -0.056804141346222206, 0.6053647474398586, 0, 0, 1.5756919535102898, 0, 0, 0, 0.32366859533047015, 0, 0, 0, 0.26797404887922244, 0, 0, 0.47789222292672934, 0, 0.6484204000060902, 0.5616878601081444, 0, 0, 0.40147192483903127, 0, 0, 0, -0.04926403204960488, 0.7541274774179932, 0, 1.264631664036103, 0, 1.561221870051493, -0.07252705593954573, 0, -0.09498234892902628, 0, 0, 0, 0, 0, 0.4825210743845907, 0, 0, 0.6367936982723775, 0.44140298179823834, 0, 1.3866235312035158, 1.2063210050085416, 1.2758599677501903, 0, 1.1984612272046893, 1.2495398218623208, 0.21046229039488837, 0, 0.3453076815138014, 0, 0, 0, 1.1392205384852523, 0.5608738523730832, 0.6334176814146124, -0.038275559379922976, 0, 1.0915631017054603, 0, 0, -0.044959031036138276, 0, 0.4251055283278843, 1.1229942946617233, 0.302453741233627, 0, 0, 0, 0, -0.04207419260209107, 0, 0.7991126545454664, 0.31863039280594885, 0.4230997904210531, 0, 0, -0.07362396099851921, 0, 0, 0, 0.3657307065784826, 0.4690255395694853, 0.8629811833792721, 0, 0.4968346517144208, 0, 0, 1.2734229009318336, 1.1237274200031095, 0, 0, 0, 0, 0.898800760393006, 0, 1.0478803550867397, 0, 0
7.719019480265959, 0, 1.8809844923354557, 0, 0, 0, 1.0475277049603229, 0, 0.8393474384723799, 0, 2.760139383888035, 0, 0, 5.237900132643617, 1.8150001051192024, 4.035905221502329, 2.0024009068789974, 1.9439945966968932, 0.8724394511245044, -0.055504722531692266, 0, 1.8921180249240064, 0, 2.268313425724303, 0, 0, 0, 3.43424916663027, 0, 1.315805593066913, 0, 0, 0, 1.082481466172727, 0.7959282421587561, 1.0314959748680839, 1.0628225584374777, 0.9873471629308467, 0, 0, 0, 0, 0, 0, 0, 0, 0, 0, 2.156931774456909, 1.2354442713182143, 0, 1.5365401259136084, 0, 2.423737437101732, 0, 0.9648634756578649, 1.7475108902435283, 2.0135765272967863, 2.004015835081903, 0, 0, 0, 0, 1.3727215637938766, 0, 1.3906195412146374, 0, 0, 2.290922792856527, 2.312513779592222, 0, 2.172299181053064, 2.471938415049251, 2.6623770134423417, 0.7149305936014811, 0, 0.9000346197420391, 0, 0, 2.291363066266358, 0, 1.3852290587499825, 1.2951668153309652, 1.5453496610985327, 1.5280743227953297, 2.0881600557639852, 0, 0, 2.172592973923427, 0, 1.2084472413976277, 2.8540384046752165, 0.8433127439225626, 0, 0.8131683480515037, 0, 0, 0, 0.9701715762766969, 0, 0.883182080610316, 0, 0, 1.4541855378007842, 1.7574396340362783, 0.9248472375840513, 0, 0.831601485319377, 0, 0, 1.0820899077151758, 1.5699714707123253, 0, 0, 0, 2.706221529072148, 0, 1.9954401632978018, 0, 0, 0, 0, 2.0668829055357505, 1.9036005244528142, 0, 2.004359825273442
8.117737010419885, 0, 0, 3.3491893869699303, 0, 0, 0, 0, 1.4152273352178177, 0, 2.5805437522806587, 0, 2.392799197756847, 6.140897053093289, 3.349376517332635, 6.770589265021805, 0, 1.8724071017562205, 0, 0, 0, 2.5058745847255017, 4.4153905392502395, 1.9486855652795676, 0, 5.871836213712423, 0, 5.130726588894328, 0, 0, 0, 1.250902275708805, 1.6218857657510017, 0, 0, 0, 2.8829021367646424, 0, 1.4483027744134531, 0, 0, 1.1911151785384437, 0, 0, 0, 0, 0, 0, 2.198151620231535, 1.9362259141191145, 0, 5.239333046124977, 0, 5.130283668720945, 1.915280608273672, 0, 0, 2.559070525557105, 0, 1.2593434253517355, 1.224780297694248, 0, 0, 0, 0, 1.331025333550277, 0, 3.7221176420538087, 4.750041661409878, 3.0449232355776337, 4.544270557803491, 4.146393355656354, 2.717914339967352, 4.815619183609088, 0, 1.3929791220187708, 0, 0, 0, 2.5307585013300473, 0, 0, 1.5707968994779564, 1.7234133402469638, 2.119640587403541, 2.934589484434979, 5.985588861804546, 1.757657465485292, 1.849162189095243, 1.4446781103323574, 1.707969909711233, 2.3159443210449275, 1.3818983508047178, 0, 0, 0, 1.434568814929756, 0, 0, 0, 1.3044915198953617, 1.9347980494030115, 0, 0, 1.9037864076984434, 2.1875290070894033, 2.959719937646005, 0, 0, 1.226449343524136, 0, 0, 1.1394872058912637, 1.9644433286358782, 0, 4.595960625389809, 0, 0, 0, 0, 0, 2.1557136032836564, 0, 1.8117870416893291, 0, 0
6.6540962230638785, 2.199132168814857, 1.6422637780046305, 2.030933394963783, 0, 0, 0, 0, 0.9229107219341145, 0, 2.1198096587309774, 0, 0, 5.016541001258389, 0, 3.536264645866586, 2.014446498122162, 1.7957457119083755, 0, 0, 0, 0, 0, 1.9698409915554982, 0, 0, 0, 0, 1.2108372020569547, 0, 0, 1.0021042861496534, 0, 0, 0.8875685953331633, 0.9003683447502606, 1.3476387902961786, 1.0153819850310093, 0, 0, 0, 0, 0, 1.4572706575953704, 0.8276755794570285, 1.3670181441467186, 0, 0, 1.8413647984721, 0, 1.1153596877814809, 1.6686787680077597, 0, 0, 1.4152851939570494, 0.9757849779913113, 1.5858190188494379, 1.879369038892187, 1.5955577886872037, 0, 1.2567467820008296, 1.698051083250698, 0, 0, 0, 1.1784015299028372, 0, 2.3686069626793453, 2.056266656327197, 2.1109090462685254, 0, 0, 2.285357897952194, 2.263466696438754, 0.8428934881081692, 0, 0, 0, 0, 2.0779765292294416, 1.377736836176857, 1.1126302738488576, 1.371430827614814, 1.2741608868144016, 0, 0, 0, 0.9810761296396733, 1.7574275498406113, 0, 0, 1.9847529670849071, 0.8111238333401732, 0, 0, 0, 0, 0, 0, 1.144173921092414, 0.858107928977299, 0, 0, 0, 0, 1.0246269357956412, 0, 1.0992426492500025, 0, 0, 1.3830391803880397, 1.6228298298212012, 0, 0, 0, 0, 1.9569993183591978, 1.7790149592022824, 0, 0, 0, 0, 0, 0, 0, 1.5998441084375175
6.3323613809879, 1.8563890398642415, 0, 0, 1.494616082963755, 2.0955555967731985, 1.6037797538204162, 1.168683995528352, 1.1882718581750238, 0, 0, 0, 2.064063177768787, 4.331720520057306, 1.5590654582585048, 4.761679904008453, 1.7683575723918192, 1.9426419963359718, 1.0602191213238152, 1.3232561387879354, 0, 2.2882962708397643, 0, 1.5074126222271758, 0, 0, 1.325968463958901, 2.7289207449574517, 1.3545295409527727, 1.657692108656238, 1.398370966097902, 1.3565691014911907, 1.5790861102936733, 1.7480280357951863, 1.504150926150929, 1.3887861699841886, 1.4576987637763676, 1.345471008077286, 1.3056517023034093, 1.3207005360445725, 0, 0, 0, 1.5531299380936658, 0, 1.4888811342880612, 0, 1.4765872228998926, 0, 1.4884649983188138, 1.3559274561674788, 2.0677980647284104, 1.6838236772876287, 2.5630532059850712, 1.7646067804957621, 1.4072434187798057, 1.7801704437110628, 1.6757488289059976, 1.448126189292866, 0.8768700041727543, 1.2463671376123402, 1.8483411009620065, 1.2151861094927563, 0, 0, 0, 1.5552802103767644, 0, 2.059998866477008, 0, 2.265979097754401, 0, 1.916314032007504, 1.8521900591601932, 1.3405715709873989, 1.2404384044035297, 1.653034427310021, 1.7037403965108109, 1.7477961817984968, 1.529950175005144, 0, 1.5813804030961642, 1.4111969466268726, 1.33765645009511, 1.766997585968451, 1.9861288280665363, 3.3576147588767418, 1.3756330136939157, 1.6738346079889954, 1.5118443238926216, 0, 1.728468632342845, 1.5102290656806943, 0, 1.4867670866488079, 1.6501245348689297, 1.2654893670985201, 1.2332917071943323, 1.5765822385399964, 0, 1.5555172422827002, 1.7328075562366216, 1.641586697683168, 0, 1.5991623164761086, 1.2941909532559588, 1.8468503093689825, 1.3147390039480467, 1.2647395080918062, 1.0677720481786466, 1.6713545225773647, 1.920969481283936, 0, 1.5228790652713267, 1.1615539514707256, 2.3713492549238477, 1.949992621264794, 0, 1.698781990413974, 0, 0, 2.246018217449891, 0, 1.609379631127471, 0, 0
7.242775412065067, 0, 0, 0, 1.8333593166092665, 2.496294581152997, 2.3521804538036433, 1.9480700140517506, 1.7972227877819906, 0, 0, 3.405915592317926, 0, 4.791668503273165, 0, 4.9578461756825405, 0, 0, 1.5330528026366403, 1.8060078373470476, 0, 0, 2.8361538959877954, 0, 1.0840469274626954, 5.3399990247878915, 0, 3.4030668480237547, 1.5198389600281588, 1.9366441566558745, 0, 1.7940414360974344, 0, 2.9317860882229803, 1.7407819836690825, 1.8337774745346815, 3.318208749143763, 1.6897022525915684, 0, 2.002876221340958, 1.9280415877285308, 1.257114712195636, 0, 2.793389020345014, 1.6062456905689722, 2.09031184613008, 0, 1.9394488603595663, 0, 1.5834038520935345, 0, 0, 2.4222425669387313, 0, 2.059066631708914, 1.6024798796017659, 0, 0, 0, -0.21511821325599542, 2.354372475427953, 2.7377897033592986, 0, 0, 0, 0, 1.6010617129566245, 0, 0, 0, 0, 0, 0, 0, 2.1168256876317355, 0, 2.050026707393399, 2.0689032357161583, 2.220785011874341, 0, 2.348609676906488, 1.7161753369457264, 0, 0, 3.557429270092729, 2.635587437887017, 5.986635898315797, 0, 2.2700151760719907, 1.9140761110813371, 1.9178799643223434, 0, 1.958721882182595, 2.34184225952137, 2.327560305106555, 2.1465842371979185, 0, 1.9569708356476427, 2.3732961428479737, 1.9594059959326733, 2.172560881246224, 1.7312146025407755, 0, 0, 0, 2.0477364636501623, 0, 0, 1.5091786095028872, 1.7227998480035056, 2.694006928698352, 0, 1.054301203750413, 0, 1.5552620789261338, 0, 2.361562328079183, 2.819161518494076, 0, 0, 0, 0, 2.743930954126881, 0, 1.6634541099237066, 0
3.7928239152843743, 0, 1.1954853197568711, 1.2208511051666378, 1.128059850466487, 1.555584977511246, 1.2677890799002987, 1.0405086957919838, 1.074057019223657, 0, 1.321331387101221, 0, 0, 0, 0, 0, 1.257209155842562, 1.3484081899281521, 1.074015355215192, 1.1878250932598953, 1.3635371867418782, 1.3425853569252584, 1.4386916318298384, 1.4157123224804578, 0, 0, 1.2163893763793352, 0, 1.3883004239217953, 0, 0.9229289188609449, 1.2226518995039923, 1.3210811622418976, 1.1078859472069924, 1.2174506950281696, 0, 1.375781909622634, 0, 0, 0, 0, 0.9617621904842016, 1.4373858049857344, 1.3034290897932495, 0, 1.2361545937846194, 1.5356169225994396, 1.1116797822891618, 0, 0, 0, 0, 1.084612062077563, 0, -0.1028794947358251, 0, 1.2738956356848796, 1.237357659060209, 1.4152216412518104, 0.6984502859182798, 0.9644669442343919, 1.7726435451633078, 1.0041619692696264, 1.533272895061119, 1.5294722918831773, 0, 1.4834068393174806, 0, 1.3231455649603454, 0, 1.6163820815886545, 0, 1.195944276182208, 1.3388187366740238, 0.9773263545056203, 0, 1.232627984141996, 0, 1.088005811965016, 1.2674485478411859, 1.6615647665681974, 1.2104936134036237, -0.0548017294389567, 1.2729117488551542, 1.320643155484473, 1.2958789651583549, 0, 1.261465377945769, -0.15362270133534744, 1.1922468600420133, 0, 1.135633771806269, 1.042381704193274, 0, 1.24118329689673, 1.1473979963681222, 0, 0, 1.232960248359146, 0, 1.148746413509296, 1.3457015761863573, 1.3883405156931472, 1.18260958863034, 1.2628298312756725, 1.170238600509427, 0, 1.1995395158651123, 0.9649966189676502, 0.8618943746831144, 1.1132847592036332, 1.5665285811065115, 0, 1.1333689881809461, 0, 1.5968793208090573, 1.2990317748660452, 2.095223185698473, 0, 1.3189611201547902, 0, 1.3920840733202944, 0, 1.2397101052871122, 0, 1.2412225433534776
5.902938207320554, 2.1023247954095545, 0, 2.1142879436351767, 1.219336884976929, 0, 0, 0, 0, 1.4962610445187279, 1.7368228041544884, 0, 0, 0, 1.7312733569173242, 0, 1.6865429420023488, 1.6256588039686128, 0, 0, 0, 1.5135334253481252, 1.8343826321949195, 2.0696130946148834, 0, 0, 0, 2.395887834278514, 1.1482949733965457, 0, 0, 0, 1.4396928645187193, 0, 0.7301742019538612, 0, 1.079077513758481, 0, 0, 0, 0, 0, 0, 0, 0, 0, 0, 0, 1.8841323499734968, 0, 1.2152001750762575, 0, 0, 2.681886349643165, 1.4184384093484501, 0, 1.4504266304143512, 1.9782369197286822, 1.4515825655498926, 0, 0, 0, 0, 1.4757596298019007, 0, 1.1123356835966483, 0, 2.163310678016144, 1.6581035045081172, 1.6995540466733867, 1.8997005496269292, 1.600244500595726, 2.031767590984611, 2.3537791787047384, 0, 0, 0, 0, 0, 1.9373867633063089, 0, 0, 1.2948040196228074, 0, 1.6090603704841102, 1.7555454331205247, 0, 1.003757618695389, 1.66998257896967, 0, 1.0306004408540135, 2.03545754146205, 0, 1.4506536200186453, 1.1453676342472308, 0, 0, 0, 0, 0, 0, 1.1132913568386833, 1.3677897262484602, 0, 1.3245806305955026, 0.978623718588476, 1.5255656660365917, 1.0352602828890864, 0, 0, 1.2231025466656273, 1.3184385125566467, 0.570780528678664, 0, 0.8891846979090603, 2.163485783406363, 0, 1.9947093242069036, 1.6931191888862804, 1.436364562878249, 1.9065490008363446, 1.3475649162049614, 1.4315179442149113, 0, 0, 1.3405563564452674
5.900855013944293, 0, 0, 0, 2.490468746162619, 0, 2.2291266802280547, 1.6983262586028218, 1.6860835497745912, 0, 0, 4.033244019266044, 0, 5.894148236813161, 0, 5.605683041556694, 0, 2.3241358677867545, 2.203847311056725, 1.6633000141552952, 0, 1.8577959840190934, 0, 0, 0, 6.391189392832692, 0, 4.895534881319592, 0, 3.923998266342288, 2.1166072005294607, 2.071404141377239, 0, 0, 2.042444437317195, 0, 5.3202114952568, 0, 1.4594915665246657, 0, 0, 0, 0, 2.400656378308038, 1.5644228822074222, 3.0220029233421757, 0, 2.382869274518894, 0, 0, 0, 0, 2.7765561251506163, 0, 0, 0, 0, 0, 0, 0, 2.773734414846033, 0, 0, 2.047502243405351, 0, 0, 1.8713777135070404, 0, 0, 0, 0, 0, 0, 0, 1.8600744977750892, 0, 2.408712068595168, 0, 2.2883253623593767, 0, 3.701700560874554, 0, 1.9699218445668125, 1.652989267211177, 0, 0, 6.569206016051998, 2.565172217223625, 0, 2.5944333215287805, 0, 0, 2.004180987914032, 2.6061949855041413, 0, 3.7983446193946175, 0, 0, 2.5313833074217027, 0, 2.168935416178984, 2.135350732657293, 2.2637720562809434, 0, 0, 2.4296766290734775, 0, 0, 0, 1.7272097953479089, 0, 0, 1.221615731673134, 0, 0, 4.313384139377974, 0, 0, 0, 0, 0, 0, 4.0323255735710655, 2.20683517651546, 0, 0
6.831674190449399, 2.672412536460836, 0, 0, 1.6177133873430996, 2.723051109835253, 0, 0, 1.6099624853153613, 0, 0, 3.949530064035201, 1.7903542615317483, 5.5915294664385335, 3.8699123713337413, 5.032784640659194, 0, 2.123189044934935, 0, 1.2963038546254246, 0, 0, 3.9096332036813797, 0, 0, 5.6211462438678135, 0, 5.415982326549762, 0, 0, 1.5026123048752968, 0, 0, 0, 1.5189876375409002, 0, 0, 0, 0, 0, 0, 0, 2.927016542910781, 0, 0, 0, 3.809005501070401, 0, 2.560235966446619, 0, 0, 2.752886011431597, 0, 3.5197550167325895, 1.8506706657759249, 0, 2.2038312240357274, 0, 1.9116180582231828, 0, 0, 0, 0, 0, 3.8568932495828383, 1.4545809492587907, 1.500776315745595, 0, 0, 0, 3.012611858927502, 0, 0, 2.7881616758497794, 0, 1.3915894685729957, 0, 0, 0, 1.6312527684356786, 3.328712290564043, 0, 0, 0, 2.893622375213242, 0, 6.7119362671789204, 0, 1.6482411980244147, 0, 0, 0, 1.5363189204317467, 0, 0, 0, 0, 0, 0, 0, 0, 0, 2.272956487529737, 1.7974050471205614, 0, 0, 0, 0, 1.204239994695143, 0, 0, 2.018450601511111, 1.0382859578275283, 0, 0, 4.667511193351174, 4.339807299304835, 0, 0, 0, 0, 3.154590818765079, 0, 2.0751917211902415, 0, 0
6.7029148258582625, 0, 0, 0, 1.9086010845887298, 2.3272762691302598, 2.005507822801789, 1.8698599539121583, 2.0325023079748457, 0, 0, 0, 0, 5.248797736946405, 0, 5.4249819667876915, 0, 2.1418875675653166, 1.9381751858235803, 1.5420234611229677, 0, 0, 0, 2.032536823418712, 1.232066076950966, 5.807321410425753, 1.8570098532563808, 4.540744368557281, 2.1154817381687194, 2.420139722568584, 1.6824290650183866, 1.7355342766389659, 1.867076442557036, 0, 1.8729648130905099, 1.9018581002829094, 3.0471783506092573, 1.765503138239796, 1.2055565985316559, 1.7596351709083253, 1.9956166690687622, 0, 0, 1.9771050023835424, 1.6048988400634654, 2.4705009822094963, 2.521862969154994, 1.6707351220208777, 0, 0, 2.0993559568014355, 0, 2.1924718655203415, 5.099356477835784, 0, 1.5886498039720138, 0, 4.164487417744806, 0, 1.3248154628571034, 1.94597732298319, 0, 2.106648329442447, 0, 0, 0, 1.4892553693669064, 0, 0, 0, 0, 0, 0, 0, 1.997558242747825, 0, 2.1224139630102763, 1.9790885741279443, 1.9180683043359383, 0, 0, 1.7410966368290441, 0, 1.5623489694572423, 0, 0, 4.692581429843231, 2.5185050547690113, 0, 2.0722581040715236, 1.4504315954471525, 0, 1.6864156707450852, 2.4077142890250873, 1.9788803782625022, 2.1952739122758653, 0, 0, 1.9919368590717819, 0, 2.099511827674754, 1.8402707529802036, 1.8036189040693493, 0, 0, 1.8349845544479284, 0, 2.2127326276785912, 1.6200776283849088, 1.2928493993302301, 2.542679442781837, 2.0114860376020984, 1.286492891763504, 0, 1.5967269517384144, 0, 0, 0, 0, 0, 0, 0, 0, 0, 1.4528194921823987, 0
6.610214045723219, 0, 0, 0, 1.8872053454645434, 2.5617690067124474, 1.800813795125335, 1.571501128144757, 0, 0, 0, 3.7439553897487636, 1.6001611564355864, 5.3797184782001475, 0, 5.359633713986027, 0, 0, 1.861351641234373, 1.637763552175427, 1.9937200501430905, 0, 0, 0, 0, 6.030273697119376, 1.989358406534753, 5.324500875056558, 1.8550754591274956, 0, 0, 1.6377409288479314, 0, 0, 1.8879686903081467, 1.701124866632447, 0, 0, 1.4906964907608977, 1.9616803360353028, 0, 0, 0, 0, 1.329465167707618, 2.2287960244864164, 0, 1.6926506182602452, 3.7879006261455124, 0, 2.9054494186816546, 4.386388254136571, 0, 5.553004615589957, 0, 0, 0, 0, 0, 0, 2.010078852900351, 4.580378994594516, 2.5566760487579945, 0, 2.4672714994386107, 0, 1.6328113648143605, 3.5339206707271558, 0, 0, 0, 0, 0, 0, 0, 0, 2.0169324380776485, 2.01011886484355, 1.8930064251631118, 0, 3.4448341215686322, 0, 0, 0, 0, 0, 6.907444508492194, 0, 0, 0, 1.4578964583700893, 0, 1.810376198235048, 0, 0, 0, 0, 2.1140275380059257, 0, 0, 2.1560555424901002, 1.8738465877755122, 0, 0, 0, 2.542573696078014, 0, 0, 0, 0, 2.5286667261775566, 0, 1.1603720373668032, 0, 0, 4.33100927316808, 0, 0, 0, 0, 0, 0, 0, 0, 0, 0
6.6286333328158875, 0, 0, 0, 2.0501247032753005, 2.665406850691121, 2.575523045444428, 1.696818595099065, 1.996566853799742, 0, 0, 3.6563310652847747, 0, 5.499497822964211, 3.6660231417607423, 5.365290353645783, 0, 0, 1.8053396142839124, 1.5801839854851025, 0, 0, 0, 0, 0, 5.127185932518085, 1.846475419152801, 4.863005744570852, 1.6590942897393302, 0, 1.8241463185857556, 2.052291750641666, 2.038790512426402, 2.4674156712986974, 1.8110372439461013, 1.8559809426363176, 3.402398927710014, 1.674185962759734, 1.7012889808164346, 1.8564118387560484, 0, 0, 0, 0, 1.4259707309197116, 2.4165651935732564, 0, 2.0675290836422895, 3.6028354538791687, 0, 2.0861862888513905, 0, 2.6146675674887105, 5.308979158139138, 0, 1.8385284250131615, 2.3275736361089643, 3.8445839477763117, 0, 1.3339411020178846, 1.7363121569781799, 0, 2.116290081202259, 0, 2.367675768379541, 0, 2.1413004040330836, 0, 0, 0, 0, 0, 0, 0, 2.0488426182255997, 0, 2.2988340537859964, 2.4417804341734883, 2.0513692889837123, 0, 2.572796342706835, 1.8348375769178178, 0, 0, 3.4998893658389316, 0, 6.116873019754005, 2.20576362521326, 0, 1.9986992795044516, 0, 0, 2.1221492189878233, 2.2528476248710643, 2.1994385791963382, 2.3018622513214493, 0, 0, 2.3832617600244532, 0, 2.121283523630586, 2.260543474650215, 1.8295572512753842, 1.6144625683128604, 0, 0, 0, 2.262402908921088, 1.7269983546061944, 1.6416402840429272, 2.4087305582688394, 2.102165539042324, 1.2754373246339743, 1.890038710762609, 1.991859106753771, 0, 0, 0, 0, 0, 0, 0, 3.5994496926560804, 1.865508849335627, 0, 0
6.828591301796078, 0, 2.1059168541674063, 0, 1.9120745338257834, 2.9352522146736986, 2.1565061848137903, 1.7380026491070748, 1.8658310758738608, 0, 0, 3.880917753793425, 1.9509462807047078, 5.2385289219963855, 0, 5.797563990013284, 0, 0, 2.162918822600681, 1.8026522844395123, 0, 0, 0, 0, 0, 5.9590318611912645, 0, 0, 0, 0, 1.7887632595991925, 1.5826901719400994, 2.001573811361702, 2.4559302307996593, 2.0131530798352504, 1.631776445450855, 0, 2.027703975589059, 1.5034707274997976, 0, 0, 1.305073602596986, 0, 2.6708261823753006, 1.7144430372097934, 2.5029441473038783, 0, 1.8803456566103156, 0, 0, 0, 0, 2.933040415759284, 0, 0, 1.8115428926370296, 0, 0, 0, 1.2160254808480164, 2.170741601948594, 3.4591259319433, 0, 0, 0, 1.443295457334566, 1.9852217265891805, 0, 0, 0, 0, 0, 0, 0, 1.7191245639118655, 0, 2.3473253551959083, 0, 2.4431215654335263, 0, 3.1391756458168767, 0, 1.7220371725124273, 1.530147901321327, 0, 0, 6.294137702560592, 0, 1.6924370903620292, 2.396848190075338, 0, 0, 1.9352923343568007, 2.410511077426434, 0, 0, 1.850808866404887, 0, 2.5224508727925907, 0, 2.0119222311141827, 1.9790929466708342, 1.9586341117143207, 0, 0, 0, 0, 0, 1.4557167926109391, 0, 0, 2.431343243464032, 1.1089219857661103, 1.7434282321572068, 1.5911794790543357, 3.2367083129366248, 0, 0, 0, 0, 0, 1.9661246947426723, 0, 0, 0, 0
5.847439019722595, 0, 1.9321508603202264, 0, 2.032524893432184, 0, 2.3825343273944406, 1.7172541177698326, 1.5408891104704643, 0, 0, 3.962515963136898, 1.8507318993083302, 5.0062800073685265, 0, 5.164133015442741, 0, 0, 1.9182619052797594, 1.7792491758853692, 2.001213772096469, 0, 0, 0, 0, 5.561332201945287, 1.8868242817427867, 4.981180601463859, 0, 0, 1.7627630960227605, 1.7822395981206078, 1.7354630720313975, 2.93162324199507, 2.1843381330696237, 1.9414867311850454, 5.123979492496912, 1.853861087524445, 1.4862942186837458, 1.649012716216616, 0, 0, 0, 1.9036893304440083, 1.3543855936543954, 2.5343270106158515, 2.8710475906724446, 2.1535923728356527, 0, 0, 0, 4.229346610045127, 2.6395134527619746, 5.0862118596574515, 0, 0, 0, 0, 0, 1.4154674823787707, 2.1228401211882026, 0, 0, 0, 2.312401691050487, 0, 1.681696093463423, 2.684381565648962, 0, 0, 0, 0, 0, 0, 2.260639225606436, 0, 2.092353673190699, 2.344370977058987, 2.5334625737936007, 0, 0, 1.7895379103860394, 0, 1.4897822242618353, 0, 0, 5.941355158057394, 0, 0, 1.7379715996191893, 0, 0, 2.011330141822679, 0, 2.186664193577369, 2.2680791001818004, 1.6220658378974695, 2.216420381865321, 2.3811351136669914, 0, 2.255009554852466, 2.088981811700362, 1.8161855175992665, 1.540558786756431, 0, 1.9869706804265455, 0, 0, 1.5870217840140306, 1.3965871987949596, 0, 1.825005358501958, 1.2027558531272582, 1.8044647815482133, 1.4847177797013589, 0, 0, 3.6525431654716165, 0, 0, 0, 1.956068097162762, 3.7426032130562086, 1.7750098306451347, 0, 0
6.060110298292136, 2.5228690591894147, 1.4936948982297682, 2.0039998556071126, 0, 0, 0, 0, 0, 0, 1.9432743067421372, 0, 0, 3.103104447937668, 1.2720519467800087, 3.443541012976985, 0, 1.8077147198987311, 0, 0, 0, 0, 0, 0, 0, 0, 0, 0, 0, 0, 0, 0, 0, 0, 0, 0, 1.029993502533979, 0, 0, 0, 0, 0, 0, 0, 0, 0, 0, 0, 1.3905618985630226, 1.2129221906300323, 0, 1.3356876716481316, 0, 1.6616362896746886, 0, 0, 1.4206278943747646, 1.887140969968482, 0, 0, 0.8323272307176666, 0, 0.8597507955011313, 0, 1.6772239855922313, 0, 0, 2.784971802795092, 2.0465924997349174, 1.9184715559975356, 0, 0, 2.146078245114848, 0, 0, 0, 0, 0, 0, 1.6157676680789685, 0, 0, 1.1000980290556257, 0, 0, 0, 0, 0.871268640418138, 0, 0, 0, 1.6831469907533514, 0, 0, 0, 0, 0, 0, 0, 0, 0, 0, 0, 0, 0, 0.7430785683568918, 0, 0, 0, 0, 1.0157706700590905, 1.4462608821660505, 0, 0, 0, 2.193569742454129, 1.7515912757722891, 0, 0, 0, 0, 0, 0, 0, 0, 0
5.471811468856142, 0, 0, 0, 0.6614473160099742, 0, 0, 0.4446683827315903, 0, 0, 1.5564090484638973, 0, 1.2472685324882151, 0, 1.2975232079935437, 0, 0, 1.5477058359595552, 0, 0.438652501293638, 1.3059236368094624, 0, 0, 0, 0, 0, 0, 2.346066489545677, 0, 0, 0, 0, 0, 0, 0.824301147967028, 0, 1.1608000651209367, 0, 0, 0, 0, 0, 0, 0, 0.3283068367741644, 0, 0, 0, 0, 0, 0, 1.1508532985899382, 0, 1.4988838630187915, 0, 0.898253075679812, 1.3032676657136875, 0, 1.5242152776412823, 0.5717746442323436, 0, 1.3798272176538848, 0, 0, 0, 0, 0, 1.7371311655130426, 1.671259836174765, 0, 1.524475699008404, 0, 1.6067383028953865, 0, 0, 0, 0, 0, 0, 1.3246984763106897, 0, 0, 0, 0, 1.2584236867468386, 1.5546291412047324, 0, 0, 0, 0, 0, 1.8554013346911418, 0.8290114695453819, 0, 0, 0, 0, 0, 0, 0, 0.738419505520788, 0, 0, 0, 0, 0.8083210007541135, 0, 0, 0.40536535315294514, 0.44416981537123884, 1.0185349589072465, 1.2388423423793484, 0.6843015706373876, 0, 0, 0, 0, 0, 0, 0, 0, 0, 0, 0, 0, 0
6.167371641530081, 2.2287446255848713, 1.537765662095901, 1.9024195927243575, 0, 0, 1.1050268591900256, 0, 0, 0, 2.0735265553935087, 0, 0, 0, 1.3299444966413312, 0, 0, 1.5687620855781297, 0, 0, 0, 1.409511761156608, 2.0372012486624143, 1.578847175455222, 0, 0, 0, 0, 1.1416521560605382, 1.5295798453556904, 0, 1.0541463660327617, 0, 0, 0.9508947078013148, 0, 1.3681654081019812, 1.1874869938542805, 0.7840323012293174, 0, 0, 0, 0, 1.2564858171062272, 0, 1.1336837488619131, 0, 0, 2.1622382999987937, 1.2937806031074799, 0, 1.4336010011909273, -0.07681749021899857, 2.3312251968379405, 1.2102110723547101, 1.0106023756024776, 1.5851765176519255, 1.7804097742450056, 0, 0.35838044307514216, 1.2165355324911848, 0, 0, 0, 0, 0, 0, 0, 1.9880146306895037, 1.7497177107703745, 0, 0, 2.218601064198725, 1.9347830675221072, 0, 0, 0, -0.11263708199818516, -0.11264424693541233, 1.5630837627135874, 0, 0, 1.3451136058362017, 0, 1.401420496427186, 1.6025621114664181, 0, 1.2334975300483169, 1.602959646021019, 1.034083544317252, 0, 1.7733433561741028, -0.08149300535085983, 0, 1.0116785916636264, 1.1250226340767722, 0, 0, 0, 0, 1.1477343483541198, 0.9864979616033387, 1.4220214010965204, 0, 1.4121334211705876, 1.040841830414381, 0, 1.1666550289069884, 0, 0, 1.1018688740766305, 1.36248459450144, 0, 0, 0, 2.244924647935064, 0, 0, 0, 0, 0, 0, 1.6133222831650553, 0, 0, 0
6.562530366200176, 2.1284626172519427, 1.4413700572279018, 1.8349528387072584, 0.9176118232588621, 0, 0.9248087991218145, 0, -0.07207320450567212, 0, 1.9570069073000178, 0, 1.393030396225931, 0, 1.4660105543952828, 0, 0, 1.8545084483779604, -0.04854977054948233, -0.0714140701324271, 1.4084443772250907, 1.3489343766554858, 0, 1.955299120901281, 0, 0, 0, 2.4788369628272626, 0, 1.096927812233032, -0.039257825401142296, -0.09151969646020004, 1.2611366078137676, 0.925780258090918, -0.07540372029673229, -0.12014808969776047, 1.1997702243776391, 0, -0.09866999033588952, -0.045211097038550044, -0.04124092969716363, 0, 0, 0, -0.07809771999691417, 1.025660483688021, 0, 0, 1.6487103732173412, 1.2749662765789451, 0, 1.3604251335450026, -0.13737740651837674, 1.9533346424120235, 1.357431483268985, 0.9264899094944286, 1.8232541936454658, 1.7767460454922335, 1.34677652633456, -0.1464045637720623, 0.9820025378247863, 2.1232428231493956, 0, 1.2898004612075875, 1.5374177208321733, -0.06947518118987013, 0, 2.2050876358571134, 2.29411508035832, 0, 1.6712034424800917, 0, 2.9379517094860157, 2.0549926650423163, -0.0884434562312019, 0, -0.10070790288947296, 0, -0.19541766535153723, 1.646526763440186, 0, 0, 0.9740269537524262, 0, 1.3665549733723816, 0, 0, 1.0203338330111267, 1.5751837650694056, 0.9456291837757127, 0, 1.561566978629321, -0.13432310426421765, 0, 0.9681966106100123, 0.7571062515377932, 0, -0.07288142337158374, -0.08076263534530966, 0, -0.14300170179302846, -0.15986416806764753, 1.297092578020997, 1.3560689349989237, 1.4755238695081372, 1.178608441389301, 0, 0.89541721144073, -0.10995699039309448, -0.09731393658518578, 0.9790343889215463, 1.6639989209665142, 0, 0, -0.07234881557902831, 2.448532457097778, 1.6505397780059266, 1.4651779201830193, 0, 0, 0, 1.5272984625291175, 1.821210842057412, 0, 1.1640811885065019, 1.384068819341071
6.854272037127804, 2.0130647765152063, 0, 0, 0, 0, 0, 0, 0, 0, 0, 0, 0, 0, 0, 0, 1.8159322278436385, 1.6960076431446383, 0, 0, 0, 0, 0, 2.1207598730993142, 0, 0, 0, 3.47381423361441, 0, 1.1908503249670284, 0, 0.9024578112962535, 0, 1.0042064558042691, 0.7717064278930721, -0.061851653829591215, 1.4643726323553723, 0.9462495649540956, 0, 0, 0, 0, 0, 0, 0, 1.0882728209922108, 0, 0, 1.449499466014215, 1.086799421583248, 0, 0, 0, 0, 0, 1.0911741906317576, 1.6500962819337954, 1.690144755923067, 0, 0, 0.8877826313885863, 0, 0, 1.1894138555816747, 1.750868259530214, 0, 0, 0, 2.0228845638592, 0, 0, 0, 2.2991692295161585, 0, 0, 0, 0, -0.046019874759496614, 0, 1.5417802966894376, 0, 0, 1.1988074152576087, 1.2858497748553315, 1.4290827038280285, 0, 0, 1.095403092712076, 1.6334697722840448, 0, 0, 0, 1.1073322405691683, 0, 1.0250096202427692, 1.0795753525193341, 0, 0, 0, 0, 0.8958724064506246, 0, 0, 0, 1.4213444871904906, 1.073118082538163, 0, 0.9275034565670972, 0, 0, 1.0378918929220715, 1.6596697861627026, 0, 0, 0.8213323780285993, 2.149410233732618, 1.5897056482115501, 1.7794574371332512, 0, 0, 0, 0, 1.6846488641066653, 0, 0, 0
5.53065283092769, 0, 0, 1.873510202365205, 1.1390460480138824, 1.7679533696504477, 0, 0.930423762628254, 1.2792760314204623, 1.6603060192225603, 0, 0, 1.5818447054058238, 4.348933990311398, 0, 0, 0, 1.829440598823756, 1.155840510481073, 1.1433440061566444, 0, 0, 0, 0, 0, 4.833502173518918, 0, 0, 0, 0, 0, 0, 1.4551471340913955, 0, 1.011377766329372, 0, 0, 0, 0.9515873760740712, 0, 0, 0, 0, 1.6295951904379256, 0, 0, 0, 1.5056278690982228, 0, 0, 0, 0, 0, 0, 1.278645598496673, 0, 0, 0, 0, 1.342836016233478, 0, 2.1823018550197015, 0, 0, 0, 0, 1.3147939209122075, 0, 0, 1.8462993969930799, 2.588410316404286, 0, 0, 0, 0, 0, 0, 0, 0, 0, 0, 0, 0, 0, 0, 1.6726994384799543, 5.466213469902305, 0, 1.2788100778992904, 1.389477603599041, 0, 0, 0, 0, 0, 0, 0, 0, 0, 0, 0, 1.2593301955619003, 1.4231522791983944, 0, 1.5102743054719456, 1.500504924263146, 0, 0, 0, 0, 0, 1.8112498117455231, 0, 1.3822343595873856, 0, 2.8027350385676564, 0, 0, 0, 0, 0, 1.3077772055353685, 0, 1.5656245203301595, 0, 0
8.788727733267304, 3.117743932006106, 2.1321016702587148, 0, 0.9816341700257186, 0, 0, 0, 0, 0, 3.24467895524633, 0, 0, 6.350000693314115, 0, 6.117778333233278, 2.1331740512036292, 1.9408670081115733, 0, 0, 0, 1.835792764318539, 2.8200713032000495, 2.64939959229349, 0, 5.993414655688635, 1.247956511913584, 5.252386283447241, 1.3502832268645695, 0, 1.2685441669303184, 1.0510477693604054, 0, 1.5071700656011422, 0, 1.5635144433876633, 0, 1.6682634455058698, 0, 1.360516856163157, 0, 1.3457089894425254, 0, 0, 0.9487248871399946, 0, 0, 0, 2.38298084941487, 0, 0, 0, 0, 5.057760486164338, 1.7954776783180475, 0, 2.1787174657683033, 2.6785506932255903, 2.041286775427049, 0, 0, 0, 1.2826382628019697, 1.8794284402934367, 0, 1.46276335970683, 0, 0, 0, 0, 3.447730572291601, 0, 3.1430100328777755, 3.044197886074477, 0.9585894829395409, 0, 0, 0, 0, 2.0650270856048043, 0, 0, 1.958001103013994, 1.6279055239810536, 2.164644471836386, 0, 4.380272443471136, 1.1635399328689946, 1.9656282266152283, 0, 1.4013690409324657, 2.8530667243041967, 0, 0, 1.3183512521843064, 0, 0, 0, 1.5168282440726035, 0, 0, 0, 0, 0, 2.0050514535123156, 0, 2.2794402305641888, 0, 1.186548448439273, 0, 0, 1.884907972091849, 0, 0, 1.0555274965477879, 4.759400041218793, 0, 2.729185201582766, 2.5223860954018016, 2.118195345877174, 2.6098813999833017, 0, 0, 0, 1.3556851274629977, 2.7279711048334496
6.951102037256721, 1.8709279858066086, 0, 1.6647044667006634, 1.0445637883396373, 0, 1.301524049721522, 1.0286028315682707, 0, 0, 0, 0, 1.4012249153276357, 4.296100651781331, 1.4995799791081605, 0, 1.5362240251041714, 1.5971300393038668, 1.1803375541162209, 1.1388492228449532, 1.4876657930739436, 1.3803008652043323, 1.7985076020163346, 1.6123344470573917, 0, 0, 1.1155396458120261, 0, 0, 0, 0, 1.1312728773915648, 1.3306208582961183, 1.2779419288002136, 1.3101840109101575, 1.2246585054014225, 1.6964710195681634, 1.0986088670927192, 0, 1.1712369790262518, 0, 0, 1.6380690840711707, 0, 0, 1.4690889085659242, 0, 0, 1.6631631318817095, 1.2427076894018143, 0, 1.731506958025287, 0, 0, 1.4103300939937689, 0, 1.6441584106001463, 1.8462154428004203, 1.6788214755465822, 0.8306982589902491, 1.1798661925898293, 1.5500082611716175, 0, 0, 1.8711459140562057, 0, 1.0908691878868357, 2.209453083734138, 2.1451941661959046, 2.0587736696204133, 2.118712271817999, 0, 2.295239284468126, 0, 1.0819662674080563, 0, 1.0286556027522862, -0.041788536508324425, 0, 1.716016962107684, 0, 0, 1.3195610832925244, 0, 1.5500575049340068, 0, 0, 0.9893554261526987, 1.558639747357423, 0, 1.186039340390831, 1.7075000391491428, 0.9884209956318847, 1.426545716987411, 1.1991364095295072, 0, 1.323771500476688, 0, 0, 1.1373435309950621, 1.109457962655403, 1.2176722891827756, 1.633379308306309, 0, 1.4948192169529413, 0, 1.5504052106731427, 1.0990453489879919, -0.0626916616785317, 0, 1.5524597952126438, 1.5001603589843762, 0, 0, 1.1984187922231404, 2.2580241380778934, 0, 0, 1.634165516173853, 1.6647460462936197, 1.7016631027906044, 1.448772175193829, 1.8797563964001551, 0, 1.1575206525934962, 0
5.400173829014293, 0, 1.4848594446766454, 0, 0, 1.5578855664520619, 0, 0, 0, 0, 0, 1.8047318577517193, 1.7553057495144555, 0, 0, 4.089052955088392, 0, 1.6739249342729725, 0, 0, 1.6574200395903504, 0, 0, 0, 0, 4.244309938144028, 1.2380418901596935, 2.7014762975851077, 1.1384672352304472, 0, 1.1011314694465801, 0, 1.4810945957518378, 1.400350165862695, 1.072037217814871, 0, 0, 0, 0, 0, 0, 0, 0, 1.3457331007783528, 0, 0, 0, 0, 1.3876377577765808, 1.231106251513344, 0, 1.5258421495645567, 1.0812038209347554, 0, 1.241682386948809, 1.1756310878350316, 1.4522026055054202, 0, 1.5485039048904639, 0.6320602201156842, 0, 2.047320809644503, 0, 0, 2.0757397456776445, -0.06564726444100301, 1.2461415394164903, 1.8976782249712256, 1.6896395878921662, 2.038868534000731, 2.0891985196733067, 0, 0, 0, 0, 0, 0, 0, 1.0456482430300384, 1.212059045240849, 0, 0, 0, 0, 1.5212104063343352, 0, 0, 0.9723904712755976, 0, 1.3964981498496774, 0, 0, 0.9422158229684693, 0, 1.079112672383086, 1.2641204993957709, 0, 0, 0, 0, 0, 0, 0, 0, 0, 0.860715888854781, 0, 1.0598514586276355, 0, 0, 0, 1.6857949901565903, 0.9587585999040077, 1.1197066192159648, 0, 0, 0, 0, 0, 0, 0, 0, 1.6125006187186306, 1.6375386037239705, 0, 0
5.231747834544397, 0, 0, 0, 1.2760915993558626, 1.5324954109444815, 1.346590421054241, 1.2475721153833723, 0, 1.7443025974757376, 0, 0, 0, 0, 0, 4.06558455086041, 0, 1.4035050450141364, 1.2806900920647983, 1.062913266636188, 1.3605122809590882, 0, 0, 0, 0, 0, 1.4681175768618495, 0, 1.4007472048557366, 0, 1.5101321762703983, 0, 1.6807914764585872, 1.2979863661243725, 1.1385965471737882, 0, 1.7986594685583033, 0, 1.0875262967783295, 1.2273440156292967, 0, 0, 1.705279453504892, 1.4844437480864823, 0, 1.3638170144488548, 0, 1.3454294825923574, 1.3557201029613852, 1.2158741407564817, 1.569176866430219, 0, 0, 0, 0, 1.3193151781725796, 1.5644696753409788, 2.627571997241655, 0, 0, 1.4849512692588127, 1.9151658523293589, 1.5949041015902912, 1.1489111603013504, 1.7511970916883515, 0, 1.4575753177829134, 0, 0, 1.7478491841247739, 0, 0, 0, 0, 1.0924744369603465, 0, 0, 0, 1.4532831383982567, 0, 1.5488785710459902, 1.1898767230599472, 0, 0, 1.4557713589044077, 1.3745088393887366, 0, 1.3816136200336748, 0, 1.4228095929696034, 0, 0, 1.3006122304233028, 1.5943716014271943, 1.9010562082608886, 1.775894603216643, 1.2058690174618054, 1.2224282024123063, 1.7388093179980848, 1.4209064091908208, 1.2378947562651026, 1.5938555611754703, 1.4367093827038124, 0, 0, 1.0610476901254542, 1.7337314348440698, 1.38505781925508, 0, 1.0330006643448941, 0, 1.7650748065977975, 0, 1.442563287559507, 1.2797998888336442, 0, 1.7740449718999813, 0, 0, 0, 0, 0, 0, 0, 0, 1.379890162462141
7.68850433662352, 0, 1.879699850877511, 0, 1.503649393638702, 2.0847739563509005, 1.9182018812463455, 1.4529076194929371, 1.2316116921983855, 0, 0, 0, 1.70857328520224, 4.763481827892794, 2.1031500184614482, 6.075571271390672, 0, 0, 1.2782325720117582, 1.5181859597348963, 0, 0, 0, 0, 0, 5.319899661403034, 1.6409500768245417, 0, 1.4332530718197307, 1.9764707283222798, 1.4435307095870475, 1.378327283062688, 1.6973504865274531, 1.7176658975442505, 1.3977468076862252, 1.312675738282771, 0, 1.6532598985299376, 1.4592749633556499, 1.4874109045298753, 0, 1.3095063985358746, 0, 1.8372083319669574, 1.2050042158659044, 0, 0, 1.5354141264429513, 0, 0, 2.0245791594227045, 0, 1.9553188700357227, 4.698151422912611, 1.6623659541723852, 1.86800531725795, 0, 3.761917876079192, 0, 1.2323563176876111, 1.6454052347850665, 2.3627693037581503, 1.9438507390660509, 1.6144989608037976, 0, 1.2261796958107256, 1.6897497679491416, 0, 0, 0, 0, 0, 3.7485074073635634, 0, 1.5772456318302208, 1.4889551093952624, 1.6549899242075872, 1.6986013107819817, 1.823363808147168, 0, 2.142815760843017, 1.7436624825431626, 1.8430685243868594, 1.3661511888026916, 0, 0, 5.511573202177293, 1.8555582705452804, 1.6267120352725961, 0, 0, 0, 1.434666893497763, 0, 2.1391809874730074, 2.089544369214649, 1.5784453638247344, 1.7878492539201176, 1.7710285337954348, 1.669579340311781, 1.696107961053213, 1.8905553609363976, 1.9663884713174091, 0, 1.8262382727725097, 1.4471104893504814, 0, 0, 1.2852751629502903, 1.1243302939900217, 0, 1.6222892026178328, 1.2606542766099524, 1.471093121806967, 1.2570222853175763, 0, 0, 3.5153269603489994, 0, 0, 0, 0, 0, 0, 1.416637941651239, 0
7.775570328587672, 0, 1.7147570932747949, 0, 1.457087138178697, 2.3642554235754245, 1.875930550977591, 1.5682573794159977, 1.6329124863536668, 2.285069002157525, 2.6627362349554886, 2.2330378075548603, 1.751964945581963, 5.8303005154840095, 0, 5.542575146603605, 0, 0, 1.7646497458165833, 1.8688008208097067, 0, 1.6450842570600506, 0, 0, 1.166331743787474, 5.185114448995649, 1.5438903307564402, 3.352698911478371, 1.7052899306713138, 0, 1.5949588199163063, 1.792340102206922, 0, 2.101863531006269, 1.53500223563607, 0, 2.7571638709092086, 1.5981140153826074, 1.5105554933884082, 1.6071084971434055, 0, 1.524237761665882, 2.325706177604982, 1.858391855478394, 0, 0, 0, 1.6057897863993302, 0, 0, 2.1351649667790764, 0, 2.0778209432982293, 4.4611644771333205, 0, 1.8405933528639116, 0, 0, 0, 1.1568904379989435, 2.011852338667519, 0, 2.0281429582213257, 1.6204039536131474, 0, 1.3019138909877184, 1.5941394995815523, 0, 2.8362176224267737, 0, 2.690246482373292, 0, 0, 0, 1.736060374950342, 0, 1.671743028467831, 1.8505153749361738, 2.1870882210824982, 0, 2.5953390926644895, 0, 2.0578513103497222, 0, 0, 0, 5.558379667545917, 1.9637656396333343, 0, 1.7822947174392056, 1.2618492053294605, 2.077228260988672, 2.0441860379666497, 0, 2.0583192046237797, 2.5490181489600494, 0, 1.9294471693677198, 2.286946049993953, 1.5628677067996393, 1.8694707272457625, 2.4464237768427815, 1.794150251283753, 0, 0, 0, 2.287331150610916, 2.17164785711332, 1.4381206123911177, 1.2466833072659498, 0, 2.03893914610404, 1.1271880991437242, 1.592739327597674, 1.8619060540948078, 0, 2.88735436397313, 0, 0, 1.8543327352370842, 0, 2.0926445879813858, 0, 1.9398621405243226, 1.5117895968593602, 1.764080660351783
8.684695511546405, 6.0537180456395046, 0, 5.8411121095037295, 2.048226055546844, 0, 0, 0, 0, 6.065281845426136, 6.428074612537073, 5.463905809701554, 3.8669038925585744, 7.823762967300156, 5.670544400660568, 7.970537497008118, 5.090266501099197, 5.396284159036685, 0, 0, 4.1287993465698545, 5.0427286201846, 6.192472660523225, 5.417022391657158, 0, 7.749538820817751, 0, 7.129571028370277, 0, 0, 0, 1.9827132816241888, 4.4226412712882635, 0, 0, 0, 4.700046789053467, 0, 0, 0, 0, 0, 5.751646257757419, 0, 0, 0, 5.354736889547306, 0, 5.2219873421152965, 0, 0, 6.038343603713561, 0, 7.535327616973668, 4.227821461295498, 0, 4.958135297223642, 5.874010612156044, 4.9017197396644345, 1.4134313951784376, 0, 5.8870647026912195, 0, 0, 5.643580139920627, 0, 0, 7.275557273257774, 6.512770549706991, 5.940358110585147, 5.551750847286896, 5.194378427773334, 5.776921844255582, 6.109195992835989, 0, 0, 0, 0, 0, 5.0548154373521275, 0, 0, 0, 0, 5.699141600874799, 5.712723674546676, 0, 0, 3.9237166454058245, 0, 2.2299573972454363, 5.865730539961616, 0, 5.04277946410319, 0, 0, 3.1100654923577697, 0, 0, 0, 0, 0, 4.211551813844129, 0, 4.720616107541981, 0, 5.312954674651677, 0, 0, 0, 5.326416731742932, 4.336813447912539, 0, 0, 0, 6.071843719324921, 6.46548899710794, 5.327777107742424, 5.596235568123517, 4.616588645132002, 5.44348302047458, 4.242999446962991, 5.385670878544395, 4.373835787502587, 0, 5.0840265779839955
7.150689217056757, 2.4125498287571485, 1.7616085678221234, 2.344357068514518, 0, 0, 0, 0, 0, 2.266762405391327, 2.7666503512973146, 0, 0, 5.473766801780328, 0, 3.766405220867531, 2.21622669005895, 1.952638566607846, 0, 0, 0, 1.846776967353996, 2.5267023829859956, 2.17477652919214, 0, 0, 0, 0, 0, 0, 0, 1.002923296180518, 0, 1.0593711112848747, 0, 1.0466704913737306, 0, 0, 0, 0, 0, 0, 0, 0, 0, 0, 0, 0.9526135624625384, 2.044214518720201, 1.4752108878816235, 0, 1.6120265605535695, 0, 2.751881321461676, 1.4260272120646975, 0, 1.7676159331845402, 2.5007091391569, 0, 0, 1.0873512714121518, 0, 0.9653719599743235, 1.4876006758163756, 2.86274154229805, 1.3302981474733702, 0, 0, 2.261667603522269, 0, 0, 0, 2.768898002551251, 2.9264467756852306, 0, 0, 0, 0, 0.7558304219871728, 2.183422989049183, 0, 0, 1.4992519989146145, 1.457174144193157, 1.7612519697748341, 2.4554251995807213, 0, 0, 2.136518741923741, 0, 1.1791882957744588, 2.5206941051453144, 0.7036569526351151, 0, 0.8968110395615188, 0, 0, 0, 0, 0, 0.79254241791737, 0, 0, 1.5052623611315645, 1.7318168467210628, 0.9556921452085415, 0, 1.2194891252043418, 0.858156440537923, 0, 0, 1.6015622112390588, 0.6678217221329664, 0, 0, 0, 2.53763853697993, 2.2889115979974095, 0, 0, 0, 0, 2.1215711152240533, 1.897997686318751, 0, 1.8824911688638692
0, 0, 0, 0, 1.3155805788906594, 0, 1.287401075953357, 0, 0, 0, 0, 0, 1.3821660354578236, 0, 1.5066716965733966, 2.890529179325876, 1.4771005577427834, 1.647881023124608, 0, 1.0268672051025247, 0, 1.2951334250358881, 1.8393503739259638, 1.4274362116001078, 0, 3.6862360684964575, 1.3147836554621768, 3.629071159330767, 1.2703343122272066, 0, 1.114301987401569, 1.1111546900379283, 1.537909909053046, 0, 1.4646082421616426, 0, 0, 0, 1.0794860124891412, 0, 0, 0, 0, 1.6622483091971891, 0, 2.0180607290791426, 0, 1.7427657736281519, 1.5155963604979696, 1.3629532388020127, 1.5698352139324578, 0, 1.735128157947812, 0, 1.347588907669485, 0, 0, 0, 1.2837174107250926, 1.0374425589548344, 0, 0, 0, 1.4839486227947847, 0, 0, 1.4526389515957745, 1.7803660137793624, 1.6878857860769163, 1.4838384327098637, 2.2428773651320655, 1.4665603144121482, 0, 1.6965934160830527, 0, 0, 1.42369025593074, 0, 1.5106820710678683, 1.1800241868241115, 0, 1.409384110470247, 1.4259364707954887, 1.0820692775662737, 1.7361362871161132, 0, 0, 0, 0, 1.3726373946057764, 1.0546733184348018, 0, 0, 1.7201478003481347, 1.6749770391354037, 1.1764603430634046, 0, 0, 1.314740117062797, 0, 1.179935566166473, 1.6896588908077799, 1.464200550872617, 1.3063039744821516, 1.4496255271453504, 1.3546532458499163, 0, 1.4422317320389544, 0, 1.449176662350112, 0, 1.2856771092679398, 0, 1.6602728514110494, 1.0546897740607726, 1.8662846888166986, 1.6672920384654786, 0, 1.4033417833201378, 1.5086587298310425, 0, 1.6415181200731177, 1.7310961602704322, 1.5309382869828516, 0, 1.6976610389321423
7.218588516991031, 0, 1.4981830876299, 2.602883420861804, 0, 0, 0, 0, 1.2288978737216125, 1.9821377906808468, 0, 0, 0, 5.052818663848178, 0, 4.550868922580426, 1.7147739294336508, 1.8848993399129133, 0, 1.0227618351780068, 0, 1.6648963172086761, 2.080823719755039, 1.7977929418051004, 0, 0, 0, 2.8906439508478563, 0, 0, 1.161003539376301, 1.1927743782386846, 0, 1.2784663839318642, 1.1669893435595502, 1.1374557219403874, 0, 0, 0, 1.1080839315965356, 0, 0, 0, 0, 1.186372641120126, 1.4647218515125922, 0, 1.2018793623397632, 2.0848096349651217, 1.4256537416984925, 0, 0, 0, 3.420220009863122, 0, 1.1505328144940963, 1.989430057876564, 2.10892761263069, 1.7763691715020022, 0, 1.2254020416825162, 0, 1.2739775841584018, 1.2384148157249477, 2.0610473000652427, 1.3132825435945947, 0, 2.4803071989924494, 2.900588535204368, 2.159140772538931, 0, 1.9123314077873883, 0, 2.133005623570808, 0, 0, 1.1944138616290172, 0, 0, 1.8510145213342706, 0, 1.2896388176853861, 1.2477178974753584, 1.3573395884089479, 1.700014244884342, 2.012926809938353, 0, 1.1761969531888543, 1.7851439850892452, 0, 1.2301245682180593, 2.084609238013261, 1.3169052653263829, 0, 1.199640551139576, 0, 0, 0, 0, 0, 1.3661998944994604, 1.1980196436196597, 1.4721127987286058, 0, 1.5330485870859534, 1.342117220664523, 0, 1.349197712153838, 1.0720560590429398, 0, 1.5009979931331814, 1.524611590750654, 0, 0, 0.9458888002375869, 0, 2.080432674976329, 2.20656489058177, 0, 1.7703617381394758, 0, 0, 0, 1.692576628418567, 0, 1.5906865266388834
0, 1.397422024946014, 0, 1.383158156866007, 0, 0, 0, 0, 0, 0, 0, 0, 0, 2.78374241984427, 0, 0, 1.2412268775477422, 1.1693475164698064, 0, 0, 0, 0, 1.3231593474634427, 1.3404190598899097, 0, 0, 0, 0, 0, 0, 0, 0, 0, 0, 0, 0, 1.1224767684584005, 0, 0, 0, 0, 0, 0, 0, 0, 0, 0, 0, 1.3661722330358586, 0, 0, 1.28992688375831, 0, 1.8602854227557075, 0, 0, 1.2100193751584705, 1.5349052316973597, 0, 0.6417303830847401, 0, 0, 0, 1.0753728285578206, 0, 0.978468496971058, 0, 1.367845185785352, 1.5856175625914246, 0, 0, 1.4318053046763428, 0, 0, 0, 0, 0, 0, 0, 1.4486093167519598, 1.1804106984261515, 0, 1.0939787186258183, 0, 0, 0, 0, 0, 1.090669515378892, 1.0152217855387438, 0, 1.2448912783642285, 0, 0, 1.0268534318923395, 0, 0.9531185491735761, 0, 0, 0, 0, 0, 0, 0, 1.1209384092210102, 0, 0, 0, 0.6142517465021038, 0.6803158217956297, 1.1990614511119144, 1.1237496178591793, 0.46267339718122585, 0.988035821187463, 0, 0, 1.2930494563760817, 0, 1.215242825998188, 0, 0, 0, 1.3647233746284857, 0, 0, 0
6.09377085908478, 0, 1.8348098879207198, 0, 1.6534605026283, 0, 1.8912631681126966, 1.4684228963925965, 1.4380010245940658, 0, 0, 0, 1.6596607663920198, 4.954086950672234, 0, 5.219759016492034, 1.9444732061057628, 0, 1.8802025622021319, 1.5481113651297935, 0, 1.615188237198404, 3.505850716989331, 1.9861984621813518, 0, 4.835105336905968, 1.6035028350981535, 0, 1.7427138019859174, 0, 1.4505206068540788, 1.3371611878353271, 1.6997754452950855, 0, 1.5361199541165058, 0, 4.494593678865675, 1.570471169669812, 1.465899151234881, 1.4360782345922065, 0, 0, 0, 2.033815844781988, 1.3483720948371694, 1.9224432123944233, 0, 1.6476265721243306, 0, 1.4033587110141241, 0, 0, 0, 0, 1.621690634523943, 1.6088913353537038, 0, 0, 1.710260923161695, 1.094646841193794, 2.032222399759255, 2.523823286587074, 1.6267478275712712, 0, 2.385501758591882, 1.0626875834483531, 1.7650153172042227, 0, 0, 0, 2.572540978490063, 0, 0, 0, 1.439897872734454, 0, 1.9233292419238883, 0, 1.7825844714199608, 0, 2.5057195931825222, 1.6570898906436198, 1.3865714557107427, 1.3257051050767692, 2.1215199417940256, 0, 5.314630246851443, 1.7942892169584699, 0, 1.5253169053413962, 1.116875751903389, 0, 1.585784865030412, 2.018217990288311, 2.1392324664240623, 0, 0, 0, 0, 0, 1.5655937555509407, 2.506161981375318, 1.9761217117865784, 0, 0, 1.9481248098524517, 0, 0, 1.468181914461667, 1.2027071193499832, 0, 1.971779426927013, 0, 1.833480704646966, 1.3639460949787603, 0, 0, 0, 0, 2.032820061295404, 0, 1.6997192380483341, 0, 1.8950176688546705, 0, 0
6.542417907146915, 0, 1.5312134182254586, 0, 0, 0, 0.9626266029755218, 0, 0, 0, 0, 0, 0, 3.6907401542867273, 0, 0, 0, 0, 0, -0.07804641829591427, 0, 0, 0, 1.638962760951666, 0, 0, 0, 0, 0, 0, 0, -0.08018861738530783, 0, 0, 0, 0, 1.4793796619738284, 0, 0, 1.0788235261285704, 0, 0, 0, 0, 0, 1.1071233711953254, 0, 0, 1.5479964447901602, 0, 0, 1.4267758162702513, -0.07366704646266266, 0, 0, 0.9848959629948151, 1.5918095847815827, 1.7106094726583307, 0, 0.3239332996540473, 1.2444978645702278, 0, 0, 0, 0, 0, 0, 2.467429711106132, 2.171447518476933, 1.8348988014490726, 0, 0, 2.1182224983042075, 0, -0.08995033733622426, 0, 0, -0.16016663432920783, 0.8727729718183574, 1.730728698243924, 0, 0, 1.217096360586587, 0, 0, 0, 0, 1.1340985786740108, 0, 0, 0, 1.924313164033301, 0, 0, 1.072111384792495, 0.8520263257571143, 0, 0, -0.10155364816593711, 0, -0.11559868529544043, 0, 0, 0, 0, 1.009330660669245, 0, 0, -0.08543926705396541, 0, 0.9053837246595872, 1.4454931123807353, 0, 0, 0, 2.4245076773258925, 0, 0, 0, 0, 0, 0, 1.7872575994357587, 0, 0, 0
7.092243508570066, 2.670528714194257, 1.7681719856734501, 0, 1.4053000597633187, 0, 1.4854898137785706, 1.287877813877024, 1.251379689024512, 2.3889321518603808, 2.482627018688075, 2.3175593347836254, 1.595131237054297, 5.719341451949674, 0, 4.787963195406458, 2.4595529723489404, 1.7248960066409444, 1.4513779112747514, 1.2220740065528803, 0, 1.7053114864156413, 2.500672096187451, 2.4712071649622103, 1.1205475682299098, 5.29275631993731, 0, 0, 1.472447837610884, 0, 1.0605881444236318, 1.4400860208953996, 1.8542600077054552, 0, 1.336729583198466, 1.1828577635307456, 0, 1.151456800151701, 1.3453877124812497, 1.456618460348025, 0, 1.2058687697537591, 0, 2.0494105311707846, 1.0554561323768425, 1.5895191654863539, 0, 1.3173223844212818, 2.285931932178352, 1.5254067281157246, 1.5444614517477862, 2.505132397749358, 1.517813000115369, 4.811382523923647, 1.666287115830658, 1.5141205246970815, 1.7749564134938212, 2.345305271617474, 0, 0, 1.5515250640285947, 2.239350169200388, 1.270718047970485, 0, 2.5652898800996926, 1.5275342984859221, 1.4805498023653554, 2.7469635996525144, 0, 0, 0, 0, 2.760870325757667, 2.5892455310460267, 1.0854045763595566, 1.3323458252494966, 1.635419665251459, 1.4339542697609866, 1.2784908380257047, 2.2999874973878796, 0, 1.632939262329179, 1.6657977726008997, 1.7180492983452822, 1.9626048011987445, 2.3398391815556376, 5.136465198420802, 1.275526846751839, 1.8620488537719357, 1.4358520571435343, 1.5506347877368711, 2.314340942525631, 1.1659466918947894, 0, 1.4911598184333121, 1.4684065786822378, 1.7261996717721606, 1.6030913342104496, 1.4184265368064586, 0, 1.4952588234446254, 1.6152145112982308, 1.9201195655152212, 1.646647840611017, 1.897669048071227, 0, 0, 1.5677105985891282, 1.224497361840704, 1.0571120054302239, 1.6999457317481557, 1.849574807658055, 1.1677059671296106, 1.5103247460278582, 1.1856772159816373, 0, 2.6342239086571286, 2.1769693472960263, 0, 2.1031540496087864, 2.205888260845529, 1.887954775215658, 0, 1.8259164074110177, 1.5937653135871948, 0
7.487153572997189, 2.5987778493835356, 0, 0, 1.0525211120983071, 0, 0, 0, 1.070122203521976, 2.3370905596715117, 3.058744625686039, 0, 1.9151923043668084, 5.3209879899885415, 1.8102254806281528, 4.57142544836386, 2.230969881459084, 1.9630477946328218, 0, 0, 0, 1.9983547680470457, 0, 2.243936756171791, 0, 0, 1.0644510521714825, 3.353703289427025, 0, 0, 0, 0.9345908391508276, 0, 1.2547183855805015, 0.9055436062844613, 1.073489103749922, 1.28166369507579, 0, 0, 1.0368976040267681, 0, 0, 0, 1.6279933086034253, 0.8371587631653596, 1.576054695139559, 0, 1.045757318840595, 1.7748221008890614, 1.4229826146446405, 0, 1.991044817388754, 0, 2.8178181325474396, 0, 0.8923262856137845, 1.9902993398220434, 2.0958805387030583, 2.081135120793776, 0, 0, 0, 0, 0, 2.466742324624899, 0, 0, 3.033901120640322, 0, 2.722193058883526, 2.3399733782172394, 0, 3.0926339504573908, 2.6658001993826295, 0, 0.9188019128433856, 0, 0, 0, 2.1330970572038197, 0, 1.2972469658818928, 1.325418716220034, 1.6361816129059734, 1.7018223954086602, 2.398543873922776, 0, 0.9278557361763686, 0, 0, 1.1992094630111994, 2.713569254531196, 0.841980593856615, 1.752628471353316, 0, 0, 0, 0, 1.1570435676232012, 0, 0, 0, 0, 1.5445078113494113, 1.6867510802028076, 1.075926069079495, 2.128693935862606, 0, 0, 0.8591100385697826, 0, 1.63938425882593, 0, 0, 0, 3.3057187138804185, 0, 2.3027510480444473, 0, 0, 0, 2.1158155457529704, 2.139816822832498, 0, 0, 0
6.940026710000843, 0, 0, 0, 0, 0, 0, 0, 0.9224867455753569, 0, 2.660662012319183, 0, 0, 5.366795141286417, 1.7089005656513059, 0, 0, 2.1284311464757777, 0, 0, 0, 0, 0, 0, 0, 4.263494100122069, 1.361250538197599, 3.585989019888531, 0, 0, 0, 0, 0, 0, 0, 0, 0, 0, 0, 1.149203979472751, 0, 0, 0, 0, 0, 1.3594825083556277, 0, 0, 1.6447926180500108, 1.211455537884997, 0, 0, 0, 0, 0, 0.8857061174976376, 1.864712974790262, 0, 1.765416744470224, 0, 0.8698372721815386, 0, 0, 1.2805423355691576, 0, 0, 0, 0, 1.955664601915036, 2.4853390489857676, 0, 0, 2.4523294165948735, 2.565323394274552, 0, 0, 0, 0, 0, 1.7482675514037673, 0, 1.299296034516532, 1.0831234664533724, 0, 0, 0, 0, 0, 1.9104122917565696, 1.0933206045571222, 0, 0, 0.8285384867780334, 0, 0.9102833075958157, 0, 0, 0, 0, 0, 0.7971905041892785, 0, 0, 0, 0, 0.9007073495743946, 0, 0, 0, 0, 1.1413333004657453, 1.6997071067184888, 0, 0, 0, 3.1947717553992296, 0, 0, 0, 0, 0, 0, 0, 0, 0, 2.0338159835913703
5.7523399063305645, 0, 0, 0, 0, 0, 0, 1.0619708975428195, 0, 0, 1.9713674576718578, 0, 0, 4.474768738210651, 1.6767135111359777, 0, 1.6987348301593654, 2.0203106462925997, 0, 1.133298639683445, 0, 0, 0, 1.6088914823992821, 0, 0, 0, 2.7958320345534373, 1.3014062899230467, 1.4783143265185807, 1.236028089564503, 1.1081493868730636, 1.3668197753984395, 0, 0, 0, 1.692158769175187, 0, 0, 1.2274745425338205, 0, 0, 0, 1.3938174848798035, 0, 1.453451200197784, 0, 0, 1.7257278692147011, 0, 1.4981923789473623, 0, 0, 2.9330569051255377, 1.408384680093302, 1.1695683375949755, 0, 1.7678533548078132, 0, 0.8398860175936707, 1.261610355987086, 2.0470568464043994, 1.4604366025180313, 0, 0, 0, 1.3054472787403562, 2.103299209767983, 2.5310050235428223, 2.0549323418212637, 0, 0, 0, 0, 1.0285661375404052, 1.1010692099840291, 1.1847650154930263, 0, 1.1241071791107402, 1.642294959089492, 1.6208958490599108, 1.3383721881908157, 1.4209306334516412, 0, 1.6784440549530235, 1.8782816920918672, 0, 1.0802446405684276, 1.5011310743038682, 1.3481277222917782, 0, 2.273777344278848, 1.1899041843785918, 0, 1.3056273853957592, 1.3706910838199846, 0, 0, 1.4244072961652614, 1.2822596150913075, 1.2777401047512909, 1.1227532567353307, 1.3654561530323777, 0, 1.358756559389523, 1.2247881382963175, 0, 0, 0, 0, 1.5115041153239586, 1.4332671987353867, 0, 0, 1.008065120502395, 2.25984752299537, 0, 0, 1.919478057560162, 1.8983177876830721, 2.246162090503, 0, 0, 1.424195613954121, 0, 0
5.9955592977691285, 0, 1.8495871726336421, 2.2160112719451326, 0, 1.5986334807877192, 1.302070200338456, 0, 0, 0, 2.420583993714694, 0, 0, 4.7027932378947295, 0, 4.850743793729975, 0, 1.7128801100196671, 0, 1.166381274476259, 1.879066708789546, 0, 0, 0, 0, 4.542101745808026, 1.3454319143193076, 0, 1.5656648160582092, 1.6320262488263027, 0, 1.1110642773005621, 0, 1.1742359781838254, 0, 1.1259189676286578, 0, 0, 0, 1.3840594106346844, 0, 0, 0, 0, 0, 0, 0, 1.05004801350334, 1.6634782355945203, 0, 0, 0, 0, 0, 0, 1.2441023176061121, 1.5067385447826, 0, 0, -0.057634726652154564, 1.1336751480226228, 0, 0, 0, 0, 0, 0, 0, 2.1523231706272576, 0, 0, 0, 0, 0, 0.9649380485316933, -0.054914210739789276, 1.1248979537276258, -0.048100263838963826, 1.0489282135980496, 1.7518202172632638, 0, 1.421758494959011, 1.1440045646593917, 1.3359724623166296, 0, 2.483731961293146, 0, 1.136157844238119, 0, 1.3340926740821621, 0, 2.126781380394468, 0.9346429526718434, 0, 1.1208137192394907, 1.4638995568113995, 0, 0, 1.2682963829507488, 1.3654747487840448, 1.1436238883109504, 1.337566151918857, 1.5586955509802043, 0, 1.8532822267080946, 1.293386340377305, 0, 1.306837556345573, 1.0644283324080879, 0, 1.724115240230303, 2.021667400317113, 0, 0, 0.9515985578736234, 0, 0, 0, 2.2991209751646036, 0, 2.285974053254808, 0, 2.151882025301385, 1.8280726212361789, 0, 1.8934481969541992
7.056817601412345, 0, 0, 0, 0, 0, 0, 0, 0, 0, 0, 0, 0, 4.546285035681013, 0, 0, 0, 1.7745458940405194, 0, 0, 0, 0, 0, 1.8424958621868222, 0, 0, 0, 0, 0, 1.5066715976225802, 0, 0, 0, 1.0020735355985948, 0, 0, 0, 0, 0, 0, 0, 0, 0, 0, 0.7563298389787464, 1.3029621835435021, 0, 0, 1.5079707758589214, 0, 0, 0, 0, 0, 0, 0.9149900191735483, 1.672948534996424, 1.7555111138293278, 1.6475371357453599, -0.07950642237427603, 1.0996081652176235, 1.7664174393328542, 1.0112309237770067, 0, 0, 0, 0, 0, 2.218044401642594, 2.0688564970771814, 0, 0, 2.479195679621445, 0, 0, 0, 0, 0, 0, 1.8499181911476648, 0, 0, 1.24881016429192, 0, 0, 0, 0, 0, 0, 0, 0, 1.9224641592285858, 0, 0, 0, 0, 1.1770223613127002, 0, 0, 1.3131582434993685, 0.7263181374971996, 0, 0, 0, 0, 0, 0, 0, 0.7063930925486361, 0, 0, 1.5090594642503015, 0, 0, 0, 0, 0, 0, 0, 0, 0, 0, 2.031201278593638, 0, 0, 0
7.6812628058611345, 3.76589084351294, 0, 2.6755967340918403, 0, 0, 0, 0, 0.8341227605949292, 2.0968295730318807, 0, 0, 1.4935326863631093, 5.713394238956072, 0, 4.943498188739603, 2.2786036776733707, 0, 0, 0, 0, 1.6870100028754798, 3.6042835600374183, 2.49648268829381, 0, 0, 0, 0, 1.2198343725113743, 1.4028080941854106, 0, 0, 0, 0, 0, 0, 1.3366688841433183, 1.0851913418249453, 0, 0, 0, 0, 0, 1.5032973330945834, 0.8167445307557486, 0, 0, 0, 2.1188596131931035, 1.3500465538687585, 0, 1.7443924617816131, 0, 0, 0, 0, 0, 2.40254213497414, 1.9382976395425586, 0, 0.958674195912542, 1.7207958523102398, 1.0696220269860304, 0, 2.6756251774457347, 0, 0, 2.6988765433344306, 2.2704608700110485, 0, 0, 0, 2.186087554631156, 2.760712724188322, 0, 0, 0.9509236678113221, 0, 0.8804781355652519, 1.6267128508771116, 1.2114454846760496, 1.1997490450774817, 1.494049625190832, 0, 0, 0, 0, 1.2873049724845635, 1.698685250175015, 0, 1.246459081006751, 2.375391029945766, 1.0718624547886113, 0, 1.0610912037437406, 1.0535432937548397, 1.159178819922401, 0, 0, 0, 0.899534295245854, 0, 0, 0, 0, 0.9779254553854925, 0, 0, 0, 0, 1.3899600256242681, 1.5267930530819254, 0, 0, 0, 2.495611803525423, 2.38546989992523, 2.568080996696321, 0, 0, 0, 0, 0, 0, 0, 1.8076330510343959
6.482981611798549, 1.9343066617822884, 0, 0, 0, 0, 0, 0, 0, 0, 0, 0, 0, 3.7682247334161194, 0, 0, 0, 0, 0, 0, 0, 0, 0, 0, 0, 0, 0, 0, 0, 0, 0, 0, 0, 0, 0.8339140210925802, 0, 1.3900109095285982, 0, 0, 0, 0, 0, 0, 0, 0, 0, 0, 0, 0, 0, 0, 1.3455245783719711, -0.037762941149294474, 0, 0, 0.9630584547664693, 1.5529042891181155, 0, 0, 0.31000186970056015, 0, 0, 0.8982743313115482, 1.2517485035292029, 0, 0, 0, 2.398391321813314, 2.0308680458546755, 0, 0, 0, 2.2169387928589974, 0, 0, 0, 0, -0.09415836432457755, 0, 1.5597481905708181, 0, 0, 1.1757957720751402, 0, 1.3113440184119622, 0, 0, 1.0701802792607749, 1.5151809662130211, 1.0549492943682341, 0, 2.146052184960125, -0.037708969002841194, 0, 1.0689169612503673, 0.8311995855341167, 0, 0, 0.9097215974542185, 0, 0, 0, 0, 0, 0, 0.9384567487034282, 0, 0.9108468056524919, 0, 0, 1.1024507322262624, 1.42031893179953, 0, 0, 0, 0, 0, 0, 0, 0, 0, 0, 1.5788112717294764, 0, 0, 0
5.946759791544987, 0, 0, 0, 0, 1.37155852782864, 0, 0, 0, 0, 0, 0, 1.317825165854017, 0, 1.6056789103118736, 4.272494489305592, 1.6224174070904502, 0, 0, 0, 0, 0, 0, 1.6272798342704873, 0, 0, 1.151570672544141, 0, 0, 1.281449491109841, 0, 0.9707132007357235, 0, 1.0395940807223916, 0.9043120671614218, 0, 1.2986633872604694, 0, 0, 1.2524200311744476, 0, 0, 0, 0, -0.06433009533005771, 0, 0, 0, 0, 0, 0, 1.8305057004398944, 0, 0, 1.3064031208425164, 1.125967634291703, 1.5508533593646459, 1.8514820659958386, 0, 0.4794750334557564, 0.9438201008832846, 0, 0, 0, 0, 0, 0, 0, 1.982198905850689, 0, 0, 0, 2.430168138623177, 0, 0.8726579789766441, 0, 0, -0.0557004467168286, 0, 1.8802318364716046, 1.4246310086523135, 0, 1.238224232240408, 0, 0, 0, 0, 0.9166081764390102, 0, 1.0649227247059967, 0, 2.105220583258068, 0.8166201429195468, 0, 0.9345140983855964, 0.9643461700276696, 0, 0, 0, 0, 0.9854251249301516, 0, 0, 0, 0, 1.006468598426051, 0, 1.0716980649105536, 0, 0, 1.317130435181787, 1.4674145418670652, 0, 0, 0, 2.569498811711393, 0, 0, 0, 0, 0, 0, 0, 0, 0, 0
7.211002459384805, 0, 0, 0, 0, 1.7194994730109476, 1.2576939478365528, 1.3105348742032386, 0, 0, 0, 1.8376021286738315, 1.2121950278721982, 5.503632503517072, 0, 0, 0, 1.4238277369201007, 1.270675573788307, 0, 0, 0, 1.9748583098202488, 0, 0, 0, 1.5238876839531725, 0, 0, 1.7016276959254062, 1.2811002926284654, 1.3213102552395148, 1.5326139743218194, 1.530620103872975, 1.2971940323827018, 1.1639259486220135, 0, 0, 1.1460240111912523, 1.2386729287335603, 0, 0, 0, 1.475145633723229, 0, 1.5524630860956212, 0, 1.1591570091723145, 0, 1.4562369411028364, 0, 0, 1.612138576131264, 4.17250120844246, 0, 0, 0, 0, 1.417099162263385, 0, 1.5188079916698074, 1.7005391983047335, 1.4646503224513572, 1.3552845818751948, 1.875275306016762, 1.2463878026894653, 1.3633930665874012, 0, 0, 2.014681782827083, 0, 0, 0, 0, 1.445581702193715, 1.2503450987636986, 1.432358774394263, 0, 1.7429125452251384, 1.7651222634226311, 2.029534045516492, 1.3514481401823915, 1.3960402254672999, 1.1658520233400562, 1.794629071757006, 1.5866273479665478, 0, 1.4796216620078726, 0, 1.339474902825528, 0, 0, 1.3887365333247674, 0, 1.6221916466947546, 1.8378315828575018, 1.3764830913012833, 1.6592499081895091, 1.5958877109287986, 0, 1.4648222327011342, 1.7434703941272849, 0, 0, 1.431984036938635, 0, 1.7650009839166827, 1.8845630766504722, 1.2756383506592688, 0, 1.8247722868294325, 1.6109923696751938, 0, 1.3691965363944805, 1.2557060287537087, 0, 0, 0, 0, 0, 0, 1.4332580123057053, 0, 0, 0, 0
6.5104171465294645, 0, 1.193092359841011, 1.4680112441005675, 1.1893171005077776, 1.5287114120742875, 1.2686634774321284, 0, 1.1618379415666686, 1.82542269792994, 0, 0, 1.5709241879313869, 0, 1.5428301819812782, 0, 1.5627242787560702, 1.401972377921859, 1.202174984545854, 1.1598002020573797, 1.2887640374293743, 1.5123852589162818, 1.4765672020662124, 1.4498600219665534, 0, 0, 1.1334458484642105, 0, 0, 0, 1.373694637902027, 1.1623829480921317, 1.4923639014895074, 1.7095522190695518, 0, 1.2203334260035665, 1.4764654606578071, 1.0693685825400294, 1.0888919036903617, 1.2908441360970615, 0, 0, 1.789315153946076, 1.3544801585488726, 0, 1.6388627473439752, 0, 0, 1.6968032703192535, 1.3182570394198696, 1.3093048956909252, 2.0475247879264686, 1.404125268800751, 0, 1.5194903609007175, 0, 1.4611908539400873, 1.6125463425649658, 1.3478144809650294, 0.8931119999873525, 1.2768588882032423, 1.7390828273678434, 1.3355117869546462, 1.3701398722048037, 1.7724453055770872, 1.265306720770561, 1.2469650187383297, 0, 0, 1.749416575349258, 1.5829883486301422, 1.556072263919446, 0, 0, 1.2090052390550197, 0, 1.4330940571729902, 0, 1.4473632000075265, 1.3511111042782256, 1.7475540668003593, 0, 1.3798236715418126, 1.1520695008687405, 1.4788512203087303, 1.3974465378077012, 0, 1.1769369013803055, 1.2360334472766286, 1.1846325153620896, 0, 1.501208053919192, 1.3861364679554458, 1.6216839207649034, 1.6467384049291285, 1.8865322625651622, 1.1738510245264202, 1.363188898148117, 0, 1.236490913741288, 1.3718216064298625, 1.6847483848272176, 1.335185398399337, 0, 1.5060997814156611, 0, 1.6504793072435333, 1.4692207377008164, 0, 0, 1.4859725143378557, 1.4238512133509769, 0, 1.269343290602751, 1.16906533988436, 1.8365775239506905, 1.8888557845325982, 0, 1.4235989876497572, 1.6723966012142322, 0, 1.2379753547444874, 1.4386877319001385, 1.3546134019870792, 1.1364425951284733, 1.5907284185511907
5.294297428174668, 0, 0, 0, 1.5823847186257447, 1.9692224427239007, 1.8652758613023876, 1.3460391003848302, 1.4878666669781253, 1.7124133101277128, 0, 0, 0, 4.34406038766561, 1.6741347703621712, 4.509805275588098, 0, 1.7179815544797556, 1.4780246161526678, 1.385280749769899, 1.4696239418775687, 0, 0, 0, 0, 0, 1.4620992547663596, 0, 1.6176293812283675, 1.6934609642424479, 1.5859468180511633, 1.528204459912841, 1.543780816601035, 1.7567789340007862, 1.5528019822419084, 1.2295567490024366, 2.0047129854661705, 1.447612753390524, 1.3853662586057196, 1.405428228607694, 0, 1.2476545957873757, 1.7815446154040075, 1.6867616810732473, 1.4302410032159905, 1.7320136511780089, 0, 1.6651554136443059, 1.5920654254075008, 1.2721258069333103, 1.499113719934267, 2.35395156307025, 1.9803766913855145, 0, 1.486492378007688, 1.561608811668065, 1.4405777080942057, 1.8236440735240262, 0, 1.174157700775027, 1.3707043715501719, 2.1825363689599424, 1.4674022949291299, 1.3534695781096042, 1.7945589765203491, 1.241585400025886, 1.4133819720485237, 0, 0, 0, 2.145018103331827, 0, 0, 0, 1.561195824885308, 1.1664630882786413, 1.4710257685597636, 1.7672155005861185, 1.801174076808386, 1.5875951090157894, 1.879600372518806, 1.4905582949726293, 1.4748324292808208, 0, 1.5622135366111847, 1.7243357397415906, 5.024891531626227, 1.523431237490012, 1.269037283750049, 1.436768884831101, 1.1402980044463045, 1.7046358750921, 1.5569709318731015, 1.9109842592923498, 1.83337078896215, 2.030343637498066, 1.2248632440795086, 1.5855091913756725, 1.8809338115851422, 1.3628402182371147, 1.487159930789347, 1.700001466679305, 1.5677103490645161, 1.230505185971921, 0, 1.3412407427571718, 1.612580767516401, 1.638583775613553, 1.0954819180302215, 1.0732833379794904, 1.797982590360898, 1.8383449156664586, 1.0972205815644551, 1.5258813206147055, 1.2889501994901005, 2.235808884311886, 2.079222163119251, 0, 1.854720836066879, 1.579149289179053, 0, 1.5069317436222935, 0, 1.336355148587488, 0, 0
6.6590429350665, 0, 0, 0, 0, 0, 0, 0, 0, 2.3620134506742696, 2.6452939625769973, 0, 0, 5.77134905760007, 0, 3.625900188335913, 0, 2.2049011839766846, 0, 0, 0, 1.912890299079271, 0, 2.0315000166799977, 0, 0, 0, 3.3401575141146953, 0, 0, 0, 0, 0, 0, 0, 0, 0, 0, 0, 0, 0, 0, 0, 0, 0, 0, 0, 0, 1.804415936247589, 0, 0, 0, 0, 0, 1.2623414496229681, 0, 1.5661666336463245, 1.9956764982109438, 2.059268903003548, 0, 0, 0, 0, 0, 0, 0, 0, 3.0736185622914, 2.2045492078832614, 2.8488385673615437, 0, 0, 0, 2.5586065601962167, 0, 0, 0, 0, 0, 2.2942674099642524, 0, 0, 1.1718705841104053, 0, 1.7405222082550045, 0, 0, 0, 1.971063615158052, 0, 0, 2.6394607770081326, 0, 0, 0, 0, 0, 0, 0, 0, 0, 0, 0, 1.4781332453185736, 1.696766188223824, 0, 1.973811769154564, 0, 0, 0, 0, 1.6532009667346774, 0, 0, 0, 2.8439190781727692, 2.3587245876334157, 0, 0, 0, 0, 1.8771133047609918, 1.9373719866639392, 1.8649648396190728, 0, 1.926800836179693
6.998388632858501, 0, 0, 0, 1.6057237692469155, 2.099039319328494, 2.0494993436439564, 1.7197920471209405, 1.478023361877197, 0, 0, 0, 1.2803666347947715, 4.957844441229228, 0, 5.205747526556358, 0, 1.6872516158258832, 1.7014273547448917, 1.684142179703145, 0, 0, 0, 0, 1.0902260583529912, 4.911335379145435, 1.6489053526278172, 0, 1.7650151891687038, 0, 1.4787289711347702, 1.6882019298434718, 1.6789295887707125, 2.075665496686577, 1.5709714399438675, 1.600606318490777, 0, 1.6861494422953782, 1.3268174124220562, 1.7761076912983882, 0, 1.5343273036340186, 0, 0, 1.2363718964554422, 1.9580842157731684, 2.212128832556474, 1.8964834555581476, 0, 1.5782007796756587, 1.8171994450071907, 0, 2.5134699105515166, 4.004887068984668, 1.466012708305376, 1.9106383172126864, 0, 3.569053185601956, 1.6408213397657496, 1.3720139274635503, 1.935855855485031, 0, 1.9484908303427433, 0, 0, 0, 2.038632850401245, 0, 0, 0, 2.8725614468681657, 0, 0, 0, 1.6433809366474277, 1.5313538187769546, 1.9522641157744542, 2.3741313868823855, 2.4321791416253964, 1.783820973418302, 2.4646395342863228, 1.4837676121404355, 0, 1.3901983565239624, 1.9060111928865535, 0, 5.783663500989147, 1.9467003490852228, 0, 1.7684574175993113, 1.197468663592515, 1.988136682877922, 2.0251226114458936, 1.9309028490505438, 2.2679889022678, 2.354501462635117, 1.3539052295532539, 1.9331235874482862, 2.3155187563242143, 1.6078097830436584, 1.9363701276736596, 2.1930585548743307, 1.7446707240665718, 0, 0, 1.5350594804789819, 0, 1.890177196159159, 1.5127820682007844, 1.4601032628141006, 2.2860698667345494, 1.5663463317596893, 1.143370197960848, 1.7159723174128299, 1.6847578141405497, 0, 0, 0, 0, 0, 0, 1.735619433376637, 0, 0, 1.3963028243251443, 0
6.583296494639976, 0, 1.8165206942960779, 0, 0, 0, 1.5520745576635586, 1.2914504016002657, 1.0014111976519369, 0, 0, 0, 1.7225416540606628, 5.778602531113489, 0, 4.926749071375084, 2.0083900490846314, 2.3544916178471555, 0, 0, 1.8136952247320173, 1.8130099060387164, 0, 2.206553583995736, 0, 4.838302755614751, 1.3125501997351454, 3.6857425125408634, 0, 0, 1.2533569383481606, 1.4222856912381174, 1.8279635074885612, 1.3167490956640122, 1.293704442459013, 1.1857669206473018, 0, 1.3442170208794575, 1.1209968362993545, 1.4321815114195506, 0, 0, 0, 1.8318080648061499, 0, 1.5829940224764338, 0, 1.4268991475760637, 1.9454255758020003, 1.5441459199760437, 0, 0, 1.2881242737830019, 0, 1.7050436228057866, 1.3331960815135044, 2.1914359039152917, 2.260067821931887, 0, 0, 0, 0, 1.3030718974554472, 1.424811914587973, 2.3694200274419916, 0, 1.4163089779080855, 0, 0, 2.463492834239484, 0, 0, 2.632959921031457, 0, 1.1839119661263366, 1.0362414444331713, 1.3454019451969288, 1.3470637012017497, 1.309298085924298, 1.7533629861063906, 1.9515863477129605, 1.503794809332616, 1.3048422778324469, 1.451286887328828, 0, 0, 5.058935854361066, 1.1294060612130796, 1.653206883143282, 1.3787137386438766, 0, 2.253215335002343, 1.4461670485097233, 0, 1.7876612909580432, 1.34968647761395, 0, 0, 1.3216965172033226, 1.3088365985778285, 1.2983382665851784, 1.36201694458321, 1.7552419381524695, 1.4492775074997235, 0, 1.229011302984751, 2.1638164191951437, 0, 1.1239893174498212, 1.0470435558358346, 1.8448576613160839, 1.8503277819096193, 0, 1.409114381229953, 0.9396558471391453, 2.9290686802760817, 0, 0, 0, 0, 0, 1.8599319205575136, 0, 0, 0, 2.1570354405789667
5.362294315164296, 0, 0, 1.7601210721241918, 0.9317795540417289, 0, 0.888878731328787, 0, 0, 1.7183055706740196, 1.9775126096587843, 0, 1.3410534523878663, 0, 1.5323085860536532, 2.32825060619702, 1.4999814255619839, 1.5957371722450218, 0, 0, 0, 0, 0, 1.595425763379108, 0, 0, 0.9721928623590059, 2.681350621426128, 0, 0, 0, 0, 0, 0, 0.8134105730258183, 0, 0.886503368189841, 0, 0, 0, 0, 0, 0, 0, 0, 0, 0, 0, 1.420524417388475, 1.1387650732956542, 0, 0, 0, 0, 1.1484146033486131, 0, 1.3644326476677882, 1.460292655415903, 0, 0.3083740223863283, 0, 0, 0.9153557008070714, 0, 1.659314795885687, 0, 0, 2.130785211493401, 1.8456354446501264, 1.6897904453417858, 1.4971569089501504, 0, 2.0643477773333125, 1.721823460481934, 0, 0, 0, 0, 0, 1.717552590083689, 0, 0, 0, 1.1341106296471906, 1.3905927116402548, 1.6497579784186474, 2.0655181299640084, 0, 0, 0, 0, 1.9627186615948644, 0, 0, 0.8318003912165025, 0, 0, 0, 0, 0, 0, 0, 0, 0, 1.4765348132713287, 0.7635711498523484, 0, 0, 0, 0, 0, 1.392800022615611, 0, 1.1027492845817468, 0, 2.0442574227623793, 1.70774990702218, 0, 1.632717783842555, 0, 1.5160437891203546, 1.477316811133043, 1.556940232901506, 0, 0, 1.3929210109154062
4.665481353837853, 1.5656455911389715, 1.3220440993240667, 1.4942704424371214, 0.9653080391818962, 0, 0, 0, 0, 1.5542045395183572, 1.633722577100254, 0, 0, 0, 1.2815545507641322, 0, 1.328707837247631, 1.6301173191261566, 0, 0, 0, 0, 1.3926564111492075, 1.527649090579335, 0, 0, 0.9729269303056907, 2.2420976397516625, 0, 0, 0, 0, 1.232160302997192, 0.9605594259730486, 0.79240360375408, 0, 1.1558149413513554, 0, 0, 0, 0, 0, 1.2265792743618162, 1.1952010847003232, 0, 0, 0, 0, 1.218647956977397, 0, 0, 0, 0, 0, 0, 0, 1.571720683482262, 1.4951075976209562, 1.2920622165918287, 0.35126506748559805, 0, 0, 0, 0, 1.597205963390044, 0, 0, 1.7738652026070987, 1.5273925451147294, 1.7696593926047695, 1.754616809026817, 0, 1.8981751709481538, 1.5821561321787698, 0, 0, 0, 0, 0.4468261113331462, 1.350713108451487, 0, 0, 1.0579882486467314, 1.0464302219035115, 1.3986243126840143, 1.4833616443512763, 0, 0, 0, 1.0006097357769392, 0, 1.8697548354800524, 0, 0, 1.149868134308197, 0.7892112159418008, 0, 0, 0, 0, 0, 0, 1.290695407198542, 0, 1.4274060170124445, 0.8029356705788808, 1.618622656986261, 0.8103494159633883, 0, 0, 0, 1.2897539535010516, 0, 0, 0, 2.1364294954487644, 1.7993260411865308, 0, 0, 0, 0, 1.3381231893773065, 1.324694148852382, 0, 0, 1.4505571152485763
7.358579020496097, 4.26451478667875, 2.039147115239196, 2.802930590132964, 1.3065940403102831, 0, 1.3500781464341534, 1.0514142678524703, 1.0502081238893155, 2.747632125942182, 3.002590746264246, 0, 1.986327043000225, 6.3461005895526785, 0, 5.234946762848824, 2.450242719240898, 2.4380794514735826, 0, 1.0371139819636628, 0, 2.312909477755043, 0, 2.4262369598444913, 0, 5.241417772023311, 1.2548517084345232, 3.7155838607991676, 1.481818740446824, 1.6945695877713114, 0, 0, 0, 0, 0, 0.9647978050313885, 0, 1.1008296100684216, 1.3649462792186695, 1.3624885734189383, 0, 0, 0, 0, 1.0374792977701695, 0, 0, 1.1733335705609345, 2.540633220661596, 1.7502043737907111, 1.4203727614257713, 0, 0.9243859725315849, 4.886797784277224, 1.5662562500498907, 1.0914963805046511, 1.8824832524298152, 2.517020549674577, 1.9766378749241773, 0.9311684636368797, 1.165423489107255, 0, 1.2789107155085668, 1.7333135697717248, 2.8760494266899426, 0, 1.2918661712835315, 0, 0, 0, 0, 0, 2.8426382521382125, 2.7741699229495698, 0, 0, 0.9713410630806673, 0, 0.868118888938296, 1.8611385549132076, 1.684295753718885, 0, 1.3596150035842893, 1.5961111478252614, 1.9664789982517554, 0, 0, 1.0769159228596188, 2.0072483182456833, 0, 0, 0, 1.1856302454494148, 0, 1.2833625778394189, 0, 0, 1.3521636080001387, 0, 0, 0.8538103592010142, 1.442147592486181, 1.8888930138577484, 1.6132607557633762, 1.7922237250565318, 0, 2.741035888111597, 0, 1.0118060626080605, 0, 0, 0, 1.140670358662041, 0, 0, 3.5211070003910616, 2.7469963996957327, 2.469507801628964, 0, 2.403004677814337, 0, 2.105468698307267, 0, 0, 0, 2.2923718450253174
7.440510952634468, 0, 1.615518566664672, 0, 1.3456881397522888, 0, 1.2518895674594341, 0, 1.2492387846198743, 0, 2.45132278774259, 0, 0, 4.8130575046759505, 0, 4.789916466626176, 2.0507270637698904, 1.6023561619242144, 1.1143058986753462, 0, 1.8686998784421194, 0, 0, 2.106071329427883, 0, 4.77685958316807, 0, 3.212219430832942, 1.4408436624897445, 0, 0, 0, 1.5393424683543557, 1.320152540447448, 1.1106854721757853, 1.2523895145231707, 0, 1.1604093817981271, 0, 1.174447062516308, 0, 0, 0, 0, 0, 1.6971853507034436, 0, 0, 1.8557851859083896, 1.3385883634287599, 0, 2.5626997586917986, 0, 4.5800124003397755, 0, 0, 1.9105649845538817, 2.3368003548729974, 1.8724913314252662, 0, 0, 0, 1.2910050570047722, 1.5891967637164452, 0, 1.3290949081842665, 0, 0, 2.3703681879061556, 0, 0, 0, 0, 2.42726086815288, 1.0914907204489805, 1.2070641385594074, 0, 0, 0, 1.8167537173164305, 0, 1.5054025731559504, 1.4682470313904503, 1.3771845184377864, 0, 0, 0, 0, 1.7771307050478142, 0, 1.304999010241874, 2.0692813148874674, 0, 1.8365833302709922, 0, 0, 0, 0, 0, 1.473463746676098, 0, 1.2907557739212774, 0, 1.347727542202469, 1.77399498947419, 1.1809412690400332, 0, 0, 0, 0, 1.527492528223327, 0, 0, 0, 1.1744820193598882, 0, 0, 0, 0, 0, 0, 0, 0, 0, 0, 1.8376435896859393
0, 1.5126031122902928, 0, 1.3223773293463579, 0, 0, 0, 0.453548867425392, 0, 1.2321333177796012, 1.2250197266658471, 0, 0, 0, 1.3159356120316934, 0, 1.0841534596228946, 1.1949751571378782, 0, 0, 0, 1.0037694077001167, 1.1651328873091393, 1.0593804284765442, 0.6187714525394177, 0, 0, 1.8287795613828282, 0, 0, 0, 0.3861973267019657, 0, 0, 0.39345846783091426, 0, 1.1632278802389207, 0, 0.5941767207675305, 0, 0, 0.691298680897759, 0, 1.0985113081151485, 0.4329211914702, 0, 0, 0, 1.4057862358390865, 0.6990564047203124, 0, 1.5674012944038944, 0, 1.9212494586880469, 1.0728736624018844, 0, 1.145398583081738, 1.2219492244569397, 1.191480008436659, 0.6178565716517149, 0, 0, 0, 1.1363009296848394, 1.1926349790312538, 0.7428914035395687, 0.5091621554790261, 1.5309104944596033, 1.2944730189930662, 1.223777449379461, 0, 0, 1.4972736807867695, 1.35796647499533, 0, 0, 0, 0, 0, 1.2890051255589432, 0, 0.7303000305331252, 0.9590968732296209, 0.9299565863378298, 1.046562227985844, 1.18304725584847, 0, 0, 0, 0, 0.48196819629549714, 0, 0.4538523168699587, 0, 0, 0, 0, 0, 0, 0, 0.7466956656569228, 0, 0, 0, 1.004658982436399, 0, 1.125060027034022, 0.9577200967096478, 0.48508864156812276, 0.501975288651369, 0, 0, 0, 0, 0.5132224075570352, 1.5474993672092914, 0, 1.1607480135879356, 0, 0, 0, 0, 1.1288944565492458, 0, 0, 0
5.476658585042452, 1.9103013599976173, 0, 1.993733118152513, 1.0677877589963325, 1.3673040905746023, 0, 0, 1.122098395810912, 1.9499912793405874, 1.9766554741308953, 0, 1.3614072603647083, 4.30422555775026, 1.7792466547985997, 4.228205485452818, 0, 1.6808258193117878, 0, 0, 0, 0, 1.7559083107084932, 1.561942088838514, 0, 4.540606642836015, 1.350308113719943, 0, 0, 1.4487989116378501, 0, 1.090029731891044, 0, 0, 0.9938795969276838, 0, 0, 1.1531781124699878, 0, 1.1075256278665782, 0, 0, 0, 1.3994949095210194, 0, 0, 0, 0, 1.7464423088415764, 1.5444609095998871, 1.2725971870770167, 2.2632531564138034, 0, 2.729718348367168, 1.4295013334771642, 0, 1.6354415451254147, 1.8973783485894353, 1.4437343885982081, 0, 0, 0, 1.3307052425229307, 1.340077659260583, 2.0602541676420674, 1.1569365496790056, 0, 1.996404841676742, 2.2364465938504905, 0, 0, 0, 2.078310560230326, 1.9509308395087936, 0, 1.0762760136516927, 1.221920873150272, 0, 1.163380342359502, 1.4952183149457288, 0, 0, 1.5207755461893455, 1.2481818430114484, 1.7169962072962301, 1.8996363802671197, 0, 1.2109067382936003, 0, 1.146758944576616, 1.30545763047356, 2.048313210588755, 1.0127825545048255, 0, 1.286052529855209, 1.070895311597216, 1.2358970662244169, 1.4084089556568118, 1.1657873444908675, 1.133295458029143, 1.073970389263301, 1.3887189890553584, 1.563258237315239, 1.3005056657120482, 1.5904492460616553, 0.9886219506213741, 0, 1.3661156878120975, 1.0861759913604614, 0, 1.449884812657382, 1.2612408637415276, 0, 0, 0, 0, 0, 1.5557550181342936, 1.8453394549785982, 0, 1.671621859225204, 1.4374131039458822, 1.730650089074092, 0, 0, 1.7085174512390693
5.435349711644121, 0, 0, 0, 0, 0, 0, 0, 0, 1.9596815439375614, 2.016233217980084, 0, 1.5401539078564104, 4.389985836352418, 0, 3.5208672905135137, 0, 1.5685209448953568, 0, 0, 0, 0, 0, 0, 0, 0, 0, 0, 0, 0, 0.9002687042272125, 0, 0, 1.0597077092268008, 0, -0.049249363506872236, 0, 0, 0, 0, 0, 0, 0, 0, 0.7007849682257278, 0, 0, 0, 1.3292042019725794, 1.2752941747919295, 0, 1.2766145475115305, 0, 2.0732170093277458, 1.2753329179233097, 0.9765605042795289, 1.477004521537022, 1.5713076130056667, 1.3928653813784229, 0.3878174912808223, 0, 2.126794632083433, 0, 1.25778441140457, 1.93989360724882, 0, 0, 2.5395795393793934, 1.806183359062778, 1.8853937481761651, 1.7287127599687322, 0, 2.077976034725961, 1.8563600650752827, 0, 0, 0.9214755225625799, -0.04905628873579131, 0, 1.638663574270065, 0, 0, 1.2532584546543393, 0, 0, 0, 2.4492243966309597, 0, 1.4886829338296463, 0, 0, 1.8589625796185176, 0.9239454209624477, 0, 1.0493832586023004, 0, 0, 0.9930071913586446, 1.0272596296182936, 0, 0.9461873835652436, 0, 0, 1.2793151131273897, 1.4316510809195044, 0.9695916437440248, 1.7996006851235629, 0.911070418719332, 0, 0, 1.1744495562314212, 0, 0, 0, 0, 0, 0, 0, 0, 0, 1.6639825618520758, 1.7189730819898073, 0, 0, 0, 0
7.350869182635959, 0, 0, 4.168056501802654, 1.8288624251887655, 0, 2.3269649245557, 1.9566330782971906, 1.8757249678575938, 3.8363346633131594, 4.31916674039464, 4.5547131081631305, 1.8730341924053442, 6.331810356753358, 0, 6.203732930314514, 0, 0, 2.089443816295272, 1.857844718279719, 0, 2.077484999902816, 0, 0, 1.3236258442082982, 6.4510791032393255, 0, 5.594486077805066, 0, 0, 1.7352578656278035, 1.9945947108098274, 2.1776621334955353, 3.0019200917290307, 2.097355812489623, 2.2143012913458744, 0, 0, 1.7244318548064494, 2.0275220257255886, 0, 1.5242654077513516, 0, 0, 0, 0, 0, 0, 0, 0, 0, 5.013576383694249, 3.046796556181684, 5.489127639056473, 0, 1.9328015398511178, 0, 4.2684005505885265, 0, 1.4476247755646237, 2.420157528525951, 4.445875206750025, 2.124094023538352, 0, 3.1622445484463375, 0, 1.9238509663203072, 0, 0, 0, 4.565876899422921, 3.9950148489434305, 0, 0, 1.7930130915699096, 1.4529390513172291, 2.1934684714366535, 2.396961451617778, 2.2033625947462383, 0, 4.50942462898036, 2.2691420029205727, 0, 1.8619593820479765, 0, 0, 6.782393775349209, 2.325906743138849, 0, 2.215934994652334, 0, 0, 2.0130734379692417, 2.818897792302422, 2.669274347396598, 0, 0, 2.6419016167217313, 2.453255216364009, 0, 2.1768843410375753, 2.0124656437929462, 2.326624915576503, 0, 0, 2.2636827963159436, 0, 0, 2.012800265809415, 1.790339220882958, 0, 0, 1.3736743274361105, 0, 2.028142139613161, 0, 0, 0, 0, 0, 0, 2.1786226851246777, 4.21998453946244, 2.424147378106667, 0, 0
6.848314835150733, 2.7954687346119553, 1.9011996100452897, 2.4111765152169657, 1.682864811696485, 0, 2.115644480317517, 1.6350912817080647, 0, 0, 0, 0, 1.4730791247531911, 5.181665606249247, 2.4597370144854147, 6.457143004430845, 2.392779773810104, 0, 1.7482350906704551, 1.5682450654982079, 0, 1.8902723924006453, 0, 0, 0, 5.4529228027643875, 1.89743852188076, 4.479394028051044, 0, 0, 1.6984426075677217, 1.4890647339880763, 2.01484240157214, 0, 1.9734090046979125, 0, 2.6236680890254167, 1.6478119717094755, 1.5721879094881805, 1.5896317183807849, 0, 1.3865552417098719, 0, 0, 1.4564880873671286, 0, 0, 1.655879948256583, 2.5376170599517844, 1.665273453288539, 0, 0, 2.5583476684749593, 5.0092334405035395, 0, 2.130831622388302, 0, 3.8648968428509574, 0, 1.418769277980471, 2.2408250490226878, 0, 1.8816629392856983, 0, 0, 1.533626683665587, 2.039409644049323, 0, 0, 0, 3.2432348417854664, 0, 2.7420752744511674, 2.744318824213585, 1.8918448308751115, 1.4610400258671787, 0, 0, 1.9490310438127871, 0, 0, 1.643884302963074, 0, 1.6057403247257105, 2.4720077543278975, 0, 5.948805006877196, 1.7432097099799995, 1.9210312746504132, 1.7134580716200742, 1.4073502360980321, 2.3948746455942773, 1.7660051783899715, 0, 2.2009604842053334, 2.242851964827918, 0, 0, 1.8625288366811883, 0, 2.026526471706686, 1.9158935332894205, 2.1446167536843923, 1.7761818532984466, 2.115927314193475, 1.9315630852806005, 2.233050708973784, 2.5449598317229127, 1.543588253968501, 1.647589953783613, 0, 0, 1.2637686807484791, 1.632831149918053, 1.671519322090322, 3.771116970301398, 0, 0, 2.3755809903471348, 0, 0, 2.01685999522213, 0, 2.0637353036588038, 0, 0
6.217670162220375, 0, 1.8098659186962769, 3.2258080344072937, 1.6350222111526729, 2.516131402220363, 2.2204925346892455, 1.849351722392684, 1.4438793362325533, 0, 0, 0, 1.395912198137734, 5.114753173263891, 0, 5.914760477253596, 0, 0, 1.9493798566437999, 1.8094403156157823, 2.0258506467145345, 0, 0, 0, 0, 4.6607066073295345, 1.8280675353117477, 5.201162278633928, 1.9199714876835647, 0, 1.512526362380005, 1.6423039196360627, 1.953183881023729, 2.513111666544681, 1.8058773314830516, 1.672982475031844, 4.277670501037102, 1.6754480192402037, 1.6846340567882858, 1.4606297847735716, 1.907158583166645, 1.5648124794902984, 0, 1.8101238279695684, 0, 2.56802559596513, 0, 1.7188451100971722, 3.653302359885809, 0, 1.9451145244447068, 4.155078065218197, 2.615096235149335, 4.508826521505067, 2.6708407902734024, 1.8330889836640354, 0, 4.171193825443772, 0, 1.2092323348273877, 1.730546848621763, 2.7278147944794084, 1.7614765677079323, 0, 0, 0, 2.0376779799139815, 0, 4.164729322914298, 0, 2.8196922368607993, 0, 3.532950266803369, 0, 1.890360247842896, 1.550365548665305, 2.256559042534268, 2.1801283482779406, 2.223357622659533, 2.924469091899452, 2.4096580077658416, 1.7632691844960304, 1.5890602396180329, 0, 3.574297742448832, 0, 5.819040577157834, 1.8108561709221573, 0, 1.6102018248966834, 1.2761560083050838, 0, 1.9081179818768168, 2.03178196228332, 2.5496880961162542, 2.205964028362599, 0, 0, 0, 0, 2.0116953887923836, 2.2113920212694502, 1.935180164418948, 1.681061104611048, 2.8512499197699364, 1.576366405136692, 2.20276718987938, 2.066365612901495, 1.3856034108348594, 1.5748215393301923, 2.2731225865909406, 2.2222644873744835, 0, 1.8261640352040538, 1.6448374688907292, 0, 0, 0, 2.3053609160927064, 0, 3.330454431005459, 1.7443662993341051, 3.3368059766599507, 1.726517325761972, 0, 0
5.875611430990537, 0, 0, 0, 1.8415540353284885, 2.6781073184056634, 2.4411786053866686, 1.8446540920243855, 1.501822084813912, 0, 0, 0, 1.521721650660002, 4.584996041009576, 0, 5.43841021715703, 0, 0, 1.9144941533587876, 1.727650718667734, 1.6107954460391731, 0, 0, 0, 0, 0, 1.7527973965959083, 4.9322412361038745, 1.7384306247121786, 0, 1.5647353724085735, 1.688037759429366, 2.069935820326734, 2.20931101829495, 1.8503114039195891, 1.653667825458625, 2.4014174709243523, 1.7126273499638291, 1.5565009588606296, 1.8450884704085544, 0, 1.3250291345060512, 2.6677956493435997, 0, 1.3808618852987689, 1.9719151545899407, 0, 1.7880939784341086, 0, 1.6262737282374906, 1.8614835939504317, 0, 2.5813645926247317, 4.868721498928838, 1.6635050891832082, 1.790774299343578, 0, 3.8337320046603893, 1.739217963912634, 1.2085226838502312, 1.9789903300375564, 0, 1.9644479793592395, 0, 0, 0, 2.0091069548180194, 0, 0, 0, 0, 0, 0, 0, 2.123057737269263, 1.285470003392929, 1.7279805249273779, 2.0545125286895427, 2.194030762298119, 0, 2.7484629744903115, 0, 1.842372654023717, 0, 0, 0, 6.013680008675258, 2.1562270041673544, 0, 1.8004284414638343, 0, 0, 2.0108250215862427, 0, 2.1228453129709592, 2.2505490556621472, 1.7009258543263568, 0, 2.2931300660679983, 3.101357235197192, 2.0983833282367144, 2.22989785749589, 1.773041538553177, 1.4190148061655656, 0, 2.101315514985864, 0, 2.155218603334966, 1.5265063438228454, 1.4175250140421425, 0, 2.1072863496527408, 1.2787905165914453, 1.720904872162904, 1.745521506578683, 0, 0, 0, 0, 2.0491473756905028, 0, 1.7004439597947971, 0, 1.7010885405597571, 0, 0
6.146222650001185, 0, 1.4855049126927717, 0, 1.6343832470268302, 1.9278614161305976, 1.9642685399439057, 1.734907812780895, 1.5136895027898836, 0, 0, 0, 1.270871367784091, 4.434908739138075, 0, 4.991844830708965, 1.4007740215137727, 0, 1.5045491503667496, 1.3127874029375917, 0, 1.57250951295192, 0, 0, 1.068538698571303, 0, 1.5929646475268617, 4.220018094973857, 1.2974143878445812, 1.6671770814939704, 1.4479584415424105, 1.5232998614217232, 1.7960049162065421, 2.143369742351845, 1.4779164949855466, 1.6532930001025725, 2.043365878682137, 1.4228940219255068, 1.4389416663005608, 1.6114980424570409, 0, 1.2703493068604288, 0, 1.3925388528363085, 1.324788942742296, 0, 1.8540957133253275, 1.447851438747036, 3.0106861238000646, 1.2724190214714446, 1.5147616095192427, 0, 2.30415613232648, 4.361882597650043, 0, 1.9015810868933263, 0, 3.411564138055406, 1.6517401454770013, 1.3365551622395508, 1.6899211963721676, 2.4386817720309186, 1.7914437581526643, 2.3382152453895597, 1.920213300993032, 0, 1.5911485874585058, 0, 3.4368189668840525, 0, 2.2345798394514507, 0, 2.0454178791108304, 0, 1.7783915035381865, 0, 1.661504504398572, 1.8031706175806148, 1.9969507185547122, 1.5242801092618259, 0, 1.576307967367573, 1.3238821607161788, 1.180195601873141, 1.84778118966675, 0, 0, 2.021355172562864, 0, 1.7376381958359306, 1.1446665397167461, 0, 1.7796744115929852, 1.7649282292789952, 1.8023150094104, 2.055528560213238, 1.4536795145713357, 0, 1.8093062071230568, 0, 1.8324264181737495, 1.8086343188657164, 1.8770632113564825, 1.249066442238522, 0, 1.6100697294105888, 0, 1.5805056487139222, 1.2558608887344553, 0, 1.9737781547550026, 1.418694268254014, 1.1107355178065907, 1.46423413854424, 1.5874927426648249, 0, 0, 0, 0, 0, 0, 1.3515864045080312, 0, 0, 0, 0
6.88730391463218, 0, 0, 2.43058842675962, 1.99781681230513, 2.493247479293139, 2.3700885970152217, 1.934471617798852, 1.8285565945455218, 0, 0, 0, 1.8065611978455112, 5.485169790668454, 0, 6.466114413348572, 0, 0, 1.9115813511693809, 1.7008413123288422, 1.9417114152158559, 0, 3.6188731137814174, 0, 0, 5.8303033830684985, 1.9784838667965718, 5.0520691819259556, 1.8621566090765396, 0, 1.8269341690629086, 1.8835015866775682, 1.8857441266302122, 2.574135080954506, 1.7986520644276998, 1.8599747243140177, 0, 2.0919669310325726, 1.5177335233544014, 1.7903746550198978, 0, 1.6532857408609687, 0, 1.9285015745695497, 1.6004666420563871, 2.1209287673984543, 0, 1.7528290688294934, 3.5807202999908103, 1.7392498957197695, 0, 3.450015233646384, 2.515607950250012, 4.938579861623733, 0, 2.0037243768505992, 0, 3.7492798400467664, 0, 1.317327120892226, 2.0480545093606173, 3.1370496472478195, 1.9501946277678381, 0, 2.75869397404426, 1.5498087703618866, 1.7777714811389491, 2.6215589692181505, 2.747594879837843, 0, 2.875967793221068, 0, 0, 0, 2.1588191202790745, 0, 2.0093045278754427, 1.870471905561669, 2.1896882144164125, 0, 2.4655732438084588, 0, 1.7174173191541107, 0, 0, 0, 5.853246379623663, 1.983684212520323, 0, 1.8875266949053606, 1.3238337027092622, 0, 2.0357801166181924, 2.713174923267994, 2.185248914492789, 2.1161779256362916, 0, 0, 1.8604722129577749, 1.7941429612189033, 1.9451852911887924, 2.034614348807364, 1.8272265075117364, 1.5674376919075508, 0, 1.6308467314715407, 2.0582599304783926, 2.2820695400603577, 1.564492371981885, 0, 0, 2.174904760323611, 1.2129211735913146, 1.9171983751739443, 1.7658629015974878, 0, 3.61105825514677, 3.6019402140808032, 0, 0, 0, 1.606441151314702, 3.9945188318420923, 1.9065189730117629, 0, 1.9465606416707535
5.349163904434128, 0, 1.2156533065390702, 0, 1.573255583149722, 2.2342206193647924, 1.6640600167243482, 1.6144092717859582, 1.8976747093982955, 0, 0, 1.5511309008719887, -0.029358998428459356, 0, 0, 4.082921534049252, 1.2920796764301004, 1.2614815752830222, 1.578510160047742, 1.5034055377142395, 1.4254253237783856, 0, 0, 0, 0, 4.21372585645993, 1.506968593771906, 0, 1.6104394885178441, 0, 0, 1.3424552699318746, 1.5468531177177633, 1.8321458562030282, 1.6987556126723606, 1.778795214461599, 1.9419597333035545, 1.3395405890816543, 1.32337070489004, 1.8972735762399138, 1.6044687151051948, 1.1304456585557807, 1.9109261685721577, 1.3153235529289233, 1.172308771991264, 1.8134184259434227, 1.7265028934250766, 1.654421175101321, 2.6707786080045746, 1.9906811874623722, 1.636597182140361, 0, 2.3151634846118525, 0, 0, 1.6480658291004628, 1.6369281235305368, 0, 0, 0.9458596158398702, 1.8251482295040662, 0, 1.7211149755092277, 0, 1.9847109305316697, 0, 1.617759699495893, 1.726950327226889, 0, 0, 2.079797796391129, 0, 0, 0, 1.6482207485321017, 1.1790537995551424, 1.9401278963811233, 1.8626047973314803, 1.887494152047412, 1.2895181069505788, 2.23072855947379, 1.4538030593234261, 1.2888481844427768, 1.7477284079175772, 2.8377543827715903, 0, 3.931508660325405, 1.4951724887607254, 0, 1.6138603185788645, 0, 0, 1.7223595616866896, 2.0225608304980103, 1.960009160180373, 2.0890487016889097, 1.0734083900017086, 1.6030588514506667, 1.7857155284636224, 1.5922727443444649, 1.954170249086282, 1.7888769042500903, 1.4977475520066734, 0, 0, 0, 0, 1.919281001592211, 1.2392004620010857, 1.2670302012642252, 2.0579182429620526, 1.6645384469554667, 1.1969995833316656, 1.118020943829114, 1.287814655228414, 2.045683121809854, 0, 0, 1.4107810405906893, 0, 0, 0, 0, 1.2408122085402569, 0, 0
8.077283731897403, 3.708990570455306, 0, 0, 1.7453289319276848, 2.808516756448133, 2.2284397340369586, 1.7516478682320302, 1.6759668720844283, 0, 0, 3.534235303929586, 0, 5.065900447557842, 0, 5.9888449404176045, 0, 0, 1.9032597233965807, 2.098706347452887, 0, 0, 0, 0, 0, 5.164948284194819, 1.8565520343477906, 4.569633664246156, 1.691187245918395, 0, 0, 1.7710481243413778, 2.0816904299598056, 1.9712411462819068, 1.65976416641577, 1.880677730487964, 3.3119350478565837, 0, 1.5498042220803732, 1.5655454469884462, 1.8807373660374267, 1.3525209128736102, 0, 1.861072839903773, 1.448806607867615, 2.052830877480539, 0, 1.9533097246900935, 3.851298289391104, 0, 2.1020451149780817, 4.5575867920678474, 2.8291814763065526, 5.249421980919394, 0, 2.1601070112099974, 0, 4.206129684286102, 0, 1.2798747900694543, 1.9266896857808322, 0, 2.096093009986955, 1.5978841780444772, 0, 2.213424009246802, 1.8372127564075196, 0, 3.972944237374564, 0, 3.8674818413997145, 0, 3.784757449171482, 3.850700798608278, 1.8476547085937776, 1.5919551404826344, 2.0253445949822124, 2.2527597923181717, 2.34621564468624, 0, 0, 1.8134027598723677, 1.7219427965318206, 2.612313434838462, 3.6428294264700405, 0, 5.55553684601233, 2.2520311769720913, 0, 1.7583378636895746, 1.3565139247862104, 0, 2.0752545710646535, 2.0697319520447066, 2.5490603074541847, 2.231366394994166, 0, 1.9443708155834891, 2.228823157828028, 0, 2.363059737722202, 1.9775150532578947, 2.066441984936071, 0, 0, 1.6232654784552785, 0, 2.0323728606142812, 1.5197631233805486, 0, 2.3959584527682103, 2.229810371631188, 1.1861539078346923, 1.6636422901233774, 1.721514654230849, 0, 0, 0, 0, 0, 0, 0, 0, 0, 1.5209857743257522, 1.886525454545388
6.494912242865381, 1.8177181565166687, 1.5702683432934286, 0, 1.8906398280745766, 2.1527515363114973, 2.0722269177867436, 1.930171296879434, 1.727886916500334, 1.5106478437327477, 0, 0, 1.2306891169477145, 0, 0, 5.033472257157669, 1.3865612245288885, 1.7799421332209682, 2.0747466347796832, 1.919431469466838, 0, 2.1147800101261742, 0, 0, 1.0846922305082074, 0, 1.69626847846073, 4.0742650543476255, 1.4946022526992022, 1.559648377456238, 1.28875221218476, 1.7435265431899478, 1.7428877433033017, 1.9484695500473097, 1.6085654509364604, 1.9055096152039162, 2.2581728392278, 1.5571825173257356, 1.4281013348224254, 1.9518384828074715, 0, 0, 1.911523902386868, 1.9219557838591292, 1.7110427127399621, 1.7205929784354275, 1.948113184710323, 1.7244385865856615, 0, 1.3957573461860944, 2.1147507375431434, 0, 2.2550195628300154, 0, 0, 1.7151591946298579, 1.6884206921989766, 2.033878306171131, 1.3287604192925013, 0, 2.2767976084734247, 2.4926110707078113, 1.8798162656411952, 0, 0, 0, 1.8242356930239312, 0, 0, 0, 2.356984565574685, 0, 1.8295135104671976, 0, 2.025102255643506, 1.3976381864607688, 1.8469265304121696, 1.9197343408903857, 2.0596958993748613, 0, 2.532185960226826, 1.8109717728493275, 1.53955770676114, 1.387395296540802, 1.4820431158992837, 0, 4.022178954706178, 2.0523159051620734, 1.4492144672901448, 1.8514919844277156, 0, 0, 1.7556024779781865, 2.2959438379268744, 2.1301037779254854, 2.2369629476810537, 0, 1.5271815397738384, 2.031529395212391, 1.9045080565697916, 1.8731516064249492, 1.8458396765148188, 1.5843069489160342, 0, 1.4762751970334278, 1.7456227608449477, 1.5931040044269318, 1.9427972340456099, 1.597017178742274, 1.5552927524571427, 2.3169036137354317, 1.808455823720684, 1.2726196999719945, 1.5253922225304437, 1.8969604847217305, 0, 0, 0, 1.5055766212209454, 0, 1.557788723306047, 1.2358622196877784, 0, 0, 0, 0
5.0116294411167095, 0, 0, 1.2925868145286534, 0, 0, 0, 0, 0, 1.4734282207915328, 1.6136235548707694, 0, 0, 0, 0, 2.3112064208021468, 1.333909623494783, 1.0386875529208361, 0, 0, 0, 0, 1.4483145888462354, 1.1351298972358037, 0, 0, 0, 1.935874332166265, 0, 1.2164011563762933, 0, 0, 0, 0, 1.0646259231603095, 0, 1.2159633163051002, 1.1115134005518224, 0, 1.1200256554935004, 0, 0, 0, 1.1067378137741426, 0, 1.2651996975105106, 0, 0, 1.3579114386362054, 1.1199919608634605, 1.0349804482037679, 1.8125389837291674, 0, 2.314969244062343, 1.1214931817790759, 0, 1.2152594479355703, 1.2786005192437189, 1.2082905639714678, 0, 1.2819278580984519, 1.4485427693342294, 1.2456767296309157, 0, 0, 0, 0, 0, 1.8282184429317654, 0, 1.7012405685615315, 0, 0, 1.464760930432666, 1.1150407569310974, 0, 0, 0, 0, 1.1444077843306475, 0, 1.0928950873741567, 1.0805118165026164, 1.1196898771493102, 1.3447294760003792, 1.365011213809503, 0, 0.9490697669591718, 1.349869267674528, 0, 0, 1.5145106464300377, 1.1137359037682788, 0, 1.1419784420303158, 1.2586096238597695, 1.1655046111369556, 1.091218603966182, 1.1317005806133489, 0, 1.074047532972285, 0, 0, 1.0223747594742263, 1.194232471432562, 1.0361434103608234, 1.321328875692562, 1.1269791476829154, 0, 0, 1.2968792000254095, 1.093055921895933, 0.8247309955905253, 0, 0.9677941556502629, 1.678592881357526, 1.3562685152753016, 1.2928341154039655, 0, 1.2634281033829509, 0, 1.1556666672832816, 1.3492172831670495, 1.0824708482458503, 0, 1.3061207143256965
6.890355049198728, 0, 1.8678356127821778, 0, 1.7597746793578042, 2.081870723913506, 1.6285591325000284, 1.5334295074862176, 1.4404326210241996, 0, 0, 2.1907823332578404, 1.5405760036376916, 4.979502561524786, 0, 4.6486066959725605, 0, 1.6493069610225375, 1.6273569321497097, 1.712976704928988, 1.673266011020205, 0, 0, 0, 0, 0, 1.5095307035736985, 4.266081967635042, 1.4871808987705701, 1.6646485837583687, 1.6685253760238299, 1.6572387995752809, 1.953851236564128, 2.043504197174982, 1.5611928812197071, 1.2679632937948342, 4.2238142489664146, 1.45554560933496, 1.3814892379250046, 1.3055448889712857, 1.6042736713866417, 1.4294931594954012, 2.232118258095008, 0, 1.2899060704315426, 2.035074595153249, 0, 1.8231460396654173, 3.1404612139222223, 1.4768397414302883, 0, 0, 2.0867659101611586, 4.492781277558237, 1.3938309665966235, 1.7975484426237824, 0, 3.3760734381331545, 0, 1.1230852371545614, 1.584693009999683, 2.3481412142417573, 1.8984460361221958, 1.4595501402745552, 2.2041249016450415, 0, 1.9414900891381992, 0, 0, 0, 0, 0, 0, 0, 1.559936371764087, 1.253038920855848, 1.4768809333485087, 1.7938872539631647, 1.6620950789563969, 1.6370853269764982, 0, 1.4546115062717015, 0, 1.2987534919805492, 0, 0, 5.1273216471705085, 1.6765280716041648, 0, 2.011395908995657, 1.197723767489436, 0, 1.5905718553692285, 2.048346510732647, 1.8584217291676088, 1.9279393443650508, 0, 0, 1.7794818673232173, 1.5128056578833555, 2.0784923475288317, 1.7085890374030728, 1.957933089623546, 0, 1.6621346851630225, 1.3700726375731307, 1.8471668422493288, 1.8519638295164003, 1.3391537579798725, 1.26567797414815, 2.0359200119681056, 1.9424161594372367, 1.0926882011455479, 1.798559282652145, 1.4869647735923202, 0, 0, 0, 0, 0, 0, 0, 0, 0, 1.2768996886615556, 0