0, 0, 0, 0, 0, 0, 0, 0, 0, 0, 0, 0, 0, 0, 0, 0, 0, 0, 0, 0, 0, 0, 0, 0, 0, 0, 0, 0, 0, 0, 0, 0, 0, 0, 0, 2.3406453142649877, 0, 0, 0, 0, 0, 0, 0, 0, 0, 0, 0, 0, 0, 0, 0, 0, 0, 0, 0, 0, 0, 0, 0, 0, 0, 0, 0, 0, -1.1727159361300823, 0, -1.1896717040741682, 0, 0, 0, 0, 0, 0, 0, 0, 0, 0, 0, 0, 0, 0, 0, 0, 0, 0, 0, 0, 0, 0, 2.145278082313314, 0, 0, 0, 0, 0, 0, 2.426229642694003, 0, 0, 0, 0, 0, 0, 0, 0, 0, 0, 0, 0, 0, 2.801777974848755, 0, 0, 0, 0, 0, 0, 0, 0, 0, 0, 0, 0, 0, 0, 0
0, 0, -0.2630565929076017, 0, 0, -0.13226537336778704, 0, 0.7858816539962687, 0.6537524536541108, 0, 0, 0, 0, 0, -0.3020142651177565, -0.2610235209701912, -0.31478207770503225, -0.4206425938651476, 0.8438772595734229, 0, 0.5051085575667534, -0.21426337464688427, -0.20481272114459992, -0.29576048003441296, 0, 0, 0, 0, 0.5260184548826377, 0, 0.46562247804420015, 0, -0.14722638105980368, 1.0308050154570452, 0, 0.8063458383200595, 0.6115716870612035, 0, 0.5132737320642925, 0, 0, 0, 0, 0, 0, 0.5793076358836362, 1.3290001797282147, 0, -0.41548609917282003, 0, 1.148982306546889, 0, 0.996303727237981, 0, -0.3802627204121751, 0, -0.28205056807442014, -0.46680959793275717, -0.16757742538952553, 0, 0.5850670076560798, 0, 0.45982943779721536, -0.22448419699851968, 0.8712264683807867, -0.24797351951428637, 0, 0, -0.18916274361544178, 0, 0, -0.3046095524566648, 0, -0.21571310848880526, 1.387837290322826, -0.11595517725226658, 0, 0, 0.8435851329809033, -0.17507968809524582, -0.1430609177396899, 0, -0.15659613333991412, -0.22317813614083518, -0.3727693374873323, -0.3789238553560937, 0, 0, -0.3302286702612759, 0.5534696604683674, -0.0940904685185046, -0.12704563528606247, 0.5799526900586216, 0.6823819990006086, 0.6152643650195189, 0.7829147295568698, 0, 0.640709447117926, 0.811660548724031, 1.0299731253659754, 1.121928115442728, 0, -0.2130126423372754, -0.21274992739603246, -0.259283178549927, -0.13177553221707286, -0.1752370611762144, 0, -0.15063637587983467, -0.19741909663422327, 0.8156621545494889, 0, 0.5272672691872812, 0, 0.6457157824459174, 0, -0.1966538891122789, -0.33093210573942, -0.235020100040851, 0, -0.2963528139208195, 0, -0.2892103105248107, 0, 0, -0.22623231551650924
0, -0.31241569452882006, 0, -0.19420732927642445, 0, -0.17683416512387815, 0, 0.5428899688406733, 0.5874640955826251, 0, 0, 0, 0, 0, -0.3018715428197539, -0.3347570286691553, -0.4439829503986878, -0.4406515788833969, -0.10486568980330706, 0, 0.4277328224679128, -0.2060469664705603, -0.290999454019736, -0.3353757026868922, 0, 0, 0, 0, 0.5876323360189402, 0, 0, 0, -0.14995295467217679, 0.7039410545381649, 0, 0, 0, 0, 0, 0, 0, 0, -0.12785325025489847, 0, 0, 0, 1.029330222015566, 0, -0.4061503189070152, 0, 0.6404779205425446, 0, -0.1175181701321037, -0.24880163173590397, -0.3187543973214438, 0, -0.23848567372455787, -0.43012196901147903, -0.24710467787192286, 0, 0, 0, 0.4374312664678956, -0.19525681537525888, 0.5629744822615989, -0.26118949346959514, -0.16381761629825228, -0.1627636709058663, -0.2002280778358416, 0, 0, -0.34650475252345925, 0, -0.3165821517306643, 0.7774673381355037, -0.15351247266849719, 0, 0, 0, -0.18366507738635213, 0, 0, -0.1811809045078646, -0.2775878224985704, -0.3775058779125895, -0.27993351760237084, 0, 0, -0.3494839586455801, 0.7098328880902185, -0.09007065253266618, -0.11454305873769301, 0, 0, -0.09773661509218132, 0.49705557507574694, 0, 0, 0, 1.102542617516165, 0.529876675474381, 0.6504335585273051, -0.28297564138440173, -0.1920517251702498, -0.28228338139256354, -0.13953668427935734, -0.26829992342272757, -0.1928171571360749, -0.15413795831999402, -0.24337785234717232, 0.7155241602784504, 0, 0, 0.4986298950155158, -0.1751999314698441, 0, -0.16358299404510085, -0.3088263996213908, -0.23622829129765385, -0.14476234758273498, -0.36785433479503976, 0, -0.27856559177111917, -0.14177999213543915, 0, -0.18351799444859274
0, -0.3058715510499912, -0.31903948868085336, 0, 0, 0, -0.18322855459677878, -0.3592245000785635, 0, -0.23136655771540648, -0.3291833125199505, 0, -0.3166277888268871, 0, -0.2862176314332914, -0.3852880982170682, -0.3851289935047294, -0.22273604150479764, -0.4037244024231051, -0.11429710712239913, 0, -0.15809666672835718, -0.44429100778473435, -0.41577887970276484, 0, 0, 0, -0.3695934714612531, 0.5099385437098848, 0, -0.16467002033208056, 0, 0, 0, 0, 0.5183575042625074, 0, -0.12098666934373938, 0.41275681218764654, 0, 0.47455302307217095, 0, -0.2316733905566263, 0.8848346589896937, 0, 0, 0, 0, -0.4070039276843825, -0.19467725520193724, -0.28495758641177144, 0, -0.43643682872439465, -0.3984785567443438, -0.2961573597358717, 0, -0.41660414545167757, -0.37981333169283665, -0.21811769397078656, 0, 0, 0.832387815548321, 0, -0.27627974643353476, -0.1729976508804872, -0.34108108602840287, -0.31834351677076667, -0.16838044057452772, 0.8800052598023386, -0.17582885450639538, -0.24971141388194548, -0.34571618247136066, 0, -0.31710770430558893, 0, 0, -0.12187210975392185, -0.3261147164548577, -0.3158242798555715, -0.23518414541663132, 0.7005089130155824, -0.30504233968513716, -0.3260910538122852, -0.25147671004110006, -0.31678772978430314, 0, 0, 0.5033132336702215, -0.22242195616658503, 0, -0.21768655907099577, -0.23741299943031963, -0.14553381543293037, 0, -0.17199487504994002, -0.2896990148229951, -0.1594729966634541, -0.2810412465294722, 0.768383599741906, 1.2293206762574669, -0.26450580067903917, -0.28305653594568686, -0.1678252214491628, -0.09671621478222932, -0.3464536426195037, -0.17482202557819257, -0.3310655799922143, -0.14347543079751363, -0.2975142993915143, -0.24659842796759152, 0, 0, 0, -0.2941569680173391, -0.2206326776883738, -0.15968805019761925, -0.3081358450303677, -0.3794726039954248, -0.27619007975693705, -0.2456750827564038, -0.27635647142121306, -0.3149233295132074, -0.2966749683267501, -0.295733824571577, 0, -0.19225188514663194
0, 0, 0, 0.5882564039071914, 0, 0, -0.15776536170629588, 0, -0.10323902654722036, 0.5836863975731492, 0, 0, 0, 0, 0, 0.5641614903093605, 0.47904272824224453, 0, 0, -0.15399034877653447, -0.15703389938715256, 0.3182600154121226, 0.6754328910835246, 0, 0, 0, -0.13337871195123208, 0, -0.1563198615122208, 0, 0, -0.12485783189242973, 0, 0, -0.18326988244727857, -0.1542516519998179, 0, -0.120946583005531, -0.13495723909990376, 0, -0.12904934073983199, -0.16073559605502083, -0.10268900867854189, -0.07236742673021754, 0, 0, -0.12569767175500868, -0.1141660441903375, 0, 0, 0, 0, 0, 0, 0.2274344727618735, 0, 0, 0, 0, -0.1171622503938332, -0.14549410951958552, -0.14919358193425228, 0.2894192634086548, 0.3748658203305516, 0, 0, 0, 0, 0, 0, 0, 0, 0, 0, -0.14961187844704676, 0, -0.10884076775837222, 0, 0, 0, 0, 0, 0, 0, 0, 0, 0, 0.37243947036907205, -0.04591372683464467, -0.11707571135245587, 0, 0, -0.115371120074948, -0.20679272988849504, 0, 0, 0, 0, 0, -0.1534232185853606, 0, 0.14366628184844504, 0, 0, 0, 0, 0.3277594543867979, 0, 0, 0, 0, 0, -0.08896784069062079, 0, 0, 0, 0, 0, 0, 0, 0, -0.10702643282565949, 0, 0, 0, 0
0, 0, 0, 0, -0.08744174313910032, 0, -0.11755241746447194, 0, 0, 0, 0, 0, 0, 0, 0, 0, 0, 0, 0, 0, -0.06738680112971634, -0.10609560036278831, 0, 0, 0, 0, -0.0881935900428016, 0, -0.11290352153550354, 0, 0, -0.08214688023179158, 0, 0, 0, 0, 0, 0, 0, 0, -0.09762791934590666, -0.10139693503788524, 0, 0, 0, 0, 0, 0, 0.4915654392966535, 0, 0, 0, 0, 0, 0, 0, 0, 0, 0, 0, -0.1810423117123767, 0, 0, 0, 0, 0, 0, 0, 0, -0.09633642753211985, 0, -0.09548568854866689, 0, 0, 0, 0, 0, 0, 0, 0, 0, 0, 0, 0, 0, 0, 0, -0.16659312319674627, 0, -0.0968405151331959, 0, 0, 0, 0, 0, 0, 0, 0, 0, 0, -0.15123926989307082, 0.4474665738442297, 0, 0, 0, 0, 0, 0, 0, 0, 0, 0, 0, 0, 0, 0, 0, 0, 0, 0, 0, -0.10713852981334072, 0, 0, 0, 0
0, 0, 0, 0, -0.15250309821327396, -0.14044561054491556, 0, -0.11396921635477301, 0, 0, 0, -0.19588000196200134, 0, 0, 0, 0, 0, 0, 0, -0.11951119259101527, -0.09125465358641337, 0, 0, 0, 0, 0, -0.08204874798462172, 0, -0.08387610780107367, 0, -0.09649692869559834, -0.12403652961710111, -0.09633844211563254, 0.5158413445284259, -0.1294424749561718, -0.07540396299371475, 0, -0.11513649546011062, -0.12331747999057784, 0, -0.08240404762386869, -0.09953182057916346, -0.15082252822976538, 0, 0, 0, 0, -0.06428654650857198, 0, 0, 0, 0, -0.10231741592643069, 0, -0.090883943038185, 0, -0.12061566996290976, -0.14136137467300802, -0.10547118554346256, 0, -0.0839114942911542, 0, 0, 0, 0, -0.0949019111820927, 0, 0, 0, 0, 0, 0, 0, 0, 0, 0, -0.13281889243090877, -0.12972712313074058, -0.09924539990969072, 0.4697147664885624, -0.13605732550432942, 0, -0.11694094474302423, -0.08506698416288852, -0.07912665284807047, -0.10079662427713722, 0, 0, 0, 0, -0.06981124156252524, -0.08936495721361602, -0.08939779322970727, -0.13813068592648095, 0, -0.09473725574270975, 0, 0, 0, 0, -0.08515031729119166, -0.08149118320073809, 0, 0, 0, 0, 0, -0.07801292185006005, -0.06761306683862327, 0, 0, 0, -0.05389093432435414, 0, -0.10771452230766239, 0, -0.08675377695560994, -0.09208011882518477, 0, 0, 0, 0, 0, 0, 0, 0
0, 0, 0, -0.207502979721094, -0.10770770167354843, -0.10574364069451897, -0.13568170363254373, 0, 0, -0.28115277709202324, -0.17859464619074364, -0.3193925619760851, -0.22065801239626734, -0.2307367467896343, -0.16216107249369044, -0.25113694276691806, 0, -0.09757271885260033, -0.30308889114671045, 0, 0, 0, -0.21458236567920327, 0, 0, -0.1998776317988464, -0.08774221947491287, -0.25116217239084915, 0, -0.09567953675167894, -0.12278543343220606, -0.07178099964249425, -0.11096982392881036, 0, -0.08941489465423416, 0, 0, -0.10439928069777005, 0, 0, -0.08113166014709522, -0.11997757969010553, -0.19271651645294174, 0, 0, 0, 0, 0, 0, -0.1581203280403308, -0.16455094220628982, 0, -0.24510394755652495, -0.12768266246352225, 0, 0, -0.19555260544278458, 0, 0, 0, 0, 0, 0, -0.17468266715693603, -0.316990825174717, 0, -0.22829909611000354, -0.110293080705427, 0, -0.18598108810206884, -0.21447833686259984, -0.09247854828001618, 0, -0.14465799304491728, 0, 0.18255360941532572, -0.16937358019251514, -0.2661927919371956, -0.17282433345551573, -0.2039340852621007, 0, -0.2578675202784691, -0.1616540574215264, -0.1824229016473693, -0.08020153997415483, 0, -0.2615565710421913, 0, 0, 0, -0.08321271753344854, -0.06595045593924265, -0.12970470497822903, 0, -0.13509307526517025, -0.19174101613752814, -0.08697885958059728, -0.2405960145118442, 0, 0, -0.16619244097336458, -0.1925664570294859, -0.08487393356219544, 0, -0.1779108268821083, 0, -0.15803234736565983, -0.08655895354878405, 0, 0, 0, 0, 0, -0.18378130722396194, -0.14782817297899536, -0.0994235117865735, -0.12067801891000574, -0.10428418804836513, 0, 0, 0, -0.2358080420682251, 0, -0.14953801200152778, 0, 0
0, 0.8138075390382701, 0, 0, 0, 0, 0, 0, 0, 0, 0, -0.2706429739133401, 0, 0, 0, 0.6044915484637973, 0.6559383890742043, 1.0411913466573322, 0, -0.1760469796772614, -0.10203595443557434, 0, 0.6147195826977805, 0.8507175874810468, 0, 0, -0.11372370254877182, -0.23421707932495384, 0, 0, 0, 0, 0, -0.16695434086227143, 0, -0.14102201350047328, 0, 0, 0, 0, 0, -0.10995494513143216, 0, 0, 0, -0.10910579766693924, -0.1662127355731816, -0.12189810625674785, 0.5607337669184159, 0, -0.1448478412076181, 0, -0.21120105396977756, 0, 0.4301818539645571, -0.12641070122632392, 0, 0.8689347068073113, 0, -0.1471871182743302, -0.2494387918683059, 0, -0.1579195272721777, 0.7114012339394573, -0.200219670589362, 0.4817178438791986, -0.12463626649263118, 0, 0.6714128367872388, 0, 0, 0.8417828309399398, 0, 0.7063622547917005, -0.2634888284820473, 0, 0, -0.14554510972560988, 0, 0.6011187383201174, 0, -0.14920965871792638, 0, 0.521807170561906, 0.8521418029590089, 0.6824991622225232, 0, -0.21551945116819138, 0.704203353068482, -0.16195421836312487, 0, 0, -0.13019609024416595, -0.12161561412965555, 0, -0.14786160370150997, 0, 0, -0.14974911070778443, -0.21507639752457872, 0, -0.1437830831403773, 0.5443607185754162, 0.6495207462848842, 0.6237911293687264, -0.12623709286444035, 0.5458427466189905, 0, 0, 0, -0.20037630380398516, 0, 0, 0, 0, 0, 0, 0.7227738212094501, 0.7086925633112641, 0, 0.6506576700165673, 0, 0.7429635473501727, 0, 0, 0.44606456799518135
0, -0.16422791188187133, -0.24364333758522105, -0.548840796248118, -0.11303757282634537, 0, -0.17899194937063212, -0.6069525527853672, 0, 0, -0.3915506962728074, -0.596373826172495, -0.5542145848673281, 0, -0.35528821476460104, -0.6481624592848128, -0.5235272244064032, -0.1819861991158345, -0.611984850852968, -0.2628178494551485, 0, 0, -0.6221037087334628, -0.3735584758605215, 0, -0.21975634934427948, 0, 0, 0.5244403539288552, -0.17287676946160496, -0.3040367925232912, -0.0977774861654095, -0.21616813444787428, 0, 0, 0, -0.28436314323882106, -0.12465591995366102, -0.14172259921909272, 0, 0, -0.0935646879211501, -0.3067642033421577, 0.8984915752351726, 0, 0, 0, 0, -0.3479628928053161, -0.2853186827279072, -0.5154555523833373, 0, -0.5924837993920575, -0.2710517555113881, -0.21999547912964482, 0, -0.46506036133024653, -0.3534628899577196, -0.18353273369504738, -0.26316994548714095, -0.2504855543216705, 0, 0, -0.4086229633609195, -0.5017031044080897, -0.23487796628132424, -0.567652022495908, 0, 0, -0.3281380181453291, -0.40887631202074987, -0.30224796718941654, 0, -0.3014622979446456, 0, 0, -0.2655284972306386, -0.5901293242357959, -0.4275486073409858, -0.4013347507913677, 0.9911694689692803, -0.4411504412676708, -0.2640426304850383, -0.39415488098461005, -0.3005625611290096, 0, -0.5494414593718899, 0, 0, 0, -0.1867360804800633, 0, -0.3147910117649555, 0, -0.31519364035533454, -0.6135765336853228, -0.16510746147310135, -0.6296307914732727, -0.3241983808733067, 0, -0.4714668894533263, -0.5432927051825358, -0.14572229004443585, 0, -0.4167174364551692, -0.2082615758837217, -0.43645161737414817, 0, -0.26721741244720054, -0.2758099435321363, -0.14006437146267106, 0, 0, -0.37242537445989765, -0.42690569035196757, -0.19388640700903464, -0.24655274320606693, -0.2180291716302931, 0, -0.32898007510399707, 0, -0.3538939410649534, 0, -0.4726257374914575, 0, -0.20352278398569765
0, -0.24388978734677447, -0.2668153160230098, -0.3282138045486088, 0, 0.5675960587209113, -0.15697576795980409, -0.34744122111886033, 0, -0.22449718213719716, 0, -0.27103965866069374, -0.2982165313670425, 0, -0.30750471621087605, -0.35974249273054626, -0.22436223781431253, -0.2755691862969289, -0.3429305613215624, 0, 0, -0.19744483577253888, -0.424997686637932, -0.3489527369177008, 0, 0, 0.43701276587436955, 0, 0, 0, 0.558610482885378, 0, -0.3133927871755234, 0.8216056091174485, 0, -0.11546201853515596, 0, -0.16008273886396132, 0.4242621053240464, -0.12763707951880113, 0.5538319936591648, 0, -0.15574606298573845, 0.9486059385758608, 0.33394938696039417, 0, 0, 0, -0.24282254532216002, -0.1863558517333775, -0.16215416047540063, 0, -0.3596324003575595, 0, -0.21358935701234555, 0, -0.3252383574887618, -0.2507504099783262, -0.12202215867536158, -0.1678392827922512, 0, 1.0361115558517084, 0.5546996909833449, -0.33552630755114793, -0.20273889993178135, -0.25658328307897055, -0.2719326696987948, -0.1566026468383158, 0, -0.24614325963856215, -0.226632084599135, -0.30701362077804706, 0, -0.3379669244407198, 0.5356006863041981, 0, -0.17095160371358925, -0.23007995447245402, -0.20369755009603632, -0.20153889555898996, 0.65762731432353, -0.2197461037267895, -0.28376625901202895, -0.30571370871346554, -0.38003407636364006, -0.1910194047444247, -0.3004811976173269, 0.6972110355666777, -0.18416850680270283, 0, -0.16376828179928674, 0, 0.46160045497897684, 0, 0, -0.20347199440136246, -0.13656166637005088, -0.2526344887305261, 0.7171029288437648, 1.1033007580079648, 0.7888549028949677, -0.3163638387862834, -0.284218472551346, 0, -0.3430895239641489, -0.21412568086177805, -0.35937778553366667, -0.15959400416654515, -0.25468714612577786, -0.24063608370854536, 0, 0, 0, -0.2463749391833736, -0.2668802343632536, 0, -0.3099727745720345, -0.2972110770427251, -0.27932708674330947, -0.2924575279540721, -0.16703953417667816, -0.26326608343089264, -0.3290422217086542, -0.388140126428988, 0, -0.16620771210667304
-1.8359999999999999, 0, -0.251172555040682, -0.33175124476100154, -0.26386812212144484, 0, -0.36838161261598396, -0.4574362655500492, 0, -0.48387659968810576, 0, 0, -0.780252144225446, 0, -0.20922482157223604, -0.4684984881101284, 0, -0.302605926106835, -0.48079069889827475, -0.36063733770688794, 0, 0, -0.3808511125181454, 0, 0, 0, 0, 0, -0.18806847431864882, 0, -0.21680343295365562, -0.3124415517132619, -0.21454284094985204, -0.3625503113354406, 0, 0, -0.3621057531063297, -0.2929273873826007, -0.38052842404148024, 0, 0, -0.15647896335235734, 0, -0.2016628168582724, 0, 0, 0, 0, 0, -0.33926639322341484, -0.426422229727277, 0, -0.494485710949538, 0, 0, 0, -0.42615583486704495, 0, -0.18386152492359528, -0.27808393590127317, -0.352810238852832, 0, -0.2507591195443784, -0.36776097331659585, -0.7421177347578618, -0.26555017416046417, -0.46245842698138817, 0, 0, -0.18938979134051187, -0.5682980754183259, 0.8039454152407844, 0, 0, -0.3210011900280059, -0.20610574659648154, -0.35920178464992614, -0.6772741990741364, -0.5989708340258277, 0, 0, -0.41264587771929323, -0.3652984393039246, -0.21519014889896435, 0, 0, -0.4603120920002198, 0, 0, 0, -0.2266124455204487, 0, -0.4609628843918661, 0, -0.40527810735729985, -0.5562604820779661, -0.1932260058064891, -0.6216849369026062, -0.5275246705651222, -0.20935165593421992, -0.6681619155781999, -0.639647359175694, -0.19851885093659988, -0.17547693530613054, -0.2597005180300928, -0.3592185250953275, -0.24782675055711736, 0, -0.33449149124312016, -0.21101605857946606, -0.3053234854083988, 0, -0.19416962195880658, -0.34462094850557445, -0.40418997945914004, 0, 0, -0.2729710580425946, 0, -0.1792655911421507, 0, -0.3024992170978218, -0.25007386173306984, -0.2575054428787071, 0, 0
0, -0.2654311428634147, -0.3356397508665696, -0.49774598028715145, -0.13123881372968824, 0, -0.2690667656329685, -0.6133812989012158, 0, -0.540867114237161, -0.37897248851820414, -0.7141319144048329, 0, -0.2824233300738499, -0.41049239002517285, -0.6371159369069741, -0.3797222741559157, -0.23248973371808543, -0.684410265454984, -0.2677277409671644, 0, -0.25581823029693623, -0.626966523052879, -0.3084110751308459, 0, -0.31616424176834484, -0.08378402951087814, -0.3622204569003048, 0, -0.15706697306234405, -0.28797762425735723, -0.1474964019490648, -0.16026794379493933, -0.1227099788098307, -0.11493299340884888, 0, -0.25281986773363, -0.10871736650052163, -0.22134728426076167, 0, 0.49923799941457514, -0.15813097744769597, -0.3100758838414289, 0.8297570531054749, 0, 0, 0, 0, -0.316380761280679, -0.3163728162306473, -0.5260533730184749, 0, -0.6096996755434443, -0.34355937862158586, -0.22168817846833258, 0, -0.4519576980878402, -0.288238356619667, -0.16720434823577368, -0.32980738073015103, -0.21039198837614467, 1.1539830952518977, 0, -0.4559640412077417, -0.6479667527469742, -0.2541884477915037, -0.5164814905904848, 0, 0, -0.38177336811653323, -0.47470167546517605, -0.3313616930363859, 0, -0.25541318170127564, -0.11394682506963645, 0, -0.33076690815668625, -0.6195646157402503, -0.47826638264462096, -0.2967527770176182, 0.8539926850994773, -0.5029180489948246, -0.28091184864410973, -0.4019075812490483, -0.28458555338050257, 0, -0.5175624336861325, 0, -0.09183993786593327, 0, -0.2156966454433117, 0, -0.33899294969157645, 0, -0.36510668489014786, -0.5453779145979469, -0.26516160461862504, -0.6415312150484973, -0.3153311149549326, 0, -0.4437012222200305, -0.58764427915661, -0.22022765340399103, 0, -0.4140806638512124, -0.24094859329234344, -0.4842727508763668, -0.20849690242820143, -0.2827444288785802, -0.2655397458893956, -0.13536412096073921, 0, 0, -0.46407007875962464, -0.4496117774932541, -0.28383639542561084, -0.30465063164153006, -0.28652425090620876, -0.22024428969780252, -0.2845141798742927, -0.2219069402889485, -0.4631835807152743, -0.27277634197542105, -0.4005088944499512, -0.16626033953840913, -0.20280839437378315
0, 0, 0, -0.5510584960165572, -0.41043532260284016, 0, -0.4401415808446124, -0.6188443550984751, 0, -0.6023348832431967, -0.4450076726181893, -1.8359999999999999, -0.6370721329375368, 0, 0, -0.651985968172275, 0, 0, -0.5064083771319454, -0.47583616691345243, 1.158399426819333, 0, -0.5700272684694297, 0, 0, 0, 0, 0, 0, 0, -0.3776768420755494, -0.3166701623140366, -0.3586242405745368, 0, 0, 0, 0, 0, -0.20195413270258317, 0, 0, 0, -0.41634116418956346, 0, 0, 0, 0, 0, 0, 0, 0, 0, -0.4561346540698895, 0, 0, 0, 0, 0, 0, 0, 0, 0, 0, -0.4360263714471075, -1.0666244812560663, 0, -0.47552594904967654, 0, 0, -0.7228869645850131, -0.5852297622619416, 0, 0, 0, 0, 0, -0.3096314559210934, -0.4960337572242081, 0, 0, 0, -0.6464347126811747, 0, 0, 0, 0, 0, 0, 0, 0, -0.27007956876620587, 0, 0, 0, -0.3578860708837499, -0.6888138465674516, 0, -0.5047571511270058, 0, 0, -0.46003472891868746, -0.5435492460535872, 0, -0.2748824784868643, 0, -0.43369734585458203, -0.47858123512555045, 0, -0.28570129547718603, 0, 0, 0, 0, -0.33283769494602283, -0.47583576133643973, 0, 0, -0.31104104000085353, 0, 0, 0, -0.4166564563458049, 0, -0.5149502135433023, 0, 0
0, -0.4160738286857046, -0.30311399685560936, -0.2431934783043583, 0, -0.1744032821209643, -0.09569488186287055, -0.1609085848052928, 0.5934121031640419, 0, -0.19642899172659542, 0, 0, 0, 0, -0.42947262880330744, -0.4891252315145738, -0.46640246576032635, -0.2632913159045507, 0, 0.43392340606140223, -0.3162041744959983, -0.34554974930380483, -0.4329384551577654, 0, -0.2005909688643271, 0, -0.2927826029683725, 0.575840012761775, 0, 0.5039085731445517, 0, -0.2273667708485556, 0.7099124087622329, 0, 0.6466440026887293, 0, 0, 0, 0, 0, 0, -0.20251495818906703, 0, 0.3077179355035539, 0.43304225554947856, 1.2696819667104673, 0, -0.4906477923883328, -0.12990869331103744, 0.9125152865886643, -0.24371399486955547, -0.1725428688619298, -0.23114635737313738, -0.4067403051430309, 0, -0.3698309245969153, -0.5424034599334774, -0.2732103244744825, 0, 0.44820673290726715, 1.0804265652800846, 0, -0.3473344979764336, 0, -0.34449715231624894, -0.24198213579990296, -0.15688600358054172, -0.4002235007358261, 0, 0, -0.39318846995229795, -0.22064802441750006, -0.3617112181715226, 1.0510191326306724, -0.1587295587297005, 0.5250029976147547, 0, -0.10304184859604827, -0.3150369026961516, 0, 0, -0.26526437999909624, -0.3658429137550143, -0.42581553387949156, -0.3293766668526473, 0, 0, -0.4266945588296425, 0.6125258628094153, -0.16384537938487187, -0.19495402819015248, 0.31118751554488583, 0.47779941723710906, -0.13427521152909846, 0.5664252788955341, -0.12509765841581383, 0, 0, 1.5092645226896653, 0.7769556668026243, 0.895955359731929, -0.35002061828973285, -0.2255423467444614, -0.44157483058209124, -0.22959044573415313, -0.33295224511479554, -0.22299989261939812, -0.26044564175029383, -0.30113734209405046, 0.8175415048657446, 0, 0.44978194894994733, -0.14753263304545988, -0.19077769329882477, 0, -0.2702838990325885, -0.3477416386100633, -0.29935608167931255, -0.18695661947262152, -0.3598649752291454, -0.1777996114237027, -0.44321583309470075, -0.23222134543906914, 0, -0.27808196020388365
0, -0.3384792731419383, -0.3316002736163457, -0.2188368241637466, 0, -0.16235457951166365, -0.09407386398173995, -0.26985397972854736, 0.5158242870662945, 0, 0, -0.2303977800343577, -0.22514558085436145, 0, -0.39507779732119036, 0, -0.4480039505757486, -0.31112047686010874, -0.2922603835866057, 0.5291938413113969, 0.4627049248435011, -0.23068821832845826, -0.463805810626628, -0.3766809317034997, 0, -0.21623071835930077, 0, 0, 0.6950714613194561, 0, -0.14228847323583846, 0, -0.16720941576900725, 0.5618022932372272, 0, 0.5106559829506547, 0, 0, 0, 0, 0, 0, -0.24662648968030149, 0.6674700959975687, 0, 0, 0.9010748185483929, 0, -0.4708621352622739, 0, -0.2756616495444796, 0, -0.2960837933122549, -0.3884104810948303, -0.3057119929753635, 0, -0.4179498528290121, -0.48157155460059836, -0.2600228228684179, 0, 0, 1.248813022274775, 0.3957325799543241, -0.32125568124780945, 0, -0.25791253560672445, -0.3432935805941469, 0, 0, 0, 0, -0.31857911027495, 0, -0.34825848071591026, 0.6383887627887329, 0, -0.12504959278343117, -0.21819116666889946, -0.1563153332925099, -0.352629604943542, 0, 0, -0.2804934748627699, -0.2897062244656031, -0.3309806882151921, -0.22001479677142033, 0, 0, -0.2938320709844616, 0.5276179561044977, -0.13802608445452771, -0.15278038472943187, 0, 0.5853717387887053, -0.1680325153043408, -0.12737060890276844, -0.14558306989150405, -0.19464150693270782, 0.4642632095654316, 1.5932803913240379, 0, -0.18014207810222863, -0.21579959129393209, 0, -0.37590724055901054, -0.18859865141556992, -0.27971700239413677, -0.1443996563073421, -0.22137717320074027, -0.22435026979010622, 0, 0, 0.5188329847255738, -0.1793955262314244, -0.18166535272467652, -0.1352906567079395, -0.19841899920716613, -0.2761976009132646, -0.19282850871231244, -0.17668295334821124, -0.26627897756585456, -0.18239047176179035, -0.30072166541291967, -0.24658191231528248, 0, -0.24205478944823614
0, -0.4676990130084672, -0.3364860207868276, -0.2530324404819423, 0, -0.17889165801690327, 0, 0.9495661885513519, 0.6752711881264306, 0, 0, 1.2126077742838484, 0, 0, -0.4151366088915639, -0.5325135780194445, 0, -0.522895837097962, -0.21307813527499425, 0, 0, -0.25781178193898185, -0.45187862032157733, -0.5998032526225964, 0, -0.23314933053162848, 0.43190254544957907, 0, 0.6812350135510548, 0, 0.7919132337631162, 0, 0.7414861756336775, 0.6862538351036829, 0, 0.4530991894744441, 0, 0, 0, 0, 0, 0, -0.22451128064590614, 0.8324990490062849, 0.5679612008928949, 0.5112798069488702, 0.8849680707683162, 0.4492969115915341, -0.61560777787507, 0, 1.0489309614331357, 0, -0.28243650710812107, 0, -0.4333025388696812, 0.4493106625063916, -0.49929317267428575, -0.7112699551224425, -0.22938895074624402, 0, 0.6903198539863493, 1.2216309105247405, 0.740262125381998, -0.4023035309895415, 0.6579651922637978, -0.3422622223388733, -0.2856771248561212, 0, -0.3204461069962859, 0, 0, -0.42615062107018287, 0, -0.31856482022690097, 1.050623199779204, -0.15111158476982345, 0.6181915919193413, 0, 0, -0.26214803452871105, 0, 0, -0.28368563595691376, -0.33362655685178294, -0.47325313970767, -0.3146386295131918, 0.9364794099103307, 0, -0.37752016944310135, 0.8082361517650906, -0.257444807400348, -0.1716173035739624, 0, 0.5053610333720633, 0, -0.13729168997531796, -0.18338149122376046, 0, 0, 1.6187652515835684, 0.5893764496825384, 0, -0.2548776057984453, -0.1344314976346345, -0.376122501279421, -0.2794682998057203, -0.3895323488251697, -0.17548670427398844, -0.31507174874121435, -0.2710160471083561, 0.6396432749269106, 0.4555591721117802, 0.5819970275459748, -0.15748347948558178, -0.12095975797721727, 0, -0.28002974498755895, -0.44299097718663316, -0.2990687005991981, -0.2679001111978362, -0.40242865442839604, -0.1603596064646826, -0.4756774700246117, -0.26445633487887027, 0, -0.23382181665109744
0, -0.34173546262848953, -0.28274482772360443, -0.20397605762158458, 0, -0.15060417365888673, 0, 0, 0.6704421551773364, 0, 0, 0, 0, 0, -0.41140577410050183, -0.30300952723415425, -0.5080563900320603, 0, 0.6390670963448098, 0, 0, -0.20855859574160426, -0.3428416611571387, -0.47412561969996053, 0, 0, 0.6567133276340199, 0, 0.7788560705799432, 0, -0.12627811830733293, 0, 0.6100165480184055, 0.8195259159220278, 0, 0.8362197959705563, 0.6625307761223618, -0.09871469326706736, 0, 0, 0.38801960164604166, 0.47894288021268544, -0.16781919895074832, 0, 0.3362836697033695, 0.47411926473361515, 1.1808760206856157, 0, -0.40025859125197777, 0, 0.7570753694705613, 0, 0, -0.25888941596653564, -0.40506895007594235, 0, -0.3873338043926244, -0.5906191729462099, -0.16441384311901305, 0, 0.4381047359151204, 0.7992424710993635, 0.5660532102372811, -0.22091217697204799, 0.802260820321426, -0.27790654915469576, 0, 0, -0.20971922158110265, 0, 0, -0.2930163987999642, 0, -0.25862408939832016, 1.1658668548239786, -0.1874577706413942, 0, 0, 0, -0.1774861519757535, 0, 0.37512950973865417, -0.1766317947876526, -0.27377904438859163, -0.4118820566183431, -0.32998822349249407, 0, 0, -0.39506065252977474, 0.770760048751567, -0.1824169981578727, -0.091151482665044, 0, 0.5909698465354164, 0, 0.4675117434251886, 0, 0, 0, 1.3033658060791145, 0, 0.49516912420367504, -0.1985008056158338, -0.1795021787042894, -0.29860931882132924, -0.2551562228866047, -0.2405095165660082, -0.18763758391737834, -0.28825256711959135, -0.3026766920748755, 0.9405782374769797, 0, 0.7388255955400246, 0.6599325502387418, -0.14613923207002175, 0, -0.217912104404042, -0.28854258641287794, -0.31293169437195695, -0.18793695325324472, -0.3595846204569209, 0, -0.3561837724812035, -0.1238624915795195, 0, -0.26212460958425715
0, 0, -0.14852375268507184, -0.21957984563734534, -0.09670943198969785, 0, -0.16626511884575426, -0.2293784538997222, 0.4428198161414231, -0.20431417538650393, -0.1672790393195471, -0.2860276559332108, -0.25020523742453293, 0, -0.2203883453045769, -0.3272100715080143, -0.18577074781519604, 0, 0, -0.10353021188386985, 0.2921573561001884, 0, -0.2849001430807203, -0.23054594932206854, 0, -0.2002036574859864, 0, -0.23923937383360352, 0, 0, -0.1616360233386188, 0, -0.20416153343854296, 0.6276664216084663, -0.06424712233793399, 0, 0.3999741331886768, -0.07115570305878714, -0.10396988166938576, 0, -0.08577823367487757, -0.11097401290209354, -0.2528942053029636, 0, 0, 0, 0, 0, -0.24692576558153992, 0, -0.1906536526203381, 0, -0.2556439487898519, 0, -0.15033587658010644, 0, -0.2289485287090477, 0, -0.115535703373407, 0, 0, 0.651212626664674, 0, -0.21920044524060323, -0.291237941106806, -0.10662149785186475, -0.311274378949744, 0, -0.12577179028781915, -0.15971607579131586, -0.20192614433581865, -0.24244164002949675, 0, -0.17312551542570467, 0, 0, -0.14348321465411135, -0.22882591001361194, -0.19175299359272377, -0.2204220067913233, 0, -0.20264798451372765, -0.12503387415329056, -0.24253906417371096, -0.19276615340987885, -0.09176268809251188, -0.31162944318327207, 0, 0, 0, -0.11682893507294846, 0, -0.09057991013846588, 0, -0.14820880294673516, -0.17017507871928028, -0.17067196249274683, -0.22852318214656986, 0, 0.7284795239477713, 0.43761556028375703, -0.2082790618650751, -0.17191290183736713, -0.09537508801712087, -0.2184742515792168, -0.1284945720631665, -0.2345623012747047, 0, -0.11634588163881376, -0.1329516666190594, 0, 0, 0, -0.22558493109420122, -0.29177261717573016, 0, -0.12906211179765253, -0.19277963183976848, -0.13761625527087906, -0.21052450816544094, -0.14932611235401416, -0.17318684264435213, -0.1738300295883858, -0.20534787386500483, 0, -0.11856567264389777
0, 0, 0, 0, -0.1517672255004542, 0, -0.12245559846470888, 0, 0, 0, 0, -0.17160689136772872, 0, 0, 0, -0.10364933347144449, 0, 0, -0.10132695287416961, 0, -0.11193782405499067, 0.298256309781248, -0.08528135829501396, -0.08935984096792297, 0, 0, -0.13680292141787212, 0, -0.14134862436425907, 0, 0, -0.13150505017907826, 0, 0, 0, -0.08080453490856193, -0.13832045512076896, 0, 0, 0, 0, 0, 0, -0.06082173205359407, 0, -0.08864971332494227, -0.13084777366134645, 0, -0.0886209047686915, 0, 0, 0, 0, 0, -0.06251383936925596, -0.0971904445117588, 0.2582190458525135, 0, 0, 0, -0.13090316794086218, 0, -0.09773419496054946, 0, 0, 0, 0, 0, 0.42600606281383857, -0.12040897185278653, -0.10307257790397642, 0, 0, -0.10529727880651299, 0, 0, -0.11001465394202639, -0.15218184283056252, 0, 0, 0, -0.13565713856150635, 0, 0, -0.0808595017165667, 0, -0.11795384587466634, -0.12229957943098758, -0.09545596952900962, -0.13185394612696438, 0, 0, 0, -0.13069790767178657, 0, -0.15194353186971524, 0, -0.1320723406101868, 0, 0.2314254092084337, 0, 0, 0, 0.34187829721203866, -0.07185023058833306, 0, 0, 0, 0, -0.060712205903305484, -0.12970602846474716, -0.09576359848951438, 0, -0.15651150620601895, 0, 0, -0.09385519697923231, 0, 0, 0, 0, 0, 0, 0, 0, 0
0, 0.47180212420205114, 0.6894064658225882, 0.4701322534320199, -0.11927461148249183, 0, 0, -0.15672088842076326, -0.16117980900507448, -0.12197198076757176, 0, 0, -0.11371473452032481, 0, 0, 0.685987946890972, 0.8762512681344881, 0.817720834846175, -0.12322629029572503, 0, 0, 0.5220984714120832, 0.9296698892679244, 0.6952443577565434, 0, 0, -0.14516890552224038, -0.22692192736209474, -0.16263820376605534, -0.10551653324490132, 0, -0.15963311149885345, 0, -0.08503869817350299, -0.1718549682606055, -0.15371886624341774, 0, 0, 0, 0, -0.09796667885553278, -0.11485445580861114, -0.09489411434091677, 0.4395252070824567, 0, 0, -0.2302473677392759, -0.11726666722653374, 0.7940755239866729, 0, -0.16110190932361376, 0, -0.1723481268175436, 0, 0.5073769916743233, 0, 0.4152632604887329, 0.7176832379036951, 0.44418389934914027, 0.32584310317168474, 0, -0.20142563548667786, 0, -0.144538908903529, 0, 0, -0.1570781637975643, 0, 0.5599618781865031, -0.11627255833133922, 0.5378826208581354, 0.8440655944590401, 0, 0.7664778983808046, -0.25037833439221435, 0.24418472336172026, 0, -0.16733274841252474, -0.16974849684494095, 0, 0, 0, 0, 0.42083190354255995, 0.6403829754310509, 0, -0.17377150476590134, 0, 0.5424772928354884, -0.12965254591355996, 0, 0, 0, -0.15390444313023766, 0, 0.5750473938345897, -0.08582406793662511, -0.1516420396014013, -0.10717579231484554, -0.26602430906686486, -0.11210590850017853, -0.16744977910290706, 0, 0, 0.4673974915108903, 0, 0.5316034558735487, -0.08666407592545927, -0.10204836269836388, -0.12886860573109804, -0.2040820132673414, 0, -0.1078507697686469, 0.42534227736965907, -0.09172048126044927, 0.4719958106458558, 0.45530657576521816, 0.48806107243123387, 0.47125266513277414, 0, 0.6754654660537329, -0.12503470951966852, 0.5517821407807738, 0.45209244448232805, 0, 0
0, -0.38846248234042013, -0.3089385172958031, -0.21608501025930307, 0, 0, -0.11639217990831927, 0.8473521181426482, 0.6849645063727942, 0.884432351155687, -0.19301922958670162, -0.25369847800609113, 0, -0.31816219312525235, -0.39281425200661724, -0.40137988887726034, -0.4926535516676174, -0.42291456214264206, -0.26208705740120786, 0, 0.48430688835459335, 0, -0.3940623652112407, -0.4184228523197086, 0, -0.21851388958854134, 0.5322414345302053, -0.26239575509873797, 0.7166277181400557, 0.4829535196280201, 0.4551635717659634, 0, -0.21605449801975418, 0.8764820487982464, 0, 0.6554365766521926, 0.38055236591234537, 0, 0, 0, 0, 0, -0.18414044579577835, 0, 0, 0.4587174040515608, 0.8704278969204797, 0.32401388005581155, -0.419147614939095, 0.8001020488621161, 0.9795428987323256, -0.14625960168409421, 1.0445610452240623, -0.19944147868621662, -0.3251068981836602, 0, -0.3549082544813781, -0.5175424163260901, -0.19970306064406562, 0.457734981529486, 0, 0.9397961090668859, 0.4571705621236056, -0.3037112007216477, 0.804163511140264, -0.3611034536592861, -0.251126003412754, -0.15436886883881576, -0.16763136639466925, 0, -0.13124547431972633, -0.3671359262775773, 0, -0.35857924353948306, 1.0683140463573828, 0, 0.47177184851437765, 0.9944279866724667, 0.7045395414903515, -0.3408650710401046, 0, 0.8097237590174384, -0.25057371971103587, -0.3302918333741626, -0.45010098406330834, -0.2855830225957415, 0.9174624925159612, 0.5950789807816312, -0.4092241284245152, 0.43424832554482756, -0.14106115464706281, -0.1680343241274857, 0, 0, 0.5994587102906769, 0.7766078446853396, 0.5463510365088109, 1.0092561375951952, 0.7168264647994174, 1.4188721694076671, 0.9212077538756098, 0.9570146421961925, -0.24274339059484695, -0.21732950105397258, -0.33175880386210277, -0.23837814952253825, -0.3340106116156481, -0.16607307411131406, -0.286199440753356, -0.29946242148856145, 0.8797206483187011, 0, 0, 0.7060336396449677, -0.25122599219712116, 0, -0.21962104003931707, -0.30803413257231566, -0.30411464043330244, -0.21920497138986111, -0.30134530154095285, -0.16347780451236765, -0.4273281690309636, -0.2426403452049269, 0, -0.24292757791395264
0, -0.46169669309154787, -0.4168925087764703, -0.3205009208359069, 0, -0.1636788734342838, -0.10199627742273534, -0.33226391228221624, 0.8646229478841772, 0, -0.1341612945399769, 0, -0.22179565564411452, 0, -0.4712244236971319, -0.7071370151438996, -0.6806178955792702, -0.4986077556519589, -0.3778244042864215, 0.4550487845748196, 0.4321429613377198, -0.2691029306321157, 0, -0.5390284284752793, 0, 0, 0, 0, 0.8379813590705987, 0, 0.5836484104894843, 0, -0.2908893266182409, 0.7246237725895396, 0, 0.833007882921368, 0, -0.10310842785912086, 0, 0, 0, 0, -0.30317205518472606, 0.7608436225280201, 0.5529024112721905, 0.5242538403104815, 1.0578595700286597, 0, -0.5412051601375542, -0.18376946878400718, -0.30409130920143207, -0.25200869343626864, -0.34801910534994035, -0.3812138061599054, -0.482708893798086, 0.3895775336747889, -0.5900829701665835, -0.6954105912306136, -0.2987206863229533, 0, 0, 1.0957676771675642, 0.41930382140761524, -0.4128347963581959, 0, -0.37255994404391185, -0.4153261573772329, -0.1540104333328227, -0.29344909540673625, -0.13540090804548133, -0.1775362651956987, -0.4317724477078227, 0, -0.4503824969704218, 0.9425558523389387, -0.11573342769653854, -0.11815416067833036, -0.1945081461261351, -0.18228919516823192, -0.39944293440359174, 0, -0.11715964345504866, -0.2839912585597917, -0.402121779764951, -0.5707600498996594, -0.2638472527983165, -0.22539185310487136, 0, -0.39733970263906837, 0.7140034932981265, -0.19448786596147805, -0.1877204548706842, 0.4397320222913626, 0.7343937355884507, -0.17320551595019235, -0.12662076919557497, -0.17109855385754447, -0.18114720092559772, 0.5856441240031672, 1.8564384690088396, 0.9207639883349046, -0.1971583735258634, -0.2914822035546717, -0.13611949243103003, -0.46373810050560277, -0.2900559019887138, -0.4267896307164932, -0.21868811653964657, -0.30554980860779896, -0.3238371735881765, 0, 0, 0.6186681782091542, -0.22120206999853545, -0.3233088083818109, -0.21099377102563646, -0.2801590021410193, -0.3958574634985958, -0.29906252993253635, -0.2531242511051802, -0.4075648442753079, -0.19597424027488367, -0.4488891436697811, -0.35327625553431113, 0, -0.2500834807492815
0, -0.324763738690789, -0.2723807192922931, 0, 0, -0.11065225005789267, -0.08799231690653637, 0.7664106380962875, 0.5471313562475012, 0.687684138398485, 0, 1.0391221909784298, 0.40233352532864325, 0, -0.31920363503677884, -0.24151498390550696, -0.40938036851954956, -0.3945236167635678, -0.14919690654677506, 0, 0, -0.1315232109920804, -0.19567881240995863, 0, 0, 0, 0, 0, 0.716374653599083, 0, 0.4160534070941016, 0.3620455975113634, -0.23987566256542492, 1.1168421994795146, 0, 0.6778267511912603, 0.6693758751535596, -0.1327147287928067, 0, 0, 0, 0, -0.1865904729737519, 0, 0.2979822441062141, 0.40489601456846747, 1.085467140796684, 0, -0.3923131578238378, 0, 1.0182112197469209, -0.2343051685768148, 0.9612939270843176, 1.1246114923307289, -0.40016008235131906, 0, -0.3844224085214052, -0.6058442234672489, -0.18566168623219864, 0.5815181423915409, 0.5184098383383153, 0.6650923051099882, 0.46058872160077285, -0.18371956529412212, 0.8893817987372794, -0.2877115550723625, -0.11037309453932839, 0, -0.3370948683758893, 0, 0, -0.27018700662352907, -0.14294986103963, -0.27410211985288674, 1.1897744301035147, -0.16942371315633897, 0.39365565945081793, 0, 0.4922166655967438, -0.25433275904227687, -0.1617895492725083, 0, -0.20373195048602183, -0.27093124096791504, -0.3357902041048981, -0.33892693719708966, -0.17267012582699517, 0, -0.43641706155232507, 0.618090873845311, -0.1110174576981872, -0.17766638872097243, 0, 0, 0.6172736031955187, -0.09099144037697063, 0, 0.45416368999426254, 0.419063502957993, 1.2795422446025144, 0.8797567096431329, 0, -0.19554466390220626, -0.20523078504435904, -0.2647372319523397, -0.17998464065516215, -0.19926528696044576, -0.17972928289342352, -0.19157926801022926, -0.23346794503830381, 0.7663113398003872, 0, 0.4860553088704363, 0.8224133813937976, 0.8480105596544175, 0, -0.1635991413570807, -0.3210175714204506, -0.22563237611853246, 0, -0.33664835122421055, 0, -0.33505757816297815, 0, 0, -0.19734882572744913
0, 0, 0, 0, 0, 0, 0, 0, 0, 0, 0, 0, 0, 0, 0, 0, 0, 0, 0, 0, 0, 0, 0, 0, 0, 0, 0, 0, 0, 0, 0, 0, 0, 0, 0, 0, 0, 0, 0, 0, 0, -0.036007133531193496, 0, 0, 0, 0, 0, 0, 0, 0, 0, 0, 0, 0, 0, 0, 0, 0, 0, 0, 0, 0, 0, 0, 0, 0, 0, 0, 0, 0, 0, 0, 0, 0, 0, 0, 0, 0, 0, 0, 0, 0, 0, 0, 0, 0, 0, 0, 0, 0, 0, 0, 0, 0, 0, 0, 0, 0, 0, 0, 0, 0, 0, 0, 0, 0, 0, 0, 0, 0, 0, 0, 0, 0, 0, 0, 0, 0, 0, 0, 0, 0, 0, 0, 0, 0
0, 0, 0, 0, 0, -0.14705238668033146, 0, -0.21327294417908182, 0, 0, 0, 0, 0, 0, -0.17694870053264145, -0.2272151859951979, -0.25099420904444447, 0, -0.24924695043286949, 0, 0.6721886657696335, 0, -0.20774021403403128, 0, 0, 0, 0, 0, 0, 0, 0, 0, 0, 0, 0, 0, 0, -0.1069940452906068, 0, 0, 0, 0, 0, 0, 0, 0, 0, 0, -0.2676545911063148, 0, -0.2085063879831151, 0, -0.2830287005967199, 0, 0, 0, -0.2065432256262214, -0.22064667204753413, 0, 0, 0, 0, 0, -0.17823549733906882, 0, 0, -0.196888857673489, 0, 0, 0, 0, 0, 0, 0, 0, 0, -0.21264719273166702, -0.2164899479264737, -0.24619146521896304, 0, 0, -0.1792730417016755, 0, 0, -0.16425062020141282, 0, 0, 0, 0, 0, 0, 0, -0.19776239154196737, 0, 0, -0.17266369962765923, 0, 0, 0, 0, -0.2985225627489551, -0.25236622172753687, 0, 0, -0.13685003899272113, 0, -0.1866625925367498, 0, -0.16103142947831506, -0.12726970048155628, 0, 0, 0, -0.277939628425864, 0, 0, 0, 0, 0, -0.13057365036674443, 0, 0, 0, -0.13869371537668182, 0, 0
0, 0.4557495573524945, -0.09919478401670469, 0, 0, 0, 0, 0, -0.11739683639339336, 0, 0, -0.1620756043034082, 0, 0, 0, -0.1284735765851197, 0.838907179671365, 0.48110216309901893, -0.10829724083264682, 0, -0.12897280281614779, 0.4553781774171751, -0.11156651134991033, 0.4523824786932311, 0, 0, 0, 0, 0, 0, 0, 0, 0, -0.10023620192652338, 0, -0.1207334648738355, -0.15653950524952207, -0.08596359539139757, 0, 0, -0.09334197101115455, -0.10285451127199545, -0.09476797792101763, 0, -0.06992471289716488, -0.1005127788594763, -0.17437637709249137, 0, 0.7247903908058501, 0, 0, 0, 0, 0, 0, 0, -0.0682132324075193, 0.7090522784485215, 0, 0, -0.13842633950120087, 0, 0, -0.09435874617231461, -0.14218890281601593, 0, -0.08266207303566071, 0, 0.5357880089903979, -0.1066855719200722, 0, 0.4820042473121903, 0, 0.5719824577786705, -0.18792268824529149, -0.07016530733737157, 0, -0.13739748950850575, 0, 0.42216350670863634, 0, 0.43639159490526336, 0, 0, 0.4744335802035713, 0, -0.1303775608535179, 0, 0.5317293486370956, -0.14495094658699756, -0.07810594524309764, 0, 0, -0.10803352139226992, 0, 0, 0, -0.14801955318882212, 0, -0.16452215362413053, 0, -0.10604171907951684, 0, 0.383654610756204, 0.44888714129843843, 0, -0.1130687317248997, 0, 0, 0.22739732994312123, -0.1551006885198851, -0.08708627005959808, 0, 0, 0, -0.09392107119047073, -0.08968556366135784, 0.3893857787291999, 0, 0, 0.4860078701441185, 0, 0.5183303163002251, 0, 0, 0.457428098165273
0, 0, -0.27984475618495847, 0, -0.14474200092670042, 0, 0, -0.2129025704841529, 0, 0, 0, -0.7426038747171585, -0.30984116577762644, 0, 0, 0, 0, 0, -0.3150256744730119, 0, 0, 0, 1.0921404552524159, 0, 0, 0, 0, 0, -0.18112758923140204, 0, 0, 0.5929513396622947, -0.1817527783834824, 0, 0, 0, -0.36676268979743504, 0, 0, 0, 0, 0, 0, 0, 0, 0, 0, 0, -0.31914729330092184, -0.24131725472667637, -0.35601704300538345, 0, -0.500318432236724, 0, -0.2761821378914854, 0, -0.2885386689768958, -0.26399198217836906, 0, -0.31463398537554194, -0.30945427932020797, 1.026262670619604, -0.22693826005008105, 0, -0.2896441815132056, -0.2802601947381053, -0.2672473321459184, -0.3134924351439405, -0.39455140288546, 0, -0.30563514723705343, -0.18553163669251352, 0, 0, 0, -0.25729764995298066, 0, 0, -0.24043398497686072, 0, 0, 0, -0.3604721772376392, -0.20766710067487898, -0.21691721657801916, 0, 0, 0, -0.23655101961083289, 0, -0.2075720291086291, 0, -0.21743605032172802, 0, -0.2773011771057516, -0.41753220831749877, 0, -0.3100891050236036, -0.2876368426303497, 0.9101979388480699, -0.24533981894137186, -0.3447837389318888, 0, 0, 0, -0.3166297543535222, 0, 0, -0.27915085865274597, -0.2739584883757688, 0, 0, 0, 0, 0, 0, 0, 0, 0, 0, -0.2373584722795542, 0, 0, -0.1866053434657199, 0, -0.15457827918825118
0, 0.7029144782253935, 0, 0, -0.12458942851037602, 0, 0, -0.0702027675817554, -0.12174988733153227, 0, 0, 0, 0, 0, 0.7004348503730451, 0.62808548524018, 0.9205800386942818, 0.9254165117191497, 0, -0.1194882780815992, -0.15173705427004508, 0.45933541774876135, 0.6088225239855574, 0.8204856800554798, 0, 0, 0, 0, 0, 0, 0, -0.08899386748280098, 0.3286072228458799, 0, 0, -0.10827259226176626, 0, 0, -0.08704081287560818, 0, -0.10398408067032192, 0, 0, 0, -0.09308542267139286, -0.12334894537949787, -0.21604854435825813, -0.10084935998890907, 0.8261732375358184, 0, 0, 0, 0, 0, 0.5600419479818154, 0, 0.45708708976312157, 0.9839554110122061, 0, 0, -0.17056825340611, -0.20078436480139403, -0.14465050441510935, 0.635410573258698, -0.14205161679085918, 0.5106522608585524, -0.138873142548462, 0, 0.5716561337869948, 0, 0, 0.82632901851638, 0, 0.8965278499291841, -0.22086094479083204, 0, -0.09715468922782212, 0.36991983920911825, 0, 0.6784306108793305, 0, -0.08792409865590642, 0.33111981084378095, 0.5305561105577353, 0.75621690261739, 0.6515252911236474, 0.47765674363444666, 0, 0.8102851095488082, -0.20042746859147514, 0, 0.46438588478656073, 0, -0.16339689699441667, 0.22540263785704429, 0, 0, 0, -0.09241877771398344, -0.23240425862694455, 0, -0.11583548058394937, 0, 0, 0.8135941697600578, 0.3800327333061178, 0.567520282547861, 0, 0, 0.37410936794770044, -0.16165864089052773, 0, -0.09142688485195688, -0.09479535626788395, -0.1154480858072695, 0, 0.45258598590466004, 0.45962095742304876, 0.6299611463792157, -0.08639836647624898, 0.8129629928862966, 0, 0.6114304132406227, 0.3774072152754725, 0, 0.3911956918197508
0, 0.5176782254674468, 0, 0, 0, 0, 0, 0, 0, -0.14129918724276355, 0, 0, -0.14234500511297374, 0, 0, 0, 0, 0, -0.08466400456606192, -0.08895209363768579, 0, 0, 0, 0, 0, 0, 0, 0, 0, 0, 0, 0, 0, 0, 0, 0, 0, 0, 0, 0, 0, 0, 0, 0, 0, 0, 0, 0, 0, 0, -0.11522864923372096, 0, 0, 0, 0, 0, 0, 0, 0, 0, 0, 0, 0, 0, -0.15842042698513803, 0, -0.07577850917417805, 0, 0.4899742226984072, 0, 0, 0, 0, 0, 0, 0, 0, -0.13457581683990763, -0.12151763893834416, 0, 0, -0.11825664308516431, 0, 0, 0, 0, 0, 0, 0, 0, 0, 0, 0, 0, 0, -0.1029489768440691, 0, -0.12437609362180284, -0.12502778559167485, 0, -0.13443003996106925, 0, 0, 0, 0, 0, 0, 0, 0, 0, -0.09142046581307382, 0, 0, 0, 0, 0, 0, 0, 0, 0, 0, 0, 0, 0, 0, 0
0, 0, 0, 0, 0, 0, -0.10615125148024314, 0, 0, 0, 0, -0.1747624270372845, -0.1053059173845183, 0, 0, -0.1088214829901345, 0, 0, 0, 0, 0.395420768384483, 0, 0, 0, 0, -0.12673911470791657, 0, 0, 0, 0, 0, 0, 0, 0, -0.08133822143755984, -0.08446255561949853, 0, -0.10394024941106772, 0, 0, 0, 0, -0.1402326346278611, 0.3386580835942291, 0, 0, -0.12056262588241631, 0, 0, -0.09104617414693272, 0, 0, 0, 0, 0, 0, 0, 0, 0, 0, 0, 0, 0, 0, -0.14261795686901127, 0, 0, 0, 0, 0, 0, 0, 0, 0, 0, 0, 0, 0, 0, 0, 0, -0.12638556293079684, 0, 0, 0, 0, -0.17230218145544654, 0, 0, 0, 0, 0, 0, 0, 0, 0, 0, 0, 0, 0, -0.12371970601053617, 0, 0, 0, 0, 0, 0, 0, 0, 0, 0.43998158299484824, 0, 0, 0, 0, 0, 0, 0, 0, 0, 0, 0, 0, 0, 0, 0
0, 0, 0, 0, 0, 0, 0, 0, -0.09668990643364005, 0, 0, 0, 0, 0, 0, 0, 0, 0.4830379846702627, 0, 0, -0.11955816799575615, 0, 0, 0, 0, 0, -0.08264807827688045, 0, -0.09938216640403416, 0, 0, 0, 0, 0, 0, -0.10958630905870806, 0, 0, 0, 0, -0.10319980395705847, -0.11534986386722743, 0, 0, 0, 0, -0.09888054908059299, -0.07947755354609277, 0, 0, 0, 0, 0, 0, 0, 0, 0, 0, 0, 0, 0, -0.10945193684187406, 0, 0, -0.10923113127671115, 0, 0, 0, 0, 0, 0, 0, 0, 0, 0, 0, 0, 0, 0, 0, 0, 0, 0, 0, 0, 0, 0, 0, 0, -0.10844925580917499, 0, 0, -0.11336787993521935, -0.15903890101435864, 0, 0, 0, 0, -0.10439012359441938, -0.10589854448480437, -0.11768851788489734, 0, 0, 0, 0, 0, 0, 0, 0, 0.19804220900579428, -0.1061531013798509, 0, 0, 0, 0, 0, 0, 0, 0, 0, 0, 0, 0, 0, 0, 0
0, 0, 0, 0, -0.2235380079587346, -0.15373266323730828, -0.17506155830213396, 0, 0, 0.5739280993886345, 0, 0, 0.36113629580699197, 0, 0, 0, 0, 0.6546030091663259, 0, -0.13690212151122838, -0.09369513306372454, 0, 0, -0.09064475350313413, 0, 0, -0.11055288312553631, 0, -0.13908298577705447, 0, 0, -0.08862970742875347, 0, 1.320024451919902, -0.1758805371297956, 0.4044808631749305, 0, -0.09402762459312664, -0.15651395384413738, -0.18056772799568915, -0.23787329399274995, -0.17842571744475771, -0.1725962492919344, -0.31329270304148604, -0.14576232332728337, 0, 0.6351690792333095, -0.15381106608756828, -0.1313956816657673, 0, 0, 0.8700241347608422, 0, 0, -0.17708063414492498, -0.2574595999013879, 0, 0.7604276435752982, 0, 0, -0.26158402683068216, -0.2769473297760764, -0.15527797487794598, 0, 0.6996935888711532, -0.0935423588955759, -0.14668862789532972, 0, 0.645826804740725, 0.6101639681955742, 0.7750045204444723, -0.08887059954757308, 0, 0, 0.4344928553225327, -0.1680877599880337, -0.11388359242572806, 0, 0, 0.8168886244175059, -0.4673037611316442, 0, 0, -0.08033953414243593, -0.10248622945255588, -0.171605373388693, 0, -0.39347099962871945, -0.1385967588841724, 0, 0, 0, -0.10942212951096723, -0.1232124428343899, -0.17036680327753356, 0, 0, 0.5396167097484273, 0.3992291877393861, 0, -0.17623807756379625, 0, -0.12530123624681888, -0.14948992700041588, -0.07718944012370231, -0.09284900842794916, 0, 0, -0.051845012395936765, 0, 0, -0.14519332611113162, 0, 0, -0.1705591920542205, 0.6515207077570903, 0, -0.06371895346330447, 0, 0, -0.15995147399522217, 0.4629313879045922, 0, 0, 0, 0
0, 0, 0.576501243343534, 0, 0.3538844632178897, 0, 0, 0, 0, -0.23265237272943132, 0, 0, 0, 0, 0.652795243273134, 0, 0.6706860991200949, 0.7712653952522261, 0, 0, 0, 0, 0, 0.510292480529877, 0, -0.18916855831886306, 0, -0.4382426534780624, 0, -0.1877239275836831, 0, 0, 0, 0, 0, 0, 0, 0, 0, 0, 0.2705590158706851, 0, 0, 0.4385067003968918, 0, 0, -0.19017531083601544, 0, 0.5427817637999324, -0.08622250463516722, 0, 0, -0.10880996123310785, 0, 0.4843321469619265, 0, 0, 0.9219487461518772, 0.4629239080375029, 0, 0, 0.3969629311146067, 0, 0, -0.1544370525241272, 0.4206794077630404, 0, 0, 0, -0.15341494573241274, 0, 0.5934573770552023, 0, 0.6010960429986398, 0, 0, -0.09893450468582653, 0, 0, 0, 0, -0.18026045147054964, 0, 0, 0.6314649664911616, 0.9337960331593992, 0, 0, 0.8992979682351643, -0.1310102156133618, 0, 0, 0, 0, 0, 0, -0.10322189488428168, -0.15405777032040813, -0.13019522468667225, 0, -0.17195216685306347, 0, 0, 0.6919168319422867, 0, -0.16995667381304627, 0, 0, 0, 0, 0, 0, 0, 0, 0, 0, 0, 0.6325409907414217, 0.622732257743658, 0, 0.7647512823352022, 0, 0.5885195329410031, 0.4860213566300495, 0, 0
0, 0.4580516525494813, 0, 0.5822218661855302, 0, 0, 0, 0, -0.10434781801193424, 0.8761162032057168, 0, 0, 0.566775897912973, 1.0963168776444594, 0.4512545755420258, 0.7605554501779163, 0.45889072696247113, 0, 0.5173249630647908, 0, 0, 0.5183666452221919, 0.7023547767725624, 0.4741286830775551, 0, 0, 0, 0, 0.2616426597021279, 0, 0, 0, 0, -0.08285757972030265, 0, -0.11597196122260893, 0.35432614344630065, -0.09216597590783629, -0.05804749110342064, 0, 0, 0, 0, 0, 0, 0, -0.12475658079196347, 0, 0.3619558886055182, 0, 0.5160954860438552, 0, 0, 0, 0, 0, 0.24775140112846533, 0, 0, -0.11183311159930982, 0, -0.14900635065037254, 0, 0.6265329021442881, 0, 0, 0.34445809722727966, 0, 0, 0.4531132359182672, 0.46998189220910025, 0.3945221793036516, 0, 0, 0, 0.28159826937052496, 0, 0, 0, 0, 0, 0, 0.2990926509677499, 0, 0.3619794489262223, 0, 0, 0, 0, 0, 0, 0, 0, -0.08983742693547082, 0.24206437080743276, 0, 0, 0, 0, -0.12547676750991865, 0.27846603268654674, 0, 0, 0, 0.48313522812292686, 0.3232528634487665, 0.6222279059638433, 0, 0, -0.07384381289179949, 0, 0, 0, 0, 0, 0.32840309710469306, 0, -0.0609483737830559, 0, 0, 0, 0.36305044983117896, 0.32577428042430456, 0.5104972676209134, 0, 0
0, 0, 0.6505126458982337, 0, 0, 0.3047414706036004, 0, 0.2165172337255892, -0.15514267645378596, -0.13187942109730502, 0, 0, -0.07797730285443408, 0, 0.5278959008141408, 0.45330366574157016, 0.7452062567990523, 0.767545384857459, 0.6315951961774522, 0, 0, 0, 0.5596412987799666, 0.5726949491598996, 0, 0, 0, 0, 0, 0, 0.17492439082233038, 0, 0.28334707416839916, -0.16924164635935188, 0, 0, 0, 0, 0, 0.2977833758225137, 0.2568652711013557, 0, 0, -0.09343400674676407, 0, 0, -0.20964906502638406, 0, 0.4474259245076141, 0, 0, 0, 0.27056161061793754, 0, 0, 0, 0, 0.6748805731069196, 0.45298221746051753, 0, 0, 0, 0, 0.6038426483243455, 0, 0, 0.597940633710564, 0, 0, 0, 0, 0.5292041982090094, 0, 0.6306004409930788, -0.12968276583747537, 0, 0, -0.1268078111341876, -0.10724062582653439, 0, 0, 0, 0, 0.3863314165129686, 0.5057172778856925, 0.3704163144114599, 0, 0, 0.5397090793173764, 0, -0.07523151758474061, 0, 0, 0, 0.22916432450143182, 0, -0.09573410235643094, 0, 0, -0.14842874724502786, 0, -0.10458837111403262, 0.3603610669745256, 0.3129014743486959, 0.42571007837848307, 0, 0.6146960032114851, 0, 0, 0.3195108768929795, -0.11699310690066879, 0, 0, 0, 0.39831527849877363, 0, 0, 0, 0.556603684816205, -0.09954187740183207, 0.47244783675208096, -0.11298226200669899, 0.5948027370517152, 0.4275841810089466, 0, 0.3193845325875814
0, 0, -0.10824371280856863, 0, 0, 0.8203365058785168, 0, 0, 0, 0, 0, 0, 0, 0, 0, -0.13131440239658454, 0, 0, 0, 0, 0.6291459951207315, 0, 0, 0, 0, 0, 0, 1.1012705152808593, 0, 0, 0, 0, 0.5312416474991698, 0, 0, 0, 0, 0, 0.27047531031648847, 0, 0, 0, 0, 0, 0, 0, -0.1482446540254811, 0, 0, 0, 0, -0.18477651162391937, 0, -0.1836016290604229, 0, 0, -0.1891844929993331, 0, 0, 0, 0, 0, 0, 0, -0.11866212947284677, 0, -0.13059895425522325, 0, 0, 0, 0, 0, 0, 0, 0, 0, 0, 0, 0, 0, 0.6569354372378652, 0, 0, 0, 0, 0.6293235696192245, 0, 0, 0.36619831546488, 0, 0, 0, 0, 0, 0, 0, 0, 0, 0, -0.1275464774811275, 0, 0, 0, 0.4801837551315385, 0, 0, 0, 0, 0.3985843700288917, 0, 0, 0, 0, 0, 0, 0, 0, 0.46542329433670115, 0, 0, 0, 0, 0, 0, 0, 0
0, 0.4877218579212182, 0.4578051799412209, 0.42809630308789026, 0, 0, 0, 0, 0, 0, 0, 0, 0.3040941155701423, 1.0740346533697371, 0.49727602054386116, 0.5133259350101658, 0, 0, 0.3384325343488276, 0, 0.30333687652314484, -0.08083636402472316, 0.5544466060676718, 0.5170248635034499, 0, 0, 0, -0.16957761566437862, 0, -0.08685219885095323, 0, 0, 0.26377584972969886, 0, -0.08426262359516891, 0, 0, 0, 0, 0.31323925290186627, 0, 0, 0, 0.329857850736185, 0.16952276243882658, 0, -0.0789451385055331, 0, 0.5094598373372711, -0.07838009161897015, 0.22822193509003394, 0, 0, 0, 0, 0, 0, 0, 0, -0.11485000910323949, 0, 0, 0, 0, 0, 0, 0.2982069107715687, 0, 0, 0, 0, 0, 0, 0, 0, 0, 0, 0.22013158589660217, 0, 0, 0, 0, -0.0766118769114625, 0, 0.3158052412083291, 0, 0, -0.0904440231759973, 0, 0, 0, 0, 0, -0.08351552928931388, 0, 0, 0, 0, 0, 0, 0, 0, 0, 0, 0, 0, 0.5526919277984184, 0, 0, 0, 0, 0, 0, 0, 0, 0, 0, 0, 0, 0, 0, 0.3680951511323688, 0.3522263153764227, 0.2926133027134869, 0, 0
0, 0, 0, 0, -0.08625964081804477, 0, -0.07979306259866113, -0.1309142884284645, -0.16392471911120832, 0, 0, -0.19233999008912825, 0, 0, 0, -0.08600007604645181, 0, 0, 0, -0.08604833029347554, 0, 0, 0, 0, 0, 0, 0.20163743743175455, 0, -0.06599325683109662, 0, -0.08066055567407499, 0, -0.08098163213127971, -0.12026887696597834, -0.1341293153319744, -0.14912338534250794, 0, 0, 0, 0, -0.08305617437044562, -0.0771005935589683, -0.09226550166444691, 0, 0, 0, 0, 0, 0, -0.11446185196005411, 0, 0, -0.133850207044125, -0.14158311656631484, -0.11135981223284648, 0, -0.15546984183752616, -0.07148653925349546, -0.057319959097000564, 0, 0, 0, 0, 0, 0, -0.07918459691807328, -0.11262359728331818, 0, 0, 0, 0, 0, 0, 0, -0.11403517970549262, -0.11885152173497422, -0.10076708021799431, -0.15792145826848977, -0.09502305797304536, -0.07885552371761514, 0.31714404102376187, 0, -0.15118914228118185, -0.0631272877112981, 0, 0, 0, 0, 0, 0, -0.08856413307974252, 0, 0, -0.08818177463634794, 0, -0.118745334790511, 0, -0.12989395024883396, 0, 0, -0.17441897875429313, -0.13221271341958749, 0, 0, 0, 0, 0, 0, -0.07297873359680605, 0, -0.11513401610533221, 0, -0.07250455997243038, -0.10339907177838953, 0, 0, 0, -0.0416206230911018, 0, 0, 0, 0, 0, -0.05537072390130435, 0, 0
0, 0, 0, 0, 0.2293011095397834, 0, 0, 0, 0, 0.5796970562151333, 0, 0.56285227244189, 0.6276841086150271, 0, 0, 0.393398139536265, 0, 0, 0, 0, 0, 0, 0, 0, 0, 0, 0, 0, 0, 0, 0, 0, -0.09067940730867138, 0, 0, 0, 0, 0, 0, 0, 0, 0, 0, 0, 0, 0, 0.5147305150805883, 0, 0, 0, 0, 0, 0, 0, 0, 0, 0, 0.4057996617271571, 0, 0, 0, 0, 0, 0.5076322085070933, 0.6641297388607059, 0, 0, 0, 0, 0.3987392833392498, 0, 0, 0, 0, 0.3404186677158435, 0, 0.1819384868546785, 0, 0, 0.47188166747349675, -0.15364402199262572, 0.4925116535939192, 0, 0, 0, 0, 0, 0, 0, 0, 0, 0, 0, 0, 0, 0, 0, 0.5318271430082548, 0, 0, 0, 0, 0, 0, 0, 0, 0, 0, 0, 0, 0.3153133662111849, 0, 0, 0, 0, 0, 0, 0, 0, 0, 0, 0.5503514962131858, 0, 0, 0, 0
0, 0.682938559594685, 0.6845437903555065, 0.736396315335334, -0.10503259918433366, 0, 0, 0, -0.10176773908157064, -0.2126973700140675, 0.5135325790984621, 0.5365507273613112, 0.7206714367580035, 0, 0.5955054069699852, 0.9331128924043499, 0.7131843554587718, 0.7607433381936574, 0, -0.11971706263935032, -0.09419445216270811, 0.6180453096663484, 0.991237174045982, 0.6319285436490143, 0, 0, -0.12190564666114136, 0, 0, 0, 0, -0.08122119581253183, 0, 0, -0.09746287482535089, 0, 0, -0.0786809100298914, 0, 0, 0, 0, 0, -0.11564450673761262, 0, 0, -0.15211467981980095, -0.10470199116600216, 0.687353438789482, 0.34195047018634445, 0, 0, 0.301260686493716, 0, 0, 0, 0, 0.7624866859195222, 0.355130091833455, 0.38803488974101696, -0.14773373556689226, -0.22305186946906305, -0.13028539292803043, 0.710843075836645, 0.63922675843701, 0, 0, 0, 0, -0.08944423141731682, 0.38815677370906787, 0, 0, 0.6761161167111198, 0, -0.06760774309417499, 0, 0, 0.26438058934241065, 0.5664859459281097, -0.14522479243680753, 0, 0, 0.5022382759675426, 0.573036189570637, 0, 0, -0.1572533628772762, 0, -0.12431577221671372, 0, 0, 0, -0.10764740402262278, 0, 0, 0.38405723739316183, -0.12952484938679437, 0, -0.16389443928430947, 0, 0.3325038166894229, 0, 0, 0.7159018763760561, 0, 0.618936014827231, 0, 0, 0, 0, 0, -0.08160836826506333, 0.24488031520623377, -0.0920978464636185, 0.39080087213832054, 0, 0, 0, 0.4801873320495188, 0.35946884487255243, 0, -0.09103906135818907, 0.7180501637751946, 0, 0.4455709490521212
0, 0, 0, 0, -0.11007855848012571, 0, -0.08794767345559917, 0, 0, 0, 0, -0.23712609449694405, 0, 0, 0, 0.3087415439069893, 0.5115863060833147, 0, -0.12636098005478258, -0.11955627306841943, -0.1405121861548198, 0, 0, 0, 0, 0, -0.15022866820792283, 0, -0.11639281796038256, 0, -0.12412742954359914, -0.10617508261363964, 0, -0.0641575576624645, 0.2897885173127016, 0, 0, -0.09599015620971425, 0, 0, -0.09262680978783626, 0, -0.11601959919462633, 0, -0.061284574771619894, -0.1121795202464064, -0.11850146471203131, 0, 0, 0, 0, 0.5172891540947354, -0.11215978576249108, 0, 0, -0.13752761620528414, -0.0676346629570818, 0, 0, 0, -0.18845276151401008, 0, -0.10127801775999039, 0, -0.2283159732576468, 0, -0.1549055605697206, 0, 0, 0, 0, 0, 0, 0.48905881793029643, -0.1380247739722198, 0, -0.14670390069153785, 0, -0.12760403588671387, 0, -0.13082769395740582, 0, 0, 0, 0, 0, -0.15814973028436694, -0.15130308438411275, 0, -0.16136411064529102, 0, 0, -0.13218767581557392, -0.1374080594945548, -0.09221779616078216, -0.16381353102026008, 0, 0, -0.11983797482493622, -0.13457435895073386, 0, 0, 0, 0, 0, 0, -0.06730088072683067, 0, 0, 0, -0.13810615032284557, -0.0825740655922285, -0.10352020836932822, -0.14523531760099032, 0, 0, -0.072452723057821, 0, 0, 0, 0, 0, 0, 0, 0, 0
0, 0, 0, 0, -0.10533596718977423, -0.12990889894975774, -0.09564242679454006, 0, 0, 0, 0, 0, 0, 0, 0, 0, -0.14631153607710387, 0, 0, -0.0905908084300763, 0, 0, 0, 0, 0, 0, 0, 0, 0, 0, 0, 0, -0.12108187903880936, 0, -0.1261102326896278, 0, 0, -0.08741805021168719, -0.09041530416825298, 0, 0, 0, 0, 0, 0, 0, 0, 0, 0, 0, 0, 0, 0, 0.9229231292723392, 0.3651810030418952, 0, -0.16492813405555284, 0, 0, 0, 0, 0, 0, 0, 0, -0.07438254169619729, -0.1319345575513516, 0, 0, 0, 0, -0.10291408653653052, 0, 0, 0, -0.10438962175521557, 0, 0, 0, 0, -0.1563391051094878, 0, -0.107859860980693, -0.13542144044998683, -0.11066692000568058, -0.10654275920959493, 0, 0, -0.1409117943236094, 0, 0, -0.08573418225666692, 0, 0, 0, 0, 0, 0, 0, 0, 0, 0, 0, 0, -0.11756961948534189, 0, 0, 0, -0.06923191101828836, -0.07537683634700293, 0, 0, 0, 0, 0, 0, 0, 0, 0, 0, 0, 0, 0, 0, 0, 0
0, 0.8609613371547818, 0.906714263372324, 1.1028285068321773, -0.10116866295669968, 0, 0, -0.19091389260915737, 0, 1.4684387316849168, 0.4831194817252674, 0, 0.8665473045706579, 0, 1.020479414646605, 1.4694377760566213, 1.34357725888131, 0.7498971686366177, -0.19762859447683678, 0, 0, 0.7920986114286097, 1.7195612041037753, 1.0184113196876647, -0.059908023204300526, 0.8801328026559712, -0.13473761013590652, 0, -0.25101555768004363, 0, 0.49082384992971795, 0, 0, 0.6237865318755265, -0.06782141700649864, 0, 0, 0, 0, -0.13046833155700288, -0.22238700780535117, -0.13290696655902481, 0.5801680832482318, 0, -0.18793749380344782, -0.11717911931194493, -0.0865623088559371, -0.21418508071671669, 1.1307595626387514, 0.6397775069305378, 0.8884991420865745, 0, 0.7191256591170826, 0, 0.4796689854812369, -0.20180590820039007, 1.1400439784588168, 0.8820178112884062, 0.5391788542046824, 0.5841708576538917, -0.25683108152790046, -0.4353074532262847, -0.2717766395614662, 1.327088443285419, 0.8352059992603551, 0.6612138365313739, -0.2236608714358079, 0.5848054245451921, 0.4417657533664225, 0.983524664292299, 1.0287556350836726, 1.040904520317977, 0, 0.9708122282180806, 0.26107981355171656, -0.0974785903701171, 0, -0.2256354131029835, 0, 1.0040293772088225, -0.302559254571089, 0.8689725022821513, 0.5766068473445181, 0.9969761760191966, 1.0719703334099606, 0.4503199764718729, 0.9596079544015007, -0.4347275958459363, 0.5394452320919199, -0.20786935379479063, 0, 0.4477419750095934, 0, -0.19919905613857872, 0, -0.22297058979487275, 0.6262782119183192, 1.154549375382325, -0.13109794100817468, -0.34811447849769017, -0.1315956852677644, 1.0184064983695613, 0.5437880465572679, 0, 0.9946691474242427, 0.5452782804582262, 1.2421783039063916, 0.4417852992938659, 0.7318788153112031, 0.5833133141056548, -0.10476665348980124, -0.15439610850654767, -0.17108433907273032, -0.17036245574997927, -0.17606053707227615, 0.7659744328830103, 0.8312735563776394, 0.642203410861401, 0.7498058685780165, 0.9185456739705274, 0, 1.0244596143440639, 0.9183950111454922, 1.1351307973398477, 0, 0.7120448425639809
0, 0.9128355746829472, 0.6200473485644699, -0.10817332322771202, 0, 0, 0, 0.19273582236165304, -0.08069671846921415, -0.12645901410684277, 0, -0.12240283265682127, -0.13098572741008138, 0, 0.6401199964219542, 0.8061063968310735, 1.0118750676716357, 0.9213268268112391, 0.34452040642967835, -0.057865047251217064, 0, 0.6424548313584619, 1.0356785551204464, 0.8505149182157604, 0, 0, -0.10410810521133669, 0.7728177684140313, -0.1379369943195877, 0, 0, 0, 0, 0, 0, 0, -0.1261486032011852, 0, -0.05277808678900319, -0.05401014043520326, -0.0743511731948723, 0, 0, -0.14108057138117688, 0, 0, 0.2538565341112192, 0, 0.8466952258813072, 0.263416822303932, 0.2749571441069484, 0, 0.2053890745011681, 0, 0.49718921464750215, 0, 0.552544866261898, 0.8429048134491077, 0, 0, 0, -0.20190617178146686, -0.12455948683449974, 0.8377020963295327, -0.14652230271972777, 0.38558981365904754, -0.15474673535404063, 0, 0.7108469833236365, 0, 0, 0.707178365694932, 0, 0.8047296858133598, 0.20719444272448373, 0, -0.06545172309657092, -0.1365295283250155, -0.09535058731013345, 0.7286594123543784, -0.13541437870329745, -0.12677579168517336, 0.3218029968174882, -0.12329731691240553, 0.8041050231417927, 0, -0.13464334624705815, -0.15849945806951812, 0.6113247154922015, 0, 0, 0, 0, 0, 0.24269841940240566, 0, 0.24902822858089638, -0.12276641311416542, 0, -0.18725022885473855, 0, -0.1590373755605329, 0, 0, 0.6535028076281526, 0.33397974519038937, 0.7151345796788939, 0.3409703996945993, 0.41894939228113504, 0.5230282019224654, 0, 0, 0, 0, 0.2761202666466553, -0.08314223482608726, 0.4111979178558008, 0.6046679885148923, 0.6729674758192813, 0.5453244778868944, 0.6250476812240348, 0.4365743121008342, 0.6545803015640098, 0.522883997749335, 0, 0.4868771051872056
0, 0.4865563544113696, 0, 0, 0, 0, 0, 0, 0, 0, 0, 0, -0.0778314143544492, 0, 0.41560917266159814, 0, 0.6261747242336606, 0.7481950566871034, 0, 0, 0, 0.42914783429474573, 0.5191668108612659, 0.621665375671789, 0, 0, 0, 0, 0, 0, 0, 0, 0, -0.07870895065663407, 0, 0, -0.18256423677187852, 0, 0, 0, 0.26204948877722206, 0, -0.083288134003463, 0, 0, 0, -0.11481858743539732, 0, 0.5888476179782298, 0, -0.10619413381034741, 0, -0.11794507866313234, 0, 0.4275609763837823, 0, 0.285734261489407, 0.7173409727572846, 0, 0, 0, 0, 0, 0, -0.10976918950199044, 0.3263118427304681, -0.10047687118312867, 0, 0.5442822163556919, 0, 0, 0.6870681933963698, 0, 0, 0, 0, 0, -0.1280177600948379, 0, 0.35105796046547616, 0, 0.27789013770030135, 0, 0, 0.5388972162466426, 0.5296797496747723, 0, 0, 0.5275040836130351, 0, 0.23136968185905768, 0, 0, 0, 0, 0, 0, 0, 0, -0.11259426500703446, 0, -0.09723686830928362, 0.37757583815571405, 0.3560713923500185, 0.41737385262760507, 0, 0, 0, 0.24658192532479917, 0.2501172094683501, -0.08915238296754867, 0, 0, 0, 0, 0, 0, 0.5248222244521645, 0.47791907960541075, 0, 0.3991070675344538, 0, 0.4113251289321032, 0.2930351962339798, 0, 0.3703409608764657
0, 1.1710028789702975, 0.8464807730859233, -0.18339119203544252, 0, 0, 0, -0.1315809530511844, -0.17795609809805388, -0.30172367132004607, 0, -0.24196643826616324, -0.20003189028694943, 0, 0.6587992530422406, 0.6463969724497397, 1.0956448721197192, 1.358365875458414, -0.19933796354444575, 0, -0.13720166118737315, 0.43146147980985783, 0.5950292910851481, 1.0684625599876654, 0, -0.14349191339751294, 0, -0.3021546451929365, 0, -0.14888480713938776, 0, 0, 0.5498742945172886, -0.2641814446085376, 0, -0.15483331056359084, -0.23398272459958086, 0, 0, 0, 0, 0, 0.5139211682884763, 0.3936119874966817, 0, 0, 0, 0, 1.1161529733386764, -0.08354047361679816, -0.19894198058119478, 0, -0.2650781287205436, 0, 0.9331350921429457, 0, 0.47794381473461134, 1.4499486017905883, 0.5961109790108079, 0, 0, 0, 0, -0.2637106064294459, -0.346018714534854, 0.7052455640308013, 0.3775769106080779, 0, 1.2494351312028389, -0.10537810118251216, 0, 0.9409309206768663, 0, 0.9691240113834128, -0.3219266147977402, 0, -0.10895993550444288, -0.18416254745716407, -0.1816207981192665, 0.7994075760604445, 0, -0.22360872884212404, 0.3984120364293293, 0.5394995033081653, 0.9885611710404256, 1.055376071678722, -0.2618844182611928, 0, 1.1857041060404496, -0.13793940530169235, 0.33060131659885744, 0.7260006595072946, 0, 0, 0.2490229215105466, -0.22596402779893118, -0.1255935437064171, -0.3087780226472828, 0, -0.26336061662278215, -0.18145189305148443, -0.1679924666707857, 0.6043132483276794, 0.7128343317606445, 0.42946628367193707, 0.5020292303886693, 0, 0.4089102931508775, 0.4454060877584859, 0.42178211888064226, -0.3159090931786459, 0, 0, -0.16481994363508914, -0.15313301491329584, -0.08852165879288405, 0.46849108274736484, 0.8758401777445591, 0.8009569015554073, -0.15465302653093588, 1.2315454222138995, -0.14429588335972793, 0.8532997549078375, -0.16844105547852045, 0, 0.4734470026561444
0, 0.8857754305688907, 0.5497601149440178, 0.5122485643764789, 0, 0, 0, -0.11526524112120003, -0.12106973507558455, -0.10747174048493631, 0, -0.16124798011687008, 0, 0, 0.590401427830916, 0.7288760215865949, 0.8161076820554514, 0.7813145166063834, -0.14029079915698822, 0, -0.12059865285450391, 0.6310747594968031, 0.9979926949039154, 0.9202400900705036, 0, -0.12287318872429115, -0.10045095476159244, 0, -0.20175266228767053, 0, -0.1100688324394499, -0.13426699340522122, 0, 0, -0.08198364500697247, 0, -0.17129992962921112, 0, -0.07953198860489431, 0, -0.11994633982120313, 0, 0, -0.10115291932062953, -0.11122350053579558, -0.14428206115214678, -0.18869492606717403, 0, 0.7517557880317023, 0, -0.08918673263689639, 0, -0.11025174730185035, 0, 0.3955271380851322, -0.13284834542543303, 0.3940016780493535, 0.8518168821838231, 0.32085673422177546, 0, -0.22792401493123501, -0.1942687785155499, -0.18524948204052488, 0.6475554676211238, -0.1639555691746144, 0, -0.13148268347657807, 0.49539897264246363, 0.6157762060013023, 0, 0, 0.6155834060072809, 0, 0.752946327729667, -0.16635329051054681, 0, 0, -0.15741060354229305, -0.09954105694804971, 0.5722404172851948, -0.13954329572696003, -0.12877259912204828, -0.09095152680798307, 0.5438242314933478, 0.8223717804136459, 0.3972797637238728, -0.12088223823688941, -0.2407885232662496, 0.5852928750382222, -0.17285175242798861, 0, 0, 0, -0.14760416805793758, 0, 0, 0.36992070662954635, -0.1191813091568514, 0, -0.24936829693851276, -0.13769745618081333, -0.1449791811308916, 0, 0.3976543075637711, 0.7092342605315806, 0, 0.6503011169279632, 0.3099050561351292, 0.3379068470273877, 0.41704428892497386, -0.14946130205643893, -0.11731489241492574, 0, -0.1085787925361355, 0, 0, -0.10630408379559386, 0.5549424388693628, 0.6878257187988583, 0.5378424334326355, 0.7010930439505402, 0.3394531327492848, 0.6598577520359098, 0.4464680107322381, 0, 0.48705298155214327
0, -0.44593469463288365, -0.4227425310325103, -0.278308088867841, 0, 0, 0, 0.9623171245338017, 0.9114457733052117, 0, -0.19901597597440687, 1.5541689098980118, 0, 0, -0.5203268444852922, -0.5196279096473925, -0.5646040875006179, -0.4995835396429204, -0.2029246983947047, 0.44752111725379506, 0.6439837335505953, -0.33179953635853865, -0.45296553916433685, -0.5201408827881888, 0, -0.2298215289536343, 0.47390830805282746, -0.3438350252707365, 0.5971879323356647, 0, 0.7530373664932514, 0.5120632436688779, -0.1992227094493508, 0.7648715896217119, 0, 0.5428958664640368, 0.8665036615608083, 0, 0.5403627185646106, 0, 0, 0.46357892095774733, -0.21505738516653064, 0, 0.3821631138435939, 0.721138520433564, 1.1279268407000207, 0.3695436725681504, 0, -0.10529242810156199, 1.1564046126790977, 0, -0.13663586001785885, -0.24822563396973488, -0.42444841671113104, 0, -0.39161097415576196, -0.6867856293073169, -0.26839614543014606, 0, 0.5419822002205026, 1.0120259479981364, 0.7665690326722975, -0.4877457228818222, 1.237690290124584, -0.40654223642437415, -0.20081867875443368, -0.23132628733484278, -0.23977521850174094, 0, -0.19620292984367926, -0.5255364243500296, -0.213151972785951, -0.5343542125492456, 0.973922396482783, -0.09024873337908355, 0.634656251207701, 1.341155767720126, 0.8071230622520273, -0.3879954063017919, 0, 0.9594053858574857, -0.27988882207847965, -0.40526686538194595, -0.5385942368314968, -0.46849323725307135, 1.20089092793161, 0, -0.4935563206439734, 0.6359766594155659, -0.2088250455544417, -0.2442025039833521, 0, 0.49018386089784866, 0.6791472112810887, 0.9245387838868271, -0.14279780856447113, 1.1108667353089305, 0, 1.7662265273411624, 0.8457152978332702, 1.2010412209495809, -0.30246755293071315, -0.2862851292415499, -0.43693610258770343, -0.19801745802434442, -0.42585518132899847, -0.20487290704225766, -0.2637445520307542, -0.26679130693377645, 0.964779027909046, 0, 0.6305680366855266, 0.8436139366460884, -0.2029298175973597, -0.24811253171043415, -0.3185317005920515, -0.42625275329426193, -0.3720550350189883, -0.2541260989243471, -0.4309605105596852, -0.20427512821967536, -0.44529884402489295, -0.3470641266298992, 0, -0.36365482789561726
0, -0.17074130831529344, -0.151420443699882, -0.15241515482238396, -0.08306967697731009, 0, -0.07344438468010848, -0.18131971154226859, 0, -0.15201388568680146, -0.13570209086061477, 0, -0.1964215470163878, 0, -0.22380787983454709, -0.33868348020371136, -0.2730401228297554, -0.24152412515921695, -0.23303350468392128, 0, 0, 0, -0.31268065299294406, -0.20516333016277435, 0, -0.13612415359959573, 0, 0, 0, -0.07924810386668289, -0.17524124483990525, 0, -0.0940809082566644, 0, 0, 0, 0, 0, -0.06203494585880225, 0, 0, 0, -0.19784147724215218, 0, 0, 0, 0, 0, -0.2148541881413285, 0, -0.14578387335329518, -0.14613171587916446, -0.17904568167068077, 0, -0.20005203442228214, 0, -0.18613689402989927, -0.3214767683324822, -0.18256408134041008, 0, 0, 0, 0, -0.25974872152327566, -0.1648494373571397, -0.1596846696306604, -0.1755506726807796, 0, -0.09257937718203035, 0, -0.18666416570207114, -0.1558461600453043, -0.1320322395312508, -0.24867708818628284, 0, -0.058477172349229126, -0.08168450327530806, -0.18840284402069896, -0.14309402887020403, -0.3213727692796787, 0, -0.11451414674508337, -0.1309121245805361, -0.23154807105651856, -0.16760308828528614, -0.11937943478747812, -0.2239980137088499, 0, -0.12517200256483973, 0, -0.10675688682814263, 0, 0, 0, -0.09476095651478066, -0.08558015010703729, 0, -0.12403682032100427, 0, 0, -0.09887214167535123, -0.18164789978081775, -0.09825215783208689, 0, -0.2155015134128382, 0, -0.2689908251998931, -0.09380215301085076, -0.10114045093813216, -0.11263969588983365, 0, 0, 0, -0.09827431637917004, -0.15082001861596142, 0, -0.158222361605194, -0.11718600113513894, 0, -0.13337143674692262, 0, -0.11517159004176887, 0, -0.2007164642398202, 0, -0.12910096250827024
0, 0.5976768313821017, 0, -0.10662199421544377, 0, -0.09771759698311028, -0.08363345942797176, -0.18687671392735136, 0, 0, 0, -0.2261506702996356, -0.17876682581211947, 0, 0, -0.32235214451752525, 0, 0.5209186453530728, -0.25453126186394437, -0.13150057317362088, 0.3649935133533548, 0.4160003193147589, -0.24057507998372726, 0.5604767473337782, 0, -0.13530968377112423, 0, 0, 0.648418809703896, 0, -0.10341828628293497, 0, -0.0860615961239523, 0, 0, 0.42621885454996655, -0.2970034020347381, 0, 0, 0, -0.08486763033020303, -0.08722852822266401, -0.14060950490395943, 0.4903910000899148, 0, 0, 0, 0, 0, 0, 0, 0, -0.29251233573732605, 0, -0.1515990672555682, -0.12831636054210951, -0.2637421110881469, 0, 0.37317009903126336, 0, 0, 0.6500760973540086, 0, -0.16362652637262906, -0.257894974999952, 0, -0.36853876186216605, 0, 0, 0, -0.10599698556899657, 0, 0, 0, 0, 0, -0.15785400918924258, -0.26081718168279117, -0.21705642820429097, 0, 0, -0.1468005550330439, -0.14458214961735824, -0.1507017539894603, 0, 0, 0, 0, 0, 0, -0.08705864303942064, 0, -0.11060337124391612, 0, -0.17976216888786142, -0.22054279311584235, 0, -0.20088997571568892, -0.17682763879856478, 0.8408465588172138, -0.2154961915401095, -0.2190362150687321, -0.11241815157606891, 0, -0.2049861626883081, -0.13934604621140975, 0, 0, -0.11671274410766441, -0.10552531237242888, 0, 0, 0, -0.22052498180282307, -0.14142930242153953, 0, -0.09492275163043876, 0, 0, -0.08330093277734946, 0, -0.107353416676426, -0.13452179375023196, -0.1446336833066843, 0, 0
0, 0, 0, 0, 0, 0, 0.7985043717094602, 1.263182666154389, 0, 1.3367633248091442, 0, 1.9620230061351962, 1.0152615143955046, 0, 0, 0, 0, -0.3215481952314321, 0.7800298575674612, 0.8788351190128469, 0, 0, 0, -0.2204976265561386, 0, 0, 0, 1.3943571410487987, 0, 1.0454562565661554, 0, 1.24033214969046, 0, 0, 0, 0, 0, 0, 1.3840974687213081, 0, 0, 0, 0, 0, 0, 0.9098012485943908, 0, 0.6723378254933818, 0, 0.8482830930371482, 0.87356535960398, 0, 1.2917904171871195, 0, 0, 0, 1.0529902772843893, -0.3384221962943687, 0, 1.0019217089850685, 1.3269098584106491, 0, 0.769855071266033, 0, 1.1644669284803357, 0, 0.9496573495990656, 0, 0, 0.8629999041986711, 0, 0, -0.2699473245037863, -0.3419542709555725, 0, 0, 0.9263589111005719, 1.4731309735419016, 1.3341649264958764, -0.21051538350811416, 0, 0.8588997722668613, 0, 0.7088944600202912, 0, -0.2670885062165919, 0, 0, -0.25525778666993215, 0.7153434749717041, 0.5407602836486265, 0, 1.7535859834503567, 0, 1.320271981977319, 1.6749877101644857, 0.7838492908965277, 1.4869109077423697, 1.6731153642406793, 0, 2.3097376295516185, 1.753433904255933, 0, -0.18487025916260053, 0, 1.37643223784481, 0, 0.8953694384214835, 1.0690545241089222, 0, 1.21332784724066, 0, 0.9406394476089951, 1.2949712077128832, 0, 0, 0, 0, 0, 0, 0, 0.7139955543823301, 0, 0, 0, 0
0, 0.5822281023497083, -0.1620852987155274, -0.15197144977997273, 0, -0.15204295909979498, -0.18761442568394116, -0.23365337252845375, 0, -0.1308891837680837, -0.15449155605167025, -0.2063780132648315, -0.22323726495226204, 0, -0.22215309345617526, -0.36306162208080006, -0.2524494914603198, -0.20754502057532973, -0.31740053186547595, -0.11620844070668304, 0, 0, -0.3204833292643605, 0.6146293270316289, 0, -0.2433071155373401, 0, 0, 0.3501304928689685, 0, -0.2284880636979389, 0, -0.22729804536544318, 0, -0.1051951829483978, 0, -0.1665261819516305, -0.11518539725408192, -0.1574884382892156, 0, 0, -0.11707100897831313, -0.29183158038381807, 0.4736452259148359, 0, 0, 0, 0, -0.30503843787057267, -0.18689848716647264, -0.28533240487647904, -0.17814005703021724, 0, -0.2838324680886299, -0.2049256965973738, -0.12700888723003542, -0.3094552356872311, 0, -0.1554797087026554, -0.10334348875603908, 0, 0.8560297924864454, 0, -0.22336487183470824, -0.2460238388431912, -0.2011457132934668, -0.36602443515379235, -0.12454159565282327, -0.142114839710384, -0.1856747883982243, -0.20630349455628746, -0.17315943544975887, 0, -0.25712336173024863, 0, 0, -0.22619650973716762, -0.32860214876695987, -0.2605085362573109, 0.42621770769657874, 0, -0.22837039033401813, -0.21727285742516442, -0.2134712244233037, 0, -0.10117512087840672, -0.2839872211083345, 0, 0, 0, -0.14643453519846888, 0, -0.14246671442788267, 0, -0.19256836517199394, -0.20292835662780764, -0.14020427548444142, -0.25627331319703683, 0, 0.9028435164803134, -0.2541919066862583, -0.2536075670195129, -0.13767371047330862, 0, -0.2279176006156322, -0.12934204535295224, -0.14749245886673756, -0.10563042510400028, -0.15215583637677665, -0.1533682211007301, 0, 0, 0, -0.2068889224755816, -0.2285647275129525, -0.12304697159486155, -0.18888617602019145, -0.18059432611147705, 0, -0.11316019543511592, 0, -0.19003908925313495, -0.2074694142503858, -0.22737135526501964, 0, -0.1486722345690854
0, 0, 0, 0, 0, 0, 0, 0, 0, 0, 0, 0, 0, 0, 0, 0, 0, -0.34772591695227056, 0, -0.14205862938500974, 0, 0, 0, 0, 0, 0, 0, 0, 0, 0, 0, 0, 0, 0, 0, 0, 0, 0, 0, 0, 0, 0, 0, 0, 0, 0, 0, 0, 0, 0, 0, -0.3407215911094426, 0, 0, -0.20415263625104546, 0, 0, -0.32045583257543936, 0, 0, 0, 0, 0, 0, 0, -0.16966705348756403, 0, 0, 0, 0.86530175739961, 0, -0.21980315367925762, 0, 0, 0, 0, 0, 0, 0, -0.19625043260184732, 0, 0, 0, 0, 0, 0, 0, -0.1577437747211659, 0, -0.16955491741847376, 0, 0, 0, 0, 0, 0, 0, 0, 0, 0, -0.1871794280615834, 0, 0, 0, 0, 0, 0, 0, 0, 0, 0, 0, 0, 0, 0, 0, 0, 0, 0, 0, 0, 0, 0, 0, 0, 0
0, -0.3009183263792856, -0.16068594663561436, 0, 0, -0.10486223507243982, 0, 0.6778875166646636, 0, 0.7428412950878792, 0, 0.8184950692755734, 0.6190633150481626, 0, -0.2713568179232746, -0.13861953350809395, -0.2544246298087043, -0.33496462734400356, 0, 0, 0.44514133435921466, -0.1478525923232086, -0.14023736990412852, -0.29911277704119565, 0, 0, 0, 0, 0.559124603568998, 0, 0.40014755152921894, 0.37542539833275385, -0.14992947958311748, 0.7505704094030767, 0, 0.5479678532397776, 0.7278930746856218, 0, 0, 0, 0, 0.3888521655927636, 0.5448396305099623, 0, 0.31185460166308054, 0.45725733353920134, 0.9374084382338643, 0, -0.32412466274249263, 0, 0, -0.21417779431685133, 0, -0.20607699516264516, 0, 0, -0.15229306284491098, -0.42889828471096797, -0.1235275093535927, 0.37333835288206746, 0.5881253350693464, 0, 0, -0.1418607777901087, 1.116772051189017, -0.21015723560422417, 0, 0, -0.3825995702775296, 0.6057521819132936, 0, -0.21572353115903822, -0.14579936224193094, -0.24303556342969682, 0.7984446137805954, 0.37202184718767833, 0.4269507709375505, 0.6960308982654079, 0.45253255807318804, -0.23484571420084938, -0.12653822707963505, -0.106615447872073, -0.12671032574773924, -0.16866380268300366, -0.24544257964482305, -0.264740322030495, 0, 0, -0.30693471894077423, 0.547289536322491, -0.08198911046682997, -0.16558188825079814, 0, 0.3327130837933277, 0, 0.554589831776828, 0, 0.8172488803972594, 0.5680544248204884, 0.711254779506212, -0.1130902608201088, 0.5446558565943391, -0.17363720507965927, -0.1854754102531131, -0.2202992404107971, 0, -0.16031295985745764, -0.12144368362032246, -0.08865123457401398, -0.1279762204764493, 0.6081445533912276, 0, 0.34977846624426573, 0.3839143714840763, 0, 0, 0, -0.19908962893469873, -0.1715349200522029, 0, -0.2543468460166546, 0.3997568761369992, -0.21501617821925392, 0, 0, -0.1504281872993104
0, 0.5990016085879141, 0.5024810889414656, 0, 0, 0, 0, 0.3469409827028942, 0, -0.12380539049486454, 0, -0.185162299885273, -0.11023074029344479, 0, 0.4757393989633829, -0.1434990027243549, 0, 0.555972802841298, 0, -0.1321008654158188, -0.07965334004818057, 0.6233505650073266, -0.0882814151192869, 0.5218747972167815, 0, 0, -0.11803746532073063, 0, -0.18796154336264237, 0, -0.09208715286917937, 0, 0, 0, 0, 0, -0.14981732502007955, 0, 0, 0, -0.0784936803101825, -0.10155768975055174, -0.09205929820780391, -0.11972542464405911, -0.0871779010646751, -0.08760547111743154, 0, -0.13788546619171824, 0, 0, 0, 0, 0, 0, -0.08035417729528466, 0, -0.11898607092626821, 0.6175112767664479, 0, 0, -0.23669811638124774, -0.1354252717456495, -0.18753365189718108, 0, -0.2134464695984659, 0, 0, 0, 0, -0.10693309309498517, 0, 0, 0, 0, 0, 0, -0.13158753528472908, -0.12246245110528335, 0, 0, -0.14062435102613036, -0.10918977781453029, 0, -0.07432817764358297, 0.6923047159090973, 0, 0, -0.25313499399669, 0, -0.17796933494309267, 0, 0, -0.11364556511169628, -0.10552730967005092, 0, -0.14463552606975305, 0, -0.09475727440175576, -0.14129630274827049, -0.11077530666070674, 0, 0, 0, 0.37935593331015305, -0.11226119846997815, 0, 0, 0, -0.07259159057615744, 0.3351575182525126, -0.09396121529060843, 0, 0, -0.09819115660504757, 0, 0.37503654044283324, -0.08901736901611403, 0, 0.6520655652704694, -0.08028283264318765, 0.6334979906242009, 0.46795580148977006, 0.4755131519161256, -0.10037053663305896, 0, 0.4193988612605164
0, -0.3514336539296611, -0.367841327289691, -0.1263005471247144, 0, -0.19079761716780183, -0.08186111276897017, -0.2555837423919507, 0, -0.16204412307516247, -0.15828112551919016, -0.1773347682223501, -0.13508637894070952, 0, -0.34240562746203274, -0.43474238967206047, -0.4991761183969375, -0.4298317848219988, -0.25464459764240965, -0.0894789023979467, 0, -0.18144617140648045, -0.35606551651335216, -0.41646139298616636, 0, -0.19870983217719507, 0, -0.19889547107511377, 0.6294269879262455, 0, 0.5189000188274323, 0, -0.19153551693566467, 0.7014666255580307, 0, 0.5702787931049136, 0, -0.09597842577760057, 0, 0, 0, 0.2776395214835985, -0.22962178099775524, 0.3926208965671809, 0.3396829377141552, 0.3320336562096475, 1.0869738955052797, 0, -0.447101444350781, -0.15233238335247573, -0.16873647427777208, -0.2663132545518515, -0.19787407856540362, -0.3033082597500749, -0.38076226968877236, 0, 0, -0.5627281450867674, -0.24910218634406248, 0, 0, 0.7887789305826294, 0, -0.3167128938390119, 0, -0.30308664080663006, -0.2836898158081512, -0.20897749654510822, -0.39386400935620536, 0, -0.11844711192253166, -0.3103772541394837, -0.2124547319722445, -0.3828763068980548, 0.5578925256534596, -0.16798338987712638, -0.1173573555425493, -0.10428452585306837, -0.10525447618988625, -0.3803236770650087, 0, -0.058323649468120124, -0.2740857392656634, -0.33247383226188626, -0.29195363566072785, -0.24742363129581776, 0, 0, -0.40248642664493806, 0.5468195878495081, -0.145330950350241, -0.2170278324843795, 0.22833913613626533, 0, -0.1231655897206777, 0, 0, 0, 0, 1.3352862504794933, 0, -0.13063088209978874, -0.19562742180357923, -0.11614053555532003, -0.3629821982078155, -0.10678966126267052, -0.2984531668281174, -0.15924573553594393, -0.20189302910798793, -0.21024187213341455, 0, 0, 0, -0.12212262313822775, -0.12629185320454558, 0, -0.19465956430336215, -0.28272041938461123, -0.18516917478456965, -0.15832817077221237, -0.3049814710843345, -0.17214922973346855, -0.3020718248054274, -0.2117454452458047, 0, -0.2672411557033902
0, -0.5377276857314721, -0.5039614678953308, -0.2221739900017529, 0.3348659577194153, -0.20182864857172722, 0, 1.1674703266814388, 1.078439548211383, 0, 0, 1.45621682715078, 0, 0, -0.5406146548176779, -0.46366769366510757, -0.827125530842741, -0.7083127477291774, 1.30092956504256, -0.12989895112077057, 0.4559424578627643, -0.4279987009672101, -0.4837950170073081, -0.7309284799898282, 0, -0.2965648038844664, 0.8884334552800289, -0.3966787323617355, 1.0330993558561874, 0.5690938022809992, 0.8089587386992825, 0.8534365360684405, 0.8493842130316531, 1.4293748147837375, 0, 1.2238076423030069, 1.2263471422721057, 0, 0, 0, 0.4041762567248597, 0.6889666796229599, 1.0196727722988959, 0, 0.9824345934104786, 0.8836507865208685, 1.7238189559099066, 0.8007344480519897, -0.6902358192325856, 0, 1.4515078315201642, -0.16541675400953856, 1.4569791110095374, -0.3025574713859205, -0.48315655871589314, 0.7704464625659205, -0.5315110767910947, 0, -0.36018065500377683, 0, 1.3565843885209379, 1.3635646413549034, 1.0088393278223884, -0.47839453699528545, 1.1165814030892531, -0.4734330200507282, 1.2480013688157643, -0.23776248482882498, -0.48813655467967443, 0, 0, -0.6058409130579312, -0.34662470638492876, -0.6032507175999308, 1.7229038483614298, -0.08298269914926952, 0.9702454663486502, 0.6562421490558303, 0.9836742495667139, -0.49732394902751764, 0, 0.8878734479657843, -0.25842604843317313, -0.43448948928228487, -0.5929252435975471, -0.5365277702356116, 0, 0.7672262435378752, -0.6936854407219097, 1.1221622225564518, -0.19537424882952195, -0.39074453069488685, 0.8870463467681176, 0.9741754365578633, 0.8110776070351191, 1.0005519901755975, 0, 1.1165109571656229, 1.0501715882585836, 2.1961499719331816, 1.1185407135885133, 1.2135966899982809, -0.32796465296426436, -0.2792430597135259, -0.48000400884869077, -0.1578484906819146, -0.41339013641592653, -0.18372456923063232, -0.2374652095640148, -0.31590914653477703, 1.4825302685435702, 0.5020700061206398, 0.9469590124019163, 1.2063313065039225, -0.1359534570792841, -0.20582851528825685, -0.3558164695239198, -0.5358666256484836, -0.5182966429205039, -0.25095746517770745, -0.6051981928969479, -0.15398139497873953, -0.5800842517041049, -0.27916585103684805, 0, -0.3882356345326018
0, -0.1466133291305379, -0.1353893563643961, 0, 0, 0, -0.06568132626958278, 0.45340453641950773, 0, 0, 0, 0, 0, 0, -0.21001386284450801, -0.1893735719955426, -0.3390370822401013, -0.34215306486535635, -0.09037624946002795, 0, 0, -0.11470879650825974, -0.23208023371007575, -0.2033518560584476, 0, 0, 0, 0, 0.34869679515026875, 0, 0, 0, 0.44612265653261396, 0, 0, 0, 0, 0, 0, 0, 0, 0, -0.12488768269147756, 0, 0, 0, 0.4463548917347131, 0, -0.28376734943981086, 0, 0.4979100124678904, 0, 0, 0, -0.22465695906091984, 0, -0.11604276637123252, -0.3655557040210605, 0, 0, 0.5343538949731639, 0, 0, -0.15255995325057828, 0, -0.20161394417527795, -0.15604485749000774, 0, -0.1851442827969176, 0, 0, -0.24866628281651307, -0.30561393617575483, -0.25259833099556134, 0.5082834105329607, 0, 0, 0, 0, -0.21491442034200378, 0, 0, -0.11912974865794976, -0.20210964710471932, -0.2451903018154615, -0.21921565800454218, 0, 0.504098444603898, -0.26490063509946843, 0.4966653471898121, -0.08075703457917466, -0.14833506388205905, 0, 0, 0, 0, 0, 0.4300948374956406, 0.48922909613155463, 0.5346902103789407, 0.7434754075891651, 0.5297650312273964, -0.17628384181983797, -0.13884512642727886, -0.24620250595280546, 0, -0.20840876688472873, 0, -0.1037286075907621, -0.12288166705764145, 0.4123103957156369, 0, 0, 0, -0.1228073738511175, 0, -0.13340866095988488, -0.20385863720485292, -0.18733784020158684, 0, -0.2128942467969151, 0, -0.15281955536858524, -0.1279590700839358, 0, -0.12050149458015892
0, -0.12329137965404112, -0.13032625403400028, -0.1821099479659323, 0, 0, 0, -0.07060795486552145, 0, 0, -0.19256279969111337, -0.18392753747639232, -0.14624464176868252, 0, -0.1488349387088801, -0.3016081203150971, -0.22321609500612696, -0.208047404187309, -0.08561371945851785, 0, 0, 0.48602171114143666, -0.25753479162868453, -0.24698044478075845, 0, 0, 0, 0, 0, 0, -0.07294343682252152, 0, -0.09315626092065625, 0, 0, 0, 0, 0, 0, 0, 0, 0, 0, 0, -0.09285348044684268, 0, 0.4309377857690972, 0, -0.11829216103957381, -0.09207984717452919, -0.16279455670400927, 0, -0.09096112759899957, 0, -0.17351674920817364, 0, -0.13029637817417788, -0.21907081887733743, -0.16499004677915097, 0, 0, -0.11052769597952138, 0, -0.22852528730579383, -0.14006013489502128, -0.12099408497504306, 0, 0, 0, 0, 0, 0.525123783811995, 0, -0.16615309699720662, 0, 0, 0, -0.1148564134972606, 0, 0, -0.16169951631532287, 0, -0.11061942278722162, -0.14897788886800115, -0.14853628056277504, -0.1081726652847951, 0, 0, -0.09938931330914816, 0, 0, 0, 0, 0, 0, 0, 0, -0.12887765044582003, 0, -0.10149424547428129, 0, -0.15227901926292206, -0.1347692859159147, 0, -0.18054806198292622, 0, -0.11694567346490735, 0, -0.09987696716576594, -0.1380089799848942, 0, 0, 0, 0, -0.11737370278730495, -0.14857304244038408, -0.1091552001620547, -0.19395526833944673, -0.10133822097106025, -0.13205286872725014, -0.1603428260377688, -0.15549736138496156, -0.1931804876627515, -0.22016246650476137, 0, -0.13288121697628047
0, 0.8456315930398169, 0.718743601662273, 0.8530919959659795, 0, 0, 0, -0.18067408352112405, 0, 0, 0, 0, 0, 0, 0.6754345133560397, 0.7011978025001561, 0.8986443769034982, 0.9315142331098638, 0, 0, -0.095696026376329, 0.7456781109227267, 0.773375535647572, 0.9634140888193246, 0, 0, -0.11039399375787814, 0, -0.14761310703453637, 0, 0, -0.11900912477695588, 0, -0.1216744140247241, 0, 0, -0.27100663711893697, 0, 0, 0, -0.08597550612374671, -0.12852921762278569, -0.09926388316953356, -0.12534487169970776, 0, -0.10205043043681938, -0.16860151930257788, -0.11825457989668564, 0.7081109022092479, 0, -0.19849589271184945, 0, -0.16504842639426634, 0, 0.38152069878783146, -0.16148783142334502, -0.21663841257998334, 1.023305336733641, 0, -0.12915450219800748, 0, -0.21387076588959608, -0.17962232745456555, 0.9166304145734515, -0.1841833368671305, 0.4816658824227401, -0.19618227256449944, 0, 0, -0.14034395504991995, -0.16218721606947478, 0.7917599010785584, 0, 0.991081515880513, 0, 0, 0, 0, 0, 0.518558195022571, -0.11250066491187603, 0, 0, -0.11887029047466896, 1.0117559770391065, 0.8009280501891909, -0.20098438896766294, -0.28833467093676507, 0.7693027003138485, -0.18202925107338527, 0, 0.5436809949999233, 0, -0.11688351338374979, 0, 0, 0.3238992756631714, 0, 0, -0.26548947988926225, 0, -0.2273559971391501, 0.48759150996473083, 0.6691954260234738, 0.8001957870946705, 0, 0.7789218810174249, 0, 0.3007016513667017, 0.4383150548159439, -0.16657723060607177, -0.1222017671223286, 0, 0, 0, 0.5744265271805469, 0.5985162353577449, 0.6737881586841232, 0.8997292991123901, 0.6316896694394203, 0.8219436562491427, -0.10852722476695514, 0.7419986336002409, 0.5707965860063489, 0, 0.49533979598021005
0, 1.54824903095901, 1.4604558632758786, 1.345245767039226, -0.11257109592537257, 0.5117005908240801, 0.47125385523263935, -0.31963528124063945, -0.18933261756689573, -0.35675976179882535, 0.9125014726788963, -0.5362249780201964, 0.8607988068027702, 0, 1.8546690820491056, 2.3706004651160484, 1.971227148883304, 1.8069622365473548, 1.59471343878982, -0.1042563599368944, -0.20180210657255046, 1.3180732299890556, 2.218600945373694, 1.83617900324384, 0, 1.0688264813757933, -0.13385149005309235, 1.9910979629221508, -0.3975404304707822, -0.09630413863067146, 0.6465753311069283, -0.180224767059772, 0.5336559524644486, -0.060779182376054446, 0, -0.13752588790447454, -0.439591034770789, 0, 0, 0, -0.14239465803432583, -0.14051413924467607, 1.1120889890470829, -0.2820001234665726, -0.2586533689848241, -0.20331600473460548, -0.3352080121487341, -0.22574379746075807, 1.8810094866761766, -0.20224869048647004, 1.4368467415003867, 0, 1.5330251069346605, 0.7859610666642889, 1.1133079285440808, -0.15836422565610675, 1.6211363232273537, 2.079146635454758, 0.8818904885445934, -0.1884512188585538, -0.34268680242612254, 0, -0.32568938763645433, 1.8745152329965904, -0.2945500996549532, 1.1230887734142334, -0.45933302801492376, 0, 0.9542520582475832, -0.24010943259206938, 0.8185804140011733, 1.4558633737064892, -0.17348314450180063, 1.889547952819956, -0.3437497694641364, -0.10307774518087721, -0.19087746214538975, -0.38542950325777886, -0.27776712643847234, 1.6793529985732059, -0.18404761366258657, 0.7028351729133749, 1.012480855308036, 1.6973415372064875, 2.072399994876572, 0.849918431964064, -0.36647661473551, -0.39005766514581364, 1.3747262057843364, -0.2736831219711408, 0.7277357907712915, 0.7368387460428506, 0.3313895241111715, -0.3312731435544276, 0.9174591297583761, -0.2994474376302572, 0.7457097131538836, -0.3555709838671365, -0.20616989566550054, -0.6372366886415521, -0.21053890942462775, 1.1439895258855395, 0.6331691622635102, 0.7418087705627031, 1.9565553108039158, 1.0868681098628683, 1.920763613379512, 0.9246375892081733, 1.2621612168559515, 1.4909440886389476, -0.2064598453945847, -0.16808741229277605, -0.19666089292368516, 0.8084647176617662, 1.2178605062249876, 0.8506583505833333, 1.2863925344944167, 1.3410219286239782, 1.415573392412123, 1.191761287154536, 1.3507651328546382, -0.2909254929942352, 1.6030824796477834, 1.5625987301553184, 0, 1.2226098530449572
0, 0.9578699132387041, 0.646502818443681, 0.6201364044111726, 0, 0, 0, 0.2667536208035706, -0.07686295423800428, -0.11946372794519, 0, 0, -0.14960496073399734, 0, 0.6076597173503884, 0.90054991058151, 1.0698270832246486, 0.9789822214967276, 0, 0, -0.13732070753931408, 0.6842865344099428, 1.0910867471729533, 1.2237797076149473, 0, 0, 0, 0, -0.20608314072617134, -0.09968172746577954, 0.261806819297691, -0.1244614430463597, 0.3100942479713119, 0, 0, 0, -0.18590316598299172, 0, 0, 0, 0, 0, -0.09548010819517172, -0.1467921839783777, -0.10511992871098204, 0, -0.1756940336107903, -0.14126965075847311, 0.9223345020537976, 0, 0, 0, -0.11883372922999848, 0, 0.4309547359515551, 0, 0.4740193603218831, 1.2177063319563806, 0.3337770630563445, 0, -0.15164453381297877, -0.26354358763521024, 0, 0.6585391374080739, -0.20352242457784647, 0.511775369953326, -0.16263594051900954, 0, 0.4138934182369682, -0.08123331005093544, 0, 0.7938520989551937, 0, 0.7916995148340527, 0, 0, 0, -0.16093858680657525, 0, 0.702411221638879, -0.14836831735869765, -0.12683194676206563, 0, -0.1364119999502648, 1.0120494988242794, 0.5438722755793108, -0.18691132644433833, -0.1895594879074265, 0.7710998873907877, -0.161652916907428, -0.07904604260375955, 0, 0, -0.1854102439136529, 0.219393574338229, 0.22934839956348044, 0, -0.16691115675680238, 0, -0.2682909625444476, 0, -0.21831509177558917, 0, 0, 0.7747782337650163, 0, 0.6962363706251296, 0, 0.32546518346654374, 0.4469633283253087, -0.11228477647138055, 0, 0, -0.13254094570765587, 0.31377949412572603, 0.39205481658637276, 0.5467813907331764, 0.7803760038091264, 0.6998710960935759, 0.5691717622012997, 0.7650522954108047, -0.1307519401234026, 0.8936949964623077, 0.5171725347292784, 0, 0.5043589016172441
0, -0.39774672159458974, -0.3318731305104031, -0.37826743951532726, 0, -0.1345918920687489, -0.174184652424467, -0.3979685524620647, 0.52503294257612, -0.3673624621378646, -0.28969557847657407, -0.4016805053329278, -0.40887172829157437, 0, -0.5039695824488895, -0.7255825304326659, -0.6138293559270711, -0.44897476810631404, -0.5127053540532747, 0.494152680338312, 0, -0.3109045722896896, -0.6388902545008809, -0.44965370756706985, 0, -0.33001484132306413, 0, -0.31348713429994124, 0.6725108167243937, 0, -0.21156147970601782, 0, -0.2525272839807595, 0.6365616579925731, 0, 0.4437709520230904, 0.6226174747195602, 0.43526636200280866, -0.1264011130389232, 0, 0.5674943252880471, -0.08269532485006384, -0.2649267791804487, 0.9349696047443653, 0.4537566098587874, 0, 0, 0.3599758724465509, -0.5965116846089203, -0.2211993976269493, -0.36899430647300274, 0, -0.45789660457427167, -0.33321163612527754, -0.35300176266112493, 0, -0.5030700266413178, -0.5772267132132674, -0.1920280501438939, -0.1727528885842202, 0, 1.513543833282286, 0.5097278176274815, 0, -0.37306683080728387, -0.3461844094160743, -0.3938372808127093, -0.14963740369137585, 0, -0.16073116973052362, -0.3200835531808893, -0.48883975261506474, -0.15064953418966193, -0.4629271616517476, 0.6061708267977761, 0, -0.22204059922969918, -0.39611812508289607, -0.28775585018324484, -0.3137090151123426, 0.6413680337728784, -0.2973805254596086, -0.31957882247429464, -0.4303025850139338, -0.4946305622515406, -0.2467857749379758, -0.3730707603550386, 0.7260953335276678, -0.31802520741022894, 0.5887474795754984, -0.20314425319016843, -0.10825087275585922, -0.12557063676363941, 0.4564788673989873, -0.2370473418172697, -0.25016752709785517, -0.25363981263994245, -0.3283643887368811, 0.7472467627583174, 1.7021714269429893, 1.1806842569135976, -0.3393556794355879, -0.24236134553328834, 0, -0.4641276188368358, -0.29240507511147856, -0.4334700214488513, -0.15310215609737424, -0.3205231285736595, -0.28583729900921595, 0, 0, 0.6210022193664845, -0.31052576475921123, -0.3681309347855783, -0.16808682917881534, -0.32683519319001486, -0.38849989224248466, -0.2890417642878929, -0.28906888683995186, -0.32046183682393325, -0.2404746699050101, -0.4634550648659783, -0.405235938693667, 0, -0.2712171469593364
0, 0, -0.29249574723677463, -0.4420435306312811, -0.28920240879555553, -0.17279288115700925, -0.36429078284397204, -0.7946693519178124, -0.17283422514747573, -1.0269737707168813, -0.31940298161063235, -1.0653811106495634, -0.902905474390749, -0.5371036476609994, -0.2571347605008551, -0.6939983249225132, 0, 0, -0.7267275075624863, -0.5089125492502851, -0.2716838965099556, 0, -0.6181792009345659, -0.1434302904781466, 0, -0.4342681388632661, -0.3090805978483421, -0.3442133628050419, -0.19068387347739815, -0.19449380179958412, -0.5100292825195568, -0.2930402682508251, -0.15533852313414148, -0.24713769326776974, -0.10042081976454785, -0.18990208280673884, -0.3790067690582577, -0.13389803153407936, -0.28995026757946907, 0, 0, -0.3327018992240028, -0.429678425996399, 0.860527552729764, -0.08905253358867557, -0.16480026017519797, -0.27861736786799435, -0.18786216086405572, 0, -0.3757670529483431, -0.7454725517890967, 0.8605224619720775, -0.8656384208264782, -0.2571045519351075, 0, -0.1576975279714115, -0.4186054390778857, 0, -0.0992524622582525, -0.40603048024617727, -0.3408745566488977, 0, -0.13594989606018473, -0.5384395138623732, 0, -0.10447685275059122, -0.5923784545510459, 0, 0.896617366855223, -0.6776880696485431, -0.7068700817261515, -0.1311552834088449, 0, 0, -0.38270254603915516, 0, -0.48872730386467483, -0.9817955443878941, -0.7053929755052654, -0.2160836469664075, 0, -0.7257049628845802, -0.11705022464949448, -0.27403905951318835, -0.19589886343345456, 0, -0.8424344670630906, 0, 0.9702101119565302, -0.20319154014803192, 0, 0, -0.4817337413288216, -0.25476715683597284, -0.375211947435631, -0.8927180793604249, -0.31945165265972286, -1.07178025618094, -0.47926458807152494, 0.4156093448032591, -0.45784462065135995, -0.8716618294221962, -0.10842244895049905, 0.5554787190667317, -0.2212920726935061, -0.1363685369818179, -0.45485495146980504, 0, -0.22201141937172492, -0.21531296361332294, -0.35418437873519937, -0.15858658464452258, -0.1591560329411581, -0.6188025220505627, -0.4802674328507001, -0.12012204429731316, -0.1127513808483337, -0.13703656051101434, -0.15698554168150147, -0.2782586794046994, 0, -0.5792240015709464, 0, -0.5117549773915557, 0, -0.08400951592371816
0, -0.3166164964287371, -0.2501443005730958, 0, 0, -0.09532545679556495, -0.0756931674828977, 0.668472925771326, 0.444965778068998, 0, 0, 0, 0, 0, -0.3319982421549078, -0.26347508102242934, -0.33450582725541017, -0.38313656670335616, -0.1700614040780587, 0, 0, -0.17569035697970128, -0.30521790004643995, -0.3506265869863574, 0, 0.5556816943530647, 0, -0.29420816037469005, 0.5599701397468183, 0, 0.43397552173523785, 0, -0.15023202466738386, 0.69061094259217, 0, 0.4763335552577158, 0.4691045831007053, -0.08032607679202595, -0.04542949160889376, 0, 0, 0, -0.16024919600257734, 0, 0.30748351182910727, 0, 0.8578540329134522, 0.2803978377498648, -0.3661476450389771, -0.05366019847014435, 0.8017148503044432, 0, -0.17185604659802917, -0.20183135486327525, -0.329116340148219, 0, -0.28338315980575984, -0.4525249989540207, -0.195071958135598, 0, 0.36937364200052497, 0.5409432285941247, 0, -0.19716180928271962, 0.5108482803975092, 0, -0.17068164255235865, -0.1425211280548096, -0.21659888914130174, 0.3472972423074372, 0, -0.29587175114907527, -0.10844936704798863, -0.35231997107692364, 0.6212470164822557, -0.1095082231923499, -0.06772657330314023, -0.05041368067141701, -0.06690308578504513, -0.24729701667658116, 0, 0.4898333833127054, -0.2420254543123616, -0.26466561179586817, -0.33927788094804917, -0.2872116253850208, 0.690074676671248, 0.4957713328981892, -0.3138413223245087, 0.4211050368066365, -0.15446156850690887, -0.22181120965333834, 0.3047141577563247, 0, 0.5801056023115586, 0, -0.08956098348769559, 0.8123124363751792, 0, 1.02718801870359, 0.6913860438786763, 0.6516980915940808, -0.23141448471434453, -0.21065023780116315, -0.3331550095454484, -0.14377665763249164, -0.24223134278584232, -0.13135488914299392, -0.1963190389017421, -0.21768530605278003, 0.6428437860445583, 0, 0, 0, -0.1620206595293339, 0, -0.1573134034902558, -0.25445286348191515, -0.20787360132102708, -0.1281636914472938, -0.2571004458349049, 0, -0.26677142719576463, -0.16717770839121815, 0, -0.24302938081385309
0, -0.1744188688532813, -0.21625261551471692, -0.2236796244283847, 0, -0.11225545590323162, -0.13544457539306362, -0.2780900324453504, 0, 0, 0, -0.20372393699855637, -0.1770568455013874, 0, -0.23585483869204762, -0.28546952010654386, -0.14599085806461407, -0.15672097212095118, -0.305735176247596, -0.1272706778623993, 0, -0.08283913027502164, -0.26122929033740516, -0.16877117481384776, 0, -0.16885998546362346, 0, 0, 0, 0, -0.11083477928609012, 0, 0, 0.33782503482900866, 0, 0, 0, -0.09149558017741699, -0.16193588348295204, 0, -0.057791822693893206, -0.10353947062299516, -0.14485231819221414, -0.07007391527270394, 0, 0, 0.6262167584853978, 0, -0.21221702050724955, -0.1227135049937221, -0.271472013086696, 0, -0.3668591778984143, -0.17537378347801214, -0.18229622889060737, -0.15544774984270998, -0.2927869262559373, 0, -0.17648502817094264, 0, 0, 0, 0, -0.13510619216675138, -0.16281497863928396, -0.19727999205742705, 0, -0.17557197835856242, 0, -0.1275592280882031, -0.1346876585381669, -0.17288454006084764, 0, -0.18482003452278828, 0, -0.13118484954534548, -0.20888357636958452, -0.2577628630452286, -0.2431055903487305, 0, -0.11519178712489474, -0.15503879076039986, -0.18579892885008, -0.24318761641526723, -0.21414648252836918, 0, -0.19488391782192438, 0, 0, 0, -0.1393011205962808, 0, 0.21695747678936206, 0, -0.20707121063575348, -0.22800322366292589, -0.09609213519953398, -0.20476549332631716, -0.13613523653974047, 0.8439732551487071, -0.21396642218327488, -0.22937034438323847, 0.5141016279394421, 0, -0.2310906166511059, -0.15822277909419094, -0.19164914520708556, -0.08577155506826661, -0.18930868568205506, -0.16871953116502206, 0, 0, 0, -0.22044102005586202, -0.12152959923632482, 0, -0.1689680692338622, -0.12096295799831452, -0.13885267092085915, -0.11908761004489167, -0.18570683852363865, -0.16809271681555707, -0.17649816887542957, -0.17049088419703218, 0, -0.10255155846652476
0, -0.17333263747970482, -0.17288277777717537, -0.3068994335630405, 0, -0.20836039023004607, -0.12034092995459551, -0.17041726311195218, 0, 0.580002255966167, 0, 1.1724921721716217, 0.8518926001588822, 0, -0.2571392712480375, -0.284577777290596, -0.3326789973666894, -0.21389679638765718, -0.24411707680398656, 0, 0, -0.2144090452186894, -0.2537778530316347, -0.26496077884202035, 0, 0, 0, -0.3311936531149742, 0, 0, -0.12628251550120087, 0, -0.14972953625991306, 0, 0, 0, 0.9943994174998845, 0, 0.6483973429265893, 0, 0, 0, -0.21425104317213803, 0, 0, 0, 0, 0, -0.20861304116593432, 0, 0.5893601480511722, 0, -0.21074411009212818, 0, -0.1903949060700157, 0, -0.16914954141404076, -0.26609771438457863, -0.14453985225335092, 0.5691077870751953, 0.5981024767370278, 0, 0, -0.2988557105007831, 1.3762685429144896, -0.24915110962224246, -0.17718959890061656, 0, 0, 0, 0, -0.32304002271709725, -0.2917359157497486, -0.25439592646518355, 0.45528358100612343, 0.5424083082612556, 0, 0.8902049164235641, -0.12101619947690509, -0.1588445721169913, 0, 0, -0.18764035990952987, -0.293760586465592, -0.2585013619474654, -0.17191187733959037, 0.924777694668085, 0.6232894584977354, -0.23645623412877326, 0, -0.20756221834045807, -0.24246754201569573, 0.46486496327400706, 0, 0.5029783751614794, 0.7578402556499261, -0.16070968230953397, 1.1471770676628041, 0.8800221095075229, 0.7008804437239158, 0.8736336863043238, 0.6268740460483242, -0.16909446494231872, -0.12170208151447821, -0.2693643394725277, 0, -0.3088026389093957, -0.15899151444796433, -0.18491056773585912, -0.25137095426884054, 0, 0, 0, 0, -0.20971249875590026, -0.1728402396019591, -0.1838860638106463, -0.2828127141648695, -0.25100162390533765, -0.17030052578289084, -0.27158835410916266, -0.1879181796693249, -0.24192730478328084, -0.20324792019329727, 0, -0.23865298378320132
0, -0.310531299076778, -0.3002762312594542, 0, 0.42237724783628317, 0, 0, 1.125653172968007, 0, 0.7604370614704391, 0, 1.1780569241060825, 1.1439461937129312, 2.02732957196131, 0, 0.9583837759439704, -0.43152889511250503, -0.46574868245141166, 0.4675642737026158, 0.9341204433914398, 0, -0.16503833728456357, 0, -0.30967395182856017, 0, 0, 0.622388208193158, 0, 0.4207031565366232, 1.1536768948889282, 0.6070737564717062, 0.9623390683254386, 0.4950824341178161, 0, 0, 0, 1.5245161728308887, 0.5200487960351777, 0.9642649584585777, 0, 0, 0.4947559035640676, 0.4928499312582031, 0, 0, 0.6872626028678621, 0.9373155163274121, 0.5019114989050014, -0.3592183020912912, 0, 0.7876615431332707, -0.32618682698533397, 1.285258008572916, 0, -0.34373741680067427, 0.7605841776450427, 0, -0.5243252042019707, -0.32315831781551596, 0, 1.6065188567606654, 0, 0.6539869530384368, 0, 1.8943494674695858, -0.23367034639690643, 1.016305980866385, -0.2432308712179358, 0, 1.256700995911233, 0, -0.32195116268498997, -0.2768182944113755, -0.34942211650526067, 1.195461439408715, 0, 0.9065433030500326, 1.4393615988110973, 1.1323963988511399, -0.37758501496863633, 0, 0.9925218326749582, -0.11018530409103784, 0.6998171802503768, -0.3251493838139489, -0.42578903665188894, 1.1424673930898999, 1.18362515198834, -0.5032774029552308, 0.9758666228046591, 0, -0.3682572635590346, 1.558324417237141, 0, 0.8758084345989237, 1.6630398323111357, 0, 1.5191060214839354, 1.6813043943901211, 0.6286767150082142, 2.0068206010144043, 1.4190204937376725, -0.23844161048376797, -0.3425233698768216, -0.3060970261787202, 0, -0.24107418321477073, 0, 0.6782774340161295, 0, 1.122270993835775, 0.5927735399740647, 0.9096084361113213, 0.8717436258089527, 0.7384878359481671, 0, 0, -0.24524160422608257, -0.25048119195558155, 0, -0.3915233138822996, 0.4781348239336501, -0.20412199460637862, 0, 0, -0.22052593099519227
0, -0.16582243957128145, -0.22638994435286208, -0.3581386925651214, -0.09931131966460939, 0, -0.15021136495104465, -0.4895985533141595, 0, -0.3527690280988508, -0.2968680256094817, -0.4854984620258212, -0.4096559109188574, 0, -0.30787553801439776, -0.4446210698376112, -0.2847600299907319, -0.16971670155183882, -0.518417413344621, -0.13515218229206188, 0, -0.23093208232958365, -0.5637053425639473, -0.24422669416867665, 0, -0.20807645137072972, 0, -0.31471217747819036, 0, -0.12985585485355122, -0.2655915529510877, 0, -0.21290369965807424, 0, 0, 0, 0, 0, -0.1441619593237436, 0, 0, -0.1044591904566035, -0.24069739392630657, 0.7696381620334581, 0, 0, 0, 0, -0.24703430955401748, -0.21263253058001488, -0.3706156298882554, 0, -0.5470168042925484, 0, -0.17444162103694866, 0, -0.3148542182807755, -0.17369734840831164, -0.17207423346470005, -0.18910259967154663, 0.43249861366020403, 0, 0, -0.37463581698921755, -0.2926149170283514, -0.2044663284294076, -0.344062360382999, 0, 0, 0, -0.37383918779759995, 0, 0.7360499924851167, -0.20102402347236067, 0, 0, -0.23429278442425433, -0.4577312747861828, -0.37851450131995146, -0.18851090501102308, -0.11344185282258405, -0.3519369059033354, -0.18863794074310264, -0.3172822537787513, -0.25838975898489086, 0, -0.4149582068752664, 0.6694207320020383, -0.06436854478322507, 0, 0, 0, -0.1585283990562703, 0, -0.26450396516405844, -0.2935355107916235, -0.15216269013091335, -0.462046722515956, 0.7756283891332147, 0.6000016352674622, 0.6559090559092523, -0.44691302845714503, -0.11888253009242385, 0, -0.38268148993889434, -0.1170281682411049, -0.39327662053122997, -0.13964986670717655, -0.21466271496734196, -0.24131500190576244, 0, 0, 0, -0.2551221492858669, -0.2959493436005944, -0.23928114052585214, -0.1865797169929422, -0.1889852641613853, 0, -0.2499746495409383, -0.137256723284833, -0.3877415238189945, -0.18845236469914423, -0.36124065662275007, 0, -0.1269257318683848
0, -0.2351343114565915, -0.29374585043865215, -0.26743474439227155, -0.13151145091269031, -0.12032799385367665, -0.164684956349609, -0.3144143154529273, 0, -0.3630937664996169, -0.32087290325401435, -0.45522078538043903, -0.35944918621366806, 0, -0.2760093306687447, -0.49502665684385494, -0.334225682129923, -0.18328666272780453, -0.37389453022957586, -0.15356935627053026, 0, -0.1908188915260642, -0.5045734000336871, -0.3341954473840163, 0, -0.23812911852913377, 0, -0.36802161799113, 0, 0, -0.23637798481576272, 0, -0.17328712862756995, 0, -0.0887718846251218, 0, 0, 0, -0.102390532344881, 0, 0, -0.13899495105817639, -0.26429738024052923, 0.5967482855610806, 0, 0, 0, 0, -0.25087451150081375, -0.14638304196134358, -0.3039929702105185, 0, -0.3230706994961748, -0.2686696544701169, -0.1940646302245939, 0, -0.33920642984697175, -0.3439357907073237, -0.13625878768423946, -0.1538616852827737, 0.46624932333445507, 0.8716983904139448, 0, -0.35691260640726535, -0.4726894846469297, -0.1662070391240541, -0.35277433619656406, 0, 0, -0.24952159102542656, 0, -0.24160088745275138, 0, -0.27548227630665373, 0, 0, -0.19408323136565345, -0.3046820359895285, -0.2030367893192024, -0.28520374472693577, 0, -0.27085471542868883, -0.20417034799520623, -0.3566751520904188, -0.2889943307466365, 0, -0.2913971367664511, 0, 0, 0, 0, 0, -0.12552755494591586, 0, -0.20468721407879928, -0.19564673804411223, -0.1298841464461204, -0.3613802170587584, 0.8767245905036669, 0.8446500152785363, 1.120668213188379, -0.3229710808271589, -0.2444265151952509, 0, -0.3545495707124512, -0.11219574683966216, -0.3434354469748216, 0, -0.14804938385833838, -0.1875450672538066, 0, 0, 0, -0.2647271408939994, -0.3265653201058964, -0.15016737132236263, -0.1799843396014951, -0.20093678607000867, -0.14805213408212278, -0.22134966138431095, -0.18408608767484158, -0.25447907403928, -0.15402676547738756, -0.27635199634677576, 0, -0.16139166492907941
0, -0.40322936070805254, -0.3402668275075568, -0.4088966152566021, -0.06695541913906812, 0, -0.14190850741008837, -0.2508397813534615, 0.7486687083066055, -0.15220476375073685, -0.2664326480939067, 0.9442230445960252, -0.20400065195298983, 0, -0.5113633122826039, -0.516048278345499, -0.5335704586085059, -0.4722737047785674, -0.34574740579256985, -0.05029116440780961, 0, -0.27526625678132155, -0.45803667522747094, -0.4236668084781006, 0, 0.8666641722874164, 0, -0.4342111875384114, 0.7565871692505067, 0.4520031009262165, 0.748308724012082, 0, -0.1905154130241604, 0.6666954136941858, -0.07532313745758318, 0.48087986758688867, 0.7222354921436637, -0.08777944643167736, -0.12392074535745687, 0, -0.06147536385380007, 0, -0.2815447204973267, 0.7919249581240738, 0.5405200311992017, 0.45567257948761447, 0.8051041208011215, 0, -0.47901523075143465, -0.14204335163988543, 1.1120736198885866, 0, -0.2673067131609978, -0.22493427287560955, -0.35864761530971856, 0, -0.466819572978018, -0.6530928989715171, -0.3031331688000457, 0.5989517229421567, 0.5558432505345589, 1.1832299532135422, 0, -0.4963398545962461, 1.1117394194588284, -0.36823093778979515, -0.318302432513669, -0.21560818460231754, -0.25394265678950767, 0.8964842531885899, -0.17032749665451943, 0, -0.23551877299330273, -0.4089852661080491, 0.8279463605781666, 0, 0.9077783494762053, 1.289872729141532, 1.0126478808242612, -0.44312613966111214, 0.49477549422955286, 0.9582337338828036, -0.3539392988482461, -0.3844501451473182, -0.43385093798408764, -0.2801555772375826, 1.2452647993993817, 0.8230120679544894, -0.47542775485591265, 0.5582244038802651, -0.26148558593069343, -0.2814126920259935, 0.5432074467618093, 0, -0.1352778704398776, 0.9890171418956085, -0.16069895761072572, 1.2675360698224734, 0.8292059395301989, 1.5026767919619848, 1.225997835983095, 1.2140701213642224, -0.29871558817877264, -0.1762068298741939, -0.4421743269053298, -0.26249413168771385, -0.44477403078268246, -0.15049006148744912, -0.3180288111211823, -0.2884064649251574, 0.6345446339636266, 0, -0.06166469047380089, -0.16899815863231857, -0.2481709163345176, -0.2131336163929219, -0.30267916110232024, -0.40593373604753863, -0.3876147562321529, -0.30066318477417253, -0.43846024980302, -0.2427289060543076, -0.4244435561672178, -0.35983222073467097, 0, -0.2789828365758885
0, -0.2801627771095244, -0.18719239685264843, 0, 0, 0, 0, 0.5891303336583016, 0, 0, -0.23014488218491086, 0, 0, 0, -0.24615109131978538, -0.32563341581691857, -0.4155671701208945, -0.2602033493472234, -0.18324927667493252, 0, 0, -0.22610033755451087, 1.0434490998669288, -0.39535104568205137, 0, 0, 0, 0, 0, 0, 0.6355020512834606, 0, 0, 0, 0, 0, 0, 0, 0.6336208252217648, 0, 0, 0, -0.1603263675373136, 0, 0, 0, 0, 0, -0.37622103304381554, 0, 0, 0, 0.6333708040619215, 0, -0.296574987731599, 0, -0.18859301736215967, -0.29632314858713493, -0.19005231482203486, 0, 0.9852007563284761, 0, 0, -0.2751850659746027, 0.8561944696147245, -0.2530900872863927, -0.17175075479767216, -0.24856447799638368, -0.17596548396842987, 0, 0, -0.2994460067505171, 0, -0.2895525097362371, 0, 0.6702739257464334, 0, 0.8029441271346102, 0, -0.22943926146032342, 0, 0.7444607834904535, -0.17879315448836033, -0.2709561035651023, -0.34713079026969584, -0.2240455020019532, 0, 0.6694050412054202, -0.22936466491304883, 0, -0.14878242403030167, 0, 0.5955311806394724, 0, 0, 0.8113239455916899, -0.151332652819322, 0.7933138805382607, 0.9838870559012166, 0, 1.2824481902484788, 0.6349891152499735, -0.25228183013426536, -0.22694505960337186, -0.27966381708088306, 0, -0.29079552671508047, 0, -0.14491794632733296, -0.21402442656281892, 0, 0, 0.6304214669956288, 0, -0.19944529223920757, 0, -0.20515644798356658, -0.2872267362818362, -0.2886515167314937, -0.24974117666535567, -0.28285619104900034, -0.18745491873851808, -0.23213077209224622, -0.23862437890336977, 0, -0.2436734908833181
0, -0.3523281434478056, -0.3480139029863365, -0.33985740971696043, 0, -0.1725467917484163, -0.13176689628977076, -0.22451258390167164, 0, -0.20130166494603727, 0, 0, -0.21852570254483136, 0, -0.46668016660912903, -0.4609214557393573, -0.6406578541858108, -0.4804813252895847, -0.2836123404124191, 0.5115745744920303, 0, -0.33487502858473506, -0.4535702853753755, -0.5226092014725076, 0, 1.037444736148207, 0, -0.3828798231887263, 0.6828137470663189, 0, 0.6580884237027602, 0, -0.1718435982093027, 0.6012287989509972, 0, 0.546754182958321, 0.8436310613762814, 0, 0.46404584422043205, 0, 0, 0.42239124564599934, -0.2745375844396063, 0.6036825634377192, 0.5064879034833591, 0, 0.855459004154233, 0.41419837983574276, -0.5838772358667402, -0.21452069000191723, 1.0223267093337303, 0, -0.25030578186944563, 0, -0.4125544350257201, 0, -0.50025922019047, -0.6892501944880487, -0.3077882565274618, 0, 0.49713389804773234, 1.2970426639834869, 0.5966186087351283, -0.39147638703685594, 0.8067530281110995, -0.42644014801402597, -0.2857642864314027, -0.24419873535733191, -0.17681749580020986, 0, -0.23466780770156415, -0.45500304257053414, -0.21370767607385113, 0, 0.8729589330511275, -0.11657011649527256, 0.6860663191662321, 1.1927212238699405, 0.9110253983490056, -0.2935542129825969, 0, -0.15990817469487417, -0.3225941305457036, -0.4417313942271904, -0.48743660898905417, -0.3454450979177629, -0.2955419845565973, 0.8853407105652586, -0.41891209970369, 0.44567561153663454, -0.23713463235302845, -0.3044883737430051, 0.5176527990992881, 0.4951004640394311, -0.18991199031450162, 0.9615820319700134, -0.16462897951113406, 1.0176889705780594, 0.748680976921728, 1.609513080847051, 1.3330741281922953, 1.1034620075999417, -0.337798201254993, -0.19776685115360684, -0.44120228404054246, -0.25355086667206767, -0.4121866741407952, -0.1721177047916461, -0.31573942166941815, -0.3116646685783651, 0.6894817163524134, 0, 0.7782360627254058, 0.9408203719513368, -0.2968654196745936, -0.19722400336376233, -0.2979463210319447, -0.4585383007686314, -0.36423180710301256, -0.285264930483623, -0.4174247978813884, -0.2992704249512694, -0.4144316262335938, -0.37183117880910277, 0, -0.29736022093772285
0, 0.7956226535529826, 0.7322288513574902, -0.10242821610430948, 0.14073652193518277, 0, 0, 0, -0.1001456092718695, -0.23866181888531682, 0, -0.12144301886703895, -0.1327069852262459, -0.3238809796035288, 0.42179441330527423, 0.4707647673014502, 0.8188421512625337, 1.0457380370571558, 0.32870190149959566, 0, -0.12918469307250957, 0.44740109097288017, 0, 0.6446867849838589, 0, -0.1296219712268921, 0, 0, 0, -0.109359237048569, 0, 0, 0.2609106522526897, -0.16350110057731962, 0, -0.11147368473004113, 0, 0, 0, 0, -0.050974578247674804, 0, -0.10571199281609256, -0.09668324995559129, 0, 0, -0.24755777405787685, 0, 0.8386888970881718, 0, -0.12815069200342047, 0, 0, 0, 0.6136964086135444, 0, 0.3130860979884456, 1.077379290151873, 0.34136354056527174, 0, 0, 0, 0, 0.5874907283450026, -0.32772865034056764, 0.46157178328170384, -0.1439083083982228, 0, 0.9312081307251265, -0.1473836485686606, 0, 0.7182096792128333, 0, 0.6380351374265508, 0, 0, 0, -0.09941294492743982, 0, 0.46918160410292725, 0.31430838751968476, -0.16762718017070452, 0.22115942737886546, 0.5206053137754286, 0.8405073214130062, 0.9019427215776906, 0, 0, 0.8722260370394903, -0.12723798640981218, 0, 0.4445000213336444, 0, 0, 0.21667543486436266, 0, 0, -0.18673309878978797, 0, -0.12457987445250636, 0, 0.3257686285407001, 0.4676245879407818, 0.6678575975438087, 0.6559604346292038, 0.3890500544731184, 0.41318645958538364, 0, 0.43270077539106727, 0.44110865640572144, -0.1292243758844901, 0, 0, 0, 0.34379695070874766, 0, 0.305626398726514, 0.53167060672889, 0.6375917032595254, -0.08129928119608675, 0.8430595191293346, -0.12090713596245745, 0.7505675571039635, -0.13345040399662716, 0, 0.2947547087923404
0, 0.3879406640966824, 0, 1.3247873197026698, -0.06296679701491424, 0, 0, 0, -0.10766649842240474, 1.3795294550508594, 0.9058605234131443, 0, 0.9487058135158167, 1.2984303241081339, 0, 0.8019939270398986, 0.5396218467300048, 0, -0.13648306236640073, 0, 0, 0.7194335916352659, 1.014104879446756, 0.5103072303678312, 0, 0, -0.05428190879730727, 0, 0, -0.10004100762426633, 0, 0, 0, -0.09591269356653262, 0, -0.07789099300422068, 0, 0, 0.21359031087484914, 0, -0.15850200646446228, 0, 0, -0.1674690872632388, 0, 0, 0, 0, 0, 0.3258406656290253, 0.4388807877283336, -0.29268370471110533, -0.1486595725171373, 0, 0.28394671616488076, 0, 0, 0, 0, 0.4151251093137376, 0, -0.29753468209585976, 0, 0.8932422206314143, 1.0972897088050872, 0, 0, 0, 0, 1.1757019819932322, 0.7404137590157602, 0.6718115244700832, 0, 0.472073482963808, 0, 0, 0, -0.19588310803294842, 0, 0, -0.12023104019961862, 0.6704299656624049, 0, 0, 0.6969066717690656, 0, 1.0529523704149892, 0, 0, 0, 0.3191961771570917, 0, 0.37313394818838486, 0, 0, 0.3187639300233672, 0.5621773907012876, 0.8506418715190776, 0.3664916248625877, -0.26253790399487215, 0, 0.6224137289014362, 0, 0, 0.5672124793266129, 0.4261844205896514, 0.9461447425035878, 0, 0, 0, -0.10726239728743267, -0.08570802700023725, 0, 0.331536531179596, 0.5321833842715313, 0.7655326885715806, 0.6123449370534824, 0.49375052041865125, 0.8283400980058271, 0.845288917715906, 0.3765943464725552, 1.1173259114527014, 0.5104932245838351, 0.8826285180325383, 0, 0.5879212535864458
0, 0, 0, -0.1526168311267243, -0.13220631367613106, 0, -0.13365743105762598, -0.25606040091213234, -0.08717722060855622, -0.17509070816009226, -0.154065456105811, -0.3877441950248336, -0.2450984516869131, 0, 0, -0.1602876578050476, 0, 0, -0.2560453824762031, -0.16066019512592356, -0.08755379970026975, 0, -0.16908344323575114, 0, 0, -0.13819383898686413, -0.1245798497724209, 0, 0, 0, -0.17708280775067206, -0.10248512117692693, -0.15429987637023257, 0, -0.10853678546560833, 0, -0.1280941515282397, -0.0965672044790625, -0.12116402937963135, 0, -0.07814079850423586, -0.1439346125317101, -0.19734907656859507, 0.33351528150239224, 0, 0, 0, 0, 0, -0.13202341668941966, -0.21606967827014534, 0, -0.20588796750196747, -0.23332256285313258, 0, 0, -0.1827585903353741, 0, 0, 0, -0.17088780116221203, 0, 0, -0.11144195639529227, -0.26189137151819813, -0.09201264919542868, -0.1878630560732534, 0, 0, -0.13680894953463096, -0.13507639288157663, 0, 0, 0, 0, -0.08205991394048827, 0, -0.23266971294944538, -0.16567876159515338, 0, 0, -0.1783274525452077, 0, -0.08310760790558051, 0, 0, -0.23309291329418028, 0, 0, 0, -0.08135530076787754, 0, -0.12301628150252962, -0.11003467057638856, -0.1234182285678852, -0.18349114595237004, 0, -0.27001021877030623, -0.12225435221931048, 0, -0.18159887109470174, -0.18057007611103565, -0.09343014344104025, 0, -0.09774397717187157, 0, -0.10487897492839061, 0, 0, 0, -0.10831314240292741, 0, 0, -0.19582750297127874, -0.14103892616882607, -0.07885773176415295, 0, 0, 0, 0, 0, -0.14181406028118163, 0, -0.09740354510341094, 0, 0
0, -0.2589770803700518, -0.26181885404120653, -0.2800848703631297, -0.09961700620338688, -0.1406868151162078, -0.22415950028237425, -0.36587883383894665, 0, -0.3272234019845909, -0.26440211658009416, -0.5382482279687578, -0.40569245489895583, 0, -0.2861763201098105, -0.42152804345214984, -0.2588541890519434, -0.12639338323054047, -0.4554523885939769, -0.24161385124131227, 0, 0, -0.3656201057092981, -0.1653439634963179, 0, -0.28195912617013724, -0.14768129908548408, -0.1840985779341022, 0, -0.1349968448261086, -0.2968180979302739, -0.11720176308329554, -0.28027653487041404, 0, -0.10349286025515575, 0, -0.2682023643261197, -0.1166245383739179, -0.2243311730233006, 0, -0.10439299153132284, -0.2166147626549032, -0.2825701468140645, 0, 0, 0, 0, 0, 0, -0.2691584796743352, -0.41927845045061435, 0, -0.536248985083805, -0.3149876923478803, -0.20842231620999674, -0.17039728190097603, -0.4207942976278844, -0.2198569292122794, -0.1806573938406196, -0.1916199950471463, -0.22627520021725353, -0.13099585439732767, 0, -0.2646760358032479, -0.5735726774448232, -0.21940326562425452, -0.45011935407807124, 0, 0, -0.24845829346790077, -0.3174167171081731, 0, 0.5930194441243012, 0, 0, 0, -0.34388892650793695, 0, -0.42107478286697264, 0.5703791610924592, 0, -0.3242317922349345, -0.2801355134524373, -0.2638918807235067, 0, -0.1081674740428314, -0.37467121456799624, 0, 0, 0, -0.13532147260869926, 0, -0.2310078140597381, 0, -0.23752772962838942, -0.37624316101398975, -0.16063591142418318, -0.4380889690285826, -0.1960762372450681, 0.7378966583029376, -0.3827798463050461, -0.4129319273261225, -0.13668232683861262, 0, -0.25237341298760746, -0.15813127396072357, -0.20605180421189104, -0.1304629679364422, -0.16221804651603192, -0.21180189200476846, 0, 0, 0, -0.35646147609886303, -0.2965251123190953, -0.14981324604508903, -0.2163279658238355, -0.1728248230604489, 0, -0.11561094871129193, 0, -0.29912610347615737, -0.2145659251037319, -0.2737188045950134, 0, -0.17923844915430096
0, 0, -0.09077725054553784, -0.1638417880280171, 0, -0.09748619383365277, -0.14158574802588847, -0.17034516521231727, 0, -0.1754115561749834, -0.11299556027269152, -0.2768246466492649, -0.18937754573282756, 0, -0.17069867832872648, -0.23898934561630078, -0.18795926815002925, -0.11173259058949722, -0.2651059817596674, 0, 0, 0, -0.2063315339117273, 0, 0, -0.1706529568363828, 0, 0, 0, 0, -0.15487286820537877, 0, -0.1922427361978943, 0, -0.08142026805375525, 0, -0.13738132264523537, 0, 0, 0, 0, -0.10269912513544652, -0.19638989700613796, -0.08433984134470301, 0, 0, 0, 0, 0, -0.136064395231534, -0.22400079364627726, 0, -0.2751233124939508, -0.1365650659590783, 0, -0.13822163568310397, -0.1890308033295983, 0, 0.3942080866325721, 0, 0, 0, 0, -0.15480739232432245, -0.244813440958085, -0.10545776904285362, -0.26900559037503774, 0, 0, -0.12582404711373943, -0.19333909442877792, 0, 0, 0, 0, 0, -0.19335287652790586, -0.2831577042885101, 0, 0.4636564624871229, -0.11441223689418331, -0.1736191846035695, -0.1440640597662485, -0.13949376731394114, 0, 0, -0.2646028682548462, -0.13806700949748726, 0, 0, -0.09664611264020029, 0, -0.1288433442781584, 0, -0.2075892351140347, -0.1542902239236067, 0, -0.21965094497240392, -0.11896805218246352, 0.5484003224274641, -0.22174342660373803, -0.2631989227538122, -0.10202208365006045, 0, -0.12894197197010082, 0, 0.45842183141127985, 0, 0, -0.09900971686227306, 0, 0, 0, -0.1980569475115946, -0.17541939821790717, 0, -0.1205749098314525, 0, 0, 0, 0, -0.11523490787090936, 0, -0.12471439871961784, 0, 0
0, -0.2688727031788403, -0.27157270872356803, 0, 0, 0, 0, 0, 0.5706720989395178, 0, 0, 0, 0, 0, -0.32087231853252335, -0.38041620676177546, -0.4612993917964932, -0.4158258827444169, -0.15535384606209054, 0.639207827230545, 0, -0.29188229265303267, -0.3749865533075439, -0.376413090889653, 0, -0.22540617851520847, 0, 0, 0.6395179864359752, 0.6885139397741888, 0.7620093997526887, 0.7358889020660636, 0.5243997807793456, 0, 0, 0, 0.9542954023989655, 0, 0, 0, 0, 0, -0.18301088542555471, 0, 0.5282092518063121, 0.5242816631229076, 0.7730193084558298, 0, -0.42881784313435684, 0, 1.053950449895801, -0.20529595088654526, 1.0487201118919076, 0, -0.2871167592444077, 0.5555975617443839, -0.18642622183476196, -0.5537857999326959, -0.23008764924772737, 0.5826305500063825, 0.9872370189075841, 0.924232963656557, 0.7259617981719823, -0.30743960470064097, 0, -0.2671454755123509, 0.9700256816235115, -0.2550061082771812, -0.27260529808978745, 0, 0, -0.42404812492513144, -0.1985449359665246, -0.3515728782943282, 0.8805905197065286, 0, 0.6184001995697094, 1.0246656127265752, 0.8195782264772818, 0, 0, 0, -0.17123770683738587, -0.26409538071260996, -0.48672924717506866, -0.37299364258622614, 1.268370359124201, 0.9181090152598295, -0.37010927720469894, 0.5388102734081556, -0.1343083119036394, -0.2481625492802906, 0.6836784886485999, 0, 0.8872016074779171, 0.6269824362700114, 0, 0, 0.9393410332773013, 1.431513157578297, 1.2827548844525019, 1.0718164051449324, -0.2444501251628748, -0.24363742706395047, -0.40524600998175964, 0, -0.3038472258774403, 0, -0.11990117155418381, -0.18060684401001825, 0.7100634991281674, 0, 0.622168684770605, 0.8140412863418073, -0.1320599917155597, -0.19873897271449473, -0.2436158373692659, -0.3742601182752133, -0.31027105133514205, -0.22850988617908255, -0.3873729796696394, 0, -0.28492955788923396, -0.24291508769517767, 0, -0.25056992889876195
0, 0.6782971583178949, 0.6246261583672398, 0.9902481258344801, -0.21569714718812277, 0, -0.11413409127039134, -0.17079759695982483, 0, 1.4565792522231813, 1.096101777882449, -0.28423966174249465, 0.8612983040368417, 0, 0.7103163140444317, 1.0205337105433734, 0.806933032200034, 0.638706968836137, -0.18303744376009862, -0.1890880609521943, -0.10155546785599862, 1.1525665707601291, 1.1101394371352749, 0.6741991940907468, 0, 0.8907630286048142, -0.178525010789648, 0, -0.22240552583329862, 0, -0.12550000489804403, -0.14455128935043057, -0.15741066199313156, 0.9307404695437709, -0.08177355756032004, -0.07281195144437826, -0.3080017414634578, -0.06569142076786165, 0, -0.22707068869650676, -0.3163550126968285, -0.2975027496463637, 0, -0.4509354044359307, -0.21192524327281176, 0, -0.07815239716598328, -0.2755512941974142, 0.8339199725881392, 0.6597000070407583, -0.19106334933293423, 0.8473866874005975, -0.1394114067465593, 0, 0, -0.40599604035829395, 0.47018866201146664, 0.7038189346393261, 0.4675467199443962, -0.18707167077724865, -0.407767880807247, -0.44175561372576294, -0.29451706327522414, 1.1615799577925743, -0.23940038217116233, 0, -0.21659388378885314, 0, 0, -0.23453246400063865, -0.2700926398453334, 0.800692671773279, 0, 0.7123320814750562, 0, -0.19867830456057736, -0.14427115069422014, -0.18591280879437813, -0.14593404541823743, 0.7209197179757455, 0, -0.2985409261503754, 0.36158211018923353, 0.6226833350979937, 0.5772930862854306, 0, 0, -0.538600413910332, 0.6320091694977988, -0.253376663501762, 0, 0.7230989908864836, -0.13412429167994333, -0.2148969868419947, 0, -0.2016588358291609, -0.10508782892742469, -0.25889750674909573, 0, -0.23789206263166837, -0.14173405813422366, -0.1841954462692363, 0, 0, 0.6402082897689754, 0, 0.7974308974268376, 0, 0, 0.38745426666679683, 0, -0.1332624516299869, -0.20989828727152057, -0.19699642958802693, 0, 0.876267452992992, 0.8149758451277352, 0, 0.7129147767444802, 0.7302622733328541, -0.1106170848962638, 0.831338876421547, 0.7083851801349096, 0.8830622902415436, 0, 0.6915163063384269
0, -0.1976783543660517, -0.1517448884548003, -0.4491201045985458, 0, -0.10670856138992948, -0.19768170632963525, -0.37640740297042447, 0, -0.37083337506081565, -0.27384120018656893, -0.5878340670779546, -0.45858370191558606, 0, -0.19741752148039537, -0.49614059715311765, -0.24245878878537025, -0.11546096460856503, -0.4996163436971121, -0.24656336059508766, 0, 0, -0.40081648659218994, -0.16029019153020913, 0, -0.2122267504851152, 0, 0, 0, -0.18987167676859695, -0.2983906523826578, -0.08657598737002326, -0.18316299826002921, 0, 0, 0, -0.3407071232542002, 0, -0.15306712004858672, 0, 0.3698868238283052, -0.16720641351670473, -0.32721348595871175, 0.6978534047643764, 0, 0, 0, 0, 0, -0.2559099798844361, -0.4617624250427991, -0.1787969094750619, -0.5261186308716768, -0.21704947838074742, 0.3657983153145405, 0, -0.2906625613303019, 0, -0.11339802478677495, -0.14939026644518652, -0.20681725612227372, 1.0476834609306709, 0, -0.2845017828249535, -0.6132779859727295, 0, -0.5057505108281843, 0, 0, -0.23595243800890278, -0.3246762500284612, 0, 0, -0.21927202760476203, -0.06775962261180796, 0.18816380214810646, -0.3147089140149362, -0.6251114441684006, -0.41187207781585966, -0.25781722859580436, -0.22559834578402616, 0, -0.16641052487991126, -0.29004691116528514, -0.2180541141472356, 0, -0.5053652259633183, -0.10808877993838242, -0.11467353037255698, 0, -0.13421488115045674, 0, -0.21227430979609885, 0, -0.2857434135033334, -0.44207985878645645, -0.16464728449185492, -0.5228142251400208, -0.2385336528468889, 0, -0.37618214058815297, -0.45896494479285016, -0.13632774197279016, 0, -0.2962371705250092, -0.16034570118959207, -0.23014683064247343, -0.14159928587953466, -0.16649081929964457, -0.20216100727915798, -0.11894974300756905, 0, 0, -0.38750095133844004, -0.2623123466223616, -0.12607347874219701, -0.14036026661433856, 0, -0.10253169016564145, -0.17085197847919853, 0, -0.32979486027871546, -0.11234807770855218, -0.26000052096930826, 0, -0.11292398840744917
0, -0.2969788468226668, -0.2846066688818856, -0.14524177056984358, -0.05538751307415763, 0, 0, -0.09628763998753849, 0, 0, -0.13296008976866472, 0, 0, 0, -0.2744830812895753, -0.3148778450984627, -0.3302516817537162, -0.3504675799882287, -0.140900550883288, 0, 0, -0.14395233217980244, -0.2658182413158188, -0.2870425666194257, 0, -0.1279942530071437, 0, -0.19362686582711272, 0.4978885112770537, 0, 0.46566319648300936, 0, -0.16181818328327166, 0, 0, 0, 0, 0, -0.047796531079194786, 0, 0, 0.325913112735742, -0.16622079233096945, 0, 0, 0, 0.62124376527353, 0, -0.3493806781887418, -0.10416704046823208, -0.09061378975116065, -0.2562267948708195, -0.07195651908194428, -0.12724814836605428, -0.2750230916269307, 0, -0.2259996868580087, -0.47635192331990933, -0.24040585988792462, 0, 0, 0.5009277021996094, 0, -0.33226300075871656, 0.5421003115631318, -0.28006208307271074, -0.07489625407987187, -0.19757544975538852, -0.3022962003923614, 0, -0.13840239292404666, -0.34296195611187447, -0.2734412176541386, -0.4179950987623002, 0.4596009951606635, 0, 0.45200313547694393, -0.06314538592194269, 0, -0.40035010793319464, 0, 0, 0, -0.30511530284582244, -0.2533644146070305, -0.2598264768566518, 0.8110107035566771, 0, -0.3058935405388991, 0.3240129595503398, -0.14595927621785734, -0.2585946138806428, 0.24700341333010434, 0, 0, 0, 0, 0, 0, 0.694160114294251, 0, -0.063639752223438, -0.18425453235555408, -0.15875645440659558, -0.254945670467507, -0.09179807870802514, -0.26025248076465973, -0.11842722889981047, -0.11988277934746829, -0.18082743237789475, 0.5050244221127106, 0, 0, 0, -0.1155938970885125, 0, -0.16993548032098482, -0.25244616909541484, -0.19394632951594906, -0.1391772465302238, -0.31666302293089077, 0, -0.21817525827421191, -0.18247789683862337, 0, -0.2199120784725295
0, -0.20580650173328452, -0.2216954270028417, -0.15777152683343945, 0, -0.15630425301540796, -0.10406432326187053, -0.19461273500868412, 0.4208049204103192, 0, -0.19878421963320433, 0, 0, 0, -0.26463005712605125, -0.3137123849859766, -0.3387593695585814, -0.3247191981776049, -0.23198835433094506, 0, 0.32726364887957865, -0.16720837842251235, -0.2887701106997706, -0.2941048146146596, 0, -0.1808762119592485, 0, -0.19805043167667416, 0.5764141193875744, 0, -0.07311057377416647, 0, -0.1407212556368923, 0, 0, 0, 0.5101257202535835, -0.10995663765390518, -0.08596878781252472, 0, 0, 0, -0.15484098983935035, 0.46072309068696254, 0, 0, 0.5989538150472532, 0, -0.3810206528281857, 0, -0.16926523176918484, 0, -0.1955258786210276, 0.7262315832337368, -0.24400403669323506, 0, -0.28228770508097567, -0.4247219118289793, -0.14399069377181462, 0, 0, 0.6574086575747701, 0, -0.2328572679281217, 0, -0.22970365908431922, -0.2306614743318087, -0.12907169465762078, 0, 0, 0, -0.257495925600629, 0, -0.22595484796624196, 0.4251980113363074, -0.09622732301600788, -0.08779943099264464, -0.13542275696977626, -0.13150029614824144, -0.24172062878289655, 0, 0, -0.2213710441543534, 0, -0.29243403232421744, -0.23438908812713957, -0.16049004648629978, 0, -0.3011830384245179, 0.4275352002069451, -0.1385310979781514, -0.1610163034763505, 0, 0, -0.19620232002309712, 0.6194554153851767, 0, 0, 0, 0.9447186714456457, -0.1484412910703234, 0, -0.23100122249124094, -0.1526342639671571, -0.2707077788892145, -0.15508748081392376, -0.28162938479818367, -0.16679092697686962, -0.1982847087008014, -0.18764110003615528, 0, 0, 0, -0.1788477775048172, -0.22110059865045853, 0, -0.19129824608705376, -0.2264462760648955, -0.1806318713508268, -0.10759126699922854, -0.28493582817202107, -0.17538518017594923, -0.2259267392383622, -0.13743596524205798, 0, -0.14866185961697703
0, -0.47132777092453165, -0.373522792218792, -0.1850484892341072, 0, -0.19515970949989286, -0.12198517900753962, -0.19530060084907352, 0.7529542687281442, 0, 0, 0, 0, 0, -0.40865108171816616, -0.46117365582517694, -0.5256627829886104, -0.48818606256123165, -0.2453166749772338, 0, 0.6475813890939359, -0.2790366471091591, -0.4553786705327184, -0.5374413820185011, 0, -0.15551444046183188, 0.36620755947162104, 0, 0.7496707316155835, 0, 0.6339648553472572, 0, -0.2429312043403425, 0.960479485835223, -0.07455382819406955, 0.5974497114466036, 0.8089989240301875, 0, 0, 0, 0, 0, -0.2174447928810297, 0.4287357470187767, 0.4354074112088836, 0.4337634885760682, 1.2537058684700346, 0, -0.5296454696798424, -0.08515990122761753, 1.0900336084774647, -0.20261177091817137, 1.13414630522848, 1.1816368080010342, -0.39498223804037264, 0, -0.4179177904457654, -0.6422925131995745, -0.22100352635991377, 0, 0.5378193010822369, 0.877527792657816, 0.7315370024189521, -0.35446025394952335, 0.665155785711272, -0.32868359830232213, -0.23605225428319745, 0, -0.29346564548784254, 0, 0, -0.39931353813006276, 0, -0.376225650571224, 1.1199023045912175, -0.10114434840017077, 0.5741776807427574, 0.9901412833653044, 0.8013648231644037, -0.339424372530138, 0, 0, -0.26827647108440805, -0.3549755266397625, 0, -0.33629116773841156, 0.9990909222234597, 0, -0.47553099022143835, 0.6353695097554523, -0.1665970173947809, -0.20318691962819244, 0.3317794787544672, 0.5826340565873145, -0.16645987594722275, 0.8293921826121021, -0.11855475771638099, 0.8234371613008269, 0.43776549264834674, 1.6772453431778347, 0.8200822609839578, 0.9832441841679775, -0.2614839699687101, -0.22926833500433616, -0.41698112860631936, -0.26699260355015403, -0.3446130807884416, -0.21615717223237774, -0.24824024875661305, -0.305636521653762, 0.8701370020655896, 0, 0.5662961738866262, 0.8811028462060071, -0.2697868224477997, -0.14020618914187133, -0.2857886449803821, -0.3973667554768987, -0.34266246451822086, -0.2150918224492247, -0.4411794448510971, 0, -0.4664179340646014, -0.27509760414822754, 0, -0.24956160198560698
0, -0.12837590892824916, 0, 0, 0, -0.11282610055361, 0, 0, 0, 0.962284115159667, 0, 0, 0.9368104568646248, 0, -0.14052974360745238, 0, -0.19405471027645715, -0.20194695510100277, 0, 0, 0, 0, 0, -0.166313140287174, 0, 0, 0, 0, 0, 0, 0, 0, -0.09412294627473083, 0, -0.11402215625129394, 0, 0.8506593566873302, -0.10280547401790151, 0, 0, -0.08547870168426051, 0, 0, 0, 0, 0, 0.7092779168538884, 0, -0.18453162125598555, 0, 0.36192411383843615, -0.17074563513072633, 0.3010417742085437, 0, -0.1922502271031305, 0, 0, -0.21469467514043772, 0, 0, 0.381373810198665, -0.10625337150420806, 0, 0, 1.381391520076502, -0.09673441096005744, 0.4999484456279039, 0, -0.11926031499827588, 0.8607367131365131, 0.8528109602283782, -0.09451248751985965, 0, -0.12618545288257196, 0.515922491985855, -0.1426929120164312, 0.38406251735275554, 0.6044529543691403, 0.40455976113134356, -0.0916765105864694, -0.12539430597549486, 0.8335188611713212, 0, 0, -0.15950735075784106, 0, 0, 0, -0.1438497729919323, 0.4209786851836785, 0, -0.08269239164041522, 0, 0, 0, 0.46848233071770035, 0, 0.8626762279477155, 0.43924150787391597, 0, 0, 0.755006493764123, -0.13705802183697804, -0.15271679552227885, -0.1321210003297558, 0, 0, -0.11082431856075235, 0, -0.11073425645664965, 0.5394970123258322, 0, 0, 0.5153202048583735, 0, 0, 0, -0.14717203412056143, 0, 0, -0.1389123014459781, 0.4540838214736492, -0.13708656718005915, 0.280420581851371, 0, 0
0, 0, 0, 0, 0, 0, -0.10332799915188867, -0.335928309461221, 0, -0.42590505809896495, -0.22374631601074776, -0.42169249701412487, -0.3064268883977958, 0, -0.18254642131431914, -0.3321320917827939, 0, 0, -0.2965155381699792, -0.24432943339567667, 0, 0, -0.37258454429321763, 0, 0, 0, 0, 0, 0, -0.15147201155196546, -0.190276325282843, 0, 0, 0, 0, 0, -0.25640498171447507, 0, -0.13597260478890708, 0, 0, -0.18104916360896012, -0.21374305387832096, 0.6240493476908524, 0, 0, 0, 0, 0, -0.1933265119641311, -0.3018873590286462, 0, -0.38908515545149536, 0, 0, 0, -0.28592451148805265, 0, 0, -0.21030908267281104, 0, 0, 0, -0.37048581131760033, -0.4739911417593915, 0, -0.36974575432046813, 0, 0, -0.23912176364631393, -0.1767727027677074, 0, 0, 0, -0.15508516426457525, 0, -0.19468908088578663, -0.3898203937521409, -0.3586589271502762, 0, 0, -0.3338497544058296, 0, -0.2289806237312096, 0, 0, 0, 0, 0, 0, 0, 0, -0.1701868836544378, 0, -0.16689648372636637, -0.34835656640413687, -0.1714171809609439, -0.38925720433776895, -0.2783409236534862, 0, -0.28238079240076003, -0.3459040158751219, 0, 0, 0, 0, -0.21619351552787824, 0, -0.13774546554741512, 0, 0, 0, 0, -0.2911596614551717, -0.21314657583377666, 0, 0, 0, 0, 0, 0, -0.23618116966118546, 0, -0.2212701701662424, 0, 0
0, 0.9449640870587918, 0.9522912806550125, 0.9650621088066538, -0.08211313064774403, 0, 0, 0.5175354293145973, 0, 0.8125374022925924, 0.740683048168477, -0.27171385021828803, -0.22519279018903277, 0, 0.8735163555129536, 0.936644934548942, 0.7995948686425922, 0.9859372265333027, 0, 0, -0.08534954323339515, 0.8009214828589216, 1.2708592624000337, 1.201460217877058, 0, 0, -0.1273409973377329, 0.8298206427279545, -0.23952127187239003, 0, -0.13169370682921386, -0.11569800381063974, 0, 0.5178788063262738, 0, -0.08605281551838642, -0.24878773725417025, 0, 0, 0, -0.1359431410054905, -0.13472899218358805, 0.5841923268221219, -0.3357828338004078, -0.1452348269171003, -0.11073368525501075, -0.12186000615050262, -0.14992435149865657, 0.8543965163055692, -0.14285910692503997, -0.221204128312682, 0, -0.15449189161172955, 0, 0.5455654848651543, -0.2275302325675101, -0.1978718377590431, 0.9546123926655733, 0.3763435163816984, 0, -0.2130674508882162, -0.3653926438091059, -0.2266120829994059, 1.2719747591443689, -0.28822557711403474, 0.5351361383198782, -0.16910208701157775, 0, 0, 0, 0.5730542601611779, 1.0716105113773755, 0.5214981616777369, 1.0020789456070316, -0.10733827681208284, 0, -0.12946963597056535, -0.2224092316511145, 0.19954307764627346, 1.0309489246272436, -0.32245029785103774, -0.19512029263526387, -0.14685013437019964, 0.6734161369302488, 1.1343710474010826, 0.5999380393987271, -0.13831461564509112, 0, 0.7322168733353723, -0.2205374051779385, -0.08530494883991213, 0.44114766373076647, 0, -0.1346717755538329, 0, -0.19294287998089218, 0, -0.2317061751378579, -0.2094916932689183, -0.21810851575330234, -0.12534943856468428, -0.2805699994175487, 0, 0, 0.9441919515183963, 0, 0.9487957525076921, 0.5264538826654012, 0.5148108649993088, 0.6397038139930109, -0.1539239252275296, -0.11643886726792232, 0, -0.1576503104454842, -0.09579185455724669, 0.6454581990315789, 0.8754081727106922, 0.9385262744920437, 1.0047366466030643, 0.8176377745269975, 0.6348440376585386, 0.696979468504392, 0.8788557065847947, 1.0188108375447982, 0, 0.7582927484277552
0, -0.3135511923620208, -0.320360079086281, 0, 0, -0.14565195024886318, 0.4716778503745486, 0.7900845146992912, 0.44991725470744665, 0.4874461052026868, 0, 0.6815760360015246, 0.3506501956590318, 1.1202275195084537, -0.3252999860951295, -0.25670645450428914, -0.4278716737111599, -0.3640874700848096, 0.7945466224205722, 0, 0.40461443512372725, -0.2424700383142467, -0.22170585319865754, -0.32676797016911263, 0, 0.7619164577534808, 0, -0.1959438528145694, 0.6886116325535445, 0, 0.551065091580118, 0, -0.15414922101322873, 0.7434416274114902, 0, 0.5326874579195617, 0.865377331259911, 0, 0.36609884024537587, 0, 0, 0, -0.15722370362332574, 0, 0.29121661207187455, 0, 0.8914799525833431, 0, -0.42461998965674386, 0, 1.0011417267350218, -0.10367843962999948, 0.9573988012796951, 0, -0.30104584093194076, 0.3557758001876124, -0.2306033449874934, -0.5510329369107761, -0.23981226887682572, 0, 0.5832812566767424, 0.4803813278524166, 0, -0.23108911160876375, 1.2744908259581846, -0.2870791344885224, 0.9691243192611184, -0.20286343734075898, -0.27361453500595107, 0.43393950236897005, 0.4876380463168911, -0.3011954688662379, -0.24459484562739514, -0.3583671153466454, 0.9506452694134188, -0.07331562804524502, 0.5672926948915333, 1.017074391938499, 0.7459295215846067, -0.29888186973432734, 0, 0.4208562087286969, -0.2233331298209406, -0.3201794567532934, -0.3980600121511786, -0.3842781376347353, 0.800874792739801, 0.8012145318092134, 0, 0.6104613192167135, -0.1370660098540398, -0.29831398486613725, 0, 0.46022624066241, 0.6288551386580701, 0.5283207580144971, 0, 0.7879983740454908, 0.7102398400777317, 1.0100065913465754, 0.8947577323857298, 0.8694547583651199, -0.24409966001301642, -0.2599915474474425, -0.31328342476347465, -0.1798891992402983, -0.2472493597990686, -0.18955793929021886, -0.16319717225351982, -0.23587843852220594, 0.8226865966629086, 0, 0.5483631926423533, 0.4783042222894127, -0.11396964547891472, 0, -0.15354298380757248, -0.3115758072976429, -0.2805708928692952, -0.12839570225321748, -0.34860215484076684, 0, -0.2969827586313641, 0, 0, -0.2498572020191357
0, 0.49924187396200076, 0.4467622074027663, 0, 0, 0, 0, -0.0635737800168606, 0, 0, 0, 0, -0.09809835727394625, 0, 0.5820622716721646, 0, 0.6536137012590437, 0.7699887068348471, -0.0860614411481897, -0.1416048503813587, 0, 0, 0, 0.6096221564384492, 0, 0, 0, 0, -0.1435020865246694, 0, 0, -0.09096933315315128, -0.1057277672141345, 0, 0, 0, -0.16604478100311534, 0, 0, 0, 0, 0, -0.08290499726476747, -0.12994543744690742, 0.2214218987002924, 0, 0, -0.11948042249885797, 0.45448280933547713, 0, 0, 0, 0, 0, 0.3736887984471766, -0.13359417040294055, 0.3318622428596421, 0.7352164402948487, 0, 0, -0.15492520918543967, 0, -0.10551005648880389, 0, -0.17472943095157445, 0.28796603672454835, 0.4706298130084531, 0, 0.5550985951053091, -0.0860094958542211, 0, 0.44392399339544636, 0, 0.4655531825565454, 0, 0, 0, 0, 0, 0, -0.12618346895498728, -0.09555548570480271, 0, 0, 0.4990219209604463, 0, -0.14100831193067132, -0.16719106805702588, 0.48724779267461726, 0, -0.06184843703624105, 0, 0, -0.12313289741472716, 0, -0.13784667528513037, 0, -0.10692565983974534, -0.10791587823312995, 0, 0, -0.10535046764163394, 0, 0, 0.40969994688725847, 0, 0, 0, 0, 0, -0.08871302154194716, 0, -0.08769337825021391, 0, 0, 0, 0, 0, 0.408860295015029, -0.07450711102705136, 0, 0, 0, -0.0796526422788529, 0, 0
0, -0.22418122211410732, -0.2027525566715382, -0.14987594641186275, 0, -0.09011628000993321, -0.10648986946539338, -0.13863984537828175, 0, 0, 0, 0, 0, 0, -0.2438343133767153, -0.2806881369404991, -0.2654873353237993, -0.26241260751485473, -0.16599535980574662, 0, -0.058071963191604126, -0.15369370191371426, -0.25277399516797877, -0.23951598321780704, 0, -0.14199298628144827, 0, 0, 0.3440271246823764, 0, -0.1001128465861028, 0, -0.10708686481011635, 0, 0, 0, 0, 0, -0.06718155752420582, 0, -0.05263670933819342, 0, -0.16812825601345974, 0, 0, 0, 0, 0, -0.2488674073448335, -0.0777550563318996, -0.11586202433969114, 0, -0.1447286987982329, -0.12074848025667044, -0.1829285434457346, 0, -0.18653803634481145, -0.3032310497982467, -0.1891714057112223, 0, 0, 0.5282295389040481, 0, -0.28839872534291316, 0.8050758863327847, -0.18481933541804163, -0.1591161163889806, 0, 0, 0.4883632257901807, -0.1414003409319687, -0.2453802192332735, -0.179457951849525, -0.20074451815098615, 0, 0, -0.08694600751599126, -0.11477151466713893, -0.08870336919316262, -0.2187638026745918, 0.33476083159513315, -0.09267494032028226, -0.14406952021435598, -0.24490150748896602, -0.2425347139707919, -0.16744728537676656, 0.7267160175350779, 0, -0.18273816681488983, 0, 0, -0.12369375586854728, 0, 0, -0.08528988537191035, -0.05898232372306549, -0.07749055632024433, 0, 0, 0.6979602932870553, 0, -0.1326225493912595, -0.1646618603711777, -0.1271584731595246, -0.2676478160768972, -0.14438640403536854, -0.2200273588742473, -0.12579404068590488, -0.13674694262545997, -0.164038490529257, 0, 0, 0, -0.0835322972750972, -0.17156635100483325, -0.14430585804973803, -0.16549402932792748, -0.19691022214820916, -0.17266792164187297, -0.12566398037204177, -0.19457821934367853, -0.10340081472550254, -0.22760541069646514, -0.16472856986381632, 0, -0.17481625852659416
0, -0.19684469852561243, -0.20662467611615942, 0, 0, -0.11442922815895909, 0, 0, 0, 0.5476321532383196, 0, 0, 0.5597776472499085, 0, -0.27060162955254335, -0.18205823086106065, -0.35278162202829194, -0.3166330679430713, -0.14401607819596363, 0, 0, -0.21058077551740692, -0.19939471190847105, -0.2498076107721754, 0, 0, 0, 0, 0.34252403322302627, 0, 0.4100883352231632, 0, -0.15049501133248006, 0, 0, 0, 0.9235974688389398, -0.07496715053391234, 0, 0, 0, 0, -0.150216647767076, 0, 0.3556011328596265, 0, 0.637362801921504, 0, -0.3081120840304145, 0, 0.4710804010698739, -0.17669668628592072, 0.8548640637438222, 0, -0.25610338303868413, 0, -0.15337529463393892, -0.4520810941194556, -0.16134688312649048, 0, 0.6786064410285442, 0.4636556412346017, 0, -0.2160364096396194, 0.9577148793624841, -0.23353992125245673, 0.7168163053859161, -0.1675654837408967, -0.11551940745287316, 0, 0, -0.30416977732388545, -0.1719013782448345, -0.3475829430183668, 0.6511650571754667, 0, 0.4500643756052909, 0.9232175246247799, 0.6614608498861004, -0.2493342471258441, 0, 0.5785231619112442, -0.17609693694539993, -0.25179602283501107, -0.3222515366829876, -0.27048235046166624, 0.7255903681672381, 0.7901576462867888, -0.2956933529920494, 0.45761040015865256, -0.12699069571306118, 0, 0, 0, 0, 0, 0, 0.6279258131450588, 0.5459848984431437, 0.7088263950818705, 0.6364695301983092, 0.47086145381729133, -0.16310050577668705, -0.1941487250963778, -0.28084320575991534, 0, -0.2496840061272774, -0.18472844058045437, -0.11535898425266043, -0.1837560228722427, 0.47226180688501446, 0, 0, 0, -0.16581026664271648, 0, -0.19136970154289132, -0.23806597521575795, -0.2308768724288068, 0, -0.3295164616937267, 0, -0.21971430575106954, -0.17624966437681613, 0, -0.22353161164608337
0, 0, 0, 0, 0, 0, -0.10669279644113425, 0, 0, -0.0974835924282449, 0, -0.20810729124326216, -0.1551796454414431, 0, 0, 0, 0, 0, -0.11956856191484966, 0, 0.24249283950477735, 0, 0, 0.2992069895019487, 0, -0.1004641127373688, 0, 0, 0, -0.10552951487273823, -0.09579916008878289, 0, 0, 0, 0, 0, -0.14667675605350844, 0, 0, 0, 0, 0, -0.10525557746871518, 0, 0, 0, -0.05638075422099202, 0, 0, -0.12250808987597014, -0.16658546278259226, 0, -0.18212319856179074, 0, -0.06793412557241173, 0, 0, 0, 0, -0.10049952360666067, 0, 0, 0, 0, -0.22665961414997945, 0, 0, 0, 0, -0.09912730556659538, -0.1540484220635511, 0, 0, 0, 0, 0, -0.1380233868971204, -0.26006152992792375, -0.1375343266203653, 0, 0, -0.14669868464992405, 0, -0.09592616572630634, 0, 0, -0.10968980396296381, 0, 0, 0, 0, 0, 0, -0.07982510525916546, 0, -0.16346067269309011, 0, -0.22806085244163177, -0.18480834401908258, 0, -0.21707775363539183, -0.2015159940828319, 0, 0.3000965075649915, -0.05957422589272998, 0, 0, 0, 0, 0, 0, 0, 0, -0.12616065784067504, 0, 0, 0.3829386409068599, 0, 0, 0, 0, -0.11114232624684087, 0, -0.12235850481548828, 0, 0
0, 0.9591661238439332, 0.7823192900488933, -0.16525396113640584, -0.12610116468476787, 0, 0, -0.1392870756486309, -0.26909123206340707, -0.12661381438071728, -0.13984091968599377, 0.7492837424569674, -0.16788815067589097, 0, 0.6695799771161285, 1.0767085207846838, 0.9449534878226933, 0.9207877829171132, -0.1606286312772113, -0.1218176289820054, -0.23595233576337177, 0.7850452171939547, 1.2542945217519197, 1.1979281357256364, 0, 0, -0.18364831587959293, 0, -0.23024035713497348, 0, -0.10646716958080288, -0.20344169648297297, 0.39793995634464013, -0.24251976462850464, -0.12593324850086587, -0.25120494977874663, 0, -0.10260530542400723, 0, 0, -0.0817284147193051, -0.1487468967759692, -0.11856368893429335, -0.12889099618354466, 0.40452022216844497, -0.13570352804713046, -0.3884213335479967, -0.10423762631244099, 0.9582234862370566, -0.074572648615189, -0.15125495133068678, 0, -0.15762718575088402, 0, 0.6041093213079726, 0, 0.7370614530434374, 1.3007232652512728, 0.3965312284177659, -0.13363535775947288, -0.18465391976201215, -0.26095451413626786, -0.18529899700759872, 0.9158823832072603, -0.181569737476561, 0.5477165264460342, 0.4157238265223686, 0, 0.8079230375867671, -0.09571272264589815, 0, 0.7296465964686578, 0, 1.0810900768071663, -0.35892268991458004, 0, 0, -0.09738415506434786, 0.3878873215809484, 0.8548459703142292, 0, -0.13048232347319974, 0, -0.15932759284620773, 0.8972613105933074, 0.5160960419802485, -0.14563514739660155, -0.1611040866222133, 0.8409177098579891, -0.18634351917926717, 0, 0.5221444165594203, 0, 0, 0.353988867679507, 0, 0.3588575288783946, 0, 0, -0.38605243271565914, 0.4594886028679811, -0.10788459537297844, 0.43775799034065366, 0.5705082447914557, -0.21072097229556896, 0.4602627659443854, 0.9113443298830035, 0, 0.6008672344159617, -0.14603927979461243, -0.2945011796156285, 0, -0.10443853350120756, -0.1209685349839935, 0.34870658994593523, -0.08681634966597265, 0.5257863891817766, 0.6445750843585935, 0.8698489294456818, 0.4317757590135258, 0.5480832483381357, -0.1982672241091283, 0.7690672408839173, -0.1365291406157875, 0, 0.6211380244942951
0, 0, 0, 0, 0, -0.09379309262113111, -0.12240104883343189, -0.13596018296712126, 0, 0, 0, 0, 0, 0, -0.13602139396037002, -0.1201782537179883, 0.5534922785630041, 0, -0.1364769693830527, -0.1093399857316949, 0.3966568025035122, 0, 0, 0, 0, 0, -0.0754981709090946, 0, 0, 0, -0.05717539650603876, 0, -0.12431909846668282, 0, 0, 0, -0.1305483957308337, 0, 0, -0.08524372977386255, -0.09059682206675916, 0, -0.10378844865780955, 0, 0, 0, 0.5429093844238193, 0, 0, 0, -0.13023835226411093, -0.13871955897681143, -0.16807582789130832, 0, -0.17138175354867616, -0.1697444444602412, -0.1765358330529866, 0, 0.32990038718386316, 0, -0.14162998019569184, 0, 0, 0, 0, 0, -0.21354906356730052, 0, -0.18182222102900347, 0, 0, -0.1333209866120529, 0, 0, 0, 0, -0.12355335689555172, -0.14143467489915978, -0.16220774046450506, 0, -0.17026490416266912, 0, -0.1301933118868349, -0.11562475990039711, -0.08849583218846205, -0.08189436326158235, 0, -0.14687566512352934, 0, 0, -0.09739973882702006, 0, 0, 0, 0, -0.1565019199750037, 0, 0, -0.16124747774165823, 0.6208620799032754, -0.23787388935897072, -0.15020809112362302, -0.07793544955737722, 0, -0.08465534100907153, 0, 0, 0, 0, 0, 0, 0, 0, -0.18192360258159415, -0.138118303145505, 0, 0, -0.10042639477795118, 0, 0, 0, 0, -0.11132209525009955, 0, 0, 0
0, 0, 0, 0, 0.17410202183890305, 0, -0.10823750079013207, -0.20764157674461975, 0, -0.12804877175328533, 0, 0, -0.14904150202989325, 0, 0, -0.21892616373655335, 0, 0, -0.22779935984397212, -0.12629694088463378, 0, 0, -0.18523357021552225, 0, 0, -0.13549089466520287, -0.09640303937893972, 0, 0, -0.09366761543098631, -0.18895784113989006, -0.09908234861969396, -0.07451576805589734, 0, -0.06780687841115812, 0, -0.10074710639593303, 0, -0.1254210308004498, 0, 0, -0.1166657478349301, -0.16922837052647655, 0, 0, 0, 0, 0, 0, -0.1438195426402722, -0.19440884960676183, 0, -0.21625948011101845, 0, -0.08742162853177601, 0, -0.1770232382031065, 0, 0, 0, 0, 0, 0, -0.14169811597301205, -0.28370732393681486, -0.09293979128697478, -0.22145547364388124, 0, 0, -0.1528492604541104, -0.12183518933235882, 0, 0, 0, 0, 0, -0.1809080731979903, -0.3151544539959006, -0.1717048429682625, -0.16122690581330948, 0, -0.19707679695659094, -0.10222527736189377, 0, 0, 0, -0.2144786122580065, 0, 0, 0, 0, 0, -0.1273294910451877, -0.0979814682330728, -0.10884884040551152, 0, 0, -0.2500808858975829, -0.1618298112847301, 0, -0.17024465184050183, -0.22554317090631015, 0, 0, 0, 0, 0, 0, 0, 0, -0.09489922577406475, 0, 0, -0.1966219162200288, -0.1686871757930705, -0.10621744314754979, -0.08650359382374473, 0, 0, 0, 0, 0, 0, 0, 0, 0
0, -0.20013738840948428, -0.1645267619871803, -0.20304592771419513, 0, -0.12999871066801602, -0.10957854084230544, -0.26874340360650006, 0, -0.22037844096833947, -0.15008704837094203, -0.27181910307465, -0.21944266622185563, 0, -0.2813958418034216, -0.33410012001207967, -0.296340754770702, -0.19804634623560133, -0.26341186279754475, -0.09654723858790816, 0, 0, -0.32703240417640944, -0.2497934984054797, 0, 0, 0, -0.22959791660785675, 0.3755053304120447, -0.12884595121872092, -0.11500940657994423, 0, -0.12181596754320739, 0, 0, 0, -0.13312955736936327, 0, -0.10123792254079261, 0, 0, 0, -0.16726733406853894, 0.5546638739192398, 0, 0, 0, 0, -0.2286837172115758, -0.1661036497840276, -0.2492911339307481, 0, -0.2660609500790834, -0.17474441409291847, -0.19067435549627987, 0, -0.29819918529878847, -0.22309391844595247, -0.10243366131027633, -0.13651300354935256, 0, 0.6344291448733919, 0, -0.28561401887375965, -0.2182677913830569, -0.16291242051712357, -0.2826638224554337, 0, 0, -0.1499316023590669, -0.21984515918200156, -0.19504791487492473, 0, -0.2059457692795079, 0, 0, -0.1530560505727887, -0.2581394897892013, -0.18941257785755772, -0.14826251794595946, 0, -0.1888191251501842, -0.19153716741718552, -0.23366884254070378, -0.25218713847794955, -0.10653307614053907, -0.16190876993205072, 0, -0.114093108879469, 0, -0.14304717668717845, 0, -0.12953640897024926, 0, -0.1610723548839013, -0.18134765738481395, 0, -0.2930498622877031, -0.16853782630963451, 0.8496560109161098, -0.18734473486683378, -0.24614811597128852, -0.1352230755065538, 0, -0.2244928435094867, -0.20472932134257238, -0.29383255868856223, -0.1307977888461349, -0.2048003193513379, -0.18010680739683851, 0, 0, 0, -0.18836030613209276, -0.1477567479633708, -0.1536903373408295, -0.19589839730539915, -0.18415585714912647, -0.15047711061294175, -0.16079151086969803, -0.13321540839634188, -0.17665140951984593, -0.19554802319159087, -0.2576230952718628, 0, -0.14024164052070118
0, 0, -0.20536180115768726, -0.27428263103977146, -0.0885193580834723, 0, -0.14164655437105542, -0.35418707863154414, 0, -0.4169370555932321, -0.2537246657316845, -0.5245113787303399, -0.4576400553606205, 0, -0.24434129568308485, -0.5047450308518614, -0.29116039227119017, -0.156726477429342, -0.32990536985594665, -0.17388613749211973, 0, 0, -0.5102732901896424, -0.2325457465369631, 0, -0.23352419375047834, -0.09591593294184264, -0.30195419235863463, 0, -0.13847709459321486, -0.27682676521765254, 0, -0.13460906343093618, 0, 0, 0, -0.15043552239644856, 0, -0.18461046366525027, 0, 0, -0.10437488776353343, -0.21357131093587525, 0.6140731046719285, 0, 0, 0, 0, 0, -0.25355239404630864, -0.3800977954265531, 0, -0.38046524441160806, -0.2910876377985138, -0.19243599828979438, 0, -0.34137705696301895, 0, -0.13231426777846117, -0.1480952078535026, -0.17003964204395355, 0, 0, -0.32013555210563144, -0.5695614001722249, 0, -0.30542982054681583, 0, 0, -0.20852861482179322, -0.33093953929192627, 0, 0, 0, 0, -0.11557833175387104, -0.23661199020692023, -0.4651687404429729, -0.2944475440107502, -0.20118668674450985, 0, -0.30295246268715476, -0.20991591823533642, -0.2558300697235168, 0, 0, -0.3700699354617157, 0, 0, 0, -0.14548253446407405, 0, -0.17801716797360848, 0, -0.2205866346565133, -0.31143657418328496, -0.146621890022414, 0, -0.217525376805434, 0, -0.26857937151620404, -0.4410573105315282, -0.13431076922037918, 0, -0.20336443297397086, -0.11664407597942787, -0.27544764782376024, -0.14867427465080676, -0.2204124905002276, -0.20595625035464515, -0.11610981258034425, 0, 0, -0.294151034118173, -0.21375104697283287, 0, 0, 0, 0, -0.1599223175993586, 0, -0.22046368496885846, 0, -0.2580298746470691, 0, -0.1217566237456342
0, 0, 0, 0, 0, 0, 0, 0, 0, 0, 0.6500201570916516, 0, 0, 0, 0, 0, 0, 0, -0.07899487614219904, 0, 0, 0, 0, 0, 0, 0, 0, 0, 0, 0, 0, 0, 0, 0, 0, 0, -0.12069034367402844, 0, 0, 0, 0, 0, -0.10718448249799653, 0, 0, 0, 0, 0, 0, 0, 0, 0, 0, 0, 0, -0.10233353511888708, 0, 0, 0, 0, 0, 0, 0, 0, -0.18195266604613727, 0, 0, 0, 0, 0, 0, 0, 0, 0, 0, 0, 0, -0.09017862541435114, 0, 0, 0, 0, 0, 0, 0, 0, 0, 0, 0, 0, 0, 0, 0, 0, 0, 0, 0, 0, 0, 0, -0.07520763587968898, -0.08927368506593794, 0, 0, 0, 0, 0, 0, 0, 0, 0, 0, 0, 0, -0.07631442018931639, 0, 0, 0, 0, 0, 0, 0, 0, 0, 0, 0
0, 1.510171534935751, 1.6556270005228837, 1.2416239069660462, 0.3144317006751687, -0.09073294569355624, 0.7517976303809284, 0.8599540768728169, -0.17025700011065464, -0.265237318568647, 0.5713229119548328, -0.19190791804388413, -0.28302759591687754, 0, 1.8105675327480375, 2.176784128779889, 2.1211358291879314, 1.9188412944152002, 1.2144047352319456, -0.1118182153978623, -0.20695407018305825, 1.0465519264501952, 2.2565212955368463, 2.0007608716487515, 0, 0.807270261842654, 0, 1.592644303756269, -0.21985729265559212, 0.21811484305797676, 0.7892497500049608, 0, 1.1971124517786, -0.1957449326944777, 0, -0.1649340106059289, -0.19266900571611537, 0.3877183683797761, 0.3437195637889741, 0, 0, 0, 1.3739074708350854, 0, -0.08057995449743871, -0.11732721742301841, -0.45401358201109127, 0, 2.066945805164175, -0.15548060045636297, 1.0386150660896512, 0, 1.3305829260686874, 0.9979127298343597, 1.4167135496214305, 0, 1.530330113796587, 2.298242641095088, 0.9536221778348938, -0.09832234546310895, 0, -0.3255565832509127, -0.13564603797361505, 1.9034336545572639, -0.22810536772525325, 1.1422832958899565, 1.4721061458855713, 0, 1.0698318203820125, 0, 0.4070966610021395, 1.8723778375136881, 0.8188636648271908, 1.7515874626305754, -0.2877488709896207, 0, 0.4227138395780178, 0.7877695439624823, 0.7846040667321482, 1.620485686719447, 0, -0.2820733305346123, 0.9539406997256905, 1.6456384322714919, 2.032976208830473, 1.3688798751123816, -0.2487199343605022, -0.13645790273302183, 1.6165899399698034, -0.1523883989162955, 0.7714763439311613, 0.7456861717303006, 0.31442853151980377, -0.14377380091954917, 1.0536646071306015, -0.23070472936830771, 0.656706535464994, -0.24854831724083942, -0.14891964664626506, 0, 0.469812734193287, -0.3264179209809028, 1.01457448862055, 1.1343599532703281, 1.8369116714112388, 1.1183729760188665, 1.566368750602444, 0.9523276407631965, 1.1544355896943728, 1.3290318114065198, -0.22227203878798213, 0, 0, 0.6027647109114648, 1.2083490386356301, 0.4363495357350389, 1.1421163355391741, 1.5835073284685266, 1.5266461143827064, 0.9826430218718724, 1.686232708441452, 0.7470938370376904, 1.7613579393387147, 1.2805685655352772, 0, 1.244469908437632
0, 0, 0, 0, 0, 0, -0.13586400193381207, 0, -0.1415747758231751, 0, 0.6962360386353605, 0, 0, 0, 0, 0, 0.8260266196827275, 0.7341781765515072, 0, -0.12883794033493784, 0, 0, 0, 0.5765958401807355, 0, 0, 0, 0, 0, 0, 0, -0.12422518676228245, 0, -0.1040351736972305, 0, 0, -0.20806767613790586, 0, 0, 0, 0, 0, 0, 0, 0, 0, 0.4476199179867808, 0, 0, -0.17993497344474102, -0.11203741742002409, -0.1981410129451145, -0.15668696033033488, 0, 0, -0.1569095787284242, -0.1545224006547308, 0.5259108974287063, 0, 0, -0.16407111056000254, 0, 0, 0.6363815490871625, 0, 0, -0.08999770011910532, 0, 0, 0, 0, 0.6774450320308145, 0, 0, 0, -0.16146647951830703, -0.09474388166977142, -0.19238595523941246, -0.13740914609456178, 0.41599525129085085, -0.10535794701237543, -0.10254835357309222, -0.13689820062168376, 0, 0.5494468123904382, 0, 0, -0.30847834814692265, 0.7012181039969299, -0.11986218847636718, -0.10562619655718675, 0, -0.19486274328944106, 0, -0.15978323671098524, -0.1542399244874355, 0, -0.11688126775242097, -0.207391379603412, 0, 0, -0.16613631316696267, 0, 0, 0, -0.0819941511385946, 0.6298647209344918, 0, 0, 0, 0, 0, 0, -0.11569701861408303, 0, 0, 0, 0.6319821810874061, 0, 0, 0.5596762900316178, 0, 0, 0, 0, 0
0, -0.18432820416450327, 0, -0.28339133384134974, 0, 0, -0.13663113848121275, -0.32804029399918855, 0, -0.3265024628634356, -0.22708720850838265, -0.38147666332404173, -0.3898142848855682, -0.2873687699289878, 0, -0.4219044456240838, -0.24845148031198686, 0, -0.37899585454876944, -0.1959399587168944, 0, 0, -0.34660355529027764, -0.17518457556822242, 0, -0.21635438187101058, 0, -0.24072313675453852, 0, -0.14908638872334432, -0.19109269601195814, 0, -0.1396714956789094, 0, 0, 0, -0.22150739446548368, 0, -0.1559423760549825, 0, 0.24871418510570728, -0.17692039214345717, -0.23287802010115957, 0.47445918637385764, 0, 0, 0, 0, 0, -0.20661813152888991, -0.3629653673379628, 0, -0.3796429266900857, -0.19005915941299956, -0.1640375884722289, 0, -0.2920451798905789, 0, 0, -0.1576931079466336, 0, 0.8523364837087517, 0, -0.22380543666398758, -0.4539336138485998, 0, -0.3900424253005924, 0, 0, -0.21027974570836092, -0.3180375213133636, 0, 0, 0, 0, 0, -0.25912156247038626, -0.39790497871579966, -0.27702128490826816, 0, -0.14232048711942943, -0.2937892257855619, -0.1735663227858241, -0.23809115843556, 0, 0, -0.34697229089301607, 0, 0, 0, -0.13605223347201129, 0, -0.1922169949330441, 0, -0.17186248964733286, -0.29889428189784295, -0.10206534900388155, -0.39689584832404934, -0.2878401242545094, 0, -0.30635251909695926, 0, 0, -0.08712941233493063, -0.23019407592755195, 0, -0.24094253399526, -0.11209166205593417, -0.1628730963870004, -0.1425309034704325, 0, 0, 0, -0.2950196245145727, -0.25395716536512813, -0.11240967594977702, -0.12658214477021779, 0, 0, -0.15547838058397936, 0, -0.22092156227557094, 0, -0.19282212901929718, 0, 0
0, 0, 0, 0, 0, 0, -0.10400953002405486, -0.14976046165992615, 0, 0, 0, 0, 0, 0, -0.23019289420494762, -0.1255793514804119, -0.20208258940980667, -0.22602391882617667, 0, -0.09354449626526394, 0, 0, 0, -0.14850892270195193, 0, 0, 0, 0, 0.30731420026317263, 0, 0, 0, -0.09214708190742442, 0, -0.11971465655149262, 0, 0, -0.09581925342344398, 0, 0, -0.08773616996541689, 0, 0, 0, 0, 0, 0, 0, -0.11608767717541069, 0, 0, 0, -0.1168582992592013, 0, -0.16559251999530253, 0, -0.1454393141404075, -0.15153532199853262, -0.09507655539401196, 0, 0, 0, 0, -0.11088038795445695, 0.8152801336448683, -0.10052934831306548, 0, 0, 0, 0, 0, -0.16308622557041935, 0, -0.11648010021357015, 0, -0.0768775488475032, 0, 0, 0, -0.1140404366664052, 0, 0, -0.14112801352688334, -0.13336568081597597, -0.12739766093284682, -0.16594251321581535, 0, 0, -0.1329817852182128, 0, -0.08736954185891334, 0, 0, 0, 0, 0.37583533147415854, 0, 0, 0, 0, 0.6101866926827144, 0, 0, -0.1361555772013147, -0.14107169008135495, -0.13487063684688544, -0.13090787424981426, 0, -0.10871918425994666, -0.13180266484497413, 0, 0, 0, 0, -0.11594257027641836, 0, 0, -0.13936783132538555, 0, 0, -0.145384959074749, 0, -0.0964088981081983, 0, 0, 0
0, -0.11290937427765184, -0.08690664618016003, 0, 0, 0, 0, 0.3145756134281009, 0, 0.6346763200656788, 0, 0, 0.5500153540624237, 0, -0.12930054661265689, 0.589378352561779, 0, -0.19365527144910072, 0.39241865274279936, 0, 0, 0, 0, -0.1387415332420209, 0, 0, 0, 0, 0.25419972928945433, 0, 0.27449937007196906, 0, 0, 0, -0.06467964620375083, 0, 0.8121174258060287, -0.07660374526590008, 0.2905205090343271, 0, 0, 0, -0.08520445000268184, 0, 0, 0, 0.43760977949878843, 0, -0.17281720991367883, 0.3893213722223656, 0.3754481079888415, 0, 0.5632771697276997, 0.6018439467793869, -0.13470234792200833, 0, -0.07135400326587342, -0.18596387424797017, 0, 0, 0.440611346344056, 0, 0, 0, 0.9892860842165995, -0.13119782660969412, 0.4767784925252711, 0, -0.14937674150690494, 0.4698067214228828, 0, -0.12650101815674536, 0, -0.14300992834769038, 0.43995219754627807, -0.06165773859707053, 0, 0.5213952040126918, 0.32494159540962847, -0.07386545627764984, 0, 0.4809249766859296, -0.07973143882488205, -0.0921614302220548, -0.1463800245502403, -0.20166459571991346, 0.5705041047296131, 0, -0.1738498590880369, 0.3587695332239294, 0, -0.08630317192749574, 0, 0, 0.37098303164060226, 0.3934307927890063, 0, 0.6921635667924225, 0.409496497465371, 0.2571417779111602, 0.5333735343353541, 0, -0.12086224650293803, 0, -0.14197180698923326, 0, 0, -0.10381848674387226, -0.08443945564170934, -0.10634452822327396, 0, 0, 0, 0.4248601167363307, 0.36410043347552684, 0, 0, -0.15321530004008566, -0.1334180568884584, 0, -0.15171463604276544, 0, -0.10731858840344245, 0.291963503450036, 0, 0
0, -0.33859580707875364, -0.2764535379409545, 0, 0, -0.13035274601274682, 0, -0.10403208235321736, 0.4880956434512167, 0, 0, 0, 0, 0, -0.25060566098097087, -0.28803828534553677, -0.33746119353628395, -0.35520352714359327, -0.16170700507002977, 0, 0.5197108077977963, -0.16932500255746574, -0.279599649321525, -0.3099922768463925, 0, 0, 0.33073128129473245, -0.2114280570920982, 0.5791894437121913, 0, 0, 0.3555444299618248, -0.1829457977724938, 0.6382179180018889, 0, 0.35847530121484, 0.629089163842015, -0.07849405643934215, 0, 0, 0, 0, -0.15425988238831864, 0, 0, 0, 0.8731685507509612, 0, -0.38085269711521025, 0, 0, 0, -0.10103399584187543, 0.7763828889879891, -0.274425400702555, 0, -0.25825816970305554, -0.4184142485228919, -0.1785987546591909, 0, 0.4208600009706809, 0.5036886201444182, 0, -0.21504393202967456, 0.4181940270076039, -0.2502940338913986, -0.19075169599444408, 0, -0.2688719274113754, 0, 0, -0.2721778151486927, 0, -0.2804008722047874, 0.6970535110363376, -0.0967259646442646, 0, 0, 0, -0.2445220088012284, 0, 0, -0.17864872384725436, -0.2640812290560142, -0.2741349543168134, -0.2987371174644707, 0, 0, -0.28647749937433714, 0.478550494653524, -0.1149700859203206, -0.11631788932439972, 0, 0, 0, 0.6613830407611627, 0, 0, 0, 1.0455804875682193, 0.4555593131556177, 0, -0.1697508592802406, -0.17507674277227198, 0, -0.19310948883073875, -0.2239860394553596, -0.14264939298607252, -0.14874726666031593, -0.18682854247778946, 0.4355136816768699, 0, 0, 0, -0.1693115029708513, 0, -0.1672775895023476, -0.2621203397788578, -0.2237574997650064, -0.15660271219343624, -0.2829866216171029, 0, -0.2890229498230857, 0, 0, -0.15748298611194927
0, -0.16420540290607838, -0.14711421894203802, 0, 0, 0, -0.0821541835747855, -0.10959642137254175, 0, 0, 0, 0, 0, 0, -0.23014579134448074, -0.21748344149002838, -0.2650857291269176, -0.21777991801355356, 0, 0, 0.40190588609020883, -0.11039807051839148, -0.22900705525873, -0.22356167266890348, 0, 0, 0, 0, 0.391314983776696, 0, 0, 0, -0.13126290584407152, -0.1260438785042513, 0, 0.33945215511710886, 0, 0, -0.08994204529110317, 0, 0, 0, -0.11775393439603085, 0, 0, 0, 0.8848809892359419, 0, -0.23265308640494045, -0.11035004522709017, -0.08561676791342157, 0, -0.11334892442566097, 0, -0.1801818462392274, 0, -0.16216668631901557, -0.2807796484520661, -0.11086556446582194, 0, 0, 0, 0, -0.12426011223600886, 0, -0.20229673860520514, -0.15562034841097017, 0, -0.13926906674965067, 0, 0, -0.17250853729043514, 0, -0.2190136099886211, 0.47357681114850175, 0, 0, -0.08581893193755927, 0.2920816297632427, -0.14617361737000445, 0, 0, -0.17084182709964318, -0.19821866184038583, -0.19550782364600644, -0.19020282386330753, 0, 0, -0.2055612596614556, 0, -0.1098020166690657, -0.1552105826116432, 0, 0, -0.07285681346407373, 0.3199183391045639, 0, 0, 0, 0.8505434900030696, -0.1682086280995081, 0.4486513580116118, -0.16908990051440387, -0.13725716444788477, -0.18077871592768596, 0, -0.14735369086619907, -0.12874451834816142, -0.14854871610444845, -0.14170490582322967, 0, 0, 0, 0, -0.12015138370398548, 0, -0.11113210443442063, -0.22322327879449994, -0.13674639111876716, -0.10559763357765434, -0.22693086628579037, 0, -0.24733174649825324, -0.13065938645877292, 0, -0.14100997633759793
0, -0.2633215845243189, -0.3006996480863944, -0.24700476571392516, 0, 0, -0.16406944134500345, -0.2221364669789312, 0, 0, -0.1753177593092322, -0.2762292656506489, -0.22798869397438998, 0, -0.3614131932165176, -0.38595820704005357, -0.4982112512601512, -0.3312579511728801, -0.269433601677624, 0, 0, -0.21919970639110095, -0.364599473001927, -0.33663507250745683, 0, -0.20589229882689897, 0, -0.31776476538020665, 0.5745232763071576, 0, -0.12402055884459225, 0, -0.21043013118797144, 0, -0.07999026569740106, 0.39328607111725267, 0, 0, 0.3758171505156834, 0, 0, 0, -0.256519429778897, 0.39149812864088446, 0, 0, 0.5822648737153077, 0, -0.44729248120677195, -0.12821905654933619, 0.8567710518336515, 0, -0.2624701475403295, -0.2630939687213046, -0.31013728478060953, 0, -0.35550853204775756, -0.3596597034172697, -0.2011645121526443, 0, 0, 0.783693802482979, 0, -0.3293752026193534, 0, -0.24051812358569358, -0.2670234086199585, -0.12448922814303819, -0.17222350258671348, 0, -0.13207164419336706, -0.32285194332802364, 0, -0.2974879460784617, 0.609587521096316, -0.08627992109976657, 0, -0.16426620580103768, 0.6748750959106906, -0.22120763874242874, 0, 0, -0.30047411147401876, -0.36852565120277264, -0.3757938876746146, -0.24129768298760712, -0.20585410672157067, 0, -0.31658679038598914, 0.39826822645697735, -0.1545801862668673, -0.10550919240519124, 0.4177091852121175, 0, 0.5496742425048553, 0.7058998702817594, -0.1758395613766152, -0.17744504366461977, 0.6211608078569225, 1.2276874202441288, 0.7858885835014087, -0.17259392058993112, -0.21058996756482443, -0.14566483371784486, -0.3457961230919731, -0.23197850214894616, 0, -0.19805715740029262, -0.25582325495513963, -0.2815455864717869, 0, 0, 0, -0.1741498706791203, -0.2966958517879679, -0.13182062881385093, -0.20352548652659508, -0.2917368105586267, -0.19159064884135998, -0.17843060602579838, -0.3065192396021132, -0.17232552068501095, -0.3118868651572086, -0.20348868537253456, 0, -0.18645791784718857
0, -0.1699594689743835, -0.11911513672844973, 0, 0, 0, 0, 0, 0, 0.5019080249609104, 0, 0, 0, 0, -0.13505283535643883, 0, -0.13887304959612667, -0.19231833299189321, 0, 0, 0, 0, 0, -0.1817580716559025, 0, 0, 0, 0, -0.08579109350452498, 0, 0, 0, -0.0971836696648922, 0, 0, 0, 0, 0, 0, 0, 0, 0, 0, 0, 0, 0, 0.5103332144712321, 0, -0.165880903209366, 0, 0, 0, 0, 0, -0.180847648959303, 0, -0.0995037196266916, -0.1923482231621875, 0, 0, 0, 0, 0, 0, 0.76460248364443, -0.1340162198899697, -0.06893552203007033, 0, -0.21394782655095637, 0, 0, -0.10296629863450332, 0, -0.14667881507130928, 0, 0, 0, 0, 0, -0.11683771802864411, 0, 0, -0.09983594917771069, -0.13309842111956338, -0.14101477641762855, -0.17515959693094355, 0, 0, -0.17530159322406527, 0, 0, 0, 0, 0, 0, 0, 0, 0, 0, 0.3788259395105662, 0, 0, -0.09507825880261137, -0.1267326990986694, -0.16607141567461217, 0, -0.10304933609199862, 0, 0, -0.08825855805325929, 0, 0, 0, 0, -0.09083162084146913, 0, 0, -0.11369712154848664, -0.1090493112707087, 0, -0.16957531342001025, 0, -0.13227371393525394, 0, 0, -0.09133731081580007
0, -0.24910511731145257, -0.16300413055435756, -0.11479630891882509, 0, -0.08048990242141388, 0, -0.10671412991857467, 0, 0, 0, 0, 0, 0, -0.19503323367239556, -0.2911139975832744, -0.2658756409102122, -0.30781647516532396, -0.12716245751110206, 0, 0, -0.08357811591943369, -0.22696194339948128, -0.24686895198361974, 0, 0, 0, 0, 0.3744187829224078, 0, -0.047386952894897395, 0, -0.11355069705178972, 0.3369205023594009, 0, 0, 0, 0, 0, 0, 0.20766790954692246, 0, -0.10390604364415353, 0, 0.19287710241960088, 0, 0.6025591271766194, 0, -0.20036601649591027, -0.06850177024006207, -0.0702566807908937, -0.10982475021662678, -0.11153875426007562, -0.09464239917961649, -0.24339650565214746, 0, -0.21731015139748552, -0.28557152438882905, -0.11644435207524755, 0, 0, 0.3512108486237185, 0.29891669556586276, -0.17103110468686475, 0.5767996320883964, -0.19523406525467218, -0.17268535593050874, 0, 0, 0.3692762070065097, 0, -0.17062386630685977, 0, -0.18928393893938703, 0.4402067680931905, 0, 0, -0.06375338015228556, 0.2127189901940741, -0.17387183472913748, 0, 0, -0.14197257651625358, -0.22718191792104692, -0.22304397944714718, -0.1919528530115031, 0, 0, -0.1953303674409377, 0.3415728641712895, -0.05387626700426403, -0.13256332622584702, 0, 0, -0.07189097300976366, 0.20536050506755446, 0, 0, 0, 0.501598686840697, -0.08841423134096853, -0.053576557156573425, -0.09733905942600114, -0.12017335588693291, -0.24168062294651077, -0.08413292430411146, -0.16669839694639876, -0.12726507239303525, 0, -0.15669202301084376, 0, 0, 0, 0, -0.12352848381841254, 0, -0.10509323936880066, -0.17296230084917946, -0.12261129377996341, -0.09023221723594761, -0.15405190305136937, 0, -0.19883508789148613, -0.0940976377114525, 0, -0.13814304391290294
0, -0.2860335596678176, -0.2860560991488641, -0.1417379076018176, 0, -0.13938642063967427, -0.12690130947234285, -0.16790366533326642, 0, 0, -0.10329469323170802, 0, -0.10549998349876666, 0, -0.29027033560709925, -0.3052005079904248, -0.31819182822970704, -0.32848764674132674, -0.1986508974059216, 0, 0, -0.17509588856477548, -0.26923654321313983, -0.3186110139332239, 0, -0.10936364968008336, 0, -0.2694133783782004, 0.38876256944710624, 0, 0.34928131038479, 0, -0.1654663816348189, 0.4538142185532474, 0, 0, 0, 0, -0.07698472158677605, 0, 0.22986599158392107, 0, -0.15072042754159343, 0, 0.1805968930046795, 0, 0.6091450563002541, 0, -0.26882364348682247, -0.0794246354890453, -0.11361285750223099, -0.13585081428985357, -0.17622627164742272, -0.16670892821370123, -0.2143618529592386, 0, -0.23240703205285648, -0.36979952327382054, -0.11330691342207821, 0, 0, 0.4458012496656771, 0, -0.276378591916928, 0, -0.1939328038531855, -0.21416194961890453, -0.09094240683434865, -0.1519509265493211, 0, 0, -0.25659939874820487, 0, -0.263267155018857, 0, 0, -0.07661257756729245, -0.10561085959573678, -0.12999861072806657, -0.21749094477576356, 0, 0, -0.15632371075463752, -0.2516246488499381, -0.2910516116130012, -0.22607221899183214, 0.6804727351749356, 0, -0.23550806912796854, 0.28035111514252437, -0.10206594409325873, -0.10169050782883508, 0.22313884381302102, 0, -0.14965371158437019, 0.43152968852123347, 0, 0, 0, 0.7940920071221675, -0.12145901778169557, -0.11843195426819843, -0.19320175216996793, -0.1335172492638217, -0.28690487009183063, -0.11880376718704777, -0.2202765048147133, -0.13974785718985108, -0.1707783897361881, 0, 0, 0, 0, -0.09516017128655582, -0.16310537802986064, -0.09011571385705816, -0.18875149675087316, -0.2249616525366979, -0.19712979026894467, -0.10680162832225834, -0.25442737217085715, -0.11781614665056919, -0.26298269887462283, -0.14053112944472212, 0, -0.16893508670628427
0, 0.7259432905130783, 0.5437166792474858, 0, 0, 0, 0, -0.13194551987738706, -0.10324447792988312, -0.2837448757920187, 0, 0, -0.15766090094556073, 0, 0.6667637746366191, -0.22453353664116585, 1.0194936110306998, 0.9264628645728183, -0.14916864199500798, 0, -0.1645997620829749, 0.47727611921178104, -0.2207124784822056, 0.9264752560661978, 0, 0, 0, 0, -0.10373455535811187, -0.1090558146140074, 0, 0, -0.11510747797302359, -0.15240910410155445, 0, -0.12204695905940594, -0.17209575668058302, 0, 0, 0, -0.07785717411647274, 0, -0.09515468430603062, 0, 0, 0, -0.31003563096062775, 0, 1.0209910369189716, 0, 0.43417765599494734, 0, -0.17578083087814317, 0, 0.6755419582006371, 0, -0.18193103699308333, 1.1319232990706498, 0.40086963103912576, -0.11970003156483727, 0, 0, 0, -0.16445173647366138, -0.3193030404758648, 0.6058714384972244, -0.13511471192790053, 0, 0.7113640102418892, -0.13664603338505807, 0, 0.7675260659905251, 0, 0.7503598063433645, -0.20047697595255407, 0, 0, -0.16682781966468607, 0, 0, 0, -0.17916987920428173, 0, -0.1193170784804616, 0.8321477844542334, 1.0149301835757862, 0, 0, 1.1110378674610055, -0.1277319879624737, -0.09595302700770597, 0.4411367405255651, 0, -0.11385077271606503, -0.12123903392237996, 0, 0, -0.16958573818903605, -0.19662045758566032, -0.1272131871973632, -0.18204586399283001, -0.16074130404898845, 0.4984546236816764, 0.7754630630081, 0.576107335624336, 0.3602606363902701, 0, 0, 0.33694526657862983, 0.36568858688552897, 0, 0, 0, -0.1407022051385964, 0, 0, 0, 0.6905343340323777, 0.7060534723737729, 0, 0.8251156293665842, -0.11682325465440296, 0.8785309224714288, -0.1256874968535015, 0, 0.5121006381848963
0, 0.5831388166531534, 0.41938288346788144, 0, 0, 0, 0, -0.08425468007275493, 0, 0, 0, 0.6729347730007381, 0.37992093592913956, 0, 0, 0, 0, 0, 0, 0, 0, 0, 0.3773873842088461, 0.4148126869594442, 0, 0, 0, 0, 0, 0, 0.3427564237322588, 0, 0, 0, 0, 0, 0, 0, 0, 0, 0, 0, 0, 0, 0, 0, -0.08932767684205889, -0.07811427053140371, 0, 0, 0, 0, 0, 0, 0.3020691694127784, 0, 0, 0.5302959713994105, 0, 0, 0, -0.09623239086102862, 0, 0.4138715226233638, -0.19852595556893085, 0, -0.07552996303619533, 0, 0, 0, 0, -0.09154793018767686, 0, 0, -0.07624552772731917, 0, 0, 0, 0, 0, 0, 0, 0, 0, 0, 0, 0, 0, 0.4006286079459413, 0, 0, 0, 0, 0, 0, -0.08978606920811794, 0, 0, 0, -0.11155814192213805, 0, 0, 0, 0, 0, 0, 0.38468379915638706, 0, 0, 0, 0, 0, 0, 0, 0, 0, 0, 0.3255948993294023, 0, 0, 0, 0.36101587137083796, 0, 0, 0, 0
0, 0.706124255951286, 0.45121453771017817, 0.765712514199511, 0, 0, 0, 0.4069867589023918, -0.10134813435175198, 0.7026918277819948, 0.4185476207863688, 0.7998768466581526, 0.6798787575222989, 0, 0.665429773156625, 0.9476034580680729, 0.8610289572759179, 0.6893471259578556, 0.7419868604304433, 0, -0.11522215656321727, 0.4408881564845262, 0.9072200372586038, 0.659102978856507, 0, 0.48327836147713144, 0, 0.8310621495658008, 0, 0.230707490351272, 0.2568785869798701, 0, 0.3359024715375991, -0.09447246895254194, 0, 0, 0, 0, 0.14747877327290693, 0, -0.07939963592051524, 0, 0, 0, 0, 0, -0.18236570924363113, 0, 0.7352151527923569, 0.2607889300629992, 0.4490127414199446, 0, 0.4045243735484386, 0, 0, 0, 0.4993905998434226, 0.6491386166626438, 0, 0, 0, -0.1590362789090176, 0, 0.8334545053392945, 0.6531747189056702, 0.3474987077464554, 0.4830164649621259, 0, 0, 0.3197357229995299, -0.08604905360809377, 0, 0, 0.6601677952395436, 0, 0, 0.23494531965323312, 0.3163600013051156, 0.38832723698234634, 0.46189939894686954, 0, 0.3536468693136996, 0.24953846789939058, 0.736416040481146, 0.6937112042870157, 0, -0.09989918469809057, 0, 0, 0, 0, 0, 0, -0.082685591449315, 0.26403406415013375, 0.16857034633041007, 0.44831568832880525, 0.44189882912849704, 0, -0.2087412660445892, 0, 0.4898261852103189, 0.46787780602353674, 0, 0.7573432302889943, 0.37143087831193755, 0.7630507136001378, 0.35240681314415234, 0.42963786753852096, 0.4417434200774015, 0, 0, 0, 0.2381429575273926, 0.4476798645975916, 0.4088385490005181, 0.5306213484154952, 0.510042467812368, 0.5286983036137111, 0.564501072442855, 0.48236645480386137, 0.5880180994654158, 0.5174671636976789, 0.669484006184234, 0, 0.5021983887148554
0, -0.17060985758916314, 0, 0, 0, -0.09875316922133216, -0.14741661618673793, -0.19255568988061114, 0, 0, 0, 0, -0.15339524042027633, 0, -0.18827066459877834, -0.276148035695376, -0.18018077103844124, 0, -0.23161624456845453, -0.16176863403097155, 0, 0, -0.24538689541616204, 0, 0, 0, -0.09086490002778849, 0, 0, 0, -0.12310630208228908, 0, 0, 0.4785518590602056, 0, 0, -0.11617638950413592, 0, -0.15161425680722337, 0, 0, -0.1018458362099595, -0.16804054510763608, -0.10532530307444644, 0, 0, 0, 0, 0, -0.13097588056829731, -0.19053615823813239, 0, -0.22087035891498363, 0, -0.09549752531768937, 0, -0.19509084366861024, 0, -0.10416315995753249, 0, -0.12446247145736195, 0.6206689065814407, 0, -0.13998078409489723, -0.23063338511744477, -0.12308396869810798, -0.24278958955779034, 0, 0, 0, -0.18981830588847018, -0.15701441612817713, 0, 0, 0, 0, -0.16706829197615555, -0.22503945576420206, -0.1287163162535614, 0, 0, -0.1890986836093424, -0.1252652963680339, -0.15728319505574884, 0, 0, -0.16313597543695924, 0, 0, 0, -0.09823107415588665, 0, -0.14866187918856624, 0, -0.1788147871459169, -0.18640979967823235, -0.1081347897909047, -0.17412462572144743, -0.10129303572483292, 0, -0.12849251896171887, -0.23609607550398154, -0.14885159256013858, 0, -0.17011463923950834, -0.09464385234354797, -0.18703049712335498, 0, -0.10743345656076447, -0.10940117037598901, 0, 0, 0, 0, -0.16717847198013294, 0, 0, -0.15306061828951423, 0, 0, 0, -0.13829954493447913, 0, -0.18880204466894007, 0, -0.1030025570519562
0, 0, 0, -0.15222510935964745, -0.20634342975966904, -0.1452289864189815, -0.26259310053904605, -0.19620866954321156, 0, 0, -0.17605799187858762, -0.3098362443286297, -0.1976653209903596, 0, -0.18312066104606137, -0.19158320184432903, -0.23758245881649043, -0.17746859339339943, -0.2455626259157237, -0.23773466156350617, 0.23800422815587916, -0.11245070526540801, -0.2403306845827904, 0, 0, -0.1395174836354504, -0.08750973355515242, 0, 0, 0, -0.1995551168975135, -0.13870625048665752, -0.1900438705799765, -0.07982442057620681, -0.09264471035155789, 0, 0, -0.12763647052766292, -0.17580069339209894, 0, 0, -0.12182560459443897, -0.26100279696253326, 0, 0, 0, 0, -0.07335899390008703, -0.19093227025530957, -0.08496443175756538, -0.18742183189109254, 0, -0.230313891637243, 0, -0.1290178601951414, -0.12629063730366966, -0.20451489520171132, -0.22946200900749097, -0.13828373092606125, 0, -0.11066581581753428, 0, 0, -0.2907908955688418, -0.21706924281229223, -0.16672542213572433, -0.24037997042698112, -0.1479256822674542, 0, -0.12474409186955351, 0, -0.14890306919368126, 0, -0.23837471457265103, 0, 0, -0.1749572480069737, -0.2520956457791838, 0, -0.17672040815527298, -0.17951535059834553, -0.1914787142203191, -0.15713393744569748, -0.25494127579918463, -0.21657719523249158, -0.12928563638267476, -0.24034754727270152, 0.388418744005421, -0.16627312988724013, -0.08359764207845381, -0.1250780094796029, 0, -0.20156764361524504, -0.14075095280171893, -0.1931096522782087, -0.23651016415756718, -0.11627068778842878, -0.14332372435115828, -0.15183398592432726, 0.5662684718602318, -0.21542683007726957, -0.21760185685397543, -0.18013214917829448, -0.07729536713532277, -0.2231184471439282, -0.13394589825027037, -0.2290525632341302, -0.11516711223925721, -0.12912168395520487, -0.12921846573891246, 0, 0, 0, -0.2536864638860455, 0, 0, -0.20370283960183586, -0.2045820099848767, -0.17129460372275412, -0.14449783693069235, -0.20045677067129825, -0.14232237779703197, -0.19249148148495535, -0.20194389157301876, 0, -0.13604189764104688
0, -0.2846518109074564, -0.22844429974701688, -0.42021010823656246, -0.08940405494916293, 0, -0.14956569878863676, -0.2952731806313966, 0, -0.15445331176670432, -0.24639268428097177, 1.087599826438173, -0.22531857592485383, 0, -0.4130518103096271, -0.461195923740411, -0.3619983850694645, -0.3396051720809476, -0.40436835225844064, 0.45637923661546703, 0, -0.2573577635218221, -0.49814859441600223, -0.38095270486738014, 0, -0.16463188230360049, 0, -0.2631528823797976, 0.458358685331346, 0, -0.16306432066735274, 0, 0, 0, -0.06913402154130406, 0, 0.6385123512161016, -0.10285764867193148, -0.08975521591902484, 0, 0, 0.3788083813923797, -0.2456426602196228, 0.599633434175833, 0, 0, 0, 0, -0.3433577167209815, -0.14987836145570596, -0.18996908183626182, 0, -0.3264700564029213, -0.23488064675563006, -0.26187961761874795, 0, -0.333786647713591, -0.45878018485727823, -0.1631397470784496, -0.15633131445951318, 0, 0.7705617752609075, 0.3948623671786617, -0.37324254162387227, 1.3258329516575973, -0.2788749512511293, -0.30933144035735755, -0.13786976422569674, -0.1435480749511384, -0.1768746622636782, -0.23733969963837953, -0.3608085593774998, -0.21801958499339522, -0.3148853804574615, 0.446492144083375, 0, -0.1252102923802954, -0.21574287975371248, 0.7722186444630352, -0.3427331173115271, 0.4830732498612966, -0.22092592818528745, -0.22062704218565718, -0.3634878342640734, -0.3766623016923858, -0.2561581073249457, -0.2524057921152223, 0.8589833600429417, -0.20854113422843817, 0, -0.13413016342426512, -0.14152380468298215, 0.5025224582512132, 0, -0.16929354135590619, -0.14170629772446647, -0.15043336459848664, -0.20910875625762562, 0.6628801807759949, 0.9917789807662103, 1.0684234028924426, -0.22880650501750469, -0.23408807940987517, -0.16902605356723524, -0.46406693421965556, -0.1719146510969108, -0.44104554655619627, -0.17402992547703516, -0.26897975626672915, -0.30658998192514914, 0, 0, 0, -0.17584993975316468, -0.32318957828827455, 0, -0.287740339379991, -0.3031494286005511, -0.30302524957059873, -0.2768873792834116, -0.2756346778244579, -0.2963501536841452, -0.34376432421714054, -0.329457771375474, 0, -0.22533827283716937
0, -0.2492219349100353, -0.21744928528503202, -0.22932407275671643, 0, -0.13098163300235238, -0.10481821188484476, -0.2298209670636926, 0, 0, -0.16480692844210576, 0.7680613538053365, -0.17247844009682534, 0, -0.28568698842704676, -0.35626161326717637, -0.30739875632928876, -0.27939264912502065, -0.31509398383053877, 0, 0, -0.18382511079637961, -0.4048264857958564, -0.35799075611026654, 0, -0.1854979851825217, 0, -0.21155412210332047, 0.4295225106782117, 0, 0.42101090155900045, 0, -0.20160653972373202, 0.5041931011050146, 0, 0, 0, 0, -0.06956122081191848, 0, 0, 0, -0.1696021113098971, 0, 0, 0, 0.6374241069898555, 0, -0.34977214079977004, -0.13271073994029883, -0.2214900598156944, 0, -0.21703152927083752, 0, -0.2861060992614432, 0, -0.34223638270862855, -0.3981227067939554, -0.2184095733258317, 0, 0, 0.5030220704311156, 0, -0.3447773147936562, 0.9297803546053358, -0.24831778384974545, -0.3053877858066571, 0, -0.2560188372009707, 0, -0.1544151736662631, -0.33730432551700756, 0, -0.2441586986517737, 0.4104704364129521, 0, -0.11104664301797544, -0.13444489262905768, -0.17960900076384906, -0.2851894505887923, 0, 0, -0.20874683808713915, -0.24909218597065697, -0.32967801664115354, -0.20592365465398949, 0.697685300003949, 0, -0.25599735714789096, 0, -0.13895825928247826, -0.14107143061447877, 0, 0, -0.16981989353793647, -0.11864490682045348, -0.11490242964879778, 0.916562937862819, 0, 1.0899698265193887, -0.12781576513113768, -0.19384240496805802, -0.18532109720826928, -0.12431335969469245, -0.27482774986651887, -0.17247740545109236, -0.28293264716468863, -0.13163645657910417, -0.20663549002230353, -0.2528006699003291, 0.39432340848228514, 0, 0, -0.135634973025465, -0.19810003681576632, 0, 0, -0.3020286644918564, -0.26663132427165037, -0.1884569753633275, -0.3115724338539091, -0.17270276645938043, -0.34721731150348206, -0.24605462851001514, 0, -0.20877961589627286
0, -0.3611340799742749, -0.24893902804651372, -0.21345136960902805, 0, 0, -0.09977016703942747, -0.18116960144686617, 0.7534059643175187, 0, 0, -0.1950170545624724, -0.15551751159533106, 0, -0.33749343250174096, -0.3561282474059386, -0.3883239084243831, -0.4062666897791892, -0.2585998358917947, 0, 0, -0.22288180326763907, -0.4060116909663985, -0.4131582462897896, 0, 0.7008485413169825, 0.35090350942200815, -0.2461223448421799, 0.5474423726007697, 0, 0.6001143079159069, 0, -0.21044979652558993, 0.7278712099828791, 0, 0.5171415911324871, 0.6459427093520572, -0.08169745716728066, -0.07026726138847189, 0, -0.06219719863236475, 0, -0.18381325033270424, 0.33836738632646984, 0.39368743047898164, 0, 0.8516456107852467, 0, -0.4214191592543368, -0.05974163739248162, 0.8788502494131472, 0, -0.22086899400321983, -0.227704276639851, -0.3669085677908673, 0, -0.38443702621258463, -0.51680360587066, -0.20822668938706473, 0, 0.5219765530775617, 0.8437739494597228, 0.5168366314508905, -0.33337565959501564, 0.8708915953261974, -0.3438359068877003, -0.27094355161957207, -0.12169579796628584, -0.2337756118368256, 0, 0, -0.416131975599387, -0.2310974294463353, -0.3866318117988645, 0.92729119598676, -0.08697621979282304, 0.6676593036039404, -0.13881227654630096, 0.7481721879396691, -0.290645555138293, 0.44846914839718405, 0.8063394865529566, -0.25021832943223604, -0.3146416541657143, -0.39525881639118154, -0.35299955190988386, 0.884460159516901, 0.5182275437507089, -0.3893478295323824, 0.4454468589811439, -0.1985340819722891, -0.25407267506043063, 0.405501426347845, 0, -0.13664122368871037, 0.9277565246433406, -0.1172589662694204, 0.9711089780901144, 0.5128781796538283, 1.354804663609897, 0.9032442459851021, 0.9324984220493395, -0.278353541646006, -0.20108093367061156, -0.3522740060303387, -0.2086475369390047, -0.3635979720306034, -0.1449975895301281, -0.2519413114508463, -0.2703048698034418, 0.7070065780568381, 0, 0, -0.1442828788202559, -0.19354696689149178, -0.12860242285746648, -0.2807272736828071, 0, -0.28258666748551464, -0.2034113943190055, -0.3329098366060681, -0.13717819240810095, -0.3570671903157181, -0.26641537088470385, 0, -0.2490413488084276
0, -0.3437995328387918, -0.3063719059947788, -0.21098623826966018, 0, 0, -0.15969700728436562, 1.0148084273907747, 0.7465002599960275, 0.9988563064001492, -0.1380505458148872, 0.8810672640344304, 0, 0, -0.39254965314777496, -0.40312954201633316, -0.3842085681630805, -0.4291930300450067, -0.29993266315091927, 0, 0, -0.2743201251175999, -0.3962825845590854, -0.42299953019434194, 0, 0.6478405081337794, -0.06584015550290155, -0.2756379896766692, 0.694698721962072, 0, 0.47976586905108304, 0, -0.19801287929755165, 0.6705079188874649, -0.08779125600708329, 0.48830764240471625, 0.710608955296554, -0.10288329595313861, -0.08211814743074117, 0, 0.2887100232431932, 0, -0.21408490904619615, 0.6740951265420111, 0.44711387695372057, 0.4171580750734607, 0.8150939117639732, 0.42042968986886, -0.5154103127683959, 0.7036273461293032, 1.0026662235868185, 0, 1.1718119366420165, 0, -0.3174295611886047, 0, -0.41213681514855804, -0.5850135870466352, -0.20032125909729717, 0, 0.6176559850351401, 0.9946161144590693, 0.556258632375982, -0.37781023171531913, 0.9960854416450395, -0.36735201604981305, -0.23948168791187338, -0.15837951777003678, -0.2842455883855117, 0.7842128541878659, -0.1800074178209099, -0.4196371088154331, -0.2542529943590047, -0.41396431658509486, 0.9217561293862216, 0, 0.7500326206410746, 0.9962778909895025, 0.8865223569216462, -0.3269046663167293, 0, 0.9451791740575237, -0.2941757853774115, -0.3156093407999124, -0.4050150135156717, -0.32627235740965177, 1.054573671923403, 0.9056004933082111, -0.38510851096570375, 0, -0.18176139428802787, -0.22433087887784275, -0.06550110976622156, 0, 0.5004076644961738, 0.9571561305446867, -0.13912508984550634, 1.1823828640945448, 0.6020244664121805, 1.4968329592338105, 0.7281568275240243, 1.2099848166699496, -0.2314682938915009, -0.23099038297245833, -0.36793579165843854, -0.2285993311206205, -0.32511389259091644, -0.2175442646200561, -0.2907548003628943, -0.3063429871272313, 0.7931642155151442, 0.45924586018550734, 0, 0.9208009167201878, -0.27319713908604387, -0.13747475839621268, -0.2838328441248716, -0.4346506918939542, 0, -0.22929682203744528, -0.4250935318220892, -0.1847197623670002, -0.4497569076731732, -0.25779391079117636, 0, -0.2545454388556956
0, -0.1878145155042509, -0.2026795334029886, -0.2211224505893973, 0, -0.12028872695807921, -0.13925663596829757, -0.24132278448418165, 0, 0, -0.14276631227549189, -0.22521651841475482, -0.14559109398952266, 0, -0.2886637343219836, -0.34548150772580094, -0.37062126922935784, -0.22178328855914187, -0.3401534389016509, -0.10576787636813349, 0, -0.19212090444093938, -0.33472833739856483, -0.3194602344332454, 0, -0.19284235110616002, 0, 0, 0, 0, -0.12565081420644428, 0, -0.2068532259879412, 0, 0, 0, 0, -0.14300892473739166, -0.09231313741412193, 0, 0, -0.05505106445726249, -0.2414134339074378, 0.4581728482351629, 0, 0, 0, 0, -0.30857871218293553, -0.08846656107176477, -0.21363046079857514, 0, -0.2809493394852262, 0, -0.21631197612149533, 0, -0.34400305792217634, -0.33959411846897103, -0.1422425512063298, 0, 0, 0.9283648982564079, 0, -0.29821713405075373, 0, -0.2139940393947791, -0.25264506049543284, 0, 0, -0.14139642150536405, -0.15391031310727293, -0.2654237463648582, 0, -0.24054619022607548, 0, 0, 0.454576132323551, -0.1968413181056271, -0.15821859024524731, -0.21007001204380057, 0, -0.13256899504151906, -0.20339778219935986, -0.2672572715740371, -0.27058411415072114, -0.2257517920650137, 0, 0.41670390004601676, -0.19938843960655858, 0, -0.14029607798027033, -0.07080792898151672, -0.07049212960498472, 0, -0.17187559444725817, -0.10788052388946841, -0.10360495279935346, -0.1294563084318945, 0, 0.9515158386973902, 0.6619153128506595, -0.14867527026809313, -0.1853771380778416, -0.12170360622020934, -0.31175571012189074, -0.16449589259144476, -0.2848755710192143, -0.13490558318008528, -0.20264700863406043, -0.2048545081381607, 0, 0, 0, -0.15333863152494914, -0.24154983328490473, -0.10668504192365356, -0.228433302864544, -0.28327045009504337, -0.23004048050878262, 0, -0.22280309453563618, -0.19113842804948525, -0.2795943065974762, -0.16115250860542105, 0, -0.17613087613868875
0, -0.3348813664869532, -0.2850296709786776, -0.2871565860591947, 0, 0, -0.11031557305601974, 0.8447978970794635, 0.6962784642407769, 0.6563175687706382, -0.1572793757665313, 0, 0, 0, -0.34343157217279935, -0.32947228059683836, -0.41329142541472114, -0.43975222686656135, -0.1629258137154668, 0, 0, -0.3129547482067238, -0.31508766660536625, -0.4752867931966868, 0, 0, 0.4098532704170021, -0.27787961371339887, 0.7170467077274456, 0, 0.6089637751745048, 0, -0.16826356727686784, 0.91103817310758, 0, 0, 0.8101736735304452, -0.09982224760169932, -0.061502096958064335, 0, 0, 0, 0.7310962517738733, -0.15275530498631318, 0, 0, 1.1150095356355079, 0.4338096571038433, -0.4715875982145594, 0.6959852519650831, 0.9968519677635251, 0, 0.9843010612503585, -0.20950151204654113, -0.3455499350846945, 0.42369008008373416, -0.2654901174129337, -0.6489063053710818, -0.19634274804316107, 0, 0.6094172505301952, 0.6738488911250274, 0.48094259536119816, -0.36420010400439695, 0.7873892715122613, -0.39532329330510135, -0.21598473041744548, -0.23987176535503948, -0.30701553873294796, 0, 0, -0.43532144686089913, -0.23028070851652552, -0.39174883103762703, 0.9799932983640653, 0, 0.6672100614964308, 1.002399152307181, 0.7118818021197928, -0.2546663140516722, 0, 0.6484120738072017, -0.25277093760034264, -0.3236733224402618, -0.40109952359206513, -0.3210187212243162, 0, 0.5139489668469558, -0.4782608193853606, 0.39357387356849594, -0.16564233458022493, -0.2843420331847056, 0.5078316764529743, 0, 0.5458882972705857, 0.687672225616489, 0, 1.0124981458378752, 0.5754835582603285, 1.368690875098642, 0.6717482859601488, 1.053820365376209, -0.2404073319422789, -0.24129004777400367, -0.33469816986114226, -0.2023295149501979, -0.28730617961150984, -0.1868625803991129, -0.23468198896096643, -0.24471007427732455, 0.7140840121053423, 0, 0.44832398911429294, 0.7976495535668777, -0.2095146499198417, 0, -0.2779942837007566, -0.4213314521855253, -0.3831952091024802, -0.19385719970049442, 0, -0.1573547820258749, -0.43879857747351436, -0.20344328803748232, 0, -0.2355467259663916
0, -0.285606175958115, -0.24849887562217302, -0.3036887761507408, 0, 0, -0.19261947329594595, -0.3910549791903127, 0, -0.24230687659939545, -0.33336696170899394, -0.2985102913879193, -0.3551966227409725, 0, -0.35280405628555256, -0.5648368019844023, -0.45084182101782183, -0.29987447031829817, -0.4706668196207311, -0.12402849041791508, 0, -0.24876090226109226, -0.5646400230497923, -0.361011779716593, 0, -0.22080073192318392, 0, -0.38100726372419813, 0.45469017856514193, -0.11540689306877062, -0.19807606830216126, 0, -0.17548182211313273, 0, 0, 0, 0, -0.12319032451935985, -0.1255574396340687, 0, -0.14553435268362225, -0.06548566074586047, -0.21768024226446728, 0.8271852772231989, 0.31346104697236643, 0, 0, 0, -0.31754034747754556, -0.26663291243403076, -0.31115679820032366, 0, -0.47326157840160155, -0.2171521636364373, -0.26799069256038155, 0, -0.39137943181452134, -0.35051117550359867, -0.16385734441138283, -0.19986899002974431, 0, -0.1400603640226022, 0, -0.38361431899771115, -0.28557937425785845, -0.2655537348409838, -0.33369264501412044, 0, -0.11457801969432786, -0.2953043011767271, -0.3377589503256012, -0.3069840038878617, -0.20543535195334348, -0.33540510506638566, 0, 0, -0.22385323287666872, -0.42303832403731506, -0.3969347749435807, -0.35148926994829344, 0, -0.26104172628315847, -0.26765434859376247, -0.3787796123707317, -0.3425885103044199, -0.16250845436712302, -0.3690248068622162, 0.3438278562596894, -0.15316921546438647, 0, -0.17771755521108185, -0.0947249537251811, -0.21620175395739002, 0, -0.26440016892620166, -0.3340539491307564, -0.20734431096125308, -0.34682015349731943, -0.17184917161667343, 0.9569249174670891, -0.24144658195427599, -0.39335158816067134, -0.23732566635137065, -0.07735785698564965, -0.37109564257785965, -0.18281678901753337, -0.41242286951587354, -0.18675062331613557, -0.2639591924162393, -0.29738729187092067, 0, 0, 0, -0.3136803691731432, -0.3351156984714189, -0.20007747224306743, -0.25306081203206465, -0.31850509623213535, -0.26797458249932415, -0.24709911137127016, -0.23008028565426417, 0, -0.23201468687183, -0.39400467764598496, 0, -0.18953444624712895
0, -0.43550076192819076, -0.30721703486829904, -0.24449744332342702, 0, -0.11748077615784065, -0.11274560524533182, -0.20051403303674709, 0.5626063947829049, 0.8967183565900411, 0, 0, -0.14566848217666026, 0, -0.4414202985062627, -0.4133968294398474, -0.42159076666379636, -0.4680592477304351, -0.26373807485861755, 0, 0.47172160474196767, -0.27419296415640393, -0.44027752363265166, -0.4656459518830972, 0, -0.18718300529931106, 0, -0.2793145142028698, 0.6123744087135355, 0.4486231951719433, 0.5544422231285918, 0, -0.22348043836690892, 0.8785028065767757, -0.07496308346674496, 0.5593681158387616, 0.5157370301789745, -0.09471112834433987, -0.09673399248282599, 0, 0, 0, -0.16753178458810936, 0.4818950402022805, 0, 0.48088445046668493, 0.9656936220520098, 0, -0.49954755842591647, 0.676034187724855, -0.12777367448150886, -0.1940716265356483, -0.2147107324097323, 0.9403270475168927, -0.4107609879108611, 0, -0.4249538965142446, -0.595967250677316, -0.2193022695432039, 0, 0, 0.7124414216146929, 0.4427556864900174, -0.4252085113948301, 1.0957409012256973, -0.35859423418944414, -0.2843169102139959, 0, -0.28820227403018867, 0, 0, -0.37751453902763177, -0.22234993371214498, -0.37961780454377286, 0.9331850975299759, -0.1168726002103306, 0.6607269721574939, -0.1500764283243972, 0.9459685092071326, -0.31321403283843835, 0, 0.7625411077317301, -0.3092656172938936, -0.3154652473109207, -0.46665177235312555, -0.3561320135070978, 0.7373717159126885, 0.5071954252584677, -0.4088097709119508, 0.4910301789973064, -0.1736705833641278, -0.15253340972065293, 0, 0.40745067474996743, -0.15630381432314067, 0.7940151959160539, -0.14430924425482727, 1.0253755272763223, 0.5943982077317853, 1.3589249334074904, 0.939085218927527, 0.9525434496717518, -0.2735646958703749, -0.22035082058730288, -0.41410731521062066, -0.2741389505590727, -0.32649600101829623, -0.18557707386578626, -0.26364528412251276, -0.269414047253626, 0.8596588475458192, 0, 0, 0.7137980953016712, -0.18221479312107097, -0.12254908510097291, -0.23770552000784545, -0.3912556875187905, -0.30061316498238727, -0.22811798956742838, -0.4247597484127794, -0.1253698587967178, 0, -0.25076164087831143, 0, -0.24875662816531266
0, -0.3504554408928432, -0.3199657282019327, -0.33351983464473095, 0, -0.13648393019473568, -0.20506874095672523, -0.3417484605412417, 0, -0.29679439662469237, -0.25084620495483917, -0.34251766777803644, -0.28981934445683527, 0, -0.471957095222169, -0.5788484837464286, -0.4238152385047068, -0.3929744410468199, -0.4612867631091912, -0.12258453609583903, 0, -0.29090610014249835, -0.5240072026995873, -0.48586660213647115, 0, -0.3164028963575911, 0, -0.41825450173457784, 0.4815220482044231, -0.10023217627100425, -0.20293010188928576, 0, -0.20630833141533386, 0, -0.07112469959546425, 0, 0, -0.13454216224883545, -0.12709554876577858, 0, 0, 0, -0.3173761532300183, 0.6832818153608835, 0, 0, 0, 0, -0.4534084131511322, -0.18800945304825617, -0.3144148428369639, 0, -0.3791589283068692, -0.24334796110371945, -0.3529476392012063, 0, -0.4698065566727446, -0.4850250863624858, -0.20741699651087392, -0.195678697995863, 0, 1.2226724898766648, 0.3989364573904939, -0.48537093187272673, 0, -0.3087849481386933, -0.3611621698412129, -0.14477940881018755, -0.13775639141015322, -0.20335297501380925, -0.28873429626238206, -0.36503760611135616, -0.15467699642051885, -0.41293888186292194, 0, 0, -0.18687279695648099, -0.2863896956761102, -0.24697225965490163, -0.38951232546033754, 0, -0.18239988080215522, -0.33265100771274264, -0.39359328190825865, -0.42175575599103293, -0.2579412184368966, -0.23506944004551517, 0.5178178793895964, -0.27781404093102036, 0, -0.19951413752777145, -0.1847621104989781, -0.10057201253339226, 0, -0.22628419849427558, 0.8779229898368532, -0.2045332322539013, -0.22151175701153428, 0, 1.314182037087817, 0.9652778379085888, -0.26562578105386797, -0.23341650601905828, 0, -0.43373040192216955, -0.2539661945039775, -0.44153302119157256, -0.14303312686327344, -0.28254368057745194, -0.31565355460047395, 0, 0, 0, -0.23228648684743983, -0.35447979404811514, -0.2225585477283119, -0.3272664603885401, -0.36416584480683967, -0.3476615488105303, -0.38269745242448605, -0.30092094521317714, -0.3436916636999154, -0.3848841906771157, 0, 0, -0.26534930773772686
0, 0, 0, 0, 0, 0, 0, 0, 0, 0, 0, 0, 0, 0, 0, -0.21033479836053806, 0, 0, 0, 0, 0, 0, -0.14265385855871013, 0, 0, 0, 0, 0, 0, 0, 0, 0, 0, 0, 0, 0, 0, 0, 0, 0, 0, 0, 0, 0, 0, 0, 0, 0, -0.15251712329412997, 0, 0, 0, 0, 0, 0, 0, 0, 0, 0, 0, 0, 0, 0, -0.14996320105406813, -0.16288123688824493, 0, 0, 0, 0, 0, 0, 0, 0, 0, 0, 0, 0, -0.13662921283004237, 0, 0, 0, 0, 0, 0, 0, 0, 0, 0, 0, 0, 0, 0, -0.10820610698331977, 0, 0, 0, 0, -0.19582157913122147, 0, 0, 0, -0.11555614491695895, 0, 0, -0.16698930417107974, 0, 0, 0, 0, 0, 0, 0, 0, 0, 0, 0, 0, 0, 0, 0, 0, 0, 0, -0.1603609074587249, 0, 0
0, -0.34498705380095296, -0.19852909627916568, 0, -0.03821736845943417, -0.12057742534378821, -0.08439956130687536, -0.10444613902580999, 0, 0.41670094991068685, 0, 0.6539224658532488, 0, 0, -0.2861148283577072, -0.22935528232991187, -0.326639957129725, -0.3184168175848321, -0.1497546313912753, 0, 0.4094329241790195, -0.14917029378810903, -0.19320665831602046, -0.26591317694759015, 0, 0.5016893970172059, 0, -0.21724651161420244, 0.4798926662499613, 0, 0.31449923647640304, 0, -0.1614443664388354, 0.4816193699268035, -0.06316099525395164, 0, 0.4835995663915902, 0, 0, 0, 0, 0, -0.15610931545960877, 0.2512433014062479, 0, 0.37774889233394476, 0.8506001960250545, 0, -0.2930453495696853, 0, 0.5409732239870776, 0, -0.09835883172956851, 0.7903888998037278, -0.2592200906143753, 0, -0.20171624268761754, -0.3691989540974987, -0.10867701954505839, 0, 0.42698138274254477, 0.43913922554439005, 0.37788160126503134, -0.17170591101918936, 0.5250688545104469, -0.21135387647043322, -0.14547629351970862, 0, -0.17928701787830087, 0.2995059876014652, 0, -0.20143133666715488, 0, -0.19778866474871823, 0.6470454788021079, -0.053549990112563936, 0.40761633683661164, 0, -0.047796942234965924, -0.26050741574695846, 0, 0, -0.15702187612100404, -0.20141828552846902, -0.2923827235078533, -0.21980019443871243, 0.5443926990298665, 0, -0.24627593040339563, 0.5238491325111427, -0.07412416186297718, -0.10825604000743905, 0, 0, -0.08052341791069578, 0, 0, 0, 0, 0.6834125547298397, 0.41792125679519754, 0.4929618799205014, -0.1558623020592346, -0.142183552499878, -0.24637695944610447, -0.12036353696081588, -0.1683133752934418, -0.12909206161928663, -0.17016113980794192, -0.15587813961826277, 0.44982901943012826, 0, 0, 0, -0.14481785509753176, 0, -0.12328115985236991, -0.2112956907260293, -0.23420752197935843, -0.08414953881376419, -0.2153989885665118, 0, -0.24296783480832512, -0.11973025271294697, 0, 0