0, 9.532447933057473, 9.324836283579005, 10.161791497409572, 8.193158142430207, 9.045568436662908, 8.187947391191146, 8.015724356689358, 8.66923070255681, 9.690466488963978, 9.238809248059457, 9.20321868795462, 8.963007418799858, 10.410152207667364, 9.537043531632921, 9.34426218343841, 9.24375312930765, 9.639115651284712, 8.17345806091067, 7.450212248596177, 9.419271039681345, 8.894548269357848, 11.010179571300487, 9.523582925990324, 7.704259011433327, 9.316082696336762, 9.107963502490898, 10.752742942743469, 8.955221594209892, 8.6314673733303, 9.120936601909179, 8.157231309462507, 10.057002046819347, 8.779314828612511, 8.532565143202781, 8.82534833736412, 9.037657599261788, 8.046618970623504, 7.430449380860103, 9.402992571152563, 8.621255515880938, 8.478504793518525, 10.177651639324809, 8.564439920505668, 8.260155626407832, 9.847024300755855, 10.324269721804962, 8.616871758946504, 10.127584931873487, 9.706516649373155, 8.92897102640336, 10.192753927679536, 8.173947852249498, 10.92000311638624, 8.984794706357723, 8.341830007998901, 8.996116987008728, 9.217196894816247, 9.44088337981943, 7.572110126029672, 8.709628528587691, 10.242099418298848, 8.095364850372862, 8.909212193195852, 8.23654579150467, 8.774568612531843, 8.25437518979988, 9.720594646520807, 10.057461538672673, 9.611219663581089, 10.558499244358467, 10.046221392420415, 9.325041382889323, 9.44905587871339, 8.007415343549736, 8.029405367843225, 8.881407234501005, 8.297205293335812, 7.322026713919641, 8.81342516799387, 8.820367779589859, 8.600171167529773, 9.322503052921807, 9.023907523994888, 9.246405587735996, 10.214858869073078, 11.01017106087617, 7.84064263311445, 9.644569413644405, 8.666239033649562, 8.566129856601563, 9.785119668648806, 8.893987058846085, 9.300446478773331, 7.755191832829333, 8.209467370251046, 8.650864524636514, 8.55865140121175, 8.96880624217995, 8.48839083195817, 8.139785528872904, 8.461761821010423, 9.100819728459678, 8.796061220152533, 8.833153955865159, 7.848444178823392, 9.316865929805417, 8.710679908552315, 7.289418295522101, 7.877899455855993, 9.254694779670237, 8.917505131767042, 8.16851624549204, 9.170269652074646, 7.678280671674455, 10.196996882846683, 8.78281288642617, 10.882437803538902, 9.065460543251243, 9.452842966642166, 9.064305440151333, 9.17785516707666, 9.51962963623549, 9.061141553432396, 8.689839573002946, 9.84189500294121
8.837569365611321, 0, 6.207803312314943, 6.241061397219025, 0, 6.63304499982428, 5.473545791281548, 2.1918792963053284, 5.397299459672563, 6.119383956339972, 6.999850281202387, 6.884810171467403, 5.057526844448164, 7.658592658332492, 6.548189940122349, 8.029198067143774, 6.092330757608432, 5.943306457840356, 5.133906559735561, 0, 6.207660176358386, 5.310902401775846, 6.829446025562749, 6.241487103114545, 1.943046720454468, 9.323312949263874, 5.2469239292288465, 8.235731953094099, 5.68267657698249, 6.537498277050213, 4.792401119500723, 0, 5.5804656250117555, 6.649912525712057, 4.214468825207258, 5.49447014473604, 6.544487459620504, 5.534637146543195, 1.8308571638528846, 5.121163234041833, 5.716464931502051, 2.32184123045629, 7.2548696177836955, 6.106004563763291, 0, 6.835025167239235, 7.608107111484671, 5.693855604518758, 6.681169119089523, 5.67992657903804, 5.753481706436049, 7.4811391269727086, 5.8378112895838346, 8.50826577892457, 5.282910874879978, 5.035148150785165, 5.931314999277805, 6.458691282342527, 5.959558560098177, 1.544408039718619, 5.669345954047863, 7.480728177627325, 5.5137847338267685, 5.5002550771248115, 6.978976879463165, 3.354392314079587, 3.9689253167975096, 7.098428716115784, 6.800482844880258, 6.856069084374082, 7.27832934442185, 6.556871900528267, 6.635093797193634, 6.618134096909835, 4.919394806319229, 0, 5.06542390412116, 5.133650815065361, 5.436199653226186, 5.827989297674055, 7.129735932891597, 5.287638372335943, 5.173294333108317, 3.7267428333173522, 6.6483327019861065, 6.596741194428085, 8.904200305742004, 5.574635396644216, 5.371695904479855, 6.375181705405497, 0, 6.6125227723917614, 4.844499234409259, 6.7748440632852835, 5.097236655921571, 5.659955680809085, 5.631745856849582, 6.06013003499572, 5.930247459662107, 6.657330298378199, 5.132868178709936, 5.182229507412622, 5.698212516238981, 4.998376412332201, 5.984152158506197, 6.005636749338846, 6.3980827630263075, 6.020255222595644, 0, 0, 7.113573873914287, 5.962242759215905, 1.5766899339616807, 5.257858515014433, 5.1486079836319725, 8.06471146389792, 7.331268224475332, 6.45481055521921, 6.547020147630722, 6.048899801258642, 6.52170259422607, 5.189043705820288, 6.482233564161637, 5.647289314794517, 3.4534491722507696, 5.999515547226731
8.712834750912828, 6.192172784984886, 0, 5.36329283085442, 1.8227531899816298, 4.6438003676490185, 2.3983142109500335, 1.777540709245845, 1.9352700110194259, 5.529217152408751, 5.903924877199335, 5.624546570485074, 0, 7.864647176866322, 5.692427308881067, 7.814663532313179, 5.2580412427925065, 4.50381091379676, 1.7903981114592595, 0, 3.806238711234933, 2.774484167223334, 6.033438062299765, 4.7403298911326655, 1.5847790240535093, 8.187885579238715, 2.5809037520074516, 7.3225224224721615, 0, 5.258717811321932, 1.9196202054304101, 1.6200828156341935, 4.3270547020253876, 5.144169463825661, 1.5597262082470542, 1.9189506337842863, 6.157260870413339, 0, 1.3256887643339805, 1.6580182728732407, 2.456543727601258, 1.937712323207665, 5.940565653700551, 3.623352358452233, 1.0734505368202207, 5.254804813217881, 5.822848522551182, 0, 5.544138125952182, 0, 4.688600408505686, 6.559108044375564, 3.7936138546857108, 7.918328483661208, 3.2809935414065152, 0, 2.87662766445693, 5.615092742192679, 5.062780578582408, 1.3185950989860895, 0, 6.086251359623572, 0, 0, 5.45079395880151, 1.955853087004835, 1.7033109111224396, 6.317959063517, 6.0257316953159545, 5.61641740896182, 6.042473014123841, 5.497473552997016, 6.03647787257277, 5.75608407489635, 1.0459861010273, 1.3423583952877123, 0, 0, 1.8870126280603456, 0, 5.5298692422791245, 0, 0, 0, 5.381911470018328, 5.258085671868475, 8.158726202390186, 3.5798756654515005, 3.3971032741493112, 4.7579073486937, 1.3410533892999368, 5.112824442276031, 0, 5.5272524612612015, 3.948281282166013, 4.555788867503904, 0, 4.728249167713258, 4.616436627129913, 0, 0, 0, 4.26415936590575, 2.9381928806559108, 2.652073133027094, 0, 5.570547414975401, 0, 1.2213245854961583, 1.1945869835126064, 5.381345366314595, 0, 1.289285436705372, 0, 0, 6.715908737686169, 6.091345569681299, 5.323128676990464, 5.084358412935058, 4.404580678091745, 5.3828540394647915, 3.4832621920189903, 5.614320839778684, 4.319741685553637, 2.3856670869296717, 4.44368795048468
9.881257754326898, 6.654585119042017, 5.2462314828267695, 0, 0, 6.517233627636267, 4.967631496816011, 0, 4.830368790246694, 6.515604233607085, 7.205549813025418, 6.425977683980882, 0, 7.959439288966555, 6.450967337221494, 6.906863617955946, 5.9583340671222365, 5.931479496791145, 0, 0, 6.118927260440074, 4.5405255226525485, 6.88201665978047, 6.188368484145454, 1.9775646432198346, 9.167201933029753, 5.197224505809665, 8.27854441740036, 5.667003675709929, 5.965164144510755, 3.2188774023343085, 0, 5.349839928853727, 5.802867058463832, 0, 0, 7.4263462347320095, 5.009853538556394, 0, 4.279762331311256, 5.358201405364386, 2.1313703686330516, 7.321321868672916, 6.572834471905393, 1.7378671794708618, 6.252913756244269, 6.923111613047812, 4.809365149524848, 6.64909594596639, 5.092600258878453, 5.491437552279223, 7.654313070493292, 5.427127657418375, 8.274118543557464, 5.3119152229246325, 5.1429309253807824, 5.970788843153137, 6.347601476750318, 6.161186536891642, 1.3399729233256126, 5.30876509318113, 7.896073160389346, 5.458573110791967, 5.128757386209294, 6.387907428408463, 3.0370302137050302, 3.8231214192732637, 7.801005383919141, 7.219134780019058, 6.7060157547212365, 7.253103268861349, 6.621253250360674, 6.902092826241733, 6.80241194292835, 0, 1.7033345422386277, 4.612560153525789, 4.7647583433121135, 4.910846899153774, 5.668312722281864, 7.210622097535019, 4.929024800132616, 5.057962892673462, 0, 6.37828394107426, 6.538320221131122, 8.59499160112146, 5.560721204558967, 5.259728532130664, 6.052551169670177, 2.752124199274902, 6.746493961853519, 0, 6.513597437140739, 5.514257909398099, 5.565384463790712, 5.128093792944782, 5.85481840242572, 5.635395023133319, 6.294241538181931, 4.1257633730601135, 4.730444683632771, 5.284712265956807, 3.439843986631627, 5.444636759420506, 5.597664227995442, 5.848851192110791, 5.97552968711741, 0, 0, 6.635565100018351, 6.0399229382975355, 1.4631916286181965, 0, 4.8835300664180155, 7.468453367030681, 6.771173296124277, 5.704581373841273, 6.328279423654156, 6.087208814974431, 6.3122873875536545, 5.302403598567434, 6.179890931409359, 5.79399733666504, 0, 6.000071095822587
7.9151670329800865, 0, 1.8227187229371342, 0, 0, 1.8838434957515198, 1.6469453771075895, 1.5012502620698962, 1.3975353901744103, 2.193222889246009, 0, 2.638715912073044, 1.864489680095975, 6.293424088683451, 1.8343548701926862, 5.8939864056562765, 1.696464146458919, 1.4786918910778135, 1.5124418293957465, 1.1698638887728372, 1.7918730322119745, 1.8828142500090967, 0, 1.7250668101683686, 1.5049263708798775, 7.040309800447905, 1.963921891587288, 6.36973743473353, 1.686767114774601, 2.1156107906837964, 1.6335268494943231, 1.5022773857204472, 1.8939163003582813, 1.7981869755167372, 1.2418286577520692, 1.5971166875694895, 0, 1.9793945768200432, 1.3976460270084285, 1.6629471427729183, 1.8452780657962344, 1.7723853542643009, 2.535475282110204, 1.9456671312690104, 1.4040616509973312, 1.9845443704125196, 2.3683235115949124, 1.7347306383839347, 0, 1.507786235248832, 1.8811911520082925, 4.872195678966465, 1.6541574281254896, 5.979272011840483, 1.678176787469492, 1.4971887887080426, 1.7853897015264426, 0, 1.6572028385640758, 1.3701449702419561, 1.4267871377935175, 0, 1.8729896422479897, 1.5685001600593145, 0, 1.4847342327989543, 1.6672708021181952, 5.033335409296748, 0, 2.2329001915056335, 0, 1.8766681701809127, 0, 0, 1.2260630228762945, 1.562384607388169, 1.3066676384566356, 1.6593823193804365, 1.5822309629101936, 1.5287402636845513, 1.901066880313041, 1.6721194756100775, 0.9991113446080823, 1.5154253871276975, 1.957014460583218, 2.03238582311614, 6.382175136530437, 1.233972117339676, 1.6056720668385465, 1.9014182759650717, 1.551798551610269, 0, 1.2586682581372441, 0, 1.528632079509054, 1.3524789517508555, 1.4017242194995756, 1.8745652252519511, 1.7511458190447158, 1.8559430067265552, 1.3626973546537933, 1.1486102261644755, 1.7415682295391604, 1.522313289163345, 1.6323563225292075, 1.2177251039544275, 2.2206531256793043, 1.3293434308816985, 1.6361389872836976, 1.3037259942566524, 1.8947114418196667, 1.731500818911157, 1.477335517140613, 1.2319791714910595, 1.3086909915474094, 5.080034406586383, 0, 1.8213362627082024, 1.987207712685372, 2.114606652796463, 0, 1.8171417180203926, 0, 2.0555422584412915, 1.4553884426609913, 2.748957061265939
8.72430208333959, 6.849462246913511, 4.47595547650043, 6.611143455225599, 1.6709862038448278, 0, 2.502243273880919, 1.7900154869218765, 1.816897098750373, 6.295262290213162, 7.132356334368166, 6.074682124647699, 4.927272117385564, 8.332189614560845, 6.200844537443394, 8.721180387278082, 5.60480830203952, 5.182570969640876, 2.02264574292481, 1.98786934280577, 0, 0, 6.500370702356137, 5.7267507020893715, 1.5748048876708884, 8.341597871273018, 0, 7.818411421175625, 0, 5.050956914249193, 2.1009714196906573, 1.790337142796279, 5.008727885629539, 2.770763165042287, 1.6473684954010666, 1.978950496410551, 5.608411864921261, 2.484090769466828, 1.7935194719788996, 2.0225868226493446, 2.6342437471734774, 1.7683549254415973, 6.214499272167818, 4.70838699672007, 1.6877476270989213, 4.912349829948936, 5.828178502477436, 2.0591020976601797, 6.295028705705256, 3.187488916525972, 3.044700320461576, 6.852152586872116, 2.853813044028215, 7.698084149420282, 0, 2.127292639896075, 4.587938386140684, 6.668365046239932, 5.750715970152218, 1.4708027010699847, 2.583056797797661, 5.3556129323879365, 2.548127682032909, 5.044025896477126, 6.46210011108665, 0, 1.948946125873321, 7.056332520791384, 7.197953885330881, 6.716234536940317, 7.393253159045069, 6.001771794457887, 7.19325819299161, 6.934975376177903, 2.028930041637562, 1.8892857452628082, 2.195730211451431, 3.066426778764269, 2.2823868011927337, 5.494862401721579, 5.325048993390255, 2.4821496597176704, 0, 2.472949721430733, 5.8894814231362265, 6.279359246973321, 8.060618986513315, 2.3108352498228575, 5.078285903300042, 0, 1.8192590780549471, 6.746720922511207, 2.1514811214122447, 5.910480915605432, 2.602279539258535, 2.6216356820670077, 4.716851892840519, 2.4739096329246633, 2.730436971556935, 2.301543546827602, 1.9494005187403982, 2.3389737610217947, 5.084760471979032, 0, 4.321142849058731, 2.5000672418384995, 6.250514846695347, 5.139867488504696, 2.0510539274202606, 1.9512940737875912, 5.110279473397291, 5.306617238683842, 1.7888673316356327, 2.414889706896191, 1.951615656748304, 7.9006744626722325, 6.868847439374028, 6.20661758809431, 6.381851448826884, 5.639890496609179, 6.090143395827806, 5.476721635899968, 6.368007016651193, 5.721077496702505, 2.100338051479892, 5.753743633660434
8.905922497346731, 5.800331826146006, 2.732634891651907, 4.873647239982225, 1.8300197082337613, 2.565884943041801, 0, 1.878887439641209, 1.8478828974556818, 5.02240806720917, 5.780698957220961, 4.700269274482585, 2.3180196080675275, 8.037199570977771, 4.272521063847559, 7.227590488977303, 5.16607111630494, 0, 2.1128182445455157, 1.6027549238133878, 3.0714294296428637, 0, 5.590879583856287, 5.17590282896297, 1.6851670274894495, 7.23432611478849, 2.3512593119555696, 6.706239435149506, 2.323852640076308, 2.546606699998804, 2.3876571278881045, 2.1161667970764553, 2.2817676023602047, 2.209922326749631, 1.5798322298283507, 2.182688141678715, 3.71620910248983, 2.3778687116098864, 1.7906118747807223, 2.3377755682681043, 2.5206919133143044, 2.208040695608772, 5.033756292185171, 2.6587038507151814, 1.783128967946487, 2.308493936721004, 4.950489495106363, 1.7956871687286138, 0, 1.9046714762078827, 2.2563159361293788, 5.248374714640542, 2.3517507876311177, 6.676527148508948, 2.171918201427586, 2.022656547063021, 2.173055146060277, 5.1259580780682805, 0, 1.5978664267190366, 2.060895483545516, 5.282156470259984, 2.165332203910789, 1.8844655626492715, 5.499549700136654, 1.8201097639066424, 2.273760338250988, 5.9951547980659425, 5.422974047427128, 5.546850632956391, 6.076132087582156, 4.539471697717156, 5.685681440891459, 5.758776685032966, 1.9774714587681066, 1.8480258153442368, 2.187427721077319, 2.4360182534912544, 2.2109331207081393, 0, 0, 2.1226856586302656, 1.697927178244431, 1.9580260168330088, 4.18235809671809, 5.280676611487877, 7.369155086838919, 1.8278794615405791, 0, 2.2408141866098727, 1.820572623948994, 4.69972019215074, 1.967540009227498, 4.866546204631753, 1.8103727031588472, 2.459716055315675, 2.078771057076789, 1.9035009217643755, 2.276602420611375, 2.3854198659360204, 1.8118619594585472, 1.985752359755479, 0, 1.8174386518265326, 2.0787075458324633, 1.430254795717538, 0, 1.9557763542685045, 2.093958045665824, 1.6828293509925962, 2.7047282759914313, 2.0224323403355178, 1.7543541785461303, 1.8280958551771538, 1.5485266555260107, 6.7542278473108714, 5.7910532965013015, 4.4857243884248925, 0, 0, 0, 2.345873114297, 4.396070914536097, 2.6087513265003848, 1.921483583945514, 0
8.574781762784308, 2.451576736168006, 2.213168702652746, 0, 1.8041728480190034, 2.3692675827281566, 1.8136291826984758, 0, 1.6754648747473, 2.2371457716430116, 0, 2.6767432313457045, 1.9159478643111585, 7.072292420194148, 2.0097969290277753, 6.22227614043644, 1.7798564979555698, 1.674228326901433, 1.837898421158777, 1.4109004851976978, 2.6930837071304574, 1.8994153333081016, 2.477198569361355, 1.7235174436687106, 1.6439435951795212, 6.383516969266422, 2.0967986908781797, 5.513058220595901, 1.6615840710893341, 2.119428293322418, 1.8669220384526284, 1.7260980112178823, 2.242680016067626, 1.4682468754685487, 1.5358494530129008, 1.765866019507741, 0, 1.75976085219406, 1.6270757915848033, 1.71596553141775, 1.8260981175253175, 1.9940364761086073, 2.6716943471416914, 2.2941990898110953, 1.455309954504389, 1.8776916654205447, 3.2492999595517165, 1.882960764027362, 1.9126430671786094, 1.5906299317961057, 1.8956311715249279, 0, 1.7156859502155783, 5.169559506210183, 1.522367496245349, 1.5014433842351214, 1.7531154435299547, 1.9482320626397838, 2.2268238885339455, 1.4257671666435459, 1.6647593339044036, 3.2039860504914754, 1.6056627216648518, 1.2593036267729651, 0, 1.6543041349159777, 1.6133152358074943, 5.046189637128241, 2.2116388289587343, 0, 2.581824480607414, 2.0151482380354238, 0, 0, 1.6234139132168621, 1.5681496423014631, 1.7323071825593745, 1.9218721748084189, 1.8637262697310357, 1.6898468572407803, 1.9238319289619155, 1.8953829553567696, 1.3644301053821901, 1.7784826001877168, 1.8002348684101805, 2.363705527583038, 6.026933007192318, 1.5337461537814654, 1.8114151786224395, 1.7542330802495423, 1.6706284609567845, 2.2413697258998044, 1.66372300537781, 2.2596836091198655, 1.476623463803919, 1.9361790722535286, 1.8183077511160917, 1.7279303055312012, 2.0657081088143494, 2.138288134323324, 1.498099996608308, 1.8521638081991403, 1.9782240559780255, 1.6437154061694565, 2.041246898467907, 1.3828572833860386, 2.1335920145367764, 1.1404933911550743, 1.556189973116273, 1.3742348357230374, 1.8923869735039882, 1.6777271334289217, 1.547694526209776, 1.9738556675313828, 1.6597434633668866, 4.601759396946821, 0, 2.1288259423341085, 2.417378683281536, 2.4223579817637533, 2.194729456543258, 2.083752131308201, 0, 1.802153465921966, 1.6755705930952178, 2.0081924511791964
8.36401127965365, 5.25155660075896, 2.164339555347728, 4.858396580812415, 1.442433810009918, 2.170528347684128, 1.7393708328093118, 1.7248183571228615, 0, 2.834486491905784, 5.0895152632938085, 2.669847328980459, 1.8126189768484757, 7.407715412524986, 1.9801063735742153, 7.097498090400526, 0, 2.6280549863590643, 1.6460305035345877, 1.4706094768264477, 2.338822929872824, 1.8047025475257992, 5.192871842418154, 0, 1.5721939277322075, 6.823816898266858, 1.798120833315957, 6.589985226958879, 1.545371678027599, 2.314967564744738, 1.913719426018939, 1.6557881993094075, 1.9758364951781846, 1.6139845442668423, 1.4068941033437277, 1.8604641364182721, 2.875998086159421, 1.5702393276508813, 1.5255265303964354, 1.6019646811813677, 2.013760918987431, 2.0781887271061708, 2.4650041474854953, 2.1419248513162805, 1.2509650799469625, 1.764688087189415, 2.59992906790622, 1.7355123270403618, 0, 1.168141047106445, 1.9387187118528262, 4.536367303997436, 1.870599345040237, 6.196092205758968, 1.4802521526691341, 1.2543113511664945, 0, 4.793841059160558, 2.0249619185411385, 1.482557443425931, 1.392367519803723, 3.2499085143230424, 1.9658552787152006, 1.441027499962188, 0, 1.4861182212600845, 1.3489445870696324, 5.651303778992906, 4.992783373243274, 4.873603159915544, 5.531018219448324, 3.3714690752519156, 5.059311870755534, 5.074775460928659, 1.4571851554547728, 1.24491031869738, 1.614015362600559, 2.115610737134458, 1.8083469911927108, 0, 1.9198474633600724, 1.9509968202309722, 1.009067291627638, 1.7472037357028172, 2.009715776743246, 2.283359461956874, 6.974701936174713, 0.8409438057382204, 1.816773364028542, 1.526625002898261, 1.5824517188236769, 0, 1.2874457359006721, 2.0494241482652504, 1.0925208251441998, 1.84987791594404, 1.5066345115952666, 1.731339859395375, 1.789239750217635, 2.207923216400131, 1.2070688950951716, 1.418936914573745, 1.8175026464864057, 2.136259994057849, 1.923188806091872, 1.2387731995181386, 2.3642988646928043, 1.259936007115103, 1.5280843948948375, 1.4700319804301731, 2.7338922616499137, 1.824194834655353, 1.5491204943892307, 1.8768891589703554, 1.3709602010156448, 6.050912279152301, 5.260951277402147, 0, 2.5699228253747157, 2.4047507678328865, 2.5638916099511087, 2.093037697899332, 0, 2.0218601939928758, 1.732135765508025, 0
9.779970266451155, 6.623511111277476, 5.922250237771193, 6.1331073179770215, 0, 5.914667421831841, 4.772462881487162, 0, 0, 0, 6.583462874701104, 5.87291908927035, 0, 8.397128984443341, 6.561921052427074, 8.053461362592168, 6.398265823489646, 6.190297591933177, 0, 0, 5.399676988327571, 3.772092345150509, 6.586016142097136, 6.222915106084861, 1.8514967719639501, 8.522197919538755, 4.8936430533936415, 8.373118388626073, 5.132515421757837, 5.96540168942539, 2.3468735684930135, 0, 5.265551763057852, 5.753469329308483, 0, 5.010425235511949, 6.9582042100646015, 4.823499118453727, 1.54265170757737, 4.7884570559964414, 4.896207823867856, 1.978610533648984, 7.11921272459584, 6.275620312344599, 0, 5.757803071730637, 6.382003644387, 5.081002267121593, 6.640652460123119, 5.044475071264589, 5.590172720026563, 7.161972385630626, 5.410134477596775, 8.08870517377687, 5.3039579265836165, 4.66746236073055, 5.7323142307638575, 6.8200775776492675, 5.954593803960696, 1.4762559289452057, 5.318445286953162, 7.367454362551861, 5.328274740078481, 5.292040048027869, 5.4537512115844144, 0, 2.0254866429234673, 6.97226600526092, 6.688656230832208, 6.475454554740897, 6.9491128697122635, 6.210387525744367, 6.890701093430885, 6.722028257430627, 0, 2.0460841786804917, 4.863043422848394, 4.863412307383889, 5.0806234351668165, 5.312646613867869, 6.923678067234813, 4.328962050138499, 5.078800207697355, 3.529310116474692, 6.267836552929266, 6.471812563825244, 8.54146805391711, 5.405303178927087, 5.378367738695471, 5.473443906713582, 1.7734103932876868, 6.390044233285651, 4.677317177687911, 6.585533633276235, 5.21555726474555, 4.963323041852189, 4.722308465643085, 5.431210973705557, 5.288430443582494, 5.4659820903066265, 0, 0, 5.196342319041486, 4.8095962457035, 5.473719699859991, 5.039220040364835, 5.847929561745258, 5.8150386980428355, 0, 1.711285605451352, 6.004430047978688, 5.532070336695743, 1.6816411396143498, 4.717106868779986, 4.658639412675831, 7.37209751791752, 6.664105712665319, 6.117035421113945, 6.064254512671594, 5.85358306873186, 6.15478462092471, 0, 6.794493797213377, 5.339128700976386, 0, 5.5697957589914475
9.180978206579082, 7.0273781914520494, 5.969642772595648, 6.473540237492826, 4.030101320137918, 6.764253083192194, 6.181004205897428, 4.012838743434362, 0, 6.67666346967878, 0, 6.7053844979655075, 5.1991292825767035, 8.845122565866498, 7.261998736554391, 8.399198727330846, 6.664692365048134, 6.340743474680549, 5.07102658948196, 0, 6.101535390898043, 5.908451718251092, 7.275683586934967, 6.930636537639227, 1.7730798743551572, 9.701441676018076, 5.574258608722883, 9.026921893746943, 5.779967345370351, 7.176441074734688, 4.9872157772790295, 4.607760353871142, 6.0948258351015845, 6.1471403190659055, 4.970848742971868, 5.26840124782118, 7.0721733986552415, 5.4936107667504075, 0, 4.668425813483829, 5.5875243121688465, 0, 7.4509124438901, 6.564263426809153, 3.8373824095160396, 6.431304599911459, 7.049655021738773, 5.697896292126752, 6.862043433657259, 5.602295309411906, 6.175083111694325, 7.846482572013297, 5.939642348834813, 8.589279088030478, 5.842525825757186, 5.426217124587034, 6.722845742383881, 7.30227619208953, 6.427369664936913, 1.3079129857473248, 5.757265363904305, 7.808198200129821, 5.9755605336708335, 6.06388003272946, 6.3686682026205, 3.5399905267334932, 4.67130588300515, 7.509844776516265, 6.94936682291738, 6.8709978299981165, 7.827721491854572, 6.43411999940297, 6.661547789289893, 7.244622906478581, 5.016500841063828, 0, 4.697657348660601, 5.337298955815516, 5.338052459427078, 5.885724439540174, 7.386085534545335, 5.424011541506887, 6.0258909880898415, 5.555975728810708, 6.990547639419011, 6.782116535455237, 8.869287046413023, 6.117652878688844, 5.507881829979642, 6.152896166213979, 0, 7.006607272619517, 5.47306607830366, 7.030316366330375, 6.002145737312825, 6.112618963847362, 5.698561451516119, 6.4454087073125965, 6.533399528363044, 6.24224975471787, 5.027812756615071, 5.352791143970304, 5.847944476684543, 5.386832761229287, 6.013218836266563, 6.020255959833494, 6.865389135887864, 6.397835384475001, 0, 0, 7.261046164984824, 6.348644051810595, 1.7370351303853409, 5.2486012144591525, 5.116256226114971, 7.804962132562417, 7.171394519464383, 6.7915977882124965, 6.522050136700062, 6.345280122055379, 6.9580916619581314, 5.671137192738602, 7.077442641794256, 6.07882819750935, 4.774687982141401, 6.775393647717068
9.515680328440876, 7.324971536796456, 5.72331155308171, 6.79670783251827, 0, 6.105228293024488, 4.596305157295369, 0, 2.3869982361502884, 6.301960393416659, 7.175338182692166, 0, 0, 8.887743047889876, 6.161122908360688, 7.491337784603648, 6.24730121849478, 6.161791501288499, 0, 0, 5.6747632190510044, 4.045047053153296, 6.969813280069064, 6.6725038938046275, 1.590828690664487, 8.224670934556281, 4.934266473893983, 8.710110804449956, 5.0109824219041865, 6.094571236306639, 3.325057886052867, 2.7314501121974475, 5.516102489436342, 5.712454416752886, 0, 3.1922188901108868, 7.337467904565249, 5.305142383808683, 1.4147273376975518, 4.471261633899523, 4.6847865990308994, 2.0768076246627674, 6.5995102177706, 6.280130425682973, 0, 6.037830394684726, 6.820846189935036, 4.793058963928867, 7.07050539272038, 0, 5.699419669630646, 7.902242572392832, 4.760987775220305, 8.777238853430184, 5.02740835599109, 4.56372934552474, 5.974406987332174, 6.603828544188169, 5.922364508617411, 1.1814303711450027, 4.676685061634358, 7.634141025058554, 4.986531979680409, 5.265494037888954, 5.884198649915527, 0, 3.792762070646824, 7.28774698426934, 7.289357579198125, 6.644112028655548, 7.204048665592176, 6.238161304674055, 7.088190994855936, 6.558815702284345, 0, 0, 0, 0, 0, 5.650299513358032, 6.433485356639119, 3.5971419738221497, 5.393965381366097, 0, 5.822946766653347, 5.9413881603615035, 8.174862674062501, 4.904446801585486, 5.621377547171422, 5.312402792107832, 0, 6.679512000830391, 0, 6.47332938178836, 5.165701128513545, 5.114968759442777, 4.9631404635704826, 5.600193816319438, 5.053856470559333, 5.4183081952947205, 0, 0, 5.396203835530059, 0, 5.759667879233952, 4.632037474478828, 5.97815707238298, 4.952684996856971, 0, 0, 6.203320715998414, 5.798217448328125, 1.1504712367586118, 4.581711638650393, 0, 7.56046892450719, 6.7566091327972275, 6.867203797971504, 6.417081383794689, 5.834592519421376, 6.4583903015401845, 3.9829205472864104, 6.733577319797425, 5.373340258981841, 0, 5.977756584331916
8.869951330817987, 5.072667237580862, 2.24958902203047, 0, 1.4567556875827405, 0, 0, 1.016618532040122, 1.3309384543601732, 0, 5.277733388107025, 0, 0, 7.1416723704125005, 5.157691542404208, 6.9644992630023745, 0, 0, 0, 0.7295169412850198, 2.0741646325686767, 3.1281984622817913, 5.776706875106001, 4.838472620130346, 1.563495526694419, 7.691543043258538, 2.5952475253904472, 6.928403728908307, 0, 0, 1.5300076937474347, 0.990657563835666, 0, 0, 1.0749760454778585, 1.461271070253604, 5.49754901816678, 1.6379282409371176, 0.8431177954582089, 0, 2.12360444688714, 1.4977367828533643, 5.189309431767068, 2.936220537696255, 1.2454339414348614, 2.2027125026403382, 4.806025105893697, 1.502830386473793, 0, 1.4762028385213386, 0, 6.055401246200719, 0, 7.348130012890876, 2.765786154823942, 1.397653979011737, 0, 5.305107171275881, 2.996348024621982, 1.0430964906699136, 0, 5.823722994507285, 0, 2.745460717740737, 4.223665168048402, 2.2308642127659315, 1.1325023932664473, 5.61911010435307, 5.5117372259905, 0, 5.405586965689609, 0, 5.2024999909950775, 4.124927893579873, 0.9843813527961686, 1.3191051142264099, 1.5731752676765618, 1.7909790685492435, 0, 0, 5.054772205191612, 0, 0, 2.5048107265247745, 0, 2.930434604313757, 7.521773704879105, 1.3843979507480573, 0, 0, 1.1484843440570425, 0, 0, 3.9930538696922473, 3.4315938135248545, 0, 1.6009354670246532, 2.9142322404807164, 2.0607623246029254, 0, 1.2402758097954767, 0, 2.044275470205318, 1.5414020854250725, 1.9932240115573923, 0, 3.5023804805706975, 0, 1.26856180139427, 1.3234142786499699, 4.74433470968354, 0, 1.3250585935776549, 0, 1.3059380866513595, 5.850998653741192, 5.204026873908913, 3.602025451218618, 0, 0, 0, 0, 0, 0, 1.507919640886275, 3.156113474774294
10.194304562565886, 8.460604816500966, 7.6183409550225205, 8.486431675874268, 6.613683190524399, 8.417633223434924, 7.875708459531539, 6.323603087724798, 7.615622340301592, 8.221811781023144, 9.20320344027543, 7.862947892594928, 6.88594113528259, 0, 8.423689192450153, 8.833357272612108, 8.045007104637794, 7.912360388443362, 7.565143232624012, 6.410490613133112, 7.746856375641911, 7.19815310104754, 8.583372821865781, 8.047740804259394, 5.594123779812274, 9.259298637764376, 7.767959395160506, 10.5488217003442, 7.587330063152733, 8.46004705452488, 7.023330091702732, 6.915431630104713, 7.360728412113312, 8.727387906178373, 7.491245518112184, 7.258511379922132, 8.335958626276112, 7.966806145193194, 5.338889911891248, 7.264054354640224, 8.357237138224926, 7.182117493923006, 8.768351761447043, 8.779504439607532, 6.8536134213028035, 8.475775447401835, 8.863528899694066, 7.812494661352189, 8.103017694838272, 7.192506985409129, 7.640880751746936, 9.03461968845213, 7.8721635417377485, 8.521080012457148, 7.407049338095773, 7.603054186837166, 7.754318939894899, 8.632043445288282, 8.114908602730235, 0, 6.483598109395348, 9.809997777123284, 7.856880312008461, 8.143208990289672, 7.345503315751398, 6.454079744059697, 6.124682890594287, 9.271075397706745, 9.081654651668972, 8.379535848938193, 9.402491354609145, 7.975122539694187, 8.505415946721016, 8.263661325867657, 6.978017844967083, 6.424991193557397, 7.1191329809271435, 7.913582897781666, 7.997334767094314, 8.290670057048732, 8.301681635758092, 7.376342860802298, 7.978873557912198, 7.242050020873341, 7.6020853768081915, 8.340481443747272, 9.28555377037304, 7.826154424288992, 7.948973727403449, 7.15783502204863, 7.099665214452362, 8.538925768836872, 7.366227033799705, 8.831075746398408, 7.56782938363018, 7.513336541315867, 7.334492855176848, 7.630462692551918, 8.500286259725621, 8.504445019745459, 7.775340706869646, 6.9916153365056095, 7.912499858965452, 7.802435835940028, 8.042844257411309, 7.64102678465, 8.243231845455943, 8.04319643674448, 6.481903213641297, 6.388531351933818, 8.60570024282953, 8.139291624376298, 5.9192286711143645, 7.228761607988203, 7.507660345059136, 9.534374119682461, 8.500979775373091, 8.767163314178912, 8.222314818388282, 7.513451254746988, 8.377543623564387, 7.617877303709593, 8.49247559252775, 7.721591290179868, 7.593395823052461, 8.281183628831291
8.645536316849238, 6.867257483837354, 5.752796038950972, 6.462797286491451, 1.7988820492369906, 5.94376039355381, 4.431580170354642, 1.5319068271312248, 2.3279301167459296, 6.512135028383644, 7.296870776173004, 6.5759329290818025, 0, 8.417357690156733, 0, 7.945515645624807, 6.27293344282834, 6.020999320388081, 0, 0, 5.706535854449529, 5.387765696046019, 6.55571320169143, 6.60622770817906, 1.8428833008888035, 8.869471355532575, 5.2719914017335165, 8.227455193998367, 5.451379887340717, 5.632696195770672, 3.1841320392121055, 1.8725577115104928, 5.71410498849931, 4.855428138430899, 0, 2.6773338159201243, 6.696537671592936, 4.893517730433176, 1.5393060266347633, 3.9673944348546404, 2.869374231859045, 1.9686017002849603, 6.83110628715368, 5.577365233005551, 2.4062219192877494, 5.636352561781298, 6.490797799132091, 4.890726574421783, 6.34745312289134, 4.918571530572876, 5.711937177768954, 7.3576896879806055, 4.392613226960096, 8.127506469108742, 5.208404968685813, 0, 5.787891806590375, 6.7210519147373295, 6.0985609782111805, 1.2671236079209263, 4.859505969637106, 6.894545695400783, 5.078387473750371, 5.137194031379665, 6.909211094430294, 2.1655683991006978, 1.8407374133402516, 8.00947479479095, 6.897613248145403, 7.279660775493849, 7.4887542648115595, 6.345082396229519, 6.668161198107795, 6.496202283811044, 0, 1.4098857300357803, 0, 0, 0, 5.955656057312383, 6.476675382268953, 4.248140528596395, 5.019152572289781, 3.7113237209484216, 6.1152915594388, 6.3408833862444896, 8.673895728895806, 5.078991341992599, 5.271825956140176, 5.394476343362232, 1.642015280102769, 6.62740305076807, 0, 6.615410745113723, 5.197504995252861, 5.061816284287983, 5.3644836957593105, 5.443566708251856, 5.286354390913052, 5.338911772921779, 0, 4.480695596993215, 5.3115614905728785, 4.807699569875168, 5.394715686099038, 5.21383655026027, 6.2722936996175935, 5.7157442211554494, 1.6635002815325992, 1.5812133033735178, 6.366063587308551, 5.543152897235827, 1.4934424644421298, 0, 0, 7.8205508436868545, 6.845071541983443, 6.369016074690975, 6.217741689418238, 6.047032117013924, 6.481888509388963, 5.42343048189196, 6.458380310850572, 5.767150724510832, 0, 6.115651533817853
8.633185761474275, 8.531973441733012, 7.424052738636019, 7.8167451047863725, 5.867130491394795, 8.217715524524738, 6.758777229394922, 5.293258180193192, 6.537040561533044, 7.22225189806478, 8.72685640769433, 7.7358970871912485, 6.566612628138339, 9.37195158350003, 7.131841520352764, 0, 7.670083186045184, 6.974953807869467, 6.349472324554909, 5.96767771998757, 8.034834756678743, 7.137381011101731, 7.610611936220736, 8.069686769594385, 5.167684697122633, 9.434253857500952, 7.05830633685933, 8.587589097418974, 7.365187338059284, 7.72366901690577, 6.688977738002086, 5.804873092992395, 7.191542298264196, 6.864313100760594, 6.444801632141155, 6.668610037318149, 8.284398606482373, 6.910459072395856, 5.0665001760353086, 7.039846488545562, 6.892484489695771, 6.041779507822613, 8.020444651132662, 7.869104054014173, 5.963701421598433, 7.975731295154696, 8.629720007024169, 7.2277507385416815, 6.995706753079733, 6.5243791157633595, 7.754048369359244, 8.566234500290516, 6.996739020192161, 9.24810994331022, 6.0831417720259795, 6.534226319699336, 6.782614501548001, 8.37525932260734, 7.65373334673287, 0, 7.420562209174465, 8.516578514599953, 7.041869876873574, 6.823201867630474, 8.269292465673068, 5.77164643794531, 5.628884703205309, 8.588626148025927, 8.355978554736563, 8.500202348905809, 8.489487703615879, 8.478824670845299, 8.079270128340658, 8.351092784600718, 5.890361001301693, 5.317669948299696, 6.643540743002063, 6.770877021469447, 6.888732682574204, 7.895444202872612, 7.84955405255798, 6.513717168156753, 6.880014597702492, 6.910250990524494, 7.009173354474359, 7.746775051382743, 8.638601836149185, 7.642391216304041, 6.684872595589226, 7.7510951218753075, 6.092960171777471, 8.471493058480602, 6.822115100811102, 8.620987584871362, 6.494296057920684, 7.290020044119219, 7.2414910624305655, 7.059997501373404, 7.616207884383856, 7.672384963537459, 6.009151536852864, 6.63105058271845, 7.6848046833756625, 6.802639091943372, 7.663240290650287, 7.488154328131109, 8.057904913369962, 7.036589401194677, 5.758035194510222, 5.51693332212582, 8.49701408264372, 7.8276910458705435, 0, 6.636749733154929, 6.4368174036823085, 8.596267388995662, 7.890682649769641, 6.821890345060807, 7.988059882760447, 7.8664911555781565, 7.934471103143459, 7.124516430810023, 7.421604242474432, 7.219009045711601, 6.669445044096352, 7.58152626766064
9.216939683307716, 6.3540980784706305, 5.419628189954534, 5.8870826251139245, 1.587353009364025, 5.506619052608858, 4.827365201623829, 1.5718133116295832, 2.003829055819036, 5.891851988487877, 6.306730346491922, 6.422257527570339, 0, 8.209882977163435, 6.104425015599546, 7.773396287595646, 0, 5.166526315334829, 2.2508045881455643, 0, 5.121607386303767, 4.888330189542436, 6.411188037131538, 5.901555298135169, 1.466839330427613, 8.611922401154219, 4.894390597906478, 7.364824504291742, 5.416304531018326, 5.720567942642193, 1.9390572724981547, 1.587783150832241, 5.029415134696627, 4.981423978396726, 1.7288478254221245, 2.3066658346601145, 6.364262679394299, 3.1824501033991996, 1.7451687416853223, 0, 2.9935323535340768, 1.931900670167044, 6.831391735553536, 5.527758936363289, 2.269427988515573, 5.752995890027859, 6.483692198530136, 4.831229579138496, 5.450296880037076, 4.638275532876595, 5.325705947227509, 6.69832194697463, 4.56509049212843, 8.05146685355114, 0, 0, 4.996103631326386, 5.7452840430978505, 5.476894726178747, 1.194874657586087, 4.974370435698278, 6.77145105965014, 5.0243748340190395, 4.231665749477963, 7.043457403500691, 0, 2.093472656779184, 7.451951900028945, 6.253527696922419, 6.393053182769246, 6.829764993121183, 6.244421468766657, 6.303695713571478, 6.115436679874498, 1.6786553975920742, 1.1205803454449736, 0, 4.648285102821877, 4.776402921901704, 5.217624377723889, 6.303573997187079, 4.851004339515714, 0, 0, 5.596801254134696, 5.366858422713697, 7.837061800128244, 4.984717026895402, 0, 5.637721639505027, 0, 5.885173354746889, 4.3511921222596035, 6.374621651061663, 4.140191316199913, 5.255929779765811, 4.827562530418519, 5.3193733109149575, 5.221378683572622, 5.192698535334516, 0, 4.551180397294467, 4.7594516339926205, 0, 5.011165141347671, 4.8365403736433, 5.929674287055091, 5.503503213002907, 1.6205400105458276, 1.3817202603108776, 6.163602199844679, 5.308490794638369, 1.4586743886946612, 0, 0, 7.805965278395141, 6.465042445294648, 5.465275241381322, 5.928727193516175, 5.526282131220626, 5.722607424341475, 4.912468036973559, 5.746514737006855, 4.908892449201244, 0, 5.664182225278224
9.565702723460326, 6.107727180504104, 4.781331003346785, 6.1547836156634155, 1.6626406823495579, 5.25685027008714, 0, 1.201273655281533, 2.8706914542634223, 5.462706037082935, 6.377679057495587, 6.02651588217577, 0, 8.224275687976581, 6.1729125532071665, 7.890618155912465, 5.438062202554316, 0, 0, 0, 2.908816394666783, 3.551711344590972, 6.08913311235638, 5.510678645899279, 1.5919653710228887, 8.62072198698193, 0, 7.606441448612135, 4.736678148334792, 5.915430697214961, 2.7543251807215077, 0, 0, 5.555266971299849, 0, 2.1547521578602353, 6.279555291129151, 0, 1.2665441534435082, 0, 2.775072596589047, 1.5576944683330674, 6.759595461256606, 5.344988737679772, 2.2430419305264158, 5.923880900774675, 6.342668806831342, 2.329383714113483, 5.995944303967661, 0, 5.1968587639382635, 7.144496293954041, 0, 8.216527946220921, 5.051349144330951, 0, 5.49646889499336, 5.904261630636265, 5.442679755129398, 0.9104925260667385, 4.77407291127472, 6.129003875021209, 4.968975811931545, 4.1916444450640915, 6.144153326126135, 2.68490130734142, 1.6370671536606805, 7.128308540147255, 6.345355518464794, 6.202171856125161, 6.749462800057366, 5.77259496830287, 6.245740670027704, 6.353315881382174, 0, 1.1616290826064122, 0, 0, 0, 4.411292739845444, 6.439608752800219, 0, 0, 0, 5.7901822381790415, 5.86419059808767, 8.61836472605009, 4.9172111906880165, 3.298698532820846, 5.149835879677942, 2.313591394008862, 5.958172141691969, 0, 6.063452606333183, 0, 4.959066244232042, 0, 5.257766106641324, 5.04118925189956, 5.026532593582522, 0, 4.2160009634028, 4.469422627431415, 0, 5.0608546182684115, 4.9771426080728265, 5.6273885014759015, 4.707107670112777, 1.7085316650717186, 1.5542414993937652, 5.978801632503404, 5.088637591694148, 1.5593598827896973, 0, 0, 6.9776723320439045, 6.532098263686645, 5.693420277942498, 5.41733649206133, 5.456121747959309, 5.888936409279673, 4.727241020051418, 6.010715844614409, 4.274909050354121, 1.6764082031388905, 5.758459282280343
8.484679231997129, 5.630198352788034, 2.858028245521494, 5.075631046415166, 1.9754850663147894, 2.5610804431549843, 2.1693849466123196, 1.967097354956718, 1.9401243152367245, 5.080153473503033, 5.5557301024857715, 3.25110485641363, 2.1543697746883446, 8.033049885065834, 3.1676066218771766, 7.3769891609895435, 0, 0, 0, 1.9042377276872653, 2.5064014803436323, 2.166106336187888, 5.320834050731781, 0, 1.7299683923564055, 7.528160791202127, 2.2923419243734515, 6.556290958827681, 2.0765819224096087, 2.642370940425558, 2.270567567953096, 1.8638604574738478, 2.7170268010741245, 2.0645240616211846, 1.778027781531426, 2.243651637280134, 2.3814442078012172, 2.18612738605642, 1.8246559572017043, 2.2652929163412274, 2.3363690592087374, 1.9721313421122104, 0, 2.6906198401282277, 1.8821738547554143, 2.3422291998962295, 2.841986849895177, 1.862061990381244, 3.1823356780103564, 1.9782702885784154, 2.4490188287574988, 4.822060970000387, 2.2405413462900876, 6.132799994778699, 1.548218795401466, 1.7663051782099053, 2.396952956169833, 3.560475661077312, 1.9858088850085356, 1.5561377427350225, 2.2650881894294743, 5.116746753459349, 2.195669084099343, 1.6627116187199065, 5.029581589001284, 1.6491296738731043, 1.986461077771354, 6.129433447407086, 5.149965078265961, 5.456801827707602, 5.573270091245981, 5.207188402719368, 4.632109263312625, 5.285996917718246, 1.8483270972567623, 2.029832575009925, 2.1877361201648133, 2.480163116343579, 2.202002066276117, 2.0739995146750743, 2.4218518941523226, 2.0496660944688716, 1.6642436579911755, 1.8603933526129643, 0, 4.991227776198666, 7.033663644944222, 1.9104789167536271, 2.280471787152737, 2.1404629917960594, 1.7959074650845628, 0, 1.9710051597538125, 2.6763953817151798, 2.1447265924417955, 2.3524432090533147, 1.805307331017641, 2.473199753243025, 2.4574213373876765, 2.2649874074199947, 1.7974189811174277, 2.429620646293249, 2.1871805765865098, 1.8554041935250982, 2.16733069144776, 2.100889327644929, 2.4164685120532106, 1.898831032018868, 1.9511293415572537, 1.9508105976621484, 2.59829708890026, 1.7301292598666707, 1.6922887874994599, 1.7780224322026383, 1.787237106188437, 6.160347218246224, 5.5440394338904895, 5.215366099223085, 2.940707218422783, 2.9356769524928956, 0, 2.037590489267017, 0, 2.3726746530742524, 1.9139094587842735, 3.2880056818203824
8.157432846688735, 4.240418023851042, 2.0695463337803535, 3.9330970345096015, 1.9156834317370763, 2.169835159364833, 1.749780652554844, 1.8128787429648545, 1.7069397403459046, 2.6770777705950137, 2.9971865661200825, 2.7061845367917186, 2.167335852202174, 7.175350860794786, 2.108803781252446, 6.8799649468112385, 1.7592883679599318, 1.7825064972218327, 1.9589229970671396, 0, 2.2847668068555906, 2.2034731447694273, 2.731410065118068, 1.9196633186317378, 1.6746340339152257, 6.397968344135367, 1.8554073856680637, 5.838924282000791, 1.6228399246293639, 2.3035965624153154, 1.9520586335552925, 1.8174504789890649, 2.045488302976464, 1.5405720738065323, 1.432001106053905, 1.7926226811627217, 2.528716701709991, 1.7142760843936344, 1.8795088591625118, 1.843881554693773, 1.911273007140435, 2.057540108223077, 2.1797167886170925, 2.0829901331879923, 1.5186036098404232, 1.8424489457206898, 2.7001047695491174, 1.6546623145222508, 2.0269350592358766, 1.8575285482817228, 1.8960150759532552, 2.017147503163843, 1.964682139758875, 4.992882564984058, 1.700522402892489, 1.6883641194345906, 2.398871812279371, 0, 2.0814755769947153, 1.5003818586790318, 1.9671124289707327, 3.0950387213950767, 1.7265861939015146, 1.652160534248359, 2.2998854389201746, 1.5688753834440694, 1.7403510801734852, 5.063720276864278, 2.5506721710124705, 2.677983959536657, 4.726368062969067, 2.448343810383066, 4.427370155095988, 4.259186230895385, 1.6179328414553658, 1.4998286100600198, 1.8504679899237644, 2.217711199872638, 2.0193284398431475, 1.8579847328872015, 1.94074119060061, 1.9722865801990441, 1.3648853648270916, 1.698108790315887, 1.911611843986836, 2.4601932759390355, 5.987307939127396, 1.5163372995560225, 2.0798027391848763, 1.8929541808624386, 1.6590945228526086, 2.386121594819173, 1.745749883688061, 2.2875020114551226, 1.5581284429459281, 1.8935515942951255, 1.6444523121995303, 1.8485563548009314, 1.8907536797577607, 1.8329065128092557, 1.7038454144741306, 1.9341473962439917, 2.217231261807786, 1.9821025765245626, 1.9916736034111977, 1.6158246708441109, 2.3954390733411066, 1.4379520546026003, 1.7735952739503655, 1.682430031536862, 1.817397689037378, 2.2324845142396157, 1.5680126818503373, 1.750646196416118, 1.7384998916016594, 5.647822550814563, 0, 2.2988663068347646, 2.8590836208988084, 2.7571720196042095, 2.805798362644689, 2.1983900394054654, 0, 2.3591892823716476, 1.9182642596077786, 2.037490826560283
8.08047371097621, 6.095548435634655, 3.20253821876197, 5.488657525000397, 1.244367509648431, 0, 0, 1.0934706202367483, 0, 5.242825792155254, 5.699940650316226, 4.916400280094989, 0, 7.96476168543414, 5.477261523504537, 7.492435548891533, 4.982424600348744, 0, 0, 1.1003989370290699, 0, 2.9806966171013367, 6.071877076330008, 5.034320388382531, 1.5090948396955646, 7.668988496481064, 2.7219168847038775, 7.074220281148718, 0, 0, 1.8454312033201152, 1.456689269111955, 0, 0, 1.3519710455373706, 0, 5.440484145118226, 1.8247048308874938, 1.1808844678766195, 0, 2.093103065393789, 1.9497957903017762, 5.351364284545894, 0, 1.0578464602003235, 0, 0, 1.7438169636753658, 5.705183631877701, 2.981280156832835, 0, 6.955166574374095, 0, 8.467171487906297, 2.135695995330497, 0, 0, 6.107571997187699, 3.4105841057800936, 1.1626611455346612, 0, 4.686605215697028, 1.8537707612502525, 2.089454185902359, 5.254718785765064, 1.2518008329176007, 1.3511482737812088, 6.834443865516437, 6.4224660686119135, 5.62213378974741, 6.0767497284462015, 5.599063446105108, 6.712874408204629, 6.5325839276681705, 1.1140619270720071, 1.2438988779551843, 0, 0, 0, 5.162522344922364, 4.802834743789053, 0, 0, 2.019574903611089, 5.262516769771474, 5.431251989833189, 8.076663289018754, 0, 4.721214184399452, 0, 1.4360721323686334, 6.227558325387588, 0, 5.3904428865002325, 0, 0, 0, 3.2992231327693666, 0, 0, 0, 0, 2.1220105105347216, 1.5860408511584887, 4.870021320256442, 0, 5.184245028113985, 4.185570604066904, 1.4578914691472638, 1.3136281038716575, 3.785971512315628, 0, 1.2222014068604883, 0, 0, 6.752775850843652, 6.0267507361051855, 5.5551979473787805, 5.09763746183232, 4.956353607640164, 5.558252677675773, 0, 5.6347182571235335, 3.287994193744323, 1.1912948242739556, 5.038933274449739
8.619896826349894, 5.249034034357804, 2.7064559970908117, 4.363716538072332, 1.593409424745904, 4.490908670419737, 3.762748976800836, 0.7378798303408906, 1.2912220837977701, 3.5375003491644854, 5.338494033754483, 3.7975308565417767, 2.5095445833372065, 6.716375858087677, 5.348411055631506, 6.490298609904952, 0, 0, 0, 0, 0, 0, 5.230456698341918, 4.590845507474386, 1.4037621231114719, 7.679418129290407, 1.874347166283697, 6.753945209475526, 0, 4.750452113570075, 1.3601713044420005, 1.0428690456262144, 0, 4.778324001408562, 1.18359611904674, 0, 5.041164080598415, 0, 0.9689796966951033, 0, 0, 1.4092359262729124, 5.555987283018194, 0, 0.8247815665657211, 4.564282952832893, 5.361394317473665, 0, 5.136316456584035, 2.5804911557906554, 0, 6.4354401653258755, 0, 7.597266714437783, 2.8044227351898914, 0, 0, 5.077193491449899, 3.355365629889071, 0.8192715870160497, 0, 5.928145740755102, 0, 2.878352821560156, 4.744576103998351, 2.4184949058242666, 1.2010388041848101, 5.662735408476312, 5.104310290167288, 3.7374692895091175, 5.168238703976767, 3.4691492445619363, 5.069603507349669, 5.057753080851318, 0, 1.3360820453132969, 0, 0, 0, 0, 5.370821667163285, 0, 0, 2.839686107907732, 4.809119364397517, 5.01432825132769, 8.050037782155695, 0, 1.7159189711949123, 0, 0.9293732509248773, 4.780849349077574, 0, 5.353955446601742, 0, 0, 0, 0, 0, 4.41926995443826, 0, 0, 0, 2.506912105778928, 0, 0, 3.428877068488713, 3.949805509355836, 0.7997306199669945, 0.7238017545979242, 5.0881066282830165, 0, 1.1041975652206248, 0, 0, 6.192717636311396, 5.3097554396487014, 4.905296297364697, 3.5200998314148264, 0, 4.768245879092487, 2.770964083520444, 3.70446416113405, 0, 1.1457901186940695, 0
8.680691786152556, 6.443014977714575, 6.194774145055159, 6.549824497643732, 2.644224621900858, 6.749195291279853, 5.596670975962733, 2.597072752943786, 5.160405488467313, 6.160293897933196, 6.778245633696427, 6.6766552438643965, 5.046489756227882, 8.249777931654684, 7.027108052766412, 7.66622635875579, 5.876399477157367, 5.8154974225824905, 4.915155824827338, 0, 6.220484139360605, 5.454791656026647, 0, 6.04439510018152, 2.119515596693216, 8.60622082405194, 5.329973017560623, 7.791299828585355, 5.900416821431858, 6.542745295117206, 3.66561823207896, 2.8021803845183944, 5.275226749500636, 6.720772897095185, 4.968396095253806, 5.250220943923124, 6.719979682267039, 5.411909926817593, 2.3615491640522435, 5.373762052013554, 5.521603795814917, 2.5477014007776164, 7.449741687371985, 6.209438259503023, 2.7700566790782526, 6.483036188668168, 6.8216325104646405, 5.273753708539007, 6.528084255024234, 5.502070397648516, 5.927844898636687, 7.474992196585136, 5.7571325438695045, 8.181190740640957, 5.532475749829093, 5.039780502760202, 5.762313973698293, 6.401450849469972, 6.2903990168785775, 1.5894725986612122, 5.624760809287952, 7.601619553087458, 6.058877694222938, 5.068885906046473, 7.349750978903159, 0, 4.172901860768645, 7.8731983997787305, 7.194022062100231, 7.324641250298955, 7.301256200571626, 6.725245754580364, 6.598107965953833, 6.90484192222503, 4.810184375768997, 2.288312469754974, 4.970211125366534, 5.407538853179704, 5.518304853901451, 6.018358778807644, 7.009120174787017, 5.545879187582048, 5.104577379081491, 4.073112611745044, 6.379313564773502, 6.488780894954217, 8.752082970524697, 6.138311007484971, 4.753395421822013, 6.577745575775943, 3.358642671099446, 6.4013391758368465, 5.123748744182987, 6.8593096991334335, 5.3317087425656045, 6.302016572172912, 5.5561951985129365, 6.137532041300779, 6.107577674280259, 6.11799208261819, 4.998340371449294, 5.086476443553499, 5.523989178667535, 5.255753394788399, 5.715189275695708, 5.686697457721267, 6.561270684037566, 6.03333700248811, 3.2211445289721508, 0, 6.7221471889433895, 6.216635963916463, 1.753159957771166, 5.063643483789567, 4.630987070149031, 7.917026876786557, 7.201653789331472, 6.009360848284864, 6.391727161313186, 6.181406719787266, 6.568173478310156, 5.442690424839561, 6.470700309888544, 5.848534798917314, 2.6393056717528482, 6.111251764947378
9.308609572447528, 6.15819765348517, 4.788636389365559, 6.270764840420055, 2.0663823792229277, 5.5939270480930166, 4.966008591850993, 1.5312183117566112, 0, 5.770797358026068, 6.854855494153516, 6.320773585036485, 0, 7.837501765591327, 6.38606262867273, 7.586046605729716, 5.561865966112473, 5.418862513592599, 0, 0, 5.616608140696662, 5.098066200072257, 6.121630847516218, 0, 1.7620594801543483, 8.869448863596508, 4.110098131182447, 7.951735124804517, 5.293984640201962, 5.553114452569888, 0, 0, 5.189873090728937, 5.381138653694441, 0, 0, 6.220632098395382, 0, 1.500378918065524, 4.569576925805754, 2.7971554380508206, 0, 6.8193893321798855, 5.117229918888873, 2.315068801348961, 5.852906209649361, 6.623356316985916, 4.626550196483628, 6.12678298652408, 4.770205653684579, 5.476017552474886, 6.836221401296682, 4.673682139589411, 8.117376085001897, 4.812978708137385, 0, 5.227430331293049, 6.034056014276301, 5.644869711098149, 1.6106460888030594, 4.954803488818231, 6.696549931224864, 5.029275655686771, 4.993757900374438, 6.693824954329978, 0, 3.372201951379899, 7.3126034375849, 6.6668597137475825, 6.507923784235418, 6.903473264969236, 6.264823295371716, 6.9682314284473685, 6.611780435184146, 0, 1.3340472759958255, 0, 0, 4.129149307077549, 5.309459109287677, 6.605313770510776, 5.084947753630578, 0, 0, 5.6492728011811915, 5.452301416923447, 8.516306462480607, 4.977665371093525, 4.259558330904555, 5.4024924168863615, 2.3862659081029722, 6.4197027229774015, 4.346541851559012, 6.511322225092548, 4.555819312616227, 5.310000461938734, 0, 5.462723910782948, 4.994172826075514, 5.544447994468306, 0, 4.137686237528727, 5.0384073351290475, 0, 5.151398285169801, 4.7623005135534555, 5.955423217088284, 5.697551408241074, 1.4018056952464648, 0, 6.370620262904035, 5.421450981044804, 1.4910667519047953, 0, 0, 7.423019723606141, 6.750852774824384, 5.475188670036056, 5.992502892554003, 5.667698812278647, 6.033226292978713, 4.932629810152844, 5.8401528174804795, 5.082914701436791, 0, 5.750173232473825
7.5249802786089335, 1.626815166327997, 1.7056592412945613, 1.5216260831587616, 1.4093143610023533, 1.604685282552172, 1.6147592896102165, 1.4263666305476275, 1.4463450482495035, 1.3896946632342415, 1.4610254513229173, 1.5884028398885015, 1.4606392998877404, 5.35811728405263, 1.6209372917381548, 4.9156103851560875, 1.179073639062098, 1.2664423257307198, 1.5065892592714236, 1.3766723384320807, 1.747877602753975, 1.5845029339389227, 1.670484334404933, 1.2482631788345935, 0, 5.469369599476844, 1.3965609183508252, 0, 1.4952187662050938, 1.647684515593333, 1.5121188962227632, 1.5116330759148373, 1.4907075172371438, 1.6616258354444724, 1.237429286852723, 1.6496863149350183, 0.996189360673683, 1.4320029192430175, 1.4082615981829936, 1.4858333085037077, 1.6459183882355348, 1.546939322416611, 1.5239827588034074, 1.4144929245929545, 1.4063718582065583, 1.50629433828033, 1.9962256799807396, 1.5092537308617548, 1.5008377034009, 1.4262120191728143, 1.4839019519107326, 1.8342507777075596, 1.489825568356527, 4.701277714763546, 1.4310409500680548, 1.2981989170338324, 1.626207141165927, 1.4580458631024669, 1.3049491918357001, 1.368926720103077, 1.3048463797521055, 1.6452827852393273, 1.4773231031301832, 1.3514747993992393, 1.3496043840532639, 1.4390661506364923, 1.485808857118605, 1.6166215483225979, 1.7151925060322546, 1.5388632997851879, 1.7206941072215132, 1.4951768674154695, 1.4523568116159453, 1.7344224967507054, 1.3008675729981094, 1.5216731322235006, 1.415942121896853, 1.6104567091642816, 1.5945433869963996, 1.5161233746229534, 1.6330252900996016, 1.5704672466619984, 1.3013435612983624, 1.3880697239728426, 1.2799876069701173, 1.5045951409602885, 5.127913028125053, 1.143784583737184, 1.5244043938342577, 1.3832553710318432, 1.4219444959025862, 1.5461308901828974, 1.34171413557886, 1.458338601705469, 1.355517507645157, 1.2750335567759907, 1.4215244923279358, 1.5309048552962539, 1.7467378392117472, 1.5432687874060687, 1.3506332182077414, 1.5481384271307366, 1.581529489107231, 1.5277609355295754, 1.565158362069473, 1.2844466721770234, 1.3766121581281014, 1.1702821782842643, 1.6329188237401413, 1.4565483890698643, 1.5092985754664872, 1.295603918228895, 1.5011663177378225, 1.4212029635718146, 1.4126905187799574, 1.8821564952531684, 1.6077692203035687, 1.5620668315149726, 1.668622400788699, 1.7927511342515359, 1.6774029568303013, 1.5388918531500122, 1.4035262823406267, 1.4239211055049472, 1.5309966083018904, 1.4596828623844433
10.93774649139241, 9.240451801865, 8.477583373316246, 9.11028891145039, 6.690655587882956, 8.121890530104269, 7.879994209668108, 6.528755560940369, 7.522585496062657, 8.868160134577648, 8.952303477398823, 8.860563344642866, 7.627614873291453, 9.863528488569306, 8.948720644651624, 9.946496458598071, 8.143860204993343, 8.631888341009745, 7.447955614039907, 6.635632762002772, 7.838228478634919, 8.389293447075103, 8.628602939941263, 9.005210888541798, 5.496045011643421, 0, 7.907625968462401, 10.213188259956857, 7.661509571383412, 8.617192921794718, 6.970041022995516, 6.974830538014445, 8.101526252487487, 8.603166391673339, 7.253296233103032, 7.485084007270281, 9.208248125757661, 7.85144880518039, 6.584160692963862, 7.661108234753176, 7.476838089767598, 7.0216568259507826, 9.263401347651408, 7.634499584924066, 6.786039753122973, 8.538619999595564, 8.336017151046354, 7.477414016864974, 9.32408901101576, 7.902142138923595, 8.499815709143126, 8.94404260760181, 7.847618195127931, 10.03756064387256, 8.776745069354678, 7.272301174584051, 8.664406005726565, 9.915472512720044, 8.528487203239767, 5.07865188898667, 7.951902305499409, 9.07026138449259, 7.787537732947806, 8.519128498558317, 8.986866112462224, 7.115995736895074, 7.03063741760154, 9.730293363818305, 10.02394984835088, 9.53651857252511, 9.441812590406242, 9.386468614880668, 9.276528310118172, 9.122828935910746, 6.840282016534695, 6.171132651092828, 7.463295519442824, 7.827318080272978, 7.706271254198948, 8.316611086177955, 8.421139790237048, 7.796157891775122, 7.889978562060518, 7.992568729516044, 8.837346202440186, 8.176862320420536, 10.13676972314413, 7.837306557182068, 8.415961192750755, 7.509818719785546, 6.93696135892859, 9.087101341776117, 7.3422299684518695, 8.717117245770902, 8.35368847344416, 7.918439883102288, 8.123873301559492, 7.836196682102405, 8.008871059220281, 7.980386477173976, 7.228458173336561, 8.142142810520996, 7.916516310629856, 7.435748753560199, 8.07355412838237, 7.568707397782514, 8.567111304168224, 8.12260854424202, 6.8009942264490775, 6.50373156192114, 8.555624360557461, 8.166756387221053, 5.040382407939779, 7.507302610037642, 7.2814873801912325, 9.380489835745845, 8.832980864109713, 9.11256808622128, 8.223677250209969, 8.227780209849138, 8.229491096167008, 7.92653775262938, 9.227855246631389, 8.294620859243626, 7.076147371534454, 8.438184706232391
9.49182677298226, 5.759374675089722, 0, 5.636057956595045, 1.3081086299326088, 2.3374047126585604, 2.042887700587372, 1.3591131637737932, 1.6369746357823045, 5.522230086467562, 5.868247846544528, 5.276842959783172, 0, 8.091563357998648, 5.250598796459429, 7.547443841447244, 4.930513256294218, 0, 1.5452006428289078, 1.2644743242962762, 0, 2.3767168808068355, 5.491063603247811, 4.279640940992659, 1.7433476355211173, 7.904997083391393, 0, 7.541473132922692, 1.56716273142208, 2.720436013254845, 2.118906019925752, 1.6639033650070267, 2.340146361133442, 0, 1.6647749503909106, 1.6525336887134, 5.097270824242624, 1.9211498249700687, 1.5894746615265183, 1.5409521211673496, 2.1932945241168675, 1.8404339448380298, 5.33398528871995, 2.9887839320557688, 1.2613980527069655, 1.9450091513767394, 2.8005172406724674, 1.6603362421604424, 4.273991425954925, 1.470389643759385, 2.1278001335569288, 5.823306949574129, 2.0604214851420113, 7.023598893426118, 1.9340364587885017, 1.4526005523513166, 0, 5.678717952339643, 3.370843398378747, 1.4381265362919586, 1.4574523695727017, 5.161439418115299, 1.5349791640390407, 0, 5.215869880057618, 1.7365236362266598, 1.3361240932753868, 6.239194934430216, 6.096170254349366, 5.489464092193181, 6.068191255478496, 5.144021739112231, 6.1608106323615734, 5.890933643666614, 1.3631365357895975, 1.5960921911091408, 1.4159710954249496, 2.112005494018752, 2.0806360703824773, 0, 4.819288237848052, 1.9505477726791487, 0, 1.89821254378855, 4.910576662528512, 5.117513636369359, 7.59604627422142, 0, 1.9215992002604267, 0, 1.626433868417943, 5.463180959044717, 1.3623696141947106, 0, 0, 1.8844431124671956, 1.8295605438700153, 2.152164770231913, 2.05048652031639, 1.7307768200708102, 1.4062697278705738, 1.953118343792522, 2.1185494588900924, 1.921321140868257, 0, 1.4561910216277805, 4.864090669951834, 0, 1.4950690069811716, 1.352529837611067, 0, 0, 1.4607696600951148, 2.041669775969583, 1.2798574394406708, 6.603780822774744, 5.744903899393265, 5.119201391484719, 0, 2.579145740310763, 4.5929447056193915, 2.261635428962074, 5.081784768824855, 2.2381655856809903, 2.052466978292035, 4.716113407714563
11.215310048796942, 7.927104936085345, 7.471959323885013, 7.977509126494506, 5.401598473939548, 7.436777020231103, 6.207195470421929, 4.515184129249765, 6.01920900514872, 7.928468287382727, 8.012803347311355, 8.160462202328631, 6.248181252576678, 10.205754976796538, 8.079279446678987, 9.232393068178455, 7.615652584467309, 7.016910409373936, 5.880399895929545, 5.0170989863706685, 6.669368579120676, 6.867693287546348, 7.5436498362956215, 7.618158272515905, 0, 8.534765245176338, 6.478949677006453, 0, 7.498838745380901, 7.557779278882566, 5.876948595486398, 5.446917683152142, 7.131425905849533, 7.194582707660726, 5.687064666648596, 6.57323714846931, 7.649387526133586, 6.335777133520477, 5.57157222247597, 6.6846113598896615, 6.6850519159259125, 6.004316209629198, 7.864999087728969, 7.189261964586783, 5.4226108250851155, 7.55726905572221, 8.145325320911438, 6.86644813020311, 8.459906841462512, 7.492239234498142, 7.200704013561507, 9.006407395913667, 6.812471449061559, 9.824589966940291, 7.062294710916513, 6.716073997898352, 7.719854748766336, 8.09676291234496, 8.097308769335486, 0, 6.658034419955076, 8.160631385100833, 6.950363253269114, 7.255111304999314, 7.918379424025886, 6.260067765478559, 5.871030476042476, 9.195974871682493, 8.213188988576444, 8.38896270915468, 8.955607153279907, 7.686686502335405, 8.438706707551086, 8.568302976719659, 5.861185882579719, 5.330129346834503, 6.13127518317224, 6.6578734601187906, 5.562878747465446, 8.015440448382135, 7.76520079268552, 6.319071461051397, 7.459340565945117, 6.827200399168412, 7.835894151526178, 7.966935597953902, 8.753752842641962, 6.606217527320595, 7.1377421967342185, 7.092725480741628, 5.549260870989864, 8.899595889150865, 6.253453038230656, 8.1345320644825, 6.990275796839145, 6.566490625434964, 6.225523959498062, 7.107287701576337, 7.090483913234668, 6.62862871300752, 6.217296131417683, 6.306709958358368, 7.205913973847135, 6.275149649929572, 6.779786665702378, 6.608769937013287, 7.659188114954724, 7.6750610516460505, 0, 5.214338263323493, 7.735066779045266, 7.04024410092441, 1.936564667971579, 6.482205950781776, 5.853722665946033, 8.94056852559438, 8.338269219245204, 7.839926359402208, 7.71642540402246, 7.341699696273407, 7.8760654086832425, 6.158323102514251, 8.147407428022841, 6.97098716167462, 5.416434650647359, 7.478987183219905
9.315840844237936, 6.052005154642174, 0, 5.728204374656861, 1.2616962350523844, 0, 1.9413400097788702, 1.4648445318696957, 1.6067168652369317, 5.2157478297970705, 5.939388714225711, 5.359589590067089, 0, 8.228812872529858, 5.357524412480899, 7.96156033077798, 5.514292399034078, 4.837708248513296, 1.5497065927223252, 1.5101191102288662, 2.4217322806054593, 2.278624027987384, 5.899353843571207, 5.5816305183675174, 1.7593190096942832, 7.752061950002441, 1.895551124655047, 8.086705059358806, 0, 2.7588975137513416, 1.6830950450112687, 1.624841744094422, 0, 2.0911390805450996, 1.545104693935498, 1.7919068513905034, 5.341865590429538, 2.07606944749104, 1.6435558933631835, 1.6856161925335225, 2.3310555219028744, 1.6264928016493736, 5.2132406124300115, 2.148450031584673, 1.5855794157606444, 0, 3.101596859564886, 1.8709312670284304, 4.611855419658763, 1.7002521911073565, 2.4184756920782475, 6.395987683372288, 1.9563707657958174, 7.411541087792306, 0, 2.5693669500445764, 4.664111259284856, 6.037020067194463, 4.758632451218514, 1.4831024483590747, 1.8402069027150925, 4.980658977106979, 2.2244857383679495, 0, 5.0572875922063325, 1.5266444370672008, 2.235400108619856, 6.58645495165438, 6.47861091476738, 5.770862733133859, 6.188482584938716, 5.490653934013916, 6.630223407431889, 6.318376056710953, 1.3101238723163384, 1.5927160633955766, 1.7917485345430957, 2.4295077044004167, 2.037590877275145, 5.040928583635456, 3.6521369002612705, 1.9573949706678226, 0, 1.7165570679926856, 5.1817316171366405, 5.370183808650675, 7.670203445216862, 1.680702448395456, 0, 1.7900528125389372, 1.6531222660077898, 5.967260989297442, 1.7743345055871773, 3.549525399637401, 2.827127334380662, 2.987081618514089, 0, 0, 2.207452956506622, 2.1296306132362868, 1.6169282424952982, 2.898431196304729, 0, 1.6655198904450934, 0, 1.600779956381727, 5.34961120143804, 0, 1.6659088915834066, 1.356921030032229, 3.40763772492302, 2.0462674906074727, 1.5489178203615892, 1.731795496176282, 1.4849148097858187, 6.488269939854849, 5.519516111203325, 5.548509308958119, 5.147393517784265, 4.8060222036433675, 5.531304784469763, 2.0731945044518048, 5.451113326822085, 0, 1.9040702574435358, 4.962064273676153
9.712565084599396, 6.71705306632019, 5.681952515921343, 6.472313928322235, 2.325085497205884, 4.876874373486974, 2.8978065510990154, 2.4168896211513498, 2.531037529319465, 6.283810180167424, 7.033809097510372, 6.3365831091676705, 3.5048273585668452, 9.043563505127223, 6.033914164649117, 8.017583564698837, 6.099201966431976, 5.808879912013192, 2.7287757706458957, 1.8318559190585615, 5.165973227741235, 5.043639738047502, 6.4276042379701925, 6.200142148912753, 1.8392654679155631, 8.254831251159375, 2.9886155070007616, 7.987127958934831, 2.5074538479265653, 0, 2.8959174923040885, 2.4905883752351476, 4.077204281566093, 3.3457691688390687, 2.4251009558438157, 2.6545817732257224, 4.6324770302591265, 3.226936433822882, 2.1206118790024964, 2.10643581911253, 2.791028325722557, 2.5690830463301966, 5.865758107067016, 4.867270970659846, 2.139708195425582, 3.9176896093722755, 6.117858553762987, 0, 5.75523043082078, 2.408144925073837, 3.3375576124329966, 6.1179576160187485, 2.8406943010147616, 7.917588300887756, 0, 2.175516555987795, 4.960626242292085, 6.3743893725277205, 5.50509497158675, 1.8212396201160193, 2.4060841334918837, 5.924923892517207, 2.397979919081057, 4.8066796111514165, 6.047246064133822, 2.1986035312480245, 2.201147364700765, 6.947977385705614, 7.06435527438019, 6.864485295556119, 6.983163992272067, 5.641094875867682, 7.3586996561517735, 6.9353516464370015, 2.0640443817550786, 1.9408459108159177, 2.738404822514159, 3.1808963659853475, 2.5529949334418065, 5.454059161310895, 4.3771079419728744, 3.1262764033941255, 2.3691049474516, 2.350378797028733, 5.824457243106451, 6.3388135835628985, 7.8136407543701365, 3.1193280914177173, 2.874325657835048, 2.512262081104977, 2.13423165205359, 6.478631973013046, 2.5025538117798285, 5.399144638062451, 2.624611258612416, 2.7319870548579486, 2.7945010358266, 2.751628810328385, 3.0702756804215396, 3.3172557490715873, 2.2786366668780267, 2.814893695571979, 5.191297547504617, 2.7560640656292694, 5.101155888438678, 2.5601381747749627, 6.209102694455939, 0, 2.2528264092683696, 2.1065777385314965, 4.420477902260571, 5.231905830299849, 1.6408613092596342, 2.759911456507298, 2.170170462839442, 7.469143870325297, 6.336820791495494, 6.217551647061997, 6.054871857019545, 5.559664264851876, 6.030339878442441, 3.7083219094118363, 6.189119840814349, 5.087018794312353, 2.0881171385914032, 5.675896682013334
8.373121240325723, 4.739888640530526, 2.1151254357548206, 3.32192675661353, 1.710652963698166, 2.062631150067486, 2.046863687936924, 1.7031377492610134, 1.5930662047401052, 2.6132757984767907, 5.253052194197689, 3.4661311387296796, 1.8736483222865081, 7.370425263141674, 0, 6.764544545366012, 2.0294154916648024, 2.6873734988786606, 1.6683095823901481, 1.4972470088367347, 2.3124228009196544, 2.078534043829415, 3.439401521262356, 0, 1.7350051132197881, 7.015839583740944, 1.9247808247530216, 6.592433225886832, 1.8821149873171328, 2.433796881278478, 0, 1.8012698265854459, 2.254751428256851, 1.9150726999445549, 1.4466183128636416, 1.8748663148759477, 4.720532188720913, 2.0633567675009297, 1.3785624123965126, 1.8275183040610827, 2.211010194866361, 1.797796988955477, 2.4541129459840305, 1.9915253580993848, 1.485350060507267, 1.9686655068561583, 2.7679194870049595, 1.713424152197048, 3.0210486681808773, 1.6390739829412155, 1.817180846798554, 5.065253834924876, 2.020573388702203, 6.1723586646486375, 1.779731984739943, 1.6610369787073704, 1.9265621273125744, 0, 1.74048689181118, 1.5356853728723037, 1.8527949295789665, 3.3605194772392775, 1.6201988976638646, 1.7013154146885219, 3.2972801121961175, 1.5019196451599424, 1.6169854433068886, 5.360335337042372, 4.991787040260208, 0, 5.340968495443673, 0, 3.527211636525345, 4.431607886161627, 1.5978071533597542, 1.473116257810478, 1.6537818122968628, 2.0737230008793675, 1.929314335056241, 1.7486183116355951, 3.07428929388286, 1.9307498260594642, 1.4462038323690423, 1.6686290502607017, 0, 2.481563913613775, 7.145911669242007, 1.187529223921386, 1.7842643668813134, 1.7596695212161655, 1.4697798094371448, 0, 1.4265186365461473, 1.9503169912175844, 1.4756129367419168, 1.9537391139693896, 1.6430069249084256, 1.9441507672325948, 1.890485141083026, 2.273253454589446, 1.3319368794421584, 1.8340440829621398, 2.1232691815599027, 1.8501868708666194, 2.0207746010465493, 1.0354391462717567, 2.212529031964709, 1.6473610556614047, 1.5901639542137236, 1.1276128963642196, 0, 1.5386082502110812, 1.6320233357429919, 1.5598885888330654, 1.2455381710149063, 5.591354096298317, 0, 3.3216738165812405, 0, 2.1788979370537502, 0, 2.613533963826973, 0, 2.7197614091563356, 1.8008762948876134, 2.2097097244331323
8.630700508683189, 3.404529779438747, 1.7840378323460468, 2.225191519874988, 1.6272364331579483, 2.130259694412155, 2.2266600135007133, 1.795046827001048, 1.616240547267012, 0, 0, 3.21208745047859, 1.7183912337924392, 7.207607483112024, 2.016474938338855, 6.6136253069953055, 1.8037138086287927, 1.5962442987501368, 2.0615064145543074, 1.7571626606101187, 2.501314054468499, 1.883470719505706, 0, 1.9944311926656288, 1.6818124851985259, 6.572228412451905, 2.0967322694896566, 6.050174782316205, 1.7254231499069623, 2.268233778361642, 1.9666819906781612, 0, 1.876768325939255, 2.166251439329629, 1.6959014709817044, 2.4298425005942548, 3.0135523202731482, 2.0424725663866226, 1.7515881943018512, 2.0260489924725515, 2.1687487897023465, 1.8792150794509654, 2.36653413120552, 2.38540435788958, 1.7201959531359063, 2.0935755157633826, 2.7921246733331846, 1.7165105895467698, 2.0571590336614984, 1.5041264283903706, 2.1956168037945862, 0, 2.1990172059121083, 5.813602641858723, 1.8024568760821578, 1.645617880430222, 2.023984347158954, 0, 1.6631083920786949, 1.6915582700224019, 1.8803936777913264, 0, 1.8332518427440943, 1.4326041312882516, 0, 1.6859287584754126, 1.8667597860508427, 4.3463033420794055, 0, 0, 4.743456253171549, 0, 3.2760596745715, 0, 1.7677564304412818, 1.7873619452485914, 2.057842577938699, 2.221313846419551, 2.2622069481433718, 2.5271300894696545, 2.33992080209608, 1.7668325159050178, 1.4709100466412979, 1.8155479009681923, 1.8909461073691685, 2.440746193163135, 6.728109913208621, 1.7415407238677358, 1.6386510917940706, 1.6993112893305913, 1.7179453834040508, 0, 1.931765139021039, 2.062866493602162, 1.7363552944853946, 2.1741699460964474, 1.7175825295123581, 1.7599800997219275, 2.075165385507875, 2.250550445445093, 1.7633698874302444, 2.185850963369309, 2.1204367393506525, 1.6137125602583835, 1.6584164181105348, 1.6441454157173518, 2.242392884695276, 1.4392856766728175, 2.0570398573921778, 1.7286648876683732, 2.070765906006862, 1.6192219876733822, 1.7262047728937155, 1.7092166148319563, 1.4459680205039736, 5.458113709621244, 0, 0, 2.3454028449668582, 2.3984907404033518, 2.198872553579694, 2.0147619633134504, 0, 1.8110166049475709, 1.652442120047518, 1.8158521383834019
9.90147648747894, 5.671645773289634, 0, 5.389361154830127, 1.406629088184638, 4.94485740886331, 1.8779796759716243, 1.3262646382519063, 1.790897695841367, 5.207398034780205, 6.082617572930937, 6.177412152920127, 1.998073378792871, 7.866990925097252, 5.634342769513786, 7.3239311815788195, 4.99006959890942, 4.143188319071367, 0, 1.4001430954475262, 0, 0, 5.278920542618928, 5.109472044763956, 1.5385642891683473, 8.05184593572583, 2.4400199792650823, 7.106121258682375, 2.0384329122650193, 3.877564859740784, 1.6597510715411428, 1.3867228848064304, 0, 2.552940444460405, 1.4299502928498276, 2.038811125698241, 5.662573887891398, 0, 1.3378855301111316, 1.8405430372744571, 2.333220387619656, 1.5596125379307515, 5.670396570289636, 2.3595188884084255, 1.512714160876464, 4.845592786524534, 5.501483152230467, 2.258971750549045, 4.842043039341333, 0, 0, 6.321434961936033, 2.294824943639328, 7.500733716459518, 0, 1.7021341023505363, 0, 5.938360108332883, 4.910437209097118, 1.2302157065024844, 1.9543466145548167, 4.814878894295695, 0, 0, 6.266468034716363, 1.4331332924421771, 1.7273420111851892, 6.145798301186118, 6.270992620300286, 5.8938581400855385, 6.704764917845174, 5.64382322611015, 6.041574560597795, 5.597223892293922, 1.5482178769300055, 1.224975794936151, 1.7853435190065796, 2.2358230771682908, 1.9754806331497092, 4.27415364364161, 5.083702890708575, 2.4895225953266698, 3.699668245973436, 0, 5.225739856066642, 5.17931402860332, 7.9765337695318195, 2.021610039097634, 2.0579990092628315, 0, 1.4241183183818031, 5.609668625972982, 1.521001031256172, 5.556622334895275, 3.0513326720453597, 0, 0, 0, 2.38699550556038, 2.265194783655276, 1.7283236850771884, 0, 0, 0, 4.034748759075044, 0, 5.287260146474307, 4.301906427477243, 1.3792197159494974, 0, 3.849067645637073, 4.773809970915002, 1.6559601294233222, 1.759176976937535, 1.5949284590168784, 6.766136729089272, 6.053955649193908, 5.29286791485893, 4.383748779366685, 4.307504542679171, 5.091819913723909, 0, 5.557743166402997, 0, 1.3606900542888078, 5.093074123507092
10.03351182478609, 6.738165127994036, 5.050046523575527, 5.929986226776649, 2.045525328399144, 2.9646865751403433, 2.3080828314143433, 2.1597121492675035, 2.0596249417381616, 6.416388089152901, 6.502917459777548, 6.155436350187013, 2.7647556661201866, 9.79751371501982, 0, 8.48900508505405, 5.654520017110457, 5.042067929917226, 2.2411680219701298, 1.669682227022008, 2.9593510068087077, 5.038978033006688, 6.230893825222279, 5.6118332902120684, 1.798594356202334, 7.089134573734334, 2.154273825640815, 7.432578950146312, 1.7496098196644985, 3.6304654583353813, 2.078315790852295, 1.9726515179073432, 2.602269199143566, 0, 1.578463660175473, 2.4423591642528053, 4.151106198930123, 2.2745705114155332, 2.0542379713315024, 2.253693975442374, 2.554706491416012, 2.324980528165829, 5.4428602352526205, 2.798634996114781, 1.6690838601552642, 0, 5.412115638521494, 1.812438214361446, 5.210786490125894, 1.8795294152764412, 3.0755786494711055, 5.024666362314501, 2.3783314201704218, 6.875643700517194, 0, 1.6785570424427116, 3.2774271228485796, 6.2184005398380435, 5.176140853484984, 1.8707850509578092, 2.0795833716553336, 5.513194652022488, 2.1258357182060883, 2.0535742200432225, 6.373666882898343, 1.8343160729006682, 2.110458693936631, 6.575167054050024, 6.308893151750523, 6.305582253910789, 6.963273167203389, 5.647184761531409, 6.366113353411264, 6.463079268662483, 1.8096681109745443, 1.5661901663906161, 2.201076862186414, 2.8361668018547, 2.035321932251881, 4.911692893592489, 4.518442350599277, 2.1351337908795105, 1.638974722480318, 2.2309184096712817, 5.572792461025665, 5.621424446242502, 7.594591507109482, 1.7259285432589873, 2.4669925331542646, 0, 1.6576143426122076, 5.953904829301455, 2.036403843681499, 5.320750077233869, 1.93161218704636, 2.3163494460428162, 0, 2.0299028373609618, 2.3704676918540315, 2.3726220568553726, 1.8151428339550133, 2.6655309223426698, 4.805976619285379, 0, 2.3409371828697703, 1.4826539434503443, 5.536854350656061, 0, 2.098540445638839, 1.9906244119060097, 3.3585288640541573, 4.205680718454369, 1.6180311333393222, 2.18924436360923, 1.8201377415254403, 7.0321094655365455, 6.637270796075788, 5.919959570968109, 5.85665191435788, 5.210741357636831, 5.791316843746907, 4.760655446645587, 5.913929800254024, 5.146499999537062, 2.066463859352051, 5.643112405898941
8.714924748820383, 4.253497977019079, 1.9445996457092247, 3.260258752711633, 1.5168006025815255, 2.2071480073162566, 1.7890515905561213, 1.758724392514065, 1.8419442617731192, 2.8653521341180075, 5.061161068028811, 2.985005061522923, 2.0332204252290698, 7.56542821079117, 0, 6.823096339582025, 0, 0, 1.817897052937178, 1.6021735897307372, 2.507907144122855, 2.064584461401288, 5.0222794311754395, 0, 1.6704033112585008, 6.854854527575449, 1.7987393779655112, 6.31489100293689, 1.8192045072364558, 2.216731731453931, 1.8302559366066886, 1.7382560456290392, 1.9806660023763294, 2.0713294602195416, 0, 1.8936923517066229, 3.1331822585408062, 1.8418037716549402, 1.6562157836183935, 1.9299476432683176, 2.1011416854403886, 2.0761432057251104, 2.6484721498990447, 2.4378796510375844, 1.4570808058591023, 2.253932864669926, 2.8583614880799915, 1.8894914816069448, 0, 1.490500907562757, 2.1357326029842363, 5.19395144778343, 1.8448099648375578, 6.298627700891735, 1.590981811878133, 1.5180900709589604, 1.971626953677787, 0, 2.5602805648392657, 1.5729052641154952, 1.586591499890257, 3.13969963431283, 1.667341773598275, 1.3465078525182859, 0, 1.4879128083335764, 2.0634592799084905, 5.317910621054452, 4.96966087402846, 4.920269707978916, 5.408023578864863, 2.2560499366028544, 0, 5.1456111609154265, 1.36774131887, 1.6146017016501306, 1.8448401290493945, 1.8793822718517939, 1.5921462501049197, 0, 2.1464770916737734, 1.973747002354916, 1.3950661427264048, 1.6019076321491588, 2.365076359155318, 2.637388857112603, 6.638950786252763, 1.4706967815502856, 1.8244620841856993, 1.7628024604126293, 1.5905495585665987, 0, 1.4595206334846467, 2.2117609982392814, 1.5023264769557076, 1.7194773501418483, 1.6195338847772944, 1.8418389351215896, 1.7028028602882435, 2.4947160353515043, 1.3537474881055762, 1.8489665311197623, 1.932392758770241, 1.4798468283704662, 1.967886652857256, 1.3425464539518286, 2.3394360583666023, 1.3955615008423476, 1.8420918453082022, 1.457011589221006, 1.8065034403829507, 1.7412367246710965, 1.6444652824263897, 1.864082602439302, 1.4108237005370563, 5.550108878951966, 5.095677677689647, 0, 2.605091217784748, 2.3070428454105527, 0, 2.12986825343688, 2.254284391733141, 0, 1.7352845827618772, 2.1467547274879433
8.951372098846564, 5.618364219277776, 2.3304430606765987, 3.6982081099665334, 1.9841645987955308, 2.9208105012341785, 2.5989018808067947, 2.1244113532412214, 2.055648799710176, 4.940767884550578, 5.3029338020470185, 3.651069718736748, 2.1599580495621225, 7.276261481390543, 0, 7.376007560984428, 2.4895578397564786, 1.9652960450154762, 2.2566521176943803, 1.8271160499712011, 2.8581651080119266, 2.172382743826151, 5.159731411787692, 0, 1.6672454355080684, 6.771527727719105, 2.1598584902313913, 6.503156081411444, 2.2184605477823833, 2.563647683748827, 2.402414913888809, 2.254477846863681, 2.6664671814525884, 2.250193806550219, 1.7627038804420398, 0, 3.5611197164802144, 2.148621578613113, 1.9570737508704292, 2.2101130851327957, 2.5169170713330575, 2.347044340258326, 2.9498157509358105, 2.5425652903953573, 1.7869576724144463, 2.569948833153962, 3.1369532589092555, 1.870247115500007, 2.2777304747036595, 1.917925810342968, 2.254423255079066, 0, 2.485678069462574, 6.302292374579587, 1.8949834943456305, 1.8641253974180207, 2.205033865407295, 4.857301015830646, 0, 1.729300284607017, 2.069906844639808, 0, 1.982131272341887, 1.8576450845330894, 0, 1.8087480528926332, 2.0786995134828405, 5.365037008861389, 4.5456550382201355, 4.969483923165413, 5.3515303597186366, 0, 5.217844198157047, 5.146616276142867, 2.008022149940512, 1.7860997191682775, 2.1551945005039745, 2.5926674774831278, 2.3634235782144595, 0, 2.7867507303044268, 2.2442364022218984, 1.5382402090730052, 1.7206082423599582, 0, 4.787886562780658, 6.924248818584972, 1.901884882812266, 2.1990605533724352, 2.223855239762924, 1.7889270424260804, 0, 2.0164249690542606, 2.8375190626557893, 1.9107595550146808, 2.4406979471366803, 1.8058473757093345, 2.082968404740978, 2.325165913253082, 2.5878588940389426, 1.861198701811591, 2.2487112942671037, 2.1306197482458233, 1.656269817397777, 1.9925970628524572, 1.8150522077551214, 2.5407121255177683, 1.5780124937501474, 2.259887093547487, 1.8113182254280786, 2.309264255804636, 1.8665549504995456, 1.7076781218602108, 2.0829733227435807, 1.776881240024082, 5.9635849895997985, 5.320175895173392, 2.5566849562026306, 2.869952159114214, 2.802903498205702, 2.9226071372331344, 0, 0, 2.092958067146369, 1.8693492373708365, 2.288443689597774
10.390816587056767, 7.634235874625772, 6.238132098876926, 7.636381949995473, 2.393288124159416, 5.958305027598046, 3.9476604620056697, 2.1164039611142633, 0, 7.256238751587726, 7.0504053946649154, 7.964698872523469, 6.149094192690668, 8.845101430946862, 7.061865779303056, 9.568171016020957, 7.2931009507133675, 6.550552879044806, 2.690590687348687, 2.5606775383449425, 6.020588494511029, 6.485738221994415, 7.58858084369111, 7.149392018746492, 1.8310626273900703, 9.043203943837485, 4.834015673802458, 8.471970866706402, 5.275134319177447, 4.715589026211974, 0, 3.0791941022060776, 5.905704480206043, 4.305062379957108, 0, 0, 0, 3.7615955750281493, 2.300259096612424, 2.735277440874693, 3.010043377057517, 2.3926431711083627, 6.7731504102142965, 5.9494428619557205, 0, 5.722006840780682, 6.946302004766955, 4.841589193263413, 6.834308378978098, 5.192303248985507, 5.748990693151515, 7.028217193553362, 3.6134326710606497, 8.15400892238287, 5.942018334605754, 0, 5.8936060109207435, 7.385819495588815, 6.439546851354987, 2.078405388888017, 3.64118388612967, 6.9269063009840774, 0, 5.951840077344891, 7.667764328510527, 0, 2.95501272744859, 8.13285485703279, 8.030656455479617, 7.777387666478372, 8.023735662590031, 7.748092126128794, 7.750318124097506, 7.494021004373163, 2.899964949729571, 0, 0, 3.1989792832948183, 3.38468907124113, 6.17029498680483, 6.309836612484922, 4.597085359391042, 4.6610068271657354, 5.549092049458864, 6.886697402151486, 7.293600855424454, 8.620678114620016, 4.874956656047168, 5.892886026726127, 5.069191590830921, 2.350739010801161, 7.0522956248663835, 0, 6.666942820545683, 5.3541371736838865, 5.142765925513145, 5.95559378940097, 5.284333924743121, 4.066157829445839, 5.000273018603809, 3.325674270290978, 4.95841984721896, 6.706299002808798, 5.358512738317651, 6.316344401213044, 3.4807162016806314, 7.2636027556727285, 5.546608261957465, 1.982987695778829, 2.7357853681633304, 5.984683401858244, 6.538731871309646, 2.144442544386021, 5.259469589743985, 2.460105866374047, 8.82227142796526, 7.343368088550776, 7.2840500636260135, 7.286756608202686, 6.643294316312707, 7.6798311352922255, 6.552337851569265, 7.483562930496602, 6.599909851486561, 2.883170962756207, 7.160002366131798
9.642736393623746, 5.644845599434081, 2.6000882421090092, 5.624500003751814, 1.9869793336317714, 2.7327634704779054, 2.4085165536473925, 1.839251589225656, 1.9657213784069896, 5.21588400478703, 5.7481226933804805, 5.405516767989897, 2.432025203861996, 7.979399309896194, 4.972578439448136, 7.6103991285892665, 0, 0, 2.1321152182058967, 1.4865002543871055, 2.41229778680078, 2.4378690396193634, 5.319403670579325, 2.669431465747313, 1.7700293130881986, 7.324737295108472, 2.2395585848056174, 7.121108798338644, 2.3512664111957005, 3.280454508127077, 2.357026675866212, 2.098884046092745, 2.5105673885842656, 2.4359809763745734, 1.6395467452774768, 2.289451059946637, 0, 0, 1.50007337582073, 1.9203063405031828, 2.489219073407565, 1.9710570509555276, 4.912632685509208, 2.8070603395210427, 1.418664335401443, 2.359442231431599, 3.2336867832063754, 1.8846896779841047, 4.142232212060937, 1.7797643596171293, 2.137763061572094, 5.31770007733998, 2.1269845801614604, 6.795370859828128, 2.2749052106405356, 1.8045499149513764, 2.4083006609572166, 4.9938850591478925, 2.381364065531147, 1.5951118599005885, 1.558288011487282, 5.170844669803992, 1.832052882081036, 1.7475906914345154, 5.343870057143798, 1.8526641040246088, 1.7036311636787322, 6.043197491471537, 6.037141250321523, 5.388003397697947, 5.700511927512439, 5.014749631520686, 5.821094086184851, 5.854078281253396, 1.629742595173802, 1.6785270910992427, 1.8600474206114057, 2.305546782310976, 2.182178708594798, 0, 3.268560902346528, 2.0685860880136486, 1.8397078458761287, 2.291750465334287, 0, 4.8826459326752705, 7.366063447523268, 0, 2.392803965725576, 1.750984602643289, 1.6457751039897957, 5.4333645286506504, 1.4977978550423634, 3.375790904965513, 1.6868570668102587, 2.553274736767498, 2.1824736151422948, 2.0989586990227997, 1.8878809208324632, 2.3616627650561655, 1.5142516508570751, 1.9502597437540576, 2.4439407291969037, 2.1462870300105665, 2.4816569454424324, 1.5050791221578994, 2.9684286142869563, 0, 1.9866397914773957, 1.7482587488011925, 0, 0, 1.5271430818863923, 2.0902295061108687, 1.6334127141225778, 6.802527211196334, 5.732704874972256, 4.793393109809183, 3.328546827597097, 3.0644397525160967, 4.942673165876697, 2.705373450927161, 5.111634643322359, 2.3865302910396324, 1.9001932685143526, 4.703068325767352
8.167636679390611, 1.9349107173690292, 1.8808756153859614, 2.44628460450361, 1.6822664491884782, 1.7549713823627282, 1.4800625114133528, 1.4402824211730407, 1.8903808463220693, 2.1417204333390125, 2.478753708360596, 2.337019466466, 1.7705638315087375, 5.885781734416115, 1.5426955832776887, 5.578867159991319, 0, 1.484419931359737, 1.631769886683704, 1.4570520036030972, 2.0573112052383196, 1.6677902336999408, 2.502444772868053, 1.5312770431792084, 1.509890058908172, 6.233661508390401, 1.7079586050431999, 5.684472304795015, 1.4829206307663665, 1.8363736445730432, 1.5161887953371502, 1.6301651346107238, 1.7714528325107413, 1.787591705602002, 1.4534464734704504, 1.7970769480857982, 0, 1.468567912435064, 0, 1.382421155150935, 1.6788158648587164, 1.6207822276166395, 0, 1.6686538188164945, 1.444101151763697, 1.5379220397512259, 2.406799417843285, 1.4155671010070383, 1.5891670923140093, 1.3515829820726066, 1.589668377087701, 2.538210812368183, 1.5683205494719046, 5.416630697035041, 1.5462382570361906, 1.1614887153721327, 1.5967182314523407, 1.934607452397377, 1.8506655866727115, 1.346832942847512, 1.3264761734637835, 2.7065843607593205, 1.403086295118617, 0.9288313364357095, 1.8266567858386764, 1.435621412009186, 1.1966181223346137, 0, 2.1056227733263686, 2.159759259834752, 2.3932206332180948, 1.9334578830073565, 0, 3.0213962672315815, 1.202707215821758, 1.4549097572397756, 1.4759631181241275, 1.663899258079982, 1.5797778730207943, 1.3558931905940341, 2.3065302855972627, 1.530126091262591, 1.3561281045566964, 1.7230003018535867, 2.272514071291958, 2.0118199400807217, 5.565066891488876, 1.018166513697212, 1.6537834759448946, 1.7855997796802359, 1.550288203737937, 1.7499322897030636, 1.5610833559132657, 2.255479299254571, 1.2610425010711557, 1.4456687904072258, 1.4309651781487185, 1.843120746581712, 1.788492864266148, 1.8056149910182546, 1.2839123291446124, 1.6887002202064536, 1.9335112774113328, 1.5092950871312392, 1.856592893378048, 1.220863373061272, 2.105187087744643, 1.1684842216471563, 1.4770304687551972, 1.5805746621829118, 1.5687185159006942, 1.2182336763834123, 1.4384444561539478, 1.5581664688070767, 1.4870786810587364, 2.1958029865082116, 0, 1.741917252567036, 2.083415389432641, 2.074522209627849, 1.9472774989931658, 1.683376911190808, 2.3167862343568104, 1.5005139049816139, 1.6537843018307998, 1.529077610076028
8.812506140693843, 5.247856470435586, 2.2760701250264717, 4.941180036536611, 1.8187033897106215, 2.1985346618601183, 1.9819460888439164, 1.7746782520234363, 1.5991534290984089, 5.044810913572578, 4.9220843540155705, 4.366414709325055, 2.365642260953172, 7.690214266699813, 4.147682515399472, 7.187462340392382, 4.373303200177455, 2.4959584322777353, 1.8904942241496916, 1.6748878092454635, 2.842918480187979, 2.6425290596541395, 5.332541114126753, 0, 1.5923316848324056, 7.4339549499882205, 2.0909447714570923, 7.032619664543556, 1.7073213036043233, 2.1656251404839053, 2.1250340528019502, 1.7328360368430857, 2.101016963479817, 1.6038661709529367, 1.4578591183312086, 1.7436731466163033, 0, 1.6772800376871457, 1.7683520011410907, 0, 1.8524972383108889, 1.641404069832803, 2.6440579843603267, 1.73345230623111, 1.1893353062646026, 1.7577146129233756, 3.2183132681229627, 1.6013285372160029, 0, 1.5688074510347074, 1.8035259781387116, 4.79509913595539, 1.7648424546966512, 6.540366768481749, 1.9449678862901119, 1.431660947481666, 0, 5.103166785021099, 2.10144693559802, 1.4541101821442983, 1.5118259144761002, 5.210351966712783, 2.1373421221701108, 1.609724965436786, 4.506871511299009, 2.0392530152158987, 1.3863424886300582, 5.905454003726723, 5.247444079629952, 5.372841194297251, 5.4460569486556665, 4.808952064945522, 6.091558825555508, 5.519061843793422, 1.4008602570216622, 1.4220076042386423, 1.712290624135262, 2.122863720406315, 1.774080678639326, 0, 0, 2.0323034341914084, 1.1907024589756179, 1.9769395926718218, 2.309551409625778, 3.092562264329347, 7.0136571777947925, 1.1311504645839137, 1.9803542885976337, 1.7677109492853442, 1.359476043017321, 4.5526907067760725, 1.593015566465667, 2.3795602863093737, 1.4515803029507253, 1.7309021474598472, 1.769059235053765, 1.632927424677772, 1.825544075799302, 2.041567496024848, 1.6581770239023668, 1.9412587038654148, 2.236234304972009, 1.6906154246761462, 2.0459825307244803, 1.046288725156364, 2.9094911965709156, 0, 1.6113481769059537, 1.5295990201271148, 0, 1.6305775390583948, 1.454793857627918, 1.8379931368846876, 1.3032868642844508, 5.941548673423242, 5.57300927071994, 4.790073312486982, 4.3487485746232935, 2.7349391297185908, 2.9513047188130606, 2.3439161861378937, 4.794221685587822, 2.5010263054734785, 1.5927161079867553, 2.2564967131936537
9.090812629049951, 5.357599772520961, 1.9870918242174076, 5.0462714496634105, 1.809160502695865, 1.9202282451798087, 1.7852959393141121, 1.5687405389467293, 1.2664722932173087, 4.5711644381214915, 5.011931901528278, 0, 1.787157452731363, 7.3375150383565275, 2.247926965175175, 7.03243452291239, 0, 0, 1.8810843042280732, 1.3438161259240908, 1.9016060104031876, 1.9210939962936713, 4.714932129816833, 2.010581564889139, 1.5721292525397483, 6.466558389776596, 1.6468532122519004, 6.478221346197494, 1.3982122461722928, 2.001906467790121, 2.0129450736356613, 1.667382509586745, 1.918001960562311, 1.7320847946398037, 1.2876830761078266, 1.614255346391593, 0, 2.0281016641791227, 1.6334616331737786, 1.7569398730346117, 0, 1.577048279924993, 0, 1.6879987814117843, 1.617168907813712, 1.6775219267854142, 0, 1.724280220311659, 2.0169303741131266, 1.1599698478398652, 2.166066944360306, 4.289742066682243, 1.812656989799512, 5.798687190121471, 1.725743242627822, 1.6026836184526496, 0, 4.772183901132229, 1.6239838922513439, 1.7520123398712697, 1.6859920321614026, 2.227847302378561, 2.0686818962091715, 1.4572421008073437, 4.562289168399765, 1.3914306093372222, 1.4630487054582186, 5.476658562448761, 5.239761641091619, 4.824385485580184, 5.318292380885511, 4.441359103534972, 5.700195184635439, 5.610128872692167, 1.5523820845899405, 1.353426506196188, 1.585690922515053, 2.2655123929396233, 2.0246644000708756, 0, 1.8762913805090906, 1.696204751926367, 1.0906169882059062, 1.8161102585229156, 0, 2.122603535097557, 6.252839182420898, 1.3953311431816766, 2.138576573042424, 1.7018829211339448, 1.585768671939971, 5.082917425448149, 1.368715357428326, 0, 1.4566510725604622, 1.9508906581313323, 1.269552482618163, 1.631463743651857, 2.075387714949438, 1.8816342634275411, 1.4854464361585653, 1.8236269479516523, 1.8174681011890688, 1.606993313244027, 2.009913524754035, 1.3547470976514184, 2.225241921303632, 1.5503470714149954, 1.9440076391725867, 1.617506331338967, 1.7531601888007589, 1.3936209608987395, 1.490121528428667, 1.6681967754954883, 1.398866727490063, 5.551368438577706, 4.761534880052208, 3.820609779610947, 0, 2.4234233456131427, 4.827465169476304, 1.9557018226199627, 4.297960811042643, 1.8456070906297204, 1.698713291978962, 1.926361241844946
8.021332939950971, 2.6040011749724523, 2.1219164533208343, 2.118649551218802, 1.1101097831916693, 0, 1.1684215044444801, 1.2226031268637716, 1.000557895222266, 2.3656276015503246, 2.6242748652062624, 2.2604198971947382, 1.664711748319538, 6.2604275499768045, 2.3888540906515607, 6.581103803810289, 1.79515867829161, 1.9184814648507225, 0.9891254369069669, 1.3701058724671453, 2.2594748018238384, 2.106982604347915, 2.491278503450278, 1.8255217791192526, 1.5978740987448725, 6.786939090869396, 1.6183555766034605, 6.304096639187524, 1.3247466474797425, 2.0351695953693683, 1.6577208391931575, 1.3017171547684119, 1.6201396736736768, 1.3992859980002843, 1.271565778819159, 1.2003917798646149, 0, 1.4486783284027847, 1.5827121281792251, 1.4876307413691188, 1.5571191756018419, 0, 2.0576521788607613, 1.3196364481854554, 1.139070067709604, 1.4557143311051666, 2.1965186585116867, 1.2498422943373213, 1.84875848925015, 1.5191256048106272, 1.839975709456134, 2.895065097068778, 1.4454502021642681, 5.723608566647228, 1.5441318973144618, 1.108685354107802, 1.7451950224751398, 2.2557874048179785, 1.7465032964507337, 1.3482830458146984, 1.3502867918129065, 1.9684672812934867, 1.5588660166141903, 1.5560560671721901, 0, 1.4533019644317775, 1.3469318096338512, 0, 2.560167709715584, 2.061062103484081, 0, 0, 4.834835424303497, 0, 1.0424825706356178, 1.3007333889415622, 1.2705585556287857, 1.549533415179317, 1.4843664154917244, 1.5629091675039415, 2.7167827787910817, 1.4221056258192613, 1.3390512266444683, 1.5195647989767358, 0, 1.9463530060779728, 5.875478271714729, 1.036416059384215, 1.6439433254413744, 1.1946385625938079, 1.279593483008926, 0, 1.1150984865618827, 2.528841797734821, 1.1412027944397298, 1.2895958000511416, 1.4840943283262147, 1.9314841828987257, 1.5019849332713313, 1.471824142003641, 1.2285472324098117, 1.7315113777939246, 1.5456173106789477, 1.7116236763854566, 1.9364390162927738, 0.9402831643248968, 2.0367689430841187, 1.317826819640968, 1.237719281481214, 1.275909733860053, 2.675361196293124, 1.1670267793883347, 1.4565354682663008, 1.424021371546023, 1.2208582732762272, 5.03034092067512, 0, 2.044357782049745, 2.2284877907529337, 2.086102611782047, 1.884273690121089, 1.9859169743204435, 0, 1.8825091115303667, 1.489644977887486, 1.8752253639936718
9.164792738141827, 7.469618941875498, 5.968493504052084, 6.880042708583137, 1.9694659094009437, 5.97719458654307, 5.22654108150063, 0, 0, 7.006696731374084, 7.031625428572185, 7.039147994398654, 5.167446919191935, 9.010741284398703, 6.389251641567654, 7.987652354486586, 6.26294937147583, 6.381386056371181, 0, 0, 5.764597889938215, 5.630108229785029, 7.053355615827378, 6.584968350798309, 1.4223955308283578, 9.05943885438721, 4.9426825355209445, 8.798357683571066, 5.238578781571748, 5.895093572546483, 0, 0, 6.003119902333412, 5.689230739346587, 0, 0, 6.637826437230739, 5.192782981327766, 2.6292967047750984, 0, 3.307119581919493, 0, 0, 5.598676801173505, 1.8110045426943462, 6.028633849160505, 6.670078871172098, 2.997331975260303, 6.572489797304644, 5.0350735802887385, 5.645159766670263, 7.938080177575169, 4.972736266718866, 8.84643617105269, 5.399197352149317, 0, 5.854594798061431, 7.175828485769127, 6.226332648049463, 1.186664012993477, 5.408635379558484, 6.397277485317708, 5.1151074858771945, 5.740748011870095, 6.93201230955395, 0, 0, 7.611427198546933, 7.287185974010202, 6.926217842777163, 7.924026225068318, 6.760862187017442, 7.345995119723083, 7.1010007759058995, 0, 1.765244050649151, 0, 2.930297083923366, 0, 5.987497032396851, 6.402858629001525, 4.778879236693554, 5.15504435282275, 5.313179961368247, 6.564102296632188, 6.9196810533467925, 8.335757836971862, 5.0653020651150396, 5.719249877954853, 5.1326288000717035, 0, 6.888357761694849, 0, 6.647197709280753, 5.209384065694742, 5.249414844334763, 5.245185190963859, 5.8659375058929655, 5.217846683264271, 5.263025025938731, 0, 4.8674148542362135, 5.807364055919863, 0, 5.7203475866541575, 5.443070447372799, 6.511321571729632, 6.237018851737554, 0, 1.6281044803290954, 6.259064929304224, 5.793068495957805, 1.498645039398153, 5.031170160988654, 4.840696045949962, 7.733424305536007, 7.231068728544692, 7.09426053335995, 6.2963291490997975, 6.282014373239108, 6.6798920803701725, 5.50861989547585, 6.545403262999575, 5.920794375414005, 0, 6.012372814040507
8.768729983957787, 6.219306037547717, 3.4520076758451053, 6.24005378259235, 0.9723121234548655, 5.061593633916719, 1.9406668539228868, 1.0938107704712754, 1.5227144311193783, 5.3007024794271596, 6.597941136020393, 5.68651664883324, 2.7858536365061757, 8.134390868639404, 5.701680449966339, 7.9410432283188745, 5.324787153931207, 5.116135667040684, 0, 1.3554237823700421, 0, 4.7671529384976035, 6.120547232825677, 5.342765084961887, 1.366638865318028, 7.937228847799501, 0, 7.783525673268048, 0, 4.824313428659444, 1.44838182268246, 1.3410604075217614, 0, 2.4938844167822887, 1.1822495582223826, 1.6821293308787775, 5.450280706558681, 0, 1.2131252483921173, 0, 2.0585657465604323, 1.6313469487181622, 5.829066788970864, 0, 1.1190770113405906, 0, 5.764373535049317, 0, 5.375779363085929, 2.6870638620028475, 0, 6.0594875739985765, 1.7796320476685197, 7.424183617797176, 3.0950580322894385, 1.5139013275125868, 4.92101253247685, 6.065862123379288, 5.1153920053536215, 0.90866855082329, 0, 5.585840337708394, 0, 0, 6.240518007888294, 2.279722638802388, 1.3953966442335979, 6.608794864675847, 6.710022168851831, 5.979169905016257, 6.496201059441828, 5.779194043668101, 5.9266957444514405, 6.489927025016177, 1.3717715551769896, 1.3033394627452166, 1.6014606656976458, 1.9887253087323236, 0, 5.033737136642003, 5.112507402628061, 1.790787086884739, 0, 0, 5.290678499402142, 5.646820408412655, 7.637711660693971, 0, 3.832677568230461, 0, 1.5814134612069233, 5.732801348256834, 0, 4.4393687227289185, 0, 0, 0, 0, 0, 0, 1.3518576183126183, 0, 0, 2.6572524489146097, 3.3316386865779664, 0, 5.43396903716137, 0, 1.2344789744292815, 0.8621299120155306, 5.048775153455954, 0, 1.4753304325436511, 0, 0, 6.751418299790576, 6.443663452556576, 5.352140772955203, 5.458086830019803, 5.023843017940898, 5.826570541388055, 0, 5.755777862629787, 4.820391479857693, 1.4426530017186154, 5.112620675235255
8.789628546833361, 3.3315930181269096, 1.67903572521768, 2.077406658899868, 1.7024362577784042, 1.8527648601205444, 1.8301702664175283, 1.7144982826503306, 1.711985157041017, 2.2543703732802336, 4.04382941186879, 3.1072552823131323, 1.797740972251297, 7.607259058004711, 0, 6.61503704113674, 2.569152330961532, 0, 1.6232520009611842, 1.563073983842631, 2.269242741608283, 1.8235655607311105, 0, 2.5435475954799993, 1.6280252669082569, 6.527862653342463, 1.766506236347823, 5.874033404204783, 1.5058635899365058, 2.061807112339122, 1.8473678116701269, 1.779158723196987, 1.9835291694014827, 1.9987944020467696, 1.521202681470696, 1.895821284540221, 2.758571355219562, 1.8794616257339136, 1.7657130233455425, 1.8809162729711608, 2.2588440986081286, 1.8488450135367824, 2.1555301982061144, 2.209451467375374, 0, 1.7133320553181401, 2.5964909718082287, 1.518341443876444, 2.5373227257666477, 1.2735410357641608, 2.1019672147366295, 0, 2.074643533317999, 5.479190709357312, 1.4148478132493156, 1.5830561481978225, 1.8065826952755144, 2.819368814299149, 1.810045980145258, 1.671776829097012, 1.7831895223214322, 2.6397497310343145, 2.0072654635280696, 1.5237990321414272, 2.032882747312975, 1.4691094008082801, 1.8166099567189053, 4.73220615991335, 2.153929169355607, 0, 2.341380807016823, 2.1844864955208827, 4.1231547226272856, 4.854497823985387, 1.5309722833584962, 1.6632469555530744, 1.878674471274485, 2.275666950347983, 1.9023164581207026, 1.648829796473277, 2.1159791267196515, 1.9814744483078446, 1.355694229371769, 1.4445442959450907, 1.8847745130834836, 2.241781705973884, 6.042619194541918, 1.6506974318414604, 1.494008966053266, 1.455566262171387, 1.691960107198632, 0, 1.4232699766957617, 2.0270927910330943, 1.6529881281775431, 2.0604540973472463, 1.4809405348805893, 1.9137783183901262, 1.8881159370367535, 2.110045752712474, 1.6607777596550837, 2.1762527889500847, 1.8264005334367244, 1.4453870627514256, 1.7864731059451493, 1.4647271516092641, 1.8785236479402723, 1.2248855055241639, 1.8476046281401617, 1.5432715421496956, 1.778335457644758, 1.4349529267021108, 1.5666232075624278, 1.779463352931383, 1.5479731685748532, 5.229942521483327, 0, 1.8526673081073348, 2.1707771065140533, 2.1302940900342797, 2.2830798378859583, 2.194776530902907, 1.9461527298841206, 1.9431878735847368, 1.7027616207767882, 1.9161008767366003
10.336556536917186, 6.9838926782107364, 5.214994577435041, 6.6946441808383526, 1.5776175741244371, 4.712169268680096, 0, 1.691692855533309, 1.7572217333936782, 6.039029167028566, 6.562042596624451, 5.888195403419817, 2.201934564675695, 8.765919558335328, 5.672491258400562, 8.686119286865164, 5.8662623061124854, 5.780094790501584, 2.1389187868131985, 1.50120749158631, 2.591180387814534, 5.101333575217983, 6.264293982537258, 5.8522004834633305, 1.3968070733101434, 7.5398531686645, 0, 8.035302019640875, 0, 0, 2.2282772014182823, 1.5264425373229804, 4.887152453337581, 3.512882660199012, 1.5466833793229566, 1.7284331177367587, 5.50888895715056, 2.0605692465848016, 1.5710296783530635, 1.9507092951377476, 2.1218588731102876, 1.8490555794480728, 5.306175465700025, 0, 1.2087652221355358, 0, 5.513872243659285, 2.728910960505724, 5.966697325182765, 0, 2.566762405426742, 6.728463939321375, 2.300331873423857, 8.334555152329951, 4.80214588644491, 1.5582019366672246, 5.138306481449534, 6.606726461654287, 5.415459184289171, 1.4698217834749738, 2.0278233558146215, 5.650070172215698, 2.9006600769228763, 5.067139985813083, 5.831303547063975, 0, 2.4091437577353987, 6.822270663437491, 7.237361077149747, 6.54332015459577, 6.653269588753589, 5.89055295401447, 7.213313176173518, 7.024152825165447, 1.5152728132148892, 1.2843108933218386, 2.0434753166631134, 3.237489339952496, 1.9979595181561691, 5.532017690836001, 5.131830016993538, 2.3982914352352798, 0, 1.9701784837328626, 5.79440099395937, 6.045842224885929, 7.327044297820577, 3.1585465621844504, 5.009552729425961, 3.1032595562182625, 1.651113823895102, 6.472781517367663, 1.6472948740389832, 5.258673011597659, 3.2866700134437714, 0, 2.1635361338299037, 0, 3.3425613330669854, 2.357769029756767, 1.5626301182683164, 2.102705785418787, 4.979684815708812, 0, 5.348324974681782, 0, 5.807654981410077, 4.673258036814508, 1.5085840696343564, 1.2914755037140369, 0, 0, 1.3033810781793658, 2.1078745303398505, 1.5226018440092204, 7.267419818908831, 6.5498400790879305, 6.541297523469302, 5.8185666239291205, 5.468196927406974, 5.955826840428156, 4.868266079079037, 6.0836679461284096, 5.26908991506286, 1.8203394690770738, 5.427694830682884
10.843187304028026, 7.348190226027109, 5.448004655103361, 7.086700491597194, 0, 5.441337419501159, 4.80086353350413, 1.4705475536335686, 0, 6.600435260839377, 7.01616056288454, 6.354621558104498, 4.935355755726462, 9.62980053094443, 6.4775256726028685, 8.528015723028899, 6.449650208128631, 6.1550943713857, 0, 0, 4.741727079478997, 5.426720793262387, 6.7596715869521855, 6.337976902448755, 1.360008256976591, 8.20194057171204, 0, 8.565758128191506, 0, 5.012179343821195, 0, 0, 5.393481401223127, 5.354309990915879, 0, 0, 6.188024746155551, 0, 1.3229847711862808, 0, 0, 1.7214548109808396, 6.143838813174351, 5.126086927903069, 1.6188628257203839, 5.234245969539874, 0, 0, 7.120738084044264, 4.945773137039083, 4.924536282840691, 8.326247528911484, 0, 9.131747978004416, 5.3718566197508375, 0, 6.232017825461288, 7.806550708388483, 5.8902303411683885, 0.946964360671221, 4.419088260387343, 5.716371691977604, 0, 5.465261790988868, 6.2165396856664135, 0, 0, 7.169304458729784, 7.866912681133368, 6.9218312243343005, 7.047875114562568, 6.55820972991453, 7.447787871233529, 7.514750978982865, 0, 0, 0, 0, 0, 6.138683964817378, 4.918412312490401, 0, 5.50705658440198, 4.92976589244343, 6.680860216371069, 6.6617882515338565, 8.277168330496794, 4.585811795407034, 5.789398437926121, 0, 1.5652347762902086, 7.115366213247299, 0, 5.6618728408062315, 5.016993267061836, 0, 4.853520679239577, 5.318247991008127, 0, 0, 0, 0, 5.225688699551104, 0, 5.790372137010166, 4.506032690186359, 6.238782719554296, 5.638300817248066, 1.8295678864875555, 1.5099175106093752, 5.445301971722282, 4.741562730065205, 1.671348474022446, 0, 0, 7.208424866103826, 6.513797638314168, 7.093020268237422, 6.880543916094942, 5.940552169252381, 6.425383539818039, 5.315371895954685, 6.704712934228775, 5.540984697999339, 0, 5.824815683413042
8.948214096820358, 5.875272325673667, 2.18734690880875, 5.34330567039833, 1.6502057992126649, 2.389016810095715, 1.8652213511261744, 1.5066296934567007, 1.5101431541412462, 5.3295401573487675, 5.7012166119347665, 5.247303366805926, 2.4146917305905453, 8.217084880284633, 5.137522600798348, 7.893715350813933, 5.1315904839819115, 0, 1.7748885410039636, 1.2417098793832366, 2.540406770103873, 2.1713756285812207, 5.437760219125531, 5.011564887270413, 1.5133711691995502, 7.667056998079316, 1.770129396884428, 7.38373394095161, 1.814353372274287, 3.4338648250722588, 2.1423593965708103, 1.5572509009017494, 2.394461603567207, 0, 1.3267688542185654, 1.510120431754925, 4.757827193911395, 2.067376928493863, 1.6985614066932953, 1.8788349693558402, 2.1010553620659813, 1.7599127857092691, 2.934694002915612, 2.2786445226807968, 1.2158809794489525, 0, 2.977188834850041, 0, 5.157916330535521, 1.7845991700661756, 2.3779370789246834, 5.92403990512546, 1.8055974828949, 6.969674101387113, 1.677195586167213, 1.5207623037297282, 2.0968078804103727, 5.805890694799889, 0, 1.528613118702301, 1.679490582381304, 4.20031957479499, 1.7733245020645083, 1.7488046338118894, 5.164686121648718, 1.588274812158517, 2.227655044248859, 6.226431676123982, 6.229607591640842, 5.636655903347277, 5.869973161481527, 5.223016315677806, 6.127783910166336, 6.147848358975982, 1.0438814366934852, 1.4899369293411182, 1.7788784343936441, 2.1883237895686714, 1.7341945666257594, 4.028232418831841, 2.747142026314155, 1.9502266013690652, 1.4044237558335855, 1.929592705780735, 4.88521358280602, 5.154094197614155, 6.983838680315627, 1.6090205714641619, 1.8608108981028182, 1.8175162375416103, 1.584842180495962, 5.4139796448533914, 1.551756038905282, 0, 1.8138733499784025, 1.8943335765427327, 1.7216203728760753, 2.033510255242936, 1.9926867371062809, 1.7146725037052768, 1.4299305105388598, 2.152341433390512, 0, 1.703744354284348, 2.3945930929404176, 1.391642273270813, 4.9104928807327415, 0, 1.5227058025415512, 1.5963656735459941, 2.1646754918869417, 0, 1.5838717134574916, 1.784024104895585, 1.4892219216592362, 6.4821495299072565, 5.686602120201812, 5.20964007879577, 5.02613125148552, 2.5519927749384816, 5.206637054569333, 2.407173705810816, 5.162656372738892, 2.2879040168464675, 1.7515846430369328, 2.4733726018276996
9.772409647182293, 6.9400632963906705, 5.507768642676517, 6.682974019809451, 1.7407302486211123, 5.88417028273698, 4.052478895288521, 2.010608203005806, 0, 6.09964049622403, 6.859219822834026, 6.861894871291232, 0, 8.61427027968163, 6.153301789603268, 8.15715375209276, 6.252679555942519, 6.080963248343151, 0, 0, 5.738858499278027, 5.264017254236965, 6.756125616091434, 6.477245921343162, 1.6775700406763285, 9.030945604701698, 0, 7.607573373561658, 4.51378047059439, 5.626538807368818, 0, 1.630133620674032, 4.6949051169375835, 5.282662764612826, 0, 0, 6.1321482206804205, 0, 1.6434162057337762, 2.4842048007091204, 2.8028073580805577, 2.070060169246415, 6.7209524887663115, 5.2672467202597915, 2.423449311343873, 5.705111416721462, 6.623798334523881, 4.831790244677636, 0, 4.762712911474711, 4.769064005491359, 6.919824898628672, 4.086400465261547, 8.31281437940938, 4.963683390149817, 0, 5.595333559497495, 6.83046487022545, 5.970795870249904, 1.308989035654431, 0, 6.659726294360138, 0, 4.814154396028726, 6.309632335262621, 3.118788278601492, 1.9925470112610653, 7.213483187564431, 6.611282631610772, 6.514196029660951, 6.977937795042854, 5.983279220451234, 6.670985257694247, 6.767375285141066, 0, 1.7037967606241677, 0, 2.7749249619571352, 0, 5.8107356344605625, 6.069982842608432, 0, 4.710806224875852, 3.52157667426687, 6.3666992878202615, 6.078945205816332, 8.236721328943641, 4.186845845185504, 5.082294999300972, 5.456723573106417, 0, 6.662165980130901, 0, 6.27421320020498, 0, 4.5685497537523965, 5.064836644996401, 5.354673431994984, 4.948101845915905, 5.378914143521544, 0, 4.691606502716043, 5.480822028728678, 3.483824246630324, 5.387271845905878, 5.065822069751343, 6.132731176795293, 5.618491049218473, 2.388687187308033, 1.3570787493031595, 5.795084791081802, 5.94262312549197, 1.785345111988897, 0, 0, 7.505332061084632, 6.834396842052229, 6.2655710734892995, 6.361744517127273, 5.868237456243646, 6.518923247347234, 5.034871197061298, 6.209665286432653, 5.572481140083872, 2.370785695671765, 5.630406650249228
8.898528510336087, 5.291145717025061, 2.2290634273935352, 5.063284063066774, 1.4589048997080063, 0, 1.6744984679972748, 1.5602336635889114, 1.6472939280091565, 4.903651001540155, 5.282098853332681, 4.957594555264483, 1.7292972566606224, 7.63961954631371, 0, 6.935388855212908, 4.6911500926156195, 0, 1.8316963613582045, 1.250193236408601, 0, 3.1115843187241117, 5.318550834662037, 0, 1.4434908937900308, 7.268000448242979, 1.9718148876551114, 6.957502607825381, 1.593783188466768, 2.4805122926599648, 1.5815558235385103, 1.4074366937023497, 2.7947308491781224, 2.037966236293662, 1.4460199015708357, 1.9556089794000568, 4.602522394475733, 1.7367158250935835, 1.6142426621490638, 1.4692060986222841, 2.1970169059008997, 1.6526299816940755, 5.017641090503628, 2.954033839011865, 1.4472526721533023, 2.0593766743660464, 4.883407935192755, 1.6267911376228947, 5.010163711575178, 0, 2.9077177339713707, 5.7968776426350805, 1.955705621338067, 6.495397240454993, 0, 1.364239949533896, 2.349486854025255, 5.459454110575578, 0, 1.3152465639079334, 1.536590453821097, 5.33658287899598, 0, 0, 0, 1.3549553216003973, 1.4962434145845203, 5.7260362609757465, 5.350378277085177, 5.1506502288045555, 5.4618601166821845, 3.5884098706440413, 5.136572388495242, 5.4139834035889525, 1.4031201029585438, 1.3716100345300948, 1.8590936719964701, 2.0278222967715003, 1.700853970106232, 0, 4.874678832085885, 1.440967802374963, 0, 1.4774470428511521, 0, 0, 7.311583385092614, 2.1732637755027753, 2.755324032730968, 0, 1.2967162871318099, 4.787491409863624, 1.6156785708591042, 0, 0, 1.6228991918095246, 0, 1.7218790375273028, 1.8971598213017293, 2.129857353377134, 1.3412130334096453, 1.5482200437850981, 2.088006762226161, 2.4338166343468552, 0, 1.4499087878731292, 0, 0, 1.4667337105571079, 1.6332517919766016, 0, 2.841655732155534, 1.4721897210617125, 0, 1.236026874335669, 6.012443398204172, 5.405843505205142, 4.7972894090011, 0, 3.175141182115771, 0, 2.805936695299538, 3.6103813166076453, 2.946276131887736, 1.5719053994923478, 3.197424608259095
9.864088419058406, 6.404540805945022, 5.163518780612245, 6.3526480717925065, 1.9270333451454356, 3.1295608595638837, 2.3445873856566237, 1.6103894987905853, 1.9006351517952984, 6.360075292658774, 6.650958200083441, 6.521679966030207, 0, 8.84966796969872, 6.05259769771909, 8.267968057816914, 5.939605725503489, 5.3823216123463675, 2.157085850401404, 1.5778022537134822, 2.8564155529219137, 5.082479214176013, 6.284051736653984, 5.916169683352177, 1.7367035912886992, 8.257974609689839, 2.3526884593774127, 7.731397199581593, 0, 0, 2.3214280968570145, 1.732359967062402, 2.7714170268039164, 0, 1.797211395367874, 2.1256631365909424, 5.414027615246674, 2.1448953526223136, 1.8204385443259068, 1.97339824889861, 2.3858840975339466, 1.985197125900281, 5.619503521650089, 4.38320444494359, 1.5235122477622332, 0, 5.928439685467092, 2.056279901699908, 5.058467261491571, 2.9632051228123126, 0, 6.087708103608262, 2.291029539281013, 7.756166572931465, 3.21174449913216, 1.6730785916329114, 3.690643751199366, 6.391970972375157, 5.575414512627987, 1.579682540870051, 1.9540746689468873, 6.045034802415288, 2.0610303480130288, 4.793004674628709, 6.576378832412805, 2.130692849019914, 2.5751905408308664, 7.473484558240803, 6.636454175901908, 6.873304204228118, 6.507690486459351, 6.3097998407324285, 6.852960331731846, 6.719231898220876, 1.6654517986095345, 1.820563052988085, 1.8220562526312738, 2.28942610043093, 2.327721137900072, 5.313693602966157, 4.841234527922297, 2.290043255551026, 3.0496641565137352, 2.101495464349462, 5.487089917641247, 5.577959194521573, 8.129158983999062, 0, 0, 0, 1.8075850785633554, 6.333563870271412, 1.8017092294163621, 5.502090796536336, 3.353861407535063, 3.2190397096509575, 0, 0, 2.516973433098946, 2.328329322112564, 1.7030648966657287, 2.1778401563299035, 4.9659888492932085, 2.2277626923265363, 4.997306056623916, 0, 5.607181559525294, 0, 1.9433170762439305, 1.546344502743427, 4.701246090953838, 4.9062738864264235, 1.757148752110942, 2.2222891833632055, 1.5742421333894263, 7.488680434765131, 6.574773395325053, 5.885929646755557, 5.7847759409588395, 5.487992094272724, 6.21205077181449, 5.1129631020346755, 5.928558956388177, 5.044089745063234, 1.9494985052327642, 5.8982971121159675
8.791052033730379, 7.456231350960056, 6.7934592048679665, 6.763195251288434, 4.680210201119084, 6.759552523868727, 5.075498457105375, 2.4993494918341668, 5.168927201045909, 6.998020404294945, 7.2619188566104595, 7.566869165615674, 5.4914644162524215, 8.972859481831485, 7.194126575134934, 8.981451411723558, 7.061759633958861, 7.060050058007696, 0, 2.6324261977613346, 6.37516217395731, 6.4017136160224934, 7.768474519458398, 7.1537615529899785, 2.157200413598173, 9.41378420502043, 5.732569948990775, 8.728959648049912, 6.190675026782636, 6.68288093725011, 5.056749005598935, 2.595001282743583, 6.422698854531065, 6.0976064646494645, 5.112579156155232, 3.0913599143634274, 6.637048926177681, 5.701313750147077, 2.2211698724546785, 5.637378910954885, 5.2598120202413945, 2.798938878063917, 7.820021161296207, 6.521741857239995, 3.266990282902051, 6.5319839162614, 7.620916632958079, 6.016285369664137, 7.333961016041311, 6.282721074632823, 6.20922124722405, 0, 5.242000871982435, 8.649064653294657, 5.9765799529392964, 5.076523648780194, 6.923367694547938, 8.051901521647663, 7.031224792633845, 2.0753683634035363, 5.826347278452329, 8.102603803331437, 6.029394707643633, 5.864898129132043, 7.648082419611288, 5.070713140899208, 0, 8.113362115779312, 7.348660903011289, 7.7144798534100705, 7.813965163427358, 6.938375819485701, 6.8335617908406965, 7.972736700595348, 2.4590738096643867, 2.2636227645643827, 5.374716993158754, 5.077918335330869, 4.979239645974397, 6.628817037725952, 6.764863685535996, 5.1671355506268055, 5.9184889310233375, 5.621834201493356, 7.763058757905903, 7.064881516672469, 8.696025911380076, 5.679963091202782, 6.364595083019507, 6.448297803320507, 2.5141658559738227, 7.579221279253075, 5.306510538767507, 7.0558099414092155, 5.8833795610366195, 5.639943217862594, 6.331081734953395, 5.596366786616611, 5.634272302371459, 6.00274143426767, 4.900116065414088, 5.772642270032601, 6.237665612778138, 5.433593128864167, 6.328849943950174, 5.665749154651742, 7.213169592648214, 6.262783949512755, 2.612393803226294, 2.571303549570943, 7.319220302941085, 6.762266853658744, 2.0827860175682953, 5.519162399365341, 4.874827838590619, 8.214577237869, 7.603096633907695, 7.465315520777081, 7.041799620906158, 6.989051528349023, 7.338682434564889, 6.110929641783596, 6.608620906313747, 6.356689597832004, 0, 6.97826887342955
8.582417323201367, 6.130830725739415, 4.0014663900554845, 6.021940033202019, 1.8945420516995728, 2.751145794134987, 2.49479027664668, 1.9594155129524753, 1.6521986064797507, 5.792327771575575, 6.035975717674237, 0, 2.2286045365740157, 7.943912631480258, 4.101158231643485, 7.280241175133255, 4.652942963708523, 4.337337647497247, 2.170149291690186, 1.8313298664683446, 3.5037446757285013, 2.469828452167854, 5.252081885886605, 4.788285808190707, 1.8316738515176552, 7.115215861442197, 2.309238098846406, 7.218035093948659, 1.9428441474987186, 2.732476641033242, 2.4356519627044815, 2.240952991107217, 2.8338485369632256, 2.2474899301154805, 1.6913603310551923, 2.4319757526742545, 3.5580054090292954, 2.3489558745126446, 2.0696990244038234, 2.2892878547367586, 2.322294784287619, 2.3544793846651157, 4.934991652470425, 2.8753546032255093, 1.850217640746868, 2.353497241353963, 3.7113834152611913, 1.767758300765685, 4.01862474274465, 1.811745712687553, 2.910044026767279, 4.792352132371077, 0, 5.976035448026228, 1.7146724591140285, 1.9250104974406508, 2.0358441988523435, 5.2037024463470765, 0, 2.0031894098584435, 2.274502862653876, 5.614426186173816, 1.9333831279619083, 0, 5.4593489530540085, 1.7733836266152956, 2.239536883507272, 6.097063338737458, 5.933910990591725, 5.998628030947414, 6.161298734102975, 5.231867607440075, 6.219694795746818, 5.972209984128825, 1.7882944012112052, 1.7813424903915291, 2.0760946977750603, 2.642293208035256, 2.3102013188215036, 0, 2.8669331568891727, 2.1648522878832366, 1.5877092269355209, 1.8690850512949104, 0, 4.9058699933935275, 6.8158999509034075, 1.914449857347232, 0, 2.215452177659242, 1.8020436964407036, 5.636816859945672, 1.9890384605017564, 3.0627508072550236, 1.971443893554552, 2.370789707390714, 1.9986468282453942, 2.017312920458267, 2.6106344438279936, 2.4951924306493396, 1.7897400693027263, 2.7028219793260018, 2.6231752786680347, 1.7562887112678733, 2.185254504429104, 1.7879952963674148, 0, 0, 2.228162039362603, 1.9299509675504536, 2.1727527487598697, 0, 1.7066380184759629, 2.358249763765678, 1.7504266726179858, 6.806792767327191, 5.589476353051385, 4.808901392109507, 5.287699410728676, 0, 5.4288819220822475, 0, 4.788793042982029, 0, 2.1175748611253056, 4.120365491196268
10.60375559928306, 8.498000944632444, 7.574206680813978, 7.933974482429774, 6.06166757980988, 7.372520487316164, 6.843405291847801, 5.689944141387468, 6.856340057827137, 8.104124226381275, 8.702969432965798, 9.052642554013067, 6.976423056083828, 10.009640367284844, 7.74099056752791, 9.713799993056854, 8.435106933823734, 7.343889777143656, 6.301578189219053, 4.815914515370837, 7.566711033735709, 7.904070171190949, 8.78271495901573, 8.232115911129346, 4.802545065705439, 9.064636453515941, 6.8380122381137705, 9.704866146258658, 7.18561419659216, 7.952893985633762, 6.481501515495311, 6.186513725805005, 6.130389588931762, 8.09009164602204, 6.562974800268593, 6.622711638584049, 7.908730418582531, 6.91317443704744, 5.554734519213269, 6.870024239133504, 6.822891272694492, 5.995111816117876, 8.767889391573325, 7.019592178382838, 6.060097465516435, 8.14451318959384, 8.791395742710586, 7.320688673245147, 8.795212231133302, 7.150049568766649, 7.188093914509578, 8.943705781818965, 7.040102202202393, 0, 7.501511409201081, 6.7880936605556474, 8.055223758940818, 8.720519176176415, 8.273811707939062, 0, 7.240101529026765, 8.0428072394845, 6.977296997605795, 7.32913087266163, 8.209937027459308, 6.37109733333315, 5.139256916193433, 9.01981034343207, 8.789165426428745, 8.323457284493502, 9.447104412102082, 7.580893027095442, 7.883046032674568, 8.06070301899097, 6.360155397727225, 5.71580615894397, 7.135874426405045, 6.8112746159741855, 6.9784562043689355, 7.84772711736865, 8.097170786528697, 7.072668215819848, 7.707975607949649, 6.696400371894842, 8.106883458309076, 7.5456311641893, 9.794095723088452, 7.036245718613693, 7.452621432150306, 7.350573540430589, 5.998593078583135, 8.226387726920638, 6.6012622818788005, 8.523420718359054, 7.256351490855869, 7.439667566998365, 6.725667170712396, 7.823329949999761, 7.767358440550819, 7.126978487090109, 6.703140886094744, 6.97503313285484, 7.039099605607277, 6.181616074874483, 7.38249833466045, 7.8642146732362, 8.19674380725425, 7.969365184160539, 5.682291469057366, 6.026720597268633, 7.8966709617583986, 7.555683039561244, 4.652821785364766, 7.043227428480069, 6.694576449418003, 9.242215582708265, 8.54588460852498, 8.088455843928886, 7.756684909304822, 7.681284217613947, 8.133763467777477, 7.627817477354085, 7.8192518962863105, 7.777592930553877, 5.97731757627425, 7.643238280175454
8.742386229103449, 5.454735664336023, 3.3735255555593624, 5.573092050667545, 1.6770121036493726, 4.569550144419629, 2.17802290566421, 1.8573195141245218, 1.950297654668236, 5.104379897101606, 5.376479384817828, 5.230985326167248, 2.762756683251986, 7.296541345868856, 5.206739014313507, 6.8259595276487675, 4.8467577373152, 4.7431548734083835, 1.6499197061938857, 1.265958587439604, 2.954595803321298, 3.184752770686037, 5.465843040493413, 5.069600065171424, 1.627724658210771, 8.30880863409933, 2.431787815422766, 6.744799430954758, 0, 0, 1.9518917412944903, 1.7426576937858036, 2.584693817074566, 0, 1.506293078018025, 2.2553542182108126, 5.370219512785843, 1.9251163066193238, 1.4378396915575673, 1.9311224905634348, 2.4355795956720994, 2.1910171940032757, 5.69359446195138, 3.5033375052519764, 1.4399873348786627, 4.725278673010251, 5.503162776356305, 1.9887678014890313, 4.85016557257592, 0, 0, 6.101280988510917, 1.955391210886188, 7.41176697116219, 0, 0, 2.677370909851183, 5.416332032183186, 3.2464674585684765, 1.3332505160288697, 0, 5.837407785050834, 0, 0, 5.254600827716384, 2.4588093419369397, 2.175214029363994, 6.286488066839832, 5.662196663249847, 5.592533093595699, 6.128085923642409, 5.384982198906481, 5.780293583882356, 5.700359198112449, 1.6727241068820804, 1.4549631561601788, 2.2039184010465767, 2.0781755826480515, 2.0611408264991375, 3.2754073567814177, 5.531797180611206, 0, 0, 2.8762423224233915, 4.869508749886128, 5.132667647460961, 7.27338171193479, 0, 2.382931448137175, 0, 1.5903651759478696, 5.309424893161822, 1.4165470288853557, 5.153508624420929, 0, 2.0930739079559353, 0, 0, 0, 2.4872938353072764, 1.5781382462267304, 0, 0, 0, 0, 0, 5.1224672582637085, 0, 1.5701963822822307, 1.5793927662122325, 5.329165838913072, 0, 1.8214380918818165, 0, 1.5319354730790105, 6.377479316451394, 5.740791481426613, 4.12345482593933, 5.292597269692976, 0, 5.280046692014849, 3.1692828135556623, 4.978345544995648, 3.213909782736253, 1.6922708390607042, 4.833711378538896
9.424005933072312, 5.543271324088553, 2.326295520551828, 5.632940455980872, 1.5897883692025896, 2.324353770131537, 2.183331551544176, 1.666387035541105, 1.6697839961034384, 5.150124328117184, 5.392481755810178, 5.290080146961473, 2.0392716939470388, 8.239920025548942, 2.394748875695767, 7.020643129392631, 0, 3.8459279050314503, 1.9669871192095771, 1.8225517214072369, 2.563573164530178, 2.1290859176942045, 5.46608998751484, 4.183079740241196, 1.7077127700818955, 7.027012101365285, 2.0043953852843, 6.753890980558746, 2.3369121496090517, 2.4187186892401984, 2.1445256004959803, 2.001040112858039, 2.212891621970534, 1.9720949007469495, 1.5648432596912085, 1.9639231717118584, 0, 1.907106538983187, 1.9016425967104664, 1.6619621990759867, 2.0035859858618323, 1.9965422188544033, 4.802325959360418, 2.3396032248794105, 1.4970098263467406, 1.8530792273536727, 3.114312865136002, 1.6503561058639822, 3.893423212423917, 1.9176798765002374, 2.0425005338212094, 4.947100626702574, 2.0107619273728017, 6.35479676510253, 1.8408566158846216, 0, 2.2276881618824347, 4.963142476628422, 2.0429226263389704, 1.5830183892091028, 1.791744476404867, 3.1008960255303575, 1.8032732590892426, 1.832576184903908, 5.112389951619136, 1.5835437898687525, 1.8513637174912605, 5.873735617857206, 5.715265956726822, 5.463316886666908, 5.577218547926702, 4.990203813762274, 5.920515411297474, 5.592725423402556, 1.7449560678878253, 1.592365923431755, 1.690586709832234, 2.1600872900727657, 1.8291013152787978, 2.016564342725856, 0, 2.009689876827503, 1.540033596074887, 1.7304633522270831, 0, 2.6158494871061975, 6.755821298144584, 1.654166413771783, 0, 1.6755896620415238, 1.7817531984329844, 4.378734020875693, 1.7455157179319205, 2.3581404681921416, 1.6712079368409385, 1.8972083557197719, 1.8771443651003616, 1.9081899350497624, 2.209385248287859, 2.1555036845846867, 1.56711513504, 2.1958760605065097, 2.547705563136796, 1.819233259783928, 2.1067286998427375, 1.4335414094915822, 2.4197260621053793, 1.5474146304568066, 1.8174027243810125, 1.689927022202611, 1.9011961692901034, 0, 1.5400776014564792, 1.6485652905522807, 1.7602221976444885, 6.2100075210039805, 5.2962984612787, 4.81596398117127, 4.8178150650101115, 2.660199164532384, 4.288367148675181, 2.409106422669498, 5.071066793520252, 2.2729039976183807, 2.1126698716486674, 2.415942573797618
8.660795106518844, 6.088491300810477, 2.837071161230744, 5.775180885901032, 1.8475035046980615, 4.197929050121297, 2.4483163685349485, 1.797146739019774, 2.122223253090665, 5.625003676426422, 6.420398560260602, 5.913994823849589, 0, 7.7595834309576714, 5.6338596914947345, 7.317820929276832, 5.440189670240038, 5.024241205928264, 1.910086820472327, 0, 2.988671508896851, 3.563216211859783, 5.696602401385157, 5.447379322851414, 1.7381096868421766, 8.25664569372306, 2.588293878939001, 7.221614284807107, 0, 4.722284798087499, 2.2765833101401216, 2.0665545659631395, 0, 0, 1.7684969315472023, 2.222462364069202, 5.599850001172175, 2.4264615694749083, 2.0211071741396696, 1.8940123265436084, 2.2852340722822118, 2.03970267397981, 5.601096759566848, 4.7941918742864855, 1.6612581095824732, 5.18566141924349, 5.8101778903946615, 2.2067751667665743, 5.48150390820341, 2.0074383638086495, 0, 6.26992301109427, 1.9218638939703716, 7.773425998712505, 0, 1.8686029986813628, 0, 5.675563486606706, 4.955381314551888, 1.685452472767314, 1.7769513828834567, 6.236146791985522, 0, 0, 5.9247823604525225, 1.8336430816533356, 1.8431787300847484, 6.951551581679629, 6.189340267059802, 5.785209323595791, 5.921764691439435, 5.515479824960869, 5.908752836526945, 5.974989758869233, 1.5148203672413227, 1.8182364580516392, 2.1469220187675084, 2.3536148543438604, 2.012615726173605, 0, 5.32443286515677, 0, 0, 0, 4.844798420382234, 5.067119519587821, 7.6420406439544, 0, 0, 0, 1.4986550623924226, 5.880065376627651, 1.91635070384403, 5.620320349152216, 0, 0, 2.2742921207665296, 0, 4.569936641703556, 0, 1.552010529541292, 2.2722151460312934, 0, 2.159989160397106, 0, 0, 5.2866182054078985, 0, 1.6393869718178402, 1.508239674149883, 5.012286465623585, 4.333286022670126, 1.6915976351027182, 0, 1.4096092247769847, 7.227648921207451, 6.162769523169212, 4.77285915516633, 5.167043816682555, 3.330297799784719, 5.902756017231653, 3.5315516207079614, 5.152526590708395, 4.284931674091534, 1.7181741171561384, 5.115191624188968
7.441987323108666, 6.909633128191817, 5.717031450331412, 6.344506390195049, 0, 6.420284903918379, 5.286419586394363, 2.02563333153351, 4.691580955043582, 6.469829212630713, 7.189571001317579, 6.7865904651250295, 4.824885693263475, 8.241129553809497, 6.745800368648835, 8.447472767825658, 6.55806077378999, 5.948967130823442, 0, 0, 6.299383939534315, 5.71585780593642, 6.9766167371455206, 6.6666748619131555, 1.981812951546692, 9.78033892677984, 5.4562708380699965, 8.555006905622356, 5.747294739068161, 6.0763511835221795, 4.229483493874152, 0, 5.961468242032559, 5.811558266077111, 0, 4.841938969630818, 6.664323813606179, 5.1081129475563145, 1.7013080732709183, 5.258063528488245, 5.06464620068975, 0, 7.190731785298149, 5.887360289733414, 2.750137222101674, 6.4153534041589415, 7.845126284513714, 5.83833155869145, 6.671271702715078, 5.665861400888566, 6.038509323034579, 7.365490141938513, 5.414273718831362, 8.897820759018197, 5.325659665827445, 4.884942815456103, 5.845775835261474, 0, 6.600045504583149, 1.3813868543477743, 5.5725524267353945, 7.16807938421849, 5.56026876806936, 5.363127311755478, 7.294996980186433, 0, 2.101349177207026, 7.735844694717058, 7.3056168453911425, 7.145246105048337, 7.144465715453532, 6.733035796777683, 7.067226916537371, 7.02275497074324, 4.458186336411717, 1.9611081837178133, 4.954796899297704, 4.359947440850992, 5.120593140525097, 6.411188075084657, 7.07705594087816, 5.148306651620636, 5.257473946362461, 5.144838243552411, 6.192897676225902, 6.375563939325191, 8.09125673310749, 5.661482780973515, 4.688981617023813, 5.811213567374211, 2.9470712061825606, 7.011911868700844, 4.9030710448103605, 7.165346331903182, 5.342091461973949, 5.7240815884945055, 5.211626359407956, 5.652935607502748, 5.856138302368997, 5.820080711962342, 0, 5.464275103546556, 5.584782840158497, 4.914034959465715, 5.578261809321146, 5.744122567000893, 6.435937439081598, 5.851199563034536, 2.226408971978152, 1.7453464972707469, 6.53347943577859, 6.064251985296657, 1.6891899229117275, 5.237950907401379, 0, 8.217649976030533, 6.9695139909140496, 5.700378284277533, 6.741777111327991, 6.503131773390371, 6.841151636846486, 4.915567842901532, 6.4932997682554285, 5.9272839679266305, 2.6581345031710057, 6.227611468851302
8.68581109520046, 5.984517248972464, 0, 5.290822338306741, 1.0734906332692185, 5.045941217184246, 0, 1.0229111023574278, 0, 5.352264448112509, 6.002796090340464, 5.932545910347253, 0, 8.084250384385664, 5.610130747269784, 7.197330506653819, 5.2045939849870555, 0, 0, 0, 0, 3.3035175309622007, 5.853159423324379, 5.239522018107094, 1.4287393232456715, 8.567450811566042, 0, 7.5079844548544665, 0, 5.564577422281953, 0, 1.2136109995988575, 0, 5.233457050985338, 0, 0, 5.500473074700942, 0, 1.121130474593905, 0, 2.36274567410731, 1.812862432388844, 5.776482843437397, 4.668658974383411, 1.0939786255699093, 5.006949482231475, 5.712222725932319, 0, 5.676017887310046, 0, 4.898157431775953, 6.855187527805955, 0, 7.874635553239415, 0, 0, 4.985089449121677, 6.223461958935737, 0, 1.0460734912917955, 0, 6.538610203156137, 0, 0, 5.202945572712143, 0, 1.1620770811357453, 5.975077952112519, 6.06858820987127, 5.889876092226677, 6.284276515867851, 5.764096926918682, 5.6856884319727925, 5.784252849544853, 1.3802675170196557, 1.0966447684298197, 1.8568180337363294, 2.075078576143193, 1.8461849018173224, 4.826061521807109, 5.491829982587541, 0, 0, 2.9174389663476807, 5.260089929705939, 5.538865284572574, 8.51655525404934, 0, 0, 4.554511484490161, 1.4028970189664667, 5.436464160584047, 0, 5.4891524528570494, 4.087435482947531, 4.88864739760606, 0, 5.1860940409810645, 4.63516876713336, 4.585318710165618, 0, 0, 4.667508776859884, 0, 0, 4.773748869442747, 5.378144079551319, 4.983839039766976, 1.1842117079094465, 1.2148712814860663, 5.80925195572868, 5.076207859116969, 1.0905921763220645, 0, 0, 6.922732507094367, 5.942574436013024, 5.6322568599132765, 5.427566247221523, 4.9920875413808465, 5.850582782430521, 3.0860178933844855, 5.790100804982231, 0, 0, 5.033405835521789
7.068278646294721, 1.846596370339685, 1.5654178333232078, 0.9768027120848204, 1.6389774521612812, 1.7049111088459985, 1.7029192007711969, 1.6056195247064047, 1.6722343432996412, 1.218747496799769, 1.5450195151506034, 1.5902975657951703, 1.4467671226392234, 5.126086469910876, 1.1967132932297533, 0, 1.153646004400888, 1.2496684947262506, 1.7651734092744036, 1.4456094167486986, 1.8455414475370233, 1.2582661531765411, 1.5446925270866685, 1.5698428092634957, 1.3994513757494873, 0, 1.6510270294179634, 3.1083508689104344, 1.6867131507238184, 1.879103708300969, 1.4979699705882394, 1.7328232302620017, 1.3840364578567161, 1.834765183603596, 1.3909401781512116, 1.8709828017684575, 1.0549349120873175, 1.557951004428081, 1.532203438116062, 1.4100177889886936, 1.4960958505295658, 1.5976804228918975, 1.5624651292869483, 1.7563739777808278, 1.624016346919537, 1.5035240765027333, 1.936542702508442, 1.5677546382842953, 1.2858077768823335, 1.3304976955640264, 1.5146373060611913, 1.904473064976344, 1.6395664655238962, 0, 1.482501401413671, 1.2830558508337966, 1.444206285123246, 1.208183535292836, 1.4051362588715692, 0, 1.648716283715804, 1.6978759080267685, 1.4724915184175613, 0.9908219406296972, 1.4995530538021362, 1.3666628190311243, 1.6095088929459473, 1.5962044028397264, 1.1532022730281253, 1.3149285438884566, 1.5592828792325173, 1.1715997048037567, 1.935501450181622, 1.3193056904554898, 1.5011445663857519, 1.4926827219336716, 1.5848999857648811, 1.4959750189460024, 1.7219343614801552, 1.1434252164517724, 1.804663609449143, 1.495674042567428, 1.2939590357047728, 1.3791917989319742, 1.098915333652563, 1.4632444143629657, 0, 1.4468061449131369, 1.3548078454702326, 1.3409272906797143, 1.5003854837670472, 1.26671005923533, 1.6245924974695298, 1.5733775232770302, 1.4498489499697795, 1.5903777818388274, 1.6382736666188678, 1.528019097400858, 1.8428065052009477, 1.9363028600020933, 1.4694146352511601, 1.6365487719136715, 1.7487136686375166, 1.4053710373296424, 1.3991672467159955, 1.4181521030306858, 1.595338214254758, 1.1634784544717065, 1.5676610687643435, 1.487703503473884, 1.3030919017055145, 1.1983442870105119, 1.3782080059254616, 1.4284374643976585, 1.6069108846072244, 1.3053055511173852, 1.2818464540602963, 1.2412177146300833, 1.4242033452216847, 1.5923483489238779, 1.269473859022795, 1.5154922263683557, 0.9232044668648328, 1.1377524715419929, 1.4318939380677915, 1.3689129792481773
10.017925492341352, 6.434433245750479, 4.1252314448659, 6.4297834227799, 1.7669220124276497, 2.9044191781400155, 2.2524204748591075, 1.9077251776470083, 1.6520349353805688, 6.027877777439398, 6.372151723671511, 6.115608150612324, 2.0604309253591326, 8.794684303277148, 5.043731604929896, 8.178336097049364, 5.498011199458852, 5.098521245973274, 1.8889451645331234, 1.776496107442756, 3.2578016446682345, 2.4451910305695383, 6.401672877740565, 5.487470046298111, 1.585959370379239, 7.749740475275509, 2.1384682028609863, 7.408621365791975, 1.9038435585557365, 2.4934013269858166, 2.07674621510581, 1.9552787737540076, 2.4866220484196937, 1.837455186010874, 1.4729982791614524, 1.7584700805385232, 3.3376175522478806, 2.1615825200905543, 2.085197691001259, 1.981577364181273, 2.322235767410141, 2.0012103252942692, 5.453748800416881, 2.6319013628741565, 1.5065243406846556, 2.2306862079876693, 5.515398160591422, 1.8541035309239404, 4.63666069657908, 1.6716407905056823, 2.6419143873387605, 5.217388011507085, 2.288643277979512, 6.814455437654524, 1.7268101465019778, 1.70360428430146, 0, 5.743341580239034, 4.207350180092043, 1.8354677231260803, 0, 5.391245694576461, 2.0425153157957694, 0, 5.863640076911547, 1.7418757994463856, 1.8533488179739075, 6.821246640183692, 6.449134127825074, 6.365025027090181, 6.273754891738555, 6.243087204124752, 6.660853746661136, 6.561406290311172, 1.731709824029728, 1.4705552065243714, 2.0841396408600996, 2.558192290645529, 2.149339800974046, 4.447642455190607, 2.99012493408989, 2.399693140218982, 1.6265710364787054, 0, 5.029227944013393, 5.356146472146248, 7.7566807976645755, 1.6413306631016766, 3.9219374859057723, 2.009014677157223, 1.756436702501042, 5.649157235715776, 1.9578211256472264, 5.002397835872199, 1.6225888914260052, 2.289062392160627, 2.08539184588673, 2.129236915590258, 2.393975969829145, 2.4549842046093424, 1.8121715225454296, 2.406130931613681, 2.6652169685003937, 1.6374095334843382, 0, 1.7577972006450169, 5.34779801729259, 0, 1.9066442555553789, 1.698288700218941, 0, 0, 1.6482797476318394, 2.219143642299119, 1.5925692267466478, 7.148090161908014, 6.482358138518289, 5.80584577858469, 5.535825888620968, 5.258851310903732, 5.489089525495274, 2.675501197677974, 5.791897672303581, 4.074012760640462, 1.9982398936151633, 5.202368109773688
10.00696217040519, 7.335227546096259, 6.23427642215319, 7.9118734457498245, 0, 4.996860086981482, 4.992007171954506, 2.71237155770451, 0, 7.1519676314228935, 7.439357229634914, 7.091629956919948, 5.9509687949495165, 9.367633807101226, 7.535155416905501, 9.011167959167231, 6.52274741942577, 6.013514065497294, 4.756424225318521, 2.5995000265370063, 5.55143350740137, 6.303010386001138, 7.653708537235949, 6.417719251564244, 1.3000511724788297, 9.256649030116069, 5.0279176183913, 8.79039162930723, 4.724067876723527, 5.516088217729792, 0, 1.832676490102119, 5.410172529855522, 5.937179493307859, 0, 3.1911892752121096, 5.968409923816145, 4.775115109527636, 2.078511483006712, 4.5927545673794645, 0, 0, 6.521311735419409, 5.2280576352984465, 0, 5.476108172305238, 6.287723785556912, 0, 6.674046691513856, 5.3896214627374395, 5.395079256313495, 7.927062674512538, 4.962452412331693, 8.565083374544827, 5.451907634610321, 0, 6.2314426322254555, 7.434988712316931, 6.616370601905202, 1.3379247909821859, 0, 0, 0, 6.020997272229169, 6.93061899698858, 4.697146250049802, 2.9838568335134648, 8.148369806854628, 7.558717717730093, 7.578120314993713, 8.144069948780222, 7.248738633440457, 7.706804803556802, 7.761681169514529, 0, 1.7232920368096811, 4.729067543233577, 4.646486517610074, 0, 6.565114048610799, 5.7667788418392805, 4.831480116677254, 5.620434929652193, 5.280942182481995, 6.5792885605004034, 7.20617399254746, 8.315860206767914, 0, 5.511774662127273, 0, 1.6760407855801605, 7.114459722229526, 0, 6.3781476564783555, 4.9388394752498535, 5.204915251494016, 5.30286026016068, 5.86346445547111, 4.786095218453355, 0, 0, 5.14123617023354, 6.122998744130491, 4.7676763534224245, 6.071914683455764, 5.378836844134473, 7.224686809715494, 5.928069534168079, 1.9807767167893287, 0, 5.991173681508468, 5.548312613973237, 1.1193616705911744, 5.265657435387476, 4.513854839552954, 8.00872885273408, 7.2028368775984974, 7.096371878097063, 6.821173673428168, 6.587043578710165, 7.198567601129476, 6.220244876419591, 6.999028899953715, 6.5233407136602475, 0, 6.477512015069416
9.390161956724636, 5.754885828509893, 2.4127490419586453, 5.829765187617096, 1.553360042507095, 0, 1.8109261780306667, 1.405924659499164, 2.2552221526461746, 5.470831336284552, 5.856492403558824, 5.3050718996627815, 2.4398559221807536, 8.559446750238687, 5.176153382830989, 7.765588714085661, 5.06619719976099, 4.8622644358468605, 1.7853590879554952, 1.460891518926185, 2.455558694042649, 2.524087433338019, 5.751600481702029, 4.990766868553091, 1.572136534386217, 7.847760255807995, 2.1131375384135405, 7.39209003153981, 1.7661149321598608, 2.4329026926702175, 1.7123307922743132, 1.5271660581700268, 2.7130331581544325, 1.8766277345013445, 1.524914031851649, 1.753446043591903, 3.632552827497504, 1.7723354502313196, 1.9370698603792231, 2.4005410705121775, 2.1479731307493353, 1.9330263403131998, 4.904940360990267, 2.672681628380876, 1.170772436778495, 0, 3.3000884986028036, 1.577154601049428, 4.372070761184184, 2.707134009680532, 2.3876363038254156, 5.589754681949403, 1.8219614587768564, 6.951719570256437, 2.7113276352846785, 1.6103420244868674, 3.417636098109713, 5.62738306526832, 2.370005675265464, 1.690296507373559, 1.5360783992821727, 0, 0, 0, 5.226855444251415, 1.7006288882706695, 2.3822564433775955, 6.272695633644503, 6.011178984461891, 5.842361678949305, 6.060130640447911, 5.340539384162389, 5.8676937190531575, 5.96433468870332, 1.2049697845006393, 1.392619970765817, 1.970815253888581, 2.1354619976165594, 1.7846629124458029, 4.211379731082808, 2.608158528650748, 1.9649819427226003, 0, 1.801420932722386, 5.057330887171648, 4.928122835079261, 7.284841885957858, 2.468569846689165, 0, 1.7703470278872295, 1.813596018471274, 5.444537150777262, 2.468055161643279, 0, 2.902729532708207, 2.0165195152965874, 1.9579297752950577, 2.0082495363794557, 3.1718734388451644, 2.1643276821027713, 2.3817747540873317, 2.954092931786328, 2.338353150533649, 1.8446140793564112, 2.329765595289529, 0, 4.913007742693448, 0, 1.5385147081791575, 1.6369167709529509, 0, 3.0703925386444304, 1.4836165773256043, 1.999556805802457, 1.2510482299224353, 6.509659529545596, 5.897964632312385, 5.348631568641025, 4.473866854168752, 2.8967653030104388, 5.231187084312605, 2.7991976561891687, 5.187538874505886, 2.502350460054863, 2.0016580150964356, 4.894116017725995
9.339155777152786, 5.619719249773371, 0, 5.558550201455101, 1.474977492555124, 0, 1.89362632010843, 1.460016259341926, 1.477176021398991, 0, 6.008971422769492, 5.410880900465982, 0, 7.600084286597174, 4.867995937157284, 7.44775865740968, 4.154932894986273, 4.159733031074846, 1.319070888767555, 1.3458972362476977, 2.568792411421872, 0, 5.6183423391684855, 5.050853158334229, 1.6819567702913516, 7.360865236174976, 1.9754246524430303, 6.918586247353728, 2.0451227616182295, 4.686507711164325, 1.7032773328782063, 1.4842720109481105, 0, 0, 1.3337062439152183, 1.8322335001726844, 5.502832299883057, 1.7950449756416578, 1.3233258924477866, 1.8499307304670436, 2.2879949978308165, 1.8385532896369388, 5.699558297497138, 3.0810183653261936, 1.3641336305532998, 4.737188418171149, 5.3757566536821555, 1.7641550486974225, 5.073996686635429, 0, 0, 5.782071696371009, 1.744352585283077, 7.356928027532076, 0, 1.4554713055763404, 3.965991676984698, 5.349562500256484, 4.973141931369063, 1.2975177006122471, 1.9652930672058668, 5.960557038337466, 0, 0, 5.262334392720095, 2.1489572468507423, 1.3997769603985941, 6.50142973886801, 5.724620854402188, 5.7987409806072305, 5.8331331649378395, 5.23499230351189, 5.626560177580389, 5.878208506564892, 1.2248197558530263, 1.3998888217900791, 1.6667757955279814, 1.928883261628177, 1.6161429821349584, 3.1718381243965705, 5.261448689372021, 0, 0, 0, 5.003878243183117, 5.334721834936604, 7.332003467861854, 0, 0, 0, 1.3282344586944679, 5.474636789722539, 1.2290211433865152, 5.241594499263146, 0, 1.893237895457806, 0, 0, 2.029705942504011, 2.3783906518200015, 1.5374697740537056, 0, 0, 0, 0, 0, 4.362135486330229, 0, 1.398581838494128, 1.2481638990429789, 4.978234182744727, 4.111082441889628, 1.4624308061907632, 0, 1.2499084503864306, 6.556146831067997, 5.711472222952081, 5.263211563010224, 5.411419248574011, 0, 5.416143538461719, 3.027680064791034, 5.265012935516539, 0, 1.5078347186363261, 3.5903776935741574
9.100974651389068, 6.796136147410568, 5.453853931786922, 6.861625921996476, 0, 6.238879354133753, 5.383027815231006, 3.4301378032494743, 0, 6.0716818178733245, 6.453192690345017, 5.755517065631138, 0, 8.648720498181085, 6.836958330601687, 8.5398336217945, 6.40963361354, 6.015344761129147, 4.830302718617097, 0, 5.56907832828597, 5.171857991676121, 7.228311144609161, 6.523558337912607, 1.573776873616267, 8.803798925383514, 5.090451704109638, 8.441423879617055, 4.976457266228401, 6.04573240116428, 3.0723458859351958, 0, 5.8926306242008915, 6.429247786039675, 0, 0, 7.276879693645326, 5.508166580251763, 1.1680756574000568, 4.224488330562217, 5.204529439820241, 0, 6.768138663562364, 6.523744597731543, 0, 5.945519601661483, 6.816076222427948, 4.901817399788929, 6.524802329461111, 0, 5.849106181583156, 7.51286746173759, 5.04232932040922, 8.574460909016999, 5.502643979130129, 4.70536751926935, 6.1289169340527545, 7.1783394155900435, 5.712796394482178, 1.0159767089411769, 4.8990594835948675, 7.162766961074969, 4.965336988952852, 5.307886034626674, 0, 0, 0, 7.038520623306531, 6.75477493099341, 6.256147360496255, 6.824645102124248, 6.415350174837998, 6.945767126516113, 6.6724709864826535, 0, 0, 0, 0, 4.310102984762708, 5.500862770746536, 6.230738442345301, 0, 5.03930485985729, 5.01592158648253, 6.076508673072483, 6.784584384319835, 8.830095144941607, 5.285618148210603, 5.713295399468761, 4.462263941792566, 0, 6.684550811544348, 0, 6.512900980316445, 5.03835556831377, 5.355595586748003, 4.8084247186111435, 5.871246756275496, 5.025286275285589, 4.654882914569409, 0, 4.680594409218942, 5.329262098312937, 4.693380024516221, 5.45789882091101, 5.293323757077907, 6.083371841780078, 5.642287494919595, 0, 0, 6.102067385428323, 5.671946616011946, 1.129364915357839, 0, 4.837739622059412, 7.2520963395013816, 6.526595129933527, 6.9236760547154095, 6.18427415861017, 5.6882957757278465, 6.564499783869097, 0, 6.881802025852372, 5.491822612941833, 0, 5.994620639172625
8.390441497767636, 0, 1.6579245786358694, 0, 1.9177892856781429, 2.2794503442725325, 1.8564444670895355, 1.500332439793397, 1.8176693473946945, 0, 3.218509893659386, 0, 0, 6.015692518615617, 0, 6.026419165640425, 0, 0, 1.4580196147640336, 1.2707645176334934, 2.0980771883256826, 0, 0, 0, 1.4781600603325575, 7.104691358314665, 1.8594345583059737, 5.800490089484022, 1.5458929340984469, 2.1058874022327254, 1.9099015191223636, 1.4987382879372693, 1.7631178853280696, 2.0354255642426855, 1.7021136716429364, 1.8249488874644821, 0, 1.7303855270167723, 1.343826928614831, 1.3235779849313827, 2.1272995118234634, 1.779840543894716, 2.2703502380951077, 2.329937668666206, 1.5284411313993287, 1.9832877272717173, 2.6984849430463766, 1.5759037028603353, 0, 1.323160481401593, 0, 4.665192080573885, 1.6658401312234885, 6.509354591953096, 1.8959561613175853, 1.3957288092610598, 1.9236742096530026, 0, 0, 1.5175087377798717, 1.3288158287018896, 4.596438507793426, 1.3501606186540167, 0, 0, 0, 1.2770121465005566, 4.784463728362291, 2.3953107447862365, 0, 0, 0, 2.983157000913856, 0, 1.3866940307127196, 1.5974027557283903, 1.6443441021871634, 2.0102482255235268, 1.6985580068196675, 1.4707445495936429, 0, 1.3934545141900074, 1.122156985412988, 1.3198974883572703, 1.9659806745414852, 0, 6.820741611930611, 1.0464540541844445, 2.1078164562295583, 1.5077052369325168, 1.1407339896364248, 0, 1.5716387286309081, 0, 1.1198692068904001, 1.7124487468717569, 1.5374220389828308, 1.7925434039573536, 1.800187574194735, 2.157672938033077, 1.4586894374735835, 1.6580326133170573, 1.5311351708026744, 1.5764452779097258, 1.684154605747517, 1.1385335929472766, 0, 0, 1.4382788637178887, 1.3468471207976522, 1.7396772324895133, 0, 1.571776706962907, 1.1743830849973051, 1.2687217072800532, 4.907704307599126, 0, 0, 0, 0, 0, 0, 0, 0, 1.4314989524084873, 0
8.251083414797327, 4.30884045378266, 2.0449438528022963, 4.1099217004424125, 1.649254167839767, 2.2547451970495547, 1.937928666337108, 1.2774922267767201, 1.645819956879346, 2.31382625068457, 4.789204990105114, 0, 1.5729838158191922, 6.670335742457684, 2.0305582919370764, 6.12736408110213, 1.7502974274214014, 1.992087034586924, 1.8248554925204143, 1.3007876620642804, 2.4198342904663686, 1.9133091435302083, 4.109351520875174, 3.8087802965293536, 1.5196343943937587, 6.9451377839084, 1.9815710288533415, 6.329505719644032, 2.0241933233450573, 2.180854401774841, 1.7316373446549547, 1.6115125064352203, 1.5390598301444027, 1.8840968723452587, 1.4412791184198668, 1.6861196642585867, 0, 1.6414045864971054, 1.7002139596021495, 1.3935394239687597, 1.9543800419169195, 1.6207686710235791, 0, 1.7044006562790621, 1.492058250911935, 0, 2.714142831358268, 1.8369926237742755, 1.9982741468013958, 1.3051101605584245, 2.3774992159075627, 2.865187283732012, 1.7431449642098227, 5.8338301894369415, 1.587008985385073, 1.2945614241438332, 1.7965374507652905, 2.360784501857843, 1.9630170596814893, 1.3476772085953304, 1.6091024850951081, 3.1398073310467645, 2.0286250964095323, 1.541665651742917, 3.200340264148944, 1.7052627558472375, 0, 4.532293518263363, 2.645602109823011, 4.763547678514045, 4.967680517560479, 0, 4.276864354926954, 4.533499241891113, 1.4586682127283819, 1.4403760322740264, 1.5527769643474132, 1.7621114762139716, 1.7697567215751115, 1.994276019308306, 2.7157960284326377, 1.8885555095691833, 1.441328319724952, 2.0002068003630917, 0, 2.05617307846057, 6.415899003990725, 1.2666143014043076, 1.7343841232841792, 2.210175484606534, 1.339024357680229, 3.923593546844908, 1.4055210057436514, 1.7941737216054907, 1.2022264318835134, 1.3532390935212684, 1.7770781177372859, 1.7305719093699252, 2.221188663666716, 1.8606338066709935, 1.5113640046466896, 1.511732987820086, 1.904077278954933, 1.9558876594211614, 2.1324550298013394, 1.4168974456635064, 2.389783794611916, 1.5574359472056727, 1.3503506894936803, 1.4648590115224578, 1.8210770649605321, 2.2248663612426607, 1.3751590411033492, 1.401343111662351, 1.5611193511221741, 5.52398402791919, 0, 3.9541547757168187, 2.7427756611282197, 2.3236909275209987, 2.334186462700621, 2.0122062843339585, 2.0251344332139993, 2.2640962673083878, 1.6804298403552265, 1.7501900127386458
9.146305264531367, 6.952841323959514, 6.016772555124685, 7.041457221317104, 4.753678037602073, 7.044967798170509, 5.865840891937742, 4.7322288899480425, 5.161641996199285, 6.421476852934438, 7.207745275245881, 7.207905864973054, 5.4268036574402645, 8.48848404004698, 7.452285070814858, 8.087156647701967, 6.91010945054836, 6.497568733494278, 5.7320330745751, 4.023452259833169, 6.347577768178901, 5.304581313158446, 7.517875921586998, 6.923184238275723, 1.7131025291890376, 9.243108441175446, 5.943777167810829, 8.682010643508509, 6.506703738714871, 7.072638548342338, 5.325638845674808, 4.4441869392565545, 6.50447011125879, 7.03812372187706, 5.251340396216637, 5.569316284408783, 7.752997906627871, 6.32309483647574, 0, 5.8060741986893385, 5.761482120235249, 4.907775452789185, 7.704932470792494, 6.627263247340375, 4.682938482061195, 7.1997064001586155, 7.5994218870635475, 6.079742776034806, 6.718179932650805, 6.042243114262684, 7.013999559827159, 7.965473488530241, 6.71006323934393, 8.644530828093162, 5.834789941535758, 5.503894195787128, 6.489021108967123, 6.9945691839526765, 5.963474898776107, 1.3618162796930189, 6.038127583788042, 7.581671874738099, 6.252566325608981, 6.084040418523672, 6.2296920121654225, 0, 4.249844520686115, 0, 7.055721435224195, 6.673954371795925, 7.8049249742880615, 7.154345554289361, 6.901723903853939, 6.9851843677694845, 5.59769392200622, 2.378118999947683, 5.796988719142404, 5.7569612533969, 6.1813197674904306, 6.034344193350056, 7.809203922145277, 5.7733153959010615, 5.806326763745083, 5.679100668630235, 6.726500416824774, 7.226896235173845, 9.558070265223314, 6.495725046326096, 5.455404037604798, 6.519894556940979, 4.675330680293941, 6.905398730440617, 6.033638080996431, 7.07953091210493, 6.247564328510928, 6.5690021980431865, 5.859487931198714, 6.6509449151223095, 6.947784694782254, 6.3665490322583285, 5.614949764209019, 5.949972888232578, 6.024216717523814, 5.0609250561075045, 5.941945154686188, 6.717320654779307, 6.578186904815909, 6.575461003465537, 4.687424381771173, 0, 7.5041495793396376, 6.529866332340418, 0, 5.720752184095609, 5.312523244871802, 7.821992119297394, 7.209974123887198, 7.399526550999045, 6.472784161017655, 6.412256720647183, 6.928447814658178, 5.917799939413915, 7.530576204147717, 5.852285086348589, 4.833111173078406, 6.73938401654122
9.197780345440778, 6.949573213261176, 5.88187221501739, 6.464295275311022, 0, 6.46021500039867, 4.877621849262929, 2.1206409606198546, 4.872122119788853, 5.92187168636484, 6.795180883627287, 6.93139532672626, 4.943067786663782, 8.824766575521187, 6.869509612019966, 8.098556176852073, 6.0966190754269505, 5.91058253648078, 0, 0, 6.342426319748693, 4.890012926430448, 7.047252663245537, 6.275124412442658, 1.583552604317692, 8.957824878594934, 5.528591202222003, 8.359403144742648, 5.798778536369254, 6.335775039750942, 0, 0, 5.834945816229481, 5.687197218417904, 4.754682270654558, 0, 6.267343653815076, 5.587644800916146, 0, 4.982353164592672, 5.488876539588027, 2.4355522102968923, 7.003960957438306, 6.235835313032966, 0, 6.684603910748451, 8.17318395366472, 5.592957986636012, 6.829736487541184, 5.581509545650804, 5.956987387816818, 7.916523348909012, 5.572075449212513, 8.317494122670192, 5.429579432394477, 5.251215699334886, 6.07319277334284, 6.917116496404164, 6.362311951534178, 1.2549281139929378, 5.46489920183805, 7.897913259904813, 5.9068506158902085, 5.6298592720091385, 6.627859876429645, 0, 0, 7.221137004135442, 0, 6.891131537002661, 7.137902923799739, 6.336848322619167, 6.492199887037625, 6.8383375309170225, 4.5355798315384055, 0, 5.132223682952986, 5.184806932490076, 5.114019549889949, 6.077734149299977, 7.685225115294431, 5.3217342818465045, 5.483815419589408, 0, 6.734074020098022, 6.630839859363043, 8.403214757001296, 5.469942905783634, 5.272958973243597, 6.470524021484334, 0, 6.8394492895596715, 4.792209627986772, 6.76523357854482, 5.580842397517563, 5.423444171351964, 5.536745781495094, 5.967561277456189, 5.6356744127395135, 6.100333185179234, 4.8482117414005, 5.22460680376807, 5.842073405901366, 5.084795636628328, 5.493397402890264, 5.768145913740453, 6.347846205156419, 5.880375268356094, 0, 0, 6.357477513685875, 5.968883661590718, 1.7201424718258582, 5.473473689748632, 0, 7.6395199921606505, 6.649369374228335, 6.479140142604339, 6.6131685233854105, 6.19624807260039, 6.809241947104755, 5.178665596696822, 6.737164581281913, 5.643747744218577, 4.720430547091487, 6.368522632456143
9.451348782908813, 7.002205277492539, 5.403995054387088, 6.693602115788624, 0, 6.659599491559919, 5.312206015902321, 0, 4.9792535136541884, 6.274617579303716, 7.137690568560371, 6.470140536936763, 0, 8.60641635795995, 6.992102109704456, 7.944051836958763, 6.02869710133806, 5.938043211348471, 4.891149124571699, 0, 5.739051348865716, 4.20211649028253, 6.893664621461036, 6.304052699097486, 1.6936975008205717, 9.240751792818367, 5.33991869132753, 8.978322639244817, 5.66765277401013, 6.237056817667382, 0, 0, 5.8547276278367315, 6.344957410206446, 4.631158394998797, 4.923028107460121, 7.451981672295096, 5.122669922019847, 0, 5.065122814504202, 5.194414828538365, 2.2120199162761187, 7.219247987358514, 5.96467151414352, 0, 6.264414841049491, 7.105129920200425, 5.353423393197395, 6.353765428222394, 5.150279066166489, 6.197710555889632, 7.384035814134411, 5.7119228441865015, 8.435034682571912, 5.147910670512046, 4.850243101767558, 5.664957065536907, 6.850268405411318, 6.242316173371637, 0.9588549262386264, 5.746465120978972, 7.4563521457542965, 5.563162928790645, 5.982964917313654, 5.836955966578704, 3.3471479276120943, 0, 7.258365037649416, 7.068232580845149, 0, 7.01330850532851, 6.3472288149101095, 6.646015357199726, 6.741071494187493, 4.6656955192203196, 0, 4.79151939047227, 4.994014165377098, 5.205847450470977, 5.936901895580918, 6.969543119493491, 4.973072794985825, 5.0021831266013175, 4.295122036198571, 6.324103917458941, 6.614073418497274, 8.667290515983318, 5.95405757385176, 5.696911499049489, 5.671445402887964, 0, 6.383303542991878, 4.7871282303633365, 6.484236587278406, 5.4110363881747325, 5.986186828635707, 5.261628477199082, 5.523250279867489, 5.707029791550951, 5.928600065288542, 4.866545094686872, 5.07141797111839, 5.603289887456165, 5.063314943345817, 5.832050245738371, 5.663550894372681, 6.232111064680382, 6.089679709324274, 0, 0, 6.937737486618395, 5.934667684062149, 1.1707723166534107, 5.067342162522395, 5.071111882497311, 7.298580000460527, 7.037404966683191, 6.923643140763801, 5.827703697419804, 5.892091582145479, 6.856201970973732, 5.1865590109248325, 6.96743606652267, 5.594206280501116, 0, 5.9875593152940425
9.066706812245469, 7.314515055816682, 6.1445193922633194, 6.795310952181252, 4.04974531177085, 6.6421638455219725, 5.909028799123312, 0, 5.424658864973316, 6.233104245023298, 7.3581484755196644, 6.999720119551757, 5.207245323175858, 8.419747181074102, 7.3633883877056165, 7.782571352653024, 6.544742196995115, 6.029253010616525, 5.260604182836466, 4.495273821454917, 5.85014311441024, 5.7475812630750625, 7.223715199842056, 7.041683580529569, 1.910699526540893, 8.947075837089768, 5.451414171259336, 8.608773511558535, 5.938163620339814, 6.217170013720702, 5.075725374531224, 0, 6.351347432438242, 6.566842880516749, 4.96451516030159, 5.460233745713797, 7.362919926739191, 5.670229708110869, 0, 5.238263049120922, 5.499290879923769, 2.5443736248645235, 7.5760038324333685, 6.461398989596588, 0, 6.584490812877416, 6.79660029981721, 5.452343215214965, 7.14498419051354, 5.359526965189461, 6.662460626147519, 7.679534486287015, 6.109947526134715, 8.886129665127925, 5.8140149044520815, 5.529569888888304, 6.269484829366961, 7.509791746368855, 6.172180225461323, 1.2353282073180207, 6.090051007617928, 7.701581610996593, 6.16420571894911, 5.9471602643375645, 6.397099148962718, 3.3898868227396832, 0, 8.000944328140232, 7.421170734863005, 6.8303916882553155, 0, 6.742976702208353, 6.935457933544099, 7.041104908477658, 5.041783473817476, 0, 5.082379667383478, 5.3840609936015165, 5.346485506146015, 5.082068764570724, 7.790013676965941, 5.266936212671781, 5.3996312953169205, 5.225981164565719, 6.664359002402027, 6.741046382424112, 8.794382006257718, 6.076722635873836, 5.918550141634248, 6.086650916831118, 0, 6.633122880727026, 5.191016816853007, 7.067795103188544, 6.193424346796763, 6.314768763850936, 5.566061896093794, 5.881921277767791, 5.646841432144457, 6.026138435612739, 4.968714450677529, 5.062005979344065, 5.927850320852188, 5.4811365798230804, 6.060028088229249, 6.128189579411388, 6.576212395695673, 6.309456469152111, 0, 0, 7.0310404139611835, 6.204165629814903, 1.6725736131667355, 5.28098127370248, 5.506496809100785, 7.6195001819914285, 6.920970888272183, 6.918102687181265, 6.654991419073059, 6.313639263150213, 6.252967904511467, 5.454684502618673, 6.86906039585702, 5.910077354266326, 4.719182660477972, 6.239582849180471
9.495341478941125, 6.683131077979139, 5.432510624516657, 6.528050422820253, 2.351883445176385, 6.120561927495096, 5.192311673850675, 0, 3.6088707905707014, 5.845420010240778, 6.702518015281473, 6.583510831781655, 0, 8.897605781674576, 6.354020910308165, 8.02497036645708, 6.102092997663031, 5.8414372900466205, 4.781632259728835, 0, 5.894669913625593, 0, 6.145947621220376, 6.2612418065290365, 1.956191966202533, 9.099722539858712, 4.818533484542097, 8.017059991782927, 5.570794731011389, 5.8163343302161055, 0, 0, 5.665729220209256, 5.544815700421565, 0, 3.5320973791840213, 7.295304324852347, 5.001995071539975, 1.494957053541781, 5.09762175015579, 4.813998278770441, 2.113137466350287, 7.033589480051299, 6.012575004383665, 0, 6.00927453709472, 6.818715643470946, 5.4464105871206385, 6.556015978726462, 0, 5.56933797821619, 7.736029657350685, 5.352479395156366, 8.399174528915983, 5.0439995202418, 5.067626916699625, 5.571066233211458, 6.375937702450857, 6.232115070383993, 1.268523036196215, 5.6365094713934365, 7.433714445390954, 5.352547085571779, 4.998591135073817, 6.754269324821139, 3.493294469887456, 3.9687683264792666, 7.4844293355294775, 7.194882896641028, 6.670905335964908, 6.8508289783355485, 0, 7.014132180756151, 6.9546258949198245, 0, 0, 4.433722298788272, 4.595997548283868, 4.987018660123351, 6.06242045508367, 6.970321454223548, 4.3601668931102315, 0, 4.8926409399851, 5.889054285838526, 6.598468546378528, 9.075373531191758, 5.755138925105317, 5.533336592549867, 5.891011138925316, 3.181003810808249, 6.828596218596246, 0, 6.489101962738111, 5.3021296078673545, 5.629344996923443, 4.952109839649446, 5.484135022711069, 5.305231564316619, 5.884543947422447, 4.096566749365779, 0, 5.36798152147765, 0, 5.323661685350969, 5.061480815002956, 6.110262644814287, 5.585551075092771, 0, 0, 6.608401283098743, 6.109609756015217, 1.8107653030573083, 4.842559127412488, 4.192696527388711, 7.4727845480699635, 6.632804409695626, 6.2129976016059985, 6.1783891118316445, 5.589223097914012, 6.608672543892727, 5.062166612070516, 6.418847090048341, 5.443222986051748, 0, 5.689676573021593
9.42736042913805, 6.8224025399385555, 5.7913683928943644, 7.196802020288397, 2.6311691078191775, 7.022583352365348, 5.9257172442277986, 0, 4.914429196192365, 6.269659463424053, 7.077608212313616, 6.918670838036554, 5.169134571043439, 8.373454562992718, 7.016150577350644, 8.387700929299209, 6.583695406316082, 6.165665298307023, 4.513603996129679, 3.806849216432333, 6.345060339860353, 5.59423392163431, 6.906701021829698, 6.374469988785678, 1.755425085986692, 8.805990016763623, 5.485014039447643, 8.517395581267829, 6.091473441124692, 6.953161482077904, 3.4208439832018116, 0, 5.718600714670241, 6.677182749018769, 4.306810047670778, 5.340610847147717, 6.792550352458349, 5.271517320716837, 2.0012028530647186, 5.646687360080464, 5.583822351996053, 0, 7.802217300582323, 5.913662777057982, 0, 6.460145125512457, 7.13350286046325, 5.550733859874728, 6.866004845348408, 5.880030816839302, 6.232452789579122, 8.183828967992289, 6.02130626901086, 8.290562788018162, 5.621218790603265, 5.2567639531545005, 6.107929725007471, 6.911965028039869, 6.196394296071889, 0, 5.782013096583504, 7.645226115382287, 5.454433886774799, 5.435889485422668, 6.239463384385795, 3.531264542338706, 4.160230766865784, 7.631246954401423, 6.997931041329155, 6.506890159400541, 7.5504148561950855, 6.822424248291072, 0, 6.94746237040949, 4.7617064253902655, 0, 5.372142965177476, 5.468501851876125, 5.589366120057232, 5.63652572453166, 6.9183588557693305, 5.854272583043649, 5.522381224792715, 3.98765253089302, 6.584227378554563, 6.6329625655484135, 8.762218889199202, 5.568160619661717, 5.5938459767723145, 5.8825309581410545, 2.9444677577832565, 7.372428247691293, 5.07551539579217, 6.957758362300918, 5.600576881867424, 5.775729424223067, 5.491458561933246, 6.4501572087840815, 6.043088735226761, 6.06745644316795, 5.320462331437843, 5.23486908114356, 5.990843974015044, 5.210010193811122, 5.86160565331899, 5.722141056889161, 6.929493471278736, 6.451900820533008, 0, 0, 6.876719378433509, 6.2062004660134935, 1.752930863146228, 5.276546158693871, 4.7171247783339165, 7.984386587244804, 7.270951949816216, 7.010484035996427, 6.517530321767097, 5.95227259858841, 6.822139805670679, 5.780899745011603, 6.868096302891727, 5.690669045708623, 4.70107885086708, 6.444495076348817
8.844459897946354, 6.760030103998645, 5.676010001160431, 6.556753805116882, 4.000722924105242, 6.699325454413214, 5.577366689857835, 0, 4.79004146178869, 6.077745574835949, 6.833947474415269, 6.788810106901997, 0, 7.540882630599713, 6.308872341770579, 8.26923884157632, 5.984296786103747, 5.948692663875548, 4.761339973953168, 0, 6.0012786420547855, 5.407202224147903, 7.013860856036088, 6.066700358153972, 1.6749724584932906, 9.228151111968886, 5.359939739127572, 8.185882443340018, 5.858178933803335, 6.686671971447555, 4.169653135099777, 0, 5.465833858580551, 6.207544101782473, 4.875752279494011, 5.084213094486985, 6.464393631735515, 5.301868082926949, 0, 5.2220686580278395, 5.397392784632402, 2.155737174668326, 7.244586467067304, 6.177152293973602, 0, 6.637689667575824, 7.231495507445544, 5.502008996625974, 6.64477048418908, 5.612443432523423, 6.2025634002520755, 7.970986308219292, 5.822269368217942, 8.653137097891205, 5.428305159020243, 5.33675589555055, 6.25355507127442, 6.625122811450848, 5.962057916350698, 0.8637773079644461, 6.269263160066201, 7.360632383715043, 5.775325049954624, 5.501520420405239, 6.184849945075015, 3.2153638768989334, 0, 6.902849968226925, 6.898275963279518, 6.483888586770577, 7.4331559967347, 6.477810659882175, 6.471323905773011, 0, 4.876230711958854, 0, 5.267271414971978, 5.467712167533602, 5.457786524268749, 5.701358825007521, 7.394511948200932, 5.114406043657417, 5.1442979786500835, 0, 6.44753325350262, 6.533544391224218, 9.051809511398726, 6.201371812590237, 4.385267773488285, 6.461211654824828, 0, 6.554867123628605, 4.919968159988343, 6.493621164756946, 5.491043666708973, 6.140370966512464, 5.3664433141025025, 5.776579212510031, 6.159312796967012, 6.371586984976287, 5.2280101874230684, 5.4159535317484515, 5.774086115602462, 5.088622670969381, 5.57631477868352, 6.040143579612875, 6.4495225043466595, 5.9930026276911885, 0, 0, 7.1892012884800485, 5.858280221832101, 1.4073865254121214, 4.917613886039388, 4.865692619379708, 7.2997733571236765, 7.027652131277237, 6.959124631199306, 6.06479411508883, 5.677927305805097, 6.709805268677044, 3.8440225051861625, 6.550180676774005, 5.329114620375773, 0, 6.477739821172368
9.67503930193145, 5.699442898235084, 2.2857637362276275, 5.167845136832438, 2.041538038675085, 2.5078256547032125, 2.2559001233431175, 1.9603767739424183, 1.9995004836190573, 4.902342652879196, 5.4340226287885125, 2.895256528653428, 1.944307666576664, 7.746139953615112, 0, 7.374512312988987, 0, 0, 2.113939107138888, 1.7029964464632348, 2.7043738624960123, 1.9266154255895542, 5.145804656831981, 2.123779910009594, 1.6915743933287288, 6.702865821528818, 1.9419532650234939, 6.506771963623727, 1.826352559026704, 2.2914774464588237, 2.248571615799817, 2.006348976635627, 2.4555884324687285, 1.9075986032230352, 1.614790288205912, 2.119053703350024, 3.0571071094732707, 1.9103553530365738, 1.9090757489338854, 2.089667346908591, 2.198629549451773, 2.1467380107772076, 2.3554320600314194, 2.429171956723051, 1.7487705120515218, 2.404949547384896, 3.145094720094922, 1.6912245100517318, 2.0899564259699344, 1.6701600061371888, 2.4776620874328357, 0, 2.296403664938171, 5.827837755410176, 1.5921374786954081, 1.6253732439498652, 0, 4.836733879770842, 1.9020239043730867, 1.6362992984818427, 2.070878328011577, 0, 2.0800103520152087, 1.647446860220281, 2.358210825453987, 1.5154361994961776, 1.7401889100647112, 5.597118956813809, 5.202133738992503, 5.213435479516704, 5.191264784564945, 4.665078941231499, 5.452803333358956, 5.464089033517377, 0, 1.6730715225620127, 2.0680210908576813, 2.303021145464709, 2.1646133054400853, 0, 2.3335796345205932, 1.8416256565110112, 1.4299453295225024, 1.8741913327224515, 0, 2.6391678621432573, 6.672659647029565, 1.5632693669198554, 1.7266321575291108, 2.0735800531354345, 1.7196956102208762, 4.76670787211545, 1.8154800865811191, 2.51648829730366, 1.4755134574350974, 2.3039773144585576, 1.8482581194350773, 2.1174403385252916, 2.2474615726134, 2.323289412350407, 1.857581371223937, 2.2621001523584177, 2.084028336824727, 1.6962281348241246, 1.8811836673374798, 1.6907715517544482, 2.2923481777876056, 1.5451829412772404, 1.9491964275986542, 1.6925988470524356, 2.232929594423334, 1.7184691386150626, 1.616310026773121, 2.045427036291419, 1.8090157634722381, 5.961611481300329, 5.331006345764594, 4.743273781383541, 2.5556262916680565, 2.632467821197551, 2.8831765041566597, 2.239575376291052, 4.7929423174679275, 2.270961018054997, 2.0163502781938756, 2.0616090778263017
8.4219649214684, 3.0980392428055876, 1.6821994772377196, 0, 1.5625088589672858, 1.9380060418389686, 1.925345226884943, 1.8138101588276387, 1.6189370071184417, 0, 0, 2.4057864792390036, 1.4347300095712956, 6.999718594248739, 1.4813961590404192, 5.906795475872635, 1.5562827213725585, 0, 1.6198231923561428, 1.5993037275978186, 2.355748331346902, 1.5658577004660519, 0, 1.6799821853338108, 1.6021433016293265, 6.108478622752371, 1.9951487167496198, 5.506626493389023, 1.787198990784222, 2.0706751977902633, 1.7371201363051008, 1.8026773748438947, 2.143324309608221, 1.679376926611266, 1.6015153787925513, 1.9224489696658298, 2.43348730863393, 1.8394076039337555, 1.6426922872928131, 1.7337906531687368, 1.776882574491516, 1.9697051931133847, 1.8001490585536948, 2.1675124309350373, 1.4296668311623013, 1.5161861818298126, 2.267438308737982, 1.7492734981029339, 1.5807380047858812, 1.3901527336146953, 2.044301380253616, 0, 1.8452659338592718, 5.427417221987966, 1.2655399107199248, 1.5888061464750667, 1.3433069168416798, 0, 1.276364078917406, 1.3923978092847504, 1.562207746370938, 2.41428821080103, 1.540218228092459, 1.1319464768594663, 1.7504292538813273, 1.4419940433476781, 1.8932773324609835, 0, 3.1200850626599714, 1.9603784500880743, 0, 2.9156998346434153, 3.126122134038907, 0, 1.524668714756437, 0, 1.7948123145299344, 1.9250441910640272, 1.6520175237004584, 1.4168573584679542, 2.1736625934339853, 1.5833012199180796, 1.4156330980788092, 1.3986546746402841, 1.424984923247153, 1.6225290717005643, 5.612738457599837, 1.6194150071785371, 1.55774837920007, 1.7420685164167187, 1.3482710237742115, 0, 1.755269307974221, 1.996272151885512, 1.3125881206504804, 1.8567520940716613, 1.7506368064524975, 1.5498389993251396, 1.9835359814517992, 1.980087495718309, 1.5935625128190252, 1.7580955824203919, 1.7032597940976755, 1.399489530022074, 1.3668553478691525, 1.2730883033130433, 1.7498854549999245, 1.1814769230928246, 1.679734619837164, 1.526347283670447, 1.762563976194627, 1.378496300133303, 1.7031265036755319, 1.6571646404343914, 1.5153617190776432, 4.883690213946981, 0, 0, 1.9072344915081647, 1.7278767591832833, 2.0415677862269956, 1.5177743201748555, 0, 1.3215098595847967, 1.5937372641004586, 1.707283863358265
9.354721271630561, 5.457850911024247, 2.309473760961167, 4.476934586730337, 2.0268243431083177, 2.6194648128185425, 2.163552312986886, 1.766435883404454, 1.9793084428750543, 5.2553504400953575, 4.681440004321672, 3.203773786951824, 1.8768282113568722, 8.033553144397633, 0, 7.149020305573534, 4.956741373372081, 2.1588727604400577, 2.056248266603901, 1.6172144619193594, 2.5865241139386406, 2.0109183468131584, 4.762169524743886, 4.9754267063862505, 1.6387655337740483, 7.14798546740861, 2.1277856931598924, 6.823942080310901, 1.6486545909960362, 2.1490335994174865, 2.2721407656130825, 2.0761361740301174, 1.8625649539852271, 1.9695295102127781, 1.6936532250193232, 2.014940528140502, 3.271043663091166, 1.8957264786157284, 1.7537643011864152, 1.8987287258713368, 2.383321652101937, 2.0348572499270325, 2.8810805274437765, 2.3975127414473976, 1.6350084674376129, 1.8829517419869644, 3.057286262466831, 2.0040420662985245, 4.104577920814454, 1.49718160135444, 2.159068627140425, 5.293804083209666, 2.387945596845617, 6.370120331114317, 1.7112087394510305, 1.6029203188942212, 1.8889914332742979, 5.324073844194447, 1.9184497652686596, 1.5939718111696157, 2.261420320842318, 5.0785349418608, 1.963879448472497, 1.8442496666999861, 4.912798457873825, 1.730695667734557, 1.641073030207028, 5.894915361517767, 5.752940586018417, 5.238212151432357, 5.335237326237472, 0, 5.810944206999363, 5.632312625038324, 1.6923347492734713, 1.5308841519739875, 0, 2.4380306506679092, 2.258815686333558, 0, 2.4224389829521336, 1.9012755640646237, 1.3259366505833832, 1.9076658231692925, 2.3493823561162994, 0, 6.804979123651168, 1.3990251153703193, 1.8665399428053129, 1.9731106519160184, 1.617636913022736, 5.008697462219644, 1.8390245523078954, 2.3948495109724686, 1.8957980684563172, 2.0634474482019924, 1.9747356178243927, 2.0859567398694523, 2.1094551728797803, 2.184485944007248, 1.729557101346378, 2.25212124304602, 2.229449040480494, 1.7080679055883665, 2.045300105736655, 1.562749083367363, 2.818515911743172, 0, 1.9380969474705305, 1.7574666221700181, 2.1149496606943723, 0, 1.5651423379108518, 2.071847033404585, 1.7151035902797167, 6.268188303453765, 5.474690719142489, 0, 3.090500108502183, 2.6171572783697834, 2.9155612521393652, 2.3015418674041777, 4.901624782889696, 2.2286393097511232, 1.9062775203356777, 2.1000304674256856
8.611718850817553, 4.996842991585801, 1.7913096756714446, 4.149810806112076, 1.5738287700123856, 2.357691265957198, 2.0046847591203694, 1.7559619363490293, 1.6997578074784188, 4.546988269315362, 4.763827036328536, 3.5278511757344693, 1.6316625996815526, 7.142900557366299, 0, 6.649694991687242, 4.608907085724258, 0, 1.9401592597517707, 1.5437507571319184, 2.9071037775889588, 1.7689117657151818, 4.987560350953239, 3.856215470098514, 1.8028002125492066, 6.4914666673357075, 1.8888496416147758, 6.096421127180757, 1.6019276132082616, 2.179672379598041, 2.077876252987604, 2.0207199456310914, 1.8762959219058564, 1.8842205742132019, 1.6214243170843519, 2.160810005237275, 0, 1.8933502820444983, 1.9520060858851773, 1.790751620535599, 2.1265108427648136, 2.213662917402127, 2.583771933458138, 2.3989219360687053, 1.7115605692824492, 0, 3.125663595479912, 1.7153272866159108, 0, 1.4771391763161266, 2.263509811319539, 4.301316319045289, 2.1393695981021246, 5.292772393967084, 1.2078724401671461, 1.6183215180733133, 0, 0, 1.65034291497294, 1.7656262251918244, 1.986418960684146, 5.02318621082738, 1.8034113055743033, 0, 0, 1.360576664664066, 1.7306067533040348, 5.409722557570275, 5.203690256351609, 4.936895261097946, 4.974524580041408, 0, 5.717014108745039, 5.405749502495794, 1.632114996768172, 1.4871679404719909, 1.763216531996529, 0, 2.2348483708895297, 0, 2.137622693343518, 1.863907457961003, 1.4072730352610272, 1.69832108573052, 0, 2.3221198945866, 6.390555948716079, 1.6839165002007326, 1.3484371618546995, 1.5630306209203177, 1.5712202115986746, 4.686353201327753, 1.661969288195565, 2.1420559238588983, 1.2397965835096554, 2.1226318737175514, 1.7245751927094446, 1.6712289022551368, 2.2266775659273574, 2.1561370440029983, 1.5893797301284753, 2.083305797533916, 2.1562899485866485, 1.517061259028906, 1.8048557306227893, 1.3369374026328074, 0, 1.3572157033968346, 1.9406013599024883, 1.6882396529726165, 1.691522397559083, 0, 1.6571390817326206, 1.92811660376804, 1.4777623740876553, 5.740756201288033, 5.031755460003875, 0, 2.5754898090873, 2.4464457757987166, 2.6729008768395848, 2.3383621332827698, 3.80777005680119, 1.8844137063998139, 1.601783383819595, 0
9.64366449539572, 5.570125959055993, 2.4408005770382566, 5.546535491054169, 1.7580096723879368, 2.6145419259574223, 2.2774137960827976, 1.8261420937572683, 1.6124467114805408, 5.231080407246955, 5.458918892132799, 3.883738309902236, 2.257115344549954, 8.1255160248537, 0, 7.338601571958222, 5.023911430532517, 0, 2.0263158580290934, 1.6031276613132681, 3.049346391663168, 2.4452265817162293, 5.3584491827194, 4.308198067183118, 1.752193170071445, 7.30580341593108, 2.1989809019199273, 6.999395372911382, 2.063004774621318, 2.6304950540966927, 2.3235122522475953, 1.9405317772842128, 2.441425058576386, 2.025336691019544, 1.6490921057917527, 2.277223334533176, 3.245833122092136, 2.2192553748942823, 1.7006502700503263, 2.1062501246747347, 2.314327376423949, 2.1506151336021078, 3.0103623996743805, 2.4615630934477326, 1.7050359640399058, 2.019926739069187, 3.6136891826210387, 1.9360197341484247, 2.287885310598549, 1.8383597206991618, 2.4593485547764766, 4.808004177843205, 2.1637981113053772, 6.078247201905198, 2.21350734037599, 1.6295488593542273, 1.9125100868248184, 5.226194921180904, 2.120759131073568, 1.7602577084779538, 1.9731122234512033, 3.1211116587723593, 1.8971691564527697, 1.538624290239053, 0, 1.970236525381944, 1.82023518643634, 5.788259945664071, 5.786607172204049, 5.1702147237059535, 5.324895828131359, 4.795307534743357, 5.765589485590934, 5.7021359715157764, 1.6572754622861254, 1.6612229895186594, 1.9237456774232542, 2.270164414024295, 0, 1.9499688945911393, 2.5386198646776137, 1.947542717503388, 1.3282209155508746, 1.8258548949912186, 2.4231405109864506, 2.8565563019578932, 7.129194963960604, 1.4100319910638321, 1.853077760016261, 1.7739588031385791, 1.6830891976551936, 5.016223379363426, 1.578953397471817, 2.5908518384895918, 1.614717473823275, 2.358774153179218, 1.7483105339147, 2.1226844350689245, 1.870844974833134, 2.456843111046861, 1.4967531036260768, 2.4559469300460326, 2.2494120756588356, 1.7470738459327197, 2.0803223015953387, 1.2068678487837674, 2.98983559993746, 0, 1.8353730785848041, 1.823737942566516, 1.972126558553908, 0, 1.4865871120702066, 2.256247402459709, 1.5927357360989358, 6.1506002386292105, 5.324076398502661, 4.840295614453136, 0, 2.910705452437828, 4.886089046327531, 2.4150479102517792, 0, 2.2801713949953046, 1.782612577635884, 2.1901044089437978
8.662980613704102, 5.669643946108988, 4.719998491181059, 5.58272033895672, 1.4132198594497436, 4.772975837092887, 0, 1.3206993363794615, 1.68106157491004, 5.25859091637651, 5.927084642641586, 5.795133644110488, 0, 7.843858796578803, 5.186230423536682, 7.815652229493968, 5.129112893345287, 4.120282477925154, 0, 1.0233949670432392, 4.647941770769451, 2.3855623863984463, 6.205472138441737, 5.320190377007447, 1.5403582168712735, 8.610753532951785, 0, 7.85941766544974, 0, 4.80879560452152, 0, 0, 0, 0, 1.3611593813968934, 1.7993207110570753, 4.884398839151854, 0, 1.4577594548599175, 0, 2.7748712675555063, 1.760000763829449, 6.122110894882293, 4.676255506047988, 1.2657498320870797, 5.196417167821317, 5.832985989306897, 0, 5.655296028379072, 2.0987562957868193, 5.076211199901183, 6.797686540649818, 0, 7.830649704579165, 0, 1.8213167939535526, 3.250358636112776, 5.892085441125877, 5.226901861068842, 1.4301377825404578, 0, 6.336866202967821, 0, 0, 5.0212796423137425, 1.8171753265289339, 1.5385434775478652, 5.733525088864256, 5.953879091621971, 5.670297584431096, 5.749299503111561, 5.26337191337696, 5.398310842190155, 5.871338241979317, 1.4944275423694964, 1.96559914731671, 1.8968068305965664, 2.5532225972730394, 2.216187240339499, 0, 5.718529790687811, 3.025181631634344, 4.518929215195254, 0, 5.5457382990237365, 5.1207840598101955, 8.660364746842944, 0, 2.149323870375794, 0, 1.6168859017379575, 5.356027433401074, 0, 5.159853417528901, 0, 0, 2.2563827154937544, 4.971483134122012, 0, 0, 0, 0, 0, 1.905894777902098, 3.4154025810143165, 0, 5.41224101110948, 4.976065914305877, 1.7805247455323336, 1.2907892326063861, 5.516773781242507, 4.235695150162348, 1.617747217908431, 0, 2.4304975574235237, 6.843301917124495, 5.747419009153905, 5.120889564108844, 5.21455228484498, 5.095303792786842, 5.4329883333670255, 0, 5.169625383617719, 0, 1.793186069379838, 5.231356876188574
9.738183216150235, 7.228965564194438, 5.6858055933802945, 7.283717902332555, 1.5843742637529332, 5.456783456786696, 3.4023393888760856, 0, 0, 7.116209309292731, 7.3164110406540885, 7.036056965090217, 5.4530567134202155, 9.14874684941266, 6.632870895819889, 8.646506394931146, 6.241342567093876, 6.144707502729804, 1.9820163581051964, 1.8719508379114924, 5.607469670889056, 5.694419338222471, 6.534468428910995, 6.348165315057182, 1.7227422149274665, 8.55968879449822, 4.880633252925467, 8.431907090769037, 3.8079399409866355, 4.585961442364963, 0, 0, 5.12431842851806, 5.118683814045345, 0, 0, 6.346015374198401, 0, 2.532460874579404, 2.3133899055197698, 0, 0, 6.431535780904954, 5.143710380641665, 1.3861317003466243, 5.333328094410473, 6.547487388506672, 0, 5.921434944102796, 4.730199711160006, 4.541251548209154, 7.027587564455552, 0, 7.861538978621134, 5.53123057469804, 2.8598829815329494, 5.903290957094901, 7.260250701040995, 6.161663838440625, 2.069998626509887, 0, 5.711635418323436, 0, 5.881313055191535, 7.158659869438795, 2.344080618454857, 2.509712033060391, 7.734706314218933, 7.6244100324318005, 7.277537620704379, 7.812267695778122, 6.757039221848712, 7.010650634621085, 7.608113894289343, 0, 1.8574706423664298, 0, 2.528939419161048, 0, 5.708134959625258, 0, 2.4625788544836094, 4.945169487349514, 0, 6.157842035952886, 6.50542891090642, 8.897359434632264, 0, 5.097172814127004, 4.695451331732743, 1.60986340573357, 6.64699877609967, 3.05038757952837, 6.371297622241587, 4.847303610538696, 3.718578499892251, 5.225075486463146, 4.85827014966578, 0, 0, 0, 3.401993307110042, 5.644088919030484, 0, 5.561270821282131, 0, 6.3589350966251175, 5.367294133269427, 1.770764577603594, 1.499259724763975, 5.155779102603629, 5.76008237374994, 1.84340184704658, 2.4453793188511526, 0, 8.10347688877908, 7.297544895756125, 6.478275849871448, 6.252037319011627, 6.4206001696325, 6.4797644859765615, 5.59648107676541, 7.111165774100999, 6.1832033797357475, 2.077367847358276, 6.747383067222821
9.359040911680989, 5.709801610089016, 2.338302019226903, 5.11493791216466, 1.667949193382511, 2.515160176098111, 2.0305159100226406, 1.4261076934531864, 1.8289627230343077, 0, 5.486856209007634, 3.7126714015413635, 1.7765464288141233, 7.863422850094926, 0, 7.5064115288359, 4.815332951156563, 0, 1.6700120603704263, 1.481573577994377, 2.047210840980831, 0, 5.513828587630818, 5.0864111534769, 1.715680573816872, 7.528358587230456, 1.778597369879247, 6.95884455879236, 1.6817578604518257, 0, 1.883946060592584, 1.5494781896568515, 0, 2.1573104986738785, 1.846077490185685, 1.9980298886588592, 4.19813538053491, 1.850388491698406, 1.7131127598777047, 1.769701896473168, 2.115445560842042, 1.7465619082785466, 5.114807860481095, 2.2774232186775265, 1.6651857379481994, 0, 3.209964935890955, 1.9732976521655305, 0, 0, 2.0905401350781383, 5.339087620279161, 2.064681452954772, 7.0710332896350305, 0, 1.5512755945760324, 0, 5.322708673822323, 0, 1.642065100433075, 1.8636559482203001, 5.2225731271575375, 1.675500264685728, 0, 4.382032004085325, 1.596630715007668, 1.6694077140597294, 6.195708805673957, 5.786692029995998, 5.309454594954125, 5.655712372821261, 0, 6.331047905133668, 5.657292647547713, 1.4675782012782086, 1.6692252279494249, 1.8280964418762613, 2.2732469627751883, 2.2595231328811596, 0, 0, 0, 1.5932049754200335, 1.923634656212544, 0, 4.919448607618517, 7.297482132783547, 1.5235067593183167, 2.651689076885209, 1.8280533668859411, 1.4205437658465065, 4.24751012764646, 1.7459663334732531, 0, 1.5072726032760941, 1.9060205127000915, 1.781749413742179, 1.8776131371017912, 2.0316318812293286, 2.127365583744126, 1.743019749125252, 1.9535653760321248, 2.1927624842236684, 1.815460242890932, 1.8677835857619869, 1.7056374742396125, 2.5970910707967034, 0, 1.7849661874827976, 1.7258944272079422, 0, 0, 1.6043815954733118, 1.6839215398346934, 1.4610664374794045, 6.053501146769069, 5.231594485434553, 5.3778489551447795, 2.852116294887625, 2.96919212326126, 4.751889912444778, 2.2531593415486793, 4.934761696993128, 2.1162201771631173, 1.6029477746254477, 0
8.91777033541057, 5.395035163195623, 2.401863436482597, 5.344619778307448, 1.695807780335935, 0, 2.079926880644892, 1.5577188629748158, 1.7492316294068557, 5.054672342256602, 5.646077903950641, 5.277321055081361, 2.108860359980198, 7.914630752329433, 4.87263675624775, 7.4513399501297615, 4.9361014227294495, 0, 1.8931741191441565, 1.3807631225457915, 2.4010584322478157, 2.105149482402159, 5.451348663256967, 4.886941221672265, 1.4768926496798145, 7.645257863795494, 1.8926634296176408, 7.373789112390096, 1.7606669348847814, 2.7787201616120765, 1.6337785323435217, 1.5214768117477038, 0, 1.8626455186097528, 1.39426199308052, 2.031339465634021, 0, 1.9242627655388727, 1.7651672602388575, 1.7051942716923156, 2.221536513434879, 1.7747014833988468, 5.2522889604369105, 2.3456730146628395, 1.6074122152203125, 0, 5.440034783567536, 1.5354777749575432, 4.902575602528821, 1.6927113509276703, 3.0057671179954384, 5.820134607346007, 1.92201947623004, 7.077506575198981, 2.5838540595595876, 1.5103070743802125, 0, 5.434621891523567, 0, 1.6156829230212337, 1.7332445555272857, 6.275322806995408, 1.7694113871762298, 0, 4.8285354363399176, 1.3390992360671, 1.341267920001734, 5.954146889583395, 5.4213422470542865, 5.316328530475136, 5.691557415928882, 3.9360066583322593, 5.287202537820757, 5.584551509716559, 1.484420154741452, 1.4830709671467832, 1.833774553106691, 2.409361588019519, 1.8933080090537766, 0, 4.942161921646701, 1.6696010098980498, 0, 1.8997436710208502, 0, 4.89580657929577, 7.591588364479812, 0, 0, 0, 1.4755430422794527, 5.193280065187215, 1.7252855950454815, 4.993308014383546, 1.6264878552063031, 2.078818600346082, 2.0104731923829826, 2.0858059996971923, 2.692215948086116, 1.934625978182979, 1.6081943498332711, 1.9393100579831575, 0, 1.7053431754521757, 0, 1.5374401797692405, 4.881103552434115, 0, 1.6744154081998244, 1.732566564650726, 4.700164504529657, 0, 1.3985733540955247, 0, 1.4018324743165889, 6.577920851279937, 5.792559683746093, 4.850306015366088, 4.966965557466172, 3.3177434648662194, 5.20366831209952, 0, 4.931216307065181, 0, 1.4964504660506155, 4.808439768617088
8.728227713597324, 3.8853104807116376, 2.0891197323581765, 3.562130190270216, 1.7019602968099792, 2.5349286651470537, 1.9687960247625051, 1.3729291377892503, 1.5996215786055676, 0, 5.486993770325307, 3.643496748730912, 0, 7.458232502809064, 0, 6.525086380458956, 3.075185817595559, 0, 1.4793297023601075, 0.831688966997237, 2.3662618053048723, 2.9198178258287353, 3.832644530642601, 3.194834067600543, 1.7215116221433246, 7.523853884331421, 1.760636454532364, 6.424395546168342, 1.5483755948775082, 0, 1.5437507850138852, 1.2845974675743177, 0, 0, 1.5341596242243165, 1.7200912405617037, 4.961688592302094, 1.672213470647941, 1.256064582765888, 1.6179963447793861, 2.4779544541830902, 1.745984430383399, 4.9379626388554145, 1.8451370499955804, 1.1742723386677192, 0, 4.7477126034110615, 1.7035171782387306, 0, 1.3792672762107099, 0, 6.032474958921017, 1.7412350576913018, 6.901651439823769, 2.712895193315087, 1.2459115874701825, 1.973919370202802, 5.066212261588449, 2.9894864273362365, 1.073238397615885, 1.3444517075792546, 5.163002795539993, 1.6597722839849212, 1.5671182462893047, 4.89610003305012, 1.309329914363578, 1.7397015962170665, 5.811107620867214, 5.224583477953101, 4.411085332658681, 5.228761377165213, 0, 4.056839806865838, 3.9781918464348403, 1.305382680043676, 1.4927026469337135, 1.661286309842208, 2.020618352847123, 1.7380494258238413, 0, 4.740691257101441, 1.5667364215153399, 1.3662942760969945, 0, 0, 3.2650879600156046, 7.65002694310912, 0, 2.1226375932696753, 0, 1.2678572630065184, 0, 1.0653037339223348, 0, 0, 0, 1.6069390246873725, 0, 1.5702758092441031, 1.656468938227277, 1.1075159418665108, 0, 2.725906898928787, 2.537501953384504, 2.884934707786828, 0, 0, 0, 1.2900982125645637, 1.008211327316888, 0, 0, 1.5843279286818102, 0, 0, 5.940965855009098, 4.341640662668402, 3.4691871088162096, 3.4610948052780497, 3.1540720630972907, 0, 0, 0, 0, 1.4369590280526954, 3.1126749337868613
8.981111247442245, 6.871195563865625, 5.88189925454193, 6.334317229950431, 2.100993037697806, 5.477947766919782, 4.325291323791601, 1.7051069743058123, 2.4657173934078265, 6.212372742319705, 6.876813041333311, 6.497504028609837, 4.252305951602778, 8.438726946941633, 6.243519790008258, 8.016386682275263, 6.129502962508974, 5.8378407008765745, 0, 0, 5.538384129420606, 5.478430782766986, 6.826531975098348, 6.173626930108215, 1.689986731848407, 8.814294991720214, 0, 8.06178582785399, 4.9135447402662304, 5.854611513738466, 0, 1.6130846414442284, 5.114012397866696, 5.8073235933994205, 1.8850551509012743, 2.492111466955281, 6.318355433730716, 0, 2.2511095487878756, 2.314953694068891, 3.0949699092688885, 2.697235138262218, 6.795304252204018, 5.560087871815319, 1.4698572651174449, 5.528011589659967, 6.299107837611316, 0, 6.50874751114767, 4.991533887139545, 5.321875990562301, 7.827007416640806, 4.307272660837032, 8.820622281643608, 5.17907064638198, 3.8653620609989567, 5.718997578010543, 6.57621748442157, 5.972495575869698, 1.1905270376787107, 4.8363722353626315, 6.413231794643777, 4.83813960706464, 5.369328193590111, 6.734269290252162, 0, 1.8948538889101314, 7.447067312093829, 7.084489614297016, 6.698712050345649, 6.972865071949954, 6.091150146042412, 6.779464956604981, 6.777109646206446, 0, 1.7289477988740023, 0, 2.5279767892941862, 0, 5.803402442069899, 6.438269537588342, 4.210203561409119, 4.27780572434089, 0, 0, 6.101248341478433, 8.76673674806881, 4.896298713128059, 4.321261303329183, 5.015072245503929, 0, 6.5652542397475875, 0, 6.34808048835983, 4.802286578135442, 4.624089450830829, 4.329109001857768, 5.609327934475926, 5.123181526321435, 4.874127473508288, 0, 4.2043700664036345, 4.859412438341502, 0, 5.36839542486247, 5.0124777867288595, 6.183839972214056, 5.660801300743728, 1.6823898295365045, 0, 6.156518060166586, 5.4101655233963015, 1.4450626604971621, 0, 0, 7.654356431028509, 6.76406436953413, 6.05217988834197, 5.919440972367497, 5.727241461147072, 6.276581239709347, 0, 6.152519011295207, 5.329292844720335, 2.1530535824069155, 5.812875725300741
10.337927652637152, 6.712430057405752, 5.157311394270947, 6.365725713386024, 0, 5.77941906986712, 4.845312266996096, 0, 0, 6.544320915996455, 6.58582708819717, 5.855242210803378, 0, 8.181753200565693, 6.528837587680263, 7.950882937570047, 5.55511433738554, 5.3693824044483645, 4.725656473721022, 0, 5.631593147159086, 5.136485343435833, 6.268854897757344, 5.6911976954201, 1.5113092741975882, 8.198776796214842, 4.798945334143165, 8.45767772041862, 5.114276700222106, 6.220360233214062, 0, 0, 5.426569471546557, 5.585302818578182, 0, 4.541034254331709, 6.7830005024126985, 4.819540882710373, 1.3425957857636401, 0, 0, 0, 6.746171052955154, 5.615144537920711, 0, 5.619019452394671, 6.365638041894962, 4.646930732377134, 6.398860253967904, 0, 5.4216728536814704, 7.845075393163411, 4.711315963289852, 8.85779387066943, 5.089617052656255, 0, 5.6729692442023625, 6.472228268699616, 6.108237040380802, 1.1661744444428486, 4.794922368088114, 6.709710005272997, 4.926372453409162, 5.119012273881781, 6.580256240529194, 0, 2.0105630189174972, 7.3971557706160915, 6.998519060034031, 6.8453429221972595, 7.0635778976158194, 6.607104690195168, 6.656350864059569, 6.784231148740855, 0, 0, 0, 0, 0, 5.216563848241273, 6.725365304991517, 4.629445697312743, 4.800223961703901, 0, 5.822475573097736, 0, 7.921673042783013, 4.938261490508847, 4.915511826628128, 5.065432309723406, 0, 6.4175301554114705, 0, 6.2273730790775, 4.371567264349732, 5.206349307719783, 4.73514946853567, 5.728634562692352, 5.324040871689366, 4.967321404187121, 0, 4.36970789195592, 5.122978263137844, 0, 5.315217577128417, 4.950956510116488, 6.103351269920882, 5.8445927861413765, 0, 0, 6.090591065818924, 5.577136439926078, 1.595932093945674, 4.761932518868528, 0, 7.226230787292916, 6.753153771114335, 6.41878868682886, 5.889328679223329, 5.803234030290296, 6.108181212051944, 5.07006146630118, 6.08647996495049, 5.387221508207929, 2.1290794632571433, 5.593922936550466
10.819058037985002, 8.83557954882109, 8.167971413057005, 9.288229237592668, 6.0911169659547655, 7.877094009297725, 6.9284023926671034, 6.035439925201723, 6.785881666750584, 9.846613940133238, 9.070772804012107, 9.24761139705119, 8.193671434406337, 11.423750074828106, 8.495135075819523, 9.358242017296774, 8.697321053974317, 8.5583303487185, 6.67833590187182, 5.926944435774246, 8.526124143981995, 8.35129256305587, 8.603350241732937, 8.65737416171187, 5.281747630348081, 10.555945013817015, 7.238563497647473, 10.135582039780884, 7.051646935353861, 7.740880192262591, 6.570608869435053, 5.910342207923295, 8.669329505411406, 6.752205842108207, 5.982534579152814, 6.603397544010022, 8.290795334727342, 6.959522734596746, 5.806933366799721, 6.8652754412519865, 6.967399302382686, 6.323807219177656, 7.9049892310295835, 8.011877386800045, 5.755099113969949, 8.087079090468604, 8.92945372222925, 6.9593321794673395, 8.488598038841006, 6.944519845929599, 7.715424986532306, 8.595970683422054, 6.503161805159878, 8.907789847031454, 7.914204680653246, 6.064508155028278, 7.899677938734045, 8.576512942300685, 9.16931343637974, 0, 6.9571832605068415, 8.176847998328473, 7.201422732649878, 7.8813015390670955, 9.65147602545294, 6.849095924546669, 6.204622499989642, 9.83363320927329, 8.441376406855873, 9.804684362919543, 8.629951623663976, 9.177099089828072, 9.341966198994871, 9.07347660841446, 5.612370143745565, 5.241554568338233, 6.887939132346062, 6.686299539991837, 6.2524888914809615, 8.801836183440596, 8.537519214226352, 6.983839342521285, 7.238037844838458, 7.885763589081008, 8.389191570493916, 8.90413654007346, 0, 6.850732936830628, 8.369034033655534, 7.628098494060419, 6.3157616557309195, 9.250096448241077, 6.380897652100367, 8.828322632847375, 7.150153159997163, 6.690409031716621, 8.038413255663405, 7.045731582306198, 7.058836901490602, 7.294560380513761, 6.164648004136855, 6.786085784231211, 8.541586098300996, 7.6457840676354, 8.05775759160114, 6.867439041185835, 8.790445662378707, 7.492171481567346, 5.368284794098487, 5.607496671175591, 7.810142293227093, 7.9586812574191645, 4.683429328016801, 7.546714197418168, 6.39934636781383, 10.046536306722219, 9.033696136719133, 8.677751392046341, 8.901339918967174, 8.679789167522761, 9.191641792056446, 8.477924499880308, 8.938477449362027, 8.590792244226474, 7.126184584677583, 8.82568312884707
10.035162497078366, 6.3514818390251975, 0, 6.21162877970381, 1.724306509137357, 2.9635857898936493, 2.054841646041638, 1.9220767997388617, 1.8030719749949526, 6.150880703336965, 6.80327345747714, 5.773299830830269, 2.5627309444057444, 8.959249045604542, 5.316513523732642, 8.019196403417338, 5.516822031500807, 5.180583429734322, 1.7841741175641552, 2.0110382403852025, 3.1341420211351436, 2.825946468898792, 6.240568445486037, 5.551372452829142, 1.6948376257744473, 7.952322542500061, 2.0326550852558065, 7.130489566865868, 2.166647468056804, 3.491211236986516, 2.2884202148299044, 1.9562860736611867, 2.6944092033310745, 1.8544857509955122, 1.5114482744101865, 2.09023604292236, 4.948590588782453, 1.9179603631339515, 2.034301394074198, 1.9882275452482578, 2.262935180958043, 2.031370445876507, 5.186097299860212, 2.8784527362641334, 1.3437794882034664, 0, 5.5070033420973825, 1.8353470399740235, 4.747817386994956, 0, 2.9786271368859385, 5.703721506236714, 2.213732321291335, 7.174810405981075, 0, 1.7804393301778725, 3.492845775764363, 5.880226216660723, 5.260879394514403, 1.7300294873735451, 2.1096356556383906, 5.933378331073346, 0, 0, 6.480390232165066, 1.768513653168295, 2.074620119326735, 7.120507868811741, 6.5896106665673795, 6.466645278059824, 6.559488437309395, 5.729879860670933, 6.6463010750462255, 6.703574684014999, 1.6120485871859154, 1.5482452165182001, 1.9226496584762398, 2.5844048832278186, 1.9568156946869841, 4.439096545928521, 2.682954144083159, 2.2376750697511296, 1.6615133328081797, 1.9778134602176232, 5.414997462212799, 5.631052201380071, 7.816591214719121, 0, 4.011975949739465, 2.2362914609370175, 2.0130251442187723, 5.965043414501899, 1.8416066196217042, 5.16852068624407, 1.9781884365917688, 2.1471798177406085, 2.0177190829551557, 2.2605546141421677, 2.4299339188577687, 2.182600462064273, 1.662307854677426, 2.257496905042058, 2.6905727050027504, 1.8625091682437143, 2.2892705583907142, 1.8818139970730186, 5.625610588780562, 0, 1.9012788728532481, 1.7539207995427437, 2.276396283237863, 0, 1.6474336477892442, 2.3589798282516314, 1.7439937430590453, 7.363269235629294, 6.3812679866965905, 5.86737796731683, 5.780993973154189, 5.219448999728241, 5.597364188118889, 4.915057191093648, 5.609645474252901, 4.185870160212795, 2.315493735635273, 5.331620565326538
8.024839762789265, 4.926458546010877, 0, 5.068234663609412, 1.3025125299429092, 4.811378580909916, 0, 1.2610705278619327, 1.193969737947553, 0, 5.317018922383143, 5.129970080488152, 0, 7.295181097694112, 4.83410718188199, 6.731488852723608, 0, 2.9805114215207307, 0, 0.7320617431067894, 0, 0, 4.564666936155778, 0, 1.3729084072816666, 8.041953311066536, 1.485142270067849, 6.645271761765345, 1.6056165318795004, 0, 1.27801654667939, 0.8399184062572872, 1.9321546520151702, 2.1881737792405414, 0.9269773495869507, 1.4814219819158108, 4.8826655285559175, 0, 0.9447052473430494, 0, 0, 1.5175100250059046, 5.512550020143609, 0, 1.1494223956461624, 4.89758871392618, 5.766186139969176, 0, 0, 0, 0, 5.99934491284698, 0, 7.010704389331733, 0, 0, 2.227162034578404, 4.39354013787697, 0, 0.9869619523684514, 0, 5.64685799660477, 0, 0, 5.174851939347972, 2.249568254061974, 0.9082784891779556, 5.643192699475779, 5.198871193624534, 5.3146943173064685, 5.500906328011328, 4.782478326760395, 5.224494816414282, 4.585698969841811, 1.0619802574425992, 1.1368569593725497, 0, 0, 0, 0, 5.253386373739505, 2.42680976054647, 0, 0, 4.1987150852141655, 4.687064144886146, 7.6386344764925, 0, 0, 4.277803732509698, 0, 4.92762923733052, 0, 4.6993881679390865, 0, 0, 1.7722629656197744, 0, 0, 2.0696438703032816, 0, 0, 0, 1.7160422666522528, 2.0573708485870745, 0, 4.741132454951028, 0, 1.2203688580299838, 1.0357142446251038, 5.279423993266978, 0, 1.3003234096198801, 0, 0, 6.027978652595919, 5.0366769642242675, 0, 4.702631249677397, 0, 4.89833249339248, 0, 0, 0, 1.4265825248616921, 4.603457481499328
9.840395707112974, 6.6115993131214434, 5.0131541468287475, 6.491579721143499, 1.821261518850772, 0, 1.8471123119820776, 1.4942107699058658, 1.654788116634047, 5.927333660497337, 6.518810845360468, 5.961354533815981, 2.8200360709087584, 8.416901237066014, 5.626264690293136, 8.380855579051378, 5.636581029463788, 5.386062026511314, 1.828811423462457, 1.4831415187314843, 2.2754216664863938, 4.9806472963093285, 6.2554070318548405, 5.6184430345181084, 1.583344720683738, 7.924480967073841, 2.0999731098135266, 7.9362934483282475, 2.162106717658729, 2.8340860906632654, 2.192925001439931, 1.8352895889615355, 2.3056943341136114, 3.195711807008339, 1.4679678941232575, 1.9659913829888833, 5.171146623180421, 2.1453086562680217, 1.9807140213370855, 1.851350157989408, 2.1580621693507287, 1.8217163628056843, 5.515413679890896, 2.1884388650356543, 1.4422287015740647, 0, 3.194838742739602, 1.7987370421516045, 5.770064540258554, 1.8003183509208134, 0, 6.533186444595368, 2.1024566008279955, 7.7815849878404135, 0, 1.7114767163402949, 4.4375402414929415, 6.185736503567459, 5.056339288346641, 1.3340853012008622, 0, 4.151974773755746, 2.144915000560549, 4.598321242149125, 4.941194072712165, 1.7243265481641574, 2.5400634033828644, 6.97229520073192, 7.171296496904101, 6.3283161818679705, 6.575496368926232, 6.0875441416544955, 6.822361866789754, 6.853764791768362, 1.419158758709752, 1.4198025874717652, 1.6044495230032578, 2.2359573236565597, 1.9105173314213115, 5.1402609256495895, 0, 2.3191703712660017, 0, 1.772752940735683, 5.619914963651034, 5.7649515482620455, 7.934554921713493, 1.8276850543276177, 4.710709405339174, 0, 1.7606418086091318, 6.257419077036226, 2.3840748594902124, 4.971817447724657, 3.042377114115512, 0, 0, 0, 0, 2.2909630827886396, 1.3839345567229646, 1.9556988258285346, 4.653993806604665, 2.1046541831131296, 0, 0, 5.6692309587404575, 0, 1.6394961954407505, 1.6387138028407235, 3.4667195967781117, 0, 1.3642355722426363, 2.2999308848298052, 1.666046261904997, 7.023733699558066, 6.275039876440948, 5.931655072986333, 5.724602234712513, 5.218254610175259, 5.720143356471647, 4.755418349723936, 5.727971260526832, 4.957371059588314, 1.7662513381804381, 5.393281046299408
7.730102907729129, 0, 1.4991077884605377, 0, 1.662476962636937, 1.9494597580863515, 1.7012197557878819, 1.5156733596236178, 1.5170614776938833, 0, 0, 2.0641491212186605, 1.411130630912743, 6.859248020754477, 1.7065201048368028, 6.314347287532778, 1.340659329585852, 0, 1.6551555313568647, 1.5040399246287657, 2.0761536020073645, 1.5434138620338624, 0, 0, 1.3453095640848802, 6.380604815363359, 1.572628945621473, 5.432996583559693, 1.5650209224653442, 2.0141918264472625, 1.6246634938001194, 1.612729481968614, 1.996414481272457, 1.6095226233889148, 1.1729322858217042, 1.7231143039702712, 0, 1.3257845034634306, 1.5150876440262429, 1.6363532977336, 1.5996911338306543, 1.6868655119769778, 2.0891030280109604, 1.7809815899686339, 1.5011919165213747, 1.493741533442336, 1.9807391948028206, 1.548316819561729, 1.4446442470092211, 1.437754521602702, 1.5742523707923153, 0, 1.5345616572938465, 5.480455905839301, 1.2641009405219223, 1.3910451246687314, 1.606751603747844, 0, 1.423260944940059, 1.3020866308736416, 1.6000139309641448, 1.9082156184550578, 1.443468923462953, 1.4228706119069787, 0, 1.5701636957093765, 1.4624793257670454, 4.592956240372485, 0, 0, 0, 0, 0, 0, 1.5008881204276214, 1.4411314985024788, 1.5589475949599365, 1.7853678425518675, 1.478916452004256, 1.5631289271335633, 1.5396385629078706, 1.5679389871766969, 1.0923706266168798, 1.586839522088529, 0, 1.7081013981958628, 6.160348673208671, 1.0784575340791152, 1.8714922082520786, 1.7163791828378856, 0, 1.8261066569557058, 1.4878788408905859, 1.7658380440815789, 1.2443122703858414, 1.469319983797448, 1.2770607228862547, 1.3753280191225652, 1.5289362130900865, 1.4361154507323939, 1.2823306935685646, 1.6306301792877067, 1.577550279502238, 1.532512255211982, 1.586707958946026, 1.2833994321267699, 1.6607103180685987, 1.0988384961242998, 1.6183673384345034, 1.434890261312478, 1.5432446895492806, 1.2644957572945206, 1.420411702555622, 1.2326324156553625, 1.510835482736434, 4.990587768097679, 0, 0, 2.116820142441213, 0, 0, 1.8823834575101557, 0, 0, 1.5065647368003248, 1.3907037891474028
9.321931950047452, 6.0431399222051745, 4.861122289314269, 6.125731113777687, 2.0630075858514436, 6.085669689550126, 4.432919527866627, 0, 0, 5.588394599105093, 6.056756265015337, 6.392942067897409, 0, 8.138026395215352, 6.309759575707526, 7.973687641573846, 5.868997962371027, 5.670469291477298, 3.915145426438772, 0, 5.074272070527867, 0, 6.608246172428149, 5.857524504344768, 1.6572297977817807, 8.145201400313297, 4.727865780331505, 7.709482962793585, 5.395640868146358, 6.21277878717765, 0, 0, 5.225564173262045, 5.581996495127166, 0, 0, 6.4297200655216225, 4.799557822777184, 1.463560159003247, 0, 5.066380208221302, 1.8525401977005789, 6.824733706437231, 5.485788728580176, 0, 5.984475213508292, 6.74257203379287, 4.867458316725635, 6.174849686939432, 4.759874684390874, 5.693738912571259, 6.99191853150007, 5.395888926294579, 7.797211559540932, 4.823160984589951, 0, 5.84707190707026, 6.591235106662219, 5.329760834277364, 1.1661902230798633, 4.511338118932035, 6.720495768167826, 5.0125787244307665, 4.923805021473208, 5.9435067314181005, 0, 0, 6.776640720151076, 6.394999383211608, 5.912675490137303, 6.461196570341927, 5.86030058373072, 6.465515987492555, 6.544151454184871, 0, 1.927095999554182, 0, 0, 0, 4.959321952915113, 6.834237205659432, 0, 0, 0, 6.266320682788954, 6.06927201472965, 8.693379072462532, 5.371864804190931, 4.827619255322839, 5.51641677693807, 0, 0, 0, 5.892202213896006, 4.809113620942917, 5.36518758388019, 0, 5.318451061858182, 5.437151702628669, 5.585614268882434, 0, 4.590197278614214, 4.7016033986556724, 0, 5.172844868859207, 4.452536816442927, 5.948951143011954, 5.018922820130864, 0, 1.8015086637059414, 6.239221435375232, 5.5392203090423, 1.5542234442870042, 4.098839886370279, 0, 6.934607287803036, 6.053308523617935, 6.111300781873807, 5.504462473018584, 5.29206413075023, 6.233174465468958, 4.816534177518227, 5.5924327227010595, 4.530149628747179, 0, 5.491568684252317
8.935978527375687, 5.4917257054422635, 2.2578791521133157, 5.359665120586613, 2.011108086163051, 2.7922756495637002, 2.2869770352712426, 2.2926710022565406, 1.869176916553047, 5.267371923410599, 5.570417044955291, 3.62743889755444, 2.3246588863565383, 8.254643792872221, 0, 7.101499986547091, 4.890775995235327, 2.181126394091134, 2.32533596960612, 1.6872610518704527, 3.0317964576004455, 2.281773756662558, 5.438919055319886, 4.762574431319961, 1.7398078423923882, 7.160739995720666, 2.2950027359895437, 6.805908432910899, 1.9156673272847398, 2.5149718240967722, 2.31987490938313, 2.0705710470756817, 2.6896062079858427, 2.3912091296332507, 1.8226735687423907, 2.561496592730778, 3.2434986324456605, 2.0616556409602884, 2.1276981677586515, 1.880628652696984, 2.395321717965971, 2.164481936666202, 2.8224425268527846, 2.6319319651061766, 1.5631485873196553, 2.1632596670307427, 3.504975806916513, 1.9772613593543489, 0, 1.7184181924130038, 2.611514027994288, 5.107857449474927, 2.1996917591877088, 6.252898019158687, 1.5447457242701097, 1.8653250853075376, 2.0776104815037084, 4.962424362053162, 2.0266774910827574, 1.9103056841037813, 2.2115623913553195, 5.302605163953055, 2.1662115711735566, 1.5556406435729444, 2.6000698369142445, 1.5623546710355087, 2.0459969716336204, 5.789281032308131, 5.518080243767332, 5.46040841974115, 5.6421101475724384, 5.1459916688153555, 5.910318329046092, 5.480267638654419, 1.805939795575134, 1.7149351406733742, 2.125388247678277, 2.444432903039422, 2.2125371567257925, 0, 0, 2.1738002317917378, 1.461428891071459, 2.064360798715945, 0, 2.757036972745185, 7.2700442277686745, 1.650483401371286, 2.5079408699519368, 2.370897275946614, 1.7580445393503141, 4.9745971156796385, 0, 2.639357302350797, 1.8461873090530934, 2.4112542020587484, 1.9746787769878005, 2.3240040786049723, 2.295346820145441, 2.417064371213451, 1.580911571703493, 2.530237851487856, 2.1976155151462367, 1.7793515178084656, 2.065811966689132, 1.7432302245035745, 2.630375781951055, 1.694830359041479, 2.218271251042212, 2.026954878475619, 0, 0, 1.8109961737644582, 2.354970158230399, 1.9253883281968043, 6.348973898245847, 5.472503071650062, 4.908288311045497, 0, 2.6782241953956, 4.8787775920972525, 2.4945137563919335, 4.222357009982272, 0, 1.8170235055624009, 2.37085483532678
9.320985230991793, 7.023841069125352, 5.708268177315176, 6.513045774535111, 0, 5.748127539040757, 4.5262134702681625, 0, 0, 6.66030680655777, 7.010471132952721, 6.002412205845482, 0, 8.677482529318027, 6.74570008829576, 8.556865215944358, 6.288029478439248, 5.917564572544925, 0, 0, 5.30382835983534, 5.6014476160959115, 7.01286374918837, 6.534383263341891, 1.4877830370546696, 8.464116815109515, 0, 8.664496314247241, 0, 5.479721185334278, 0, 0, 5.210490617255644, 5.34676437951995, 0, 0, 5.877984256397548, 0, 2.007409941514534, 0, 0, 2.4370368354277194, 6.444986394743307, 4.801726415276979, 0, 5.557071176890247, 6.580634267019437, 0, 6.485142565606376, 0, 5.015341143880749, 7.098468053110981, 0, 8.229975310785337, 5.103931545670122, 0, 5.839965488445475, 6.811189770382311, 5.652022570649727, 1.0534518732633011, 0, 6.544838866860017, 0, 5.464952154478263, 6.326417939639316, 0, 0, 7.011969556519654, 7.047820036157684, 6.694776302371363, 7.154039770481607, 6.324726723752814, 7.02023461162796, 6.9200949252886055, 0, 0, 0, 0, 0, 5.2905783612481825, 5.5512403229026, 0, 4.9057801321592684, 3.975028571024278, 6.279031827712627, 6.46984830730232, 8.253992404842132, 4.470871401101501, 5.080843275674756, 4.631103069323032, 0, 6.611232251280981, 0, 0, 4.815785176357795, 4.715526224880411, 5.013593693032127, 5.083140309504474, 4.745468864005575, 0, 0, 3.979406878121679, 5.346676506997749, 0, 5.654081547782764, 0, 6.225412217618777, 5.604197103706558, 1.4279347462372174, 1.1827233564680453, 5.629843610990358, 5.326100083008054, 1.3793288610615728, 0, 0, 7.586038153066501, 6.8580348596110134, 6.831327246224516, 6.51135106621038, 5.973149795275925, 6.3444678918993445, 5.317945872528696, 6.16939998606151, 5.40106426468376, 0, 5.928673560813049
9.737093959660923, 5.8606119739177664, 0, 6.370261277882647, 2.308686981214806, 3.397074065438856, 2.5089610749643017, 2.098410224797804, 2.1938190083480884, 5.9387327870231434, 6.62062922814119, 5.550443430676634, 4.162298969115363, 8.802904102717218, 5.266515047970088, 8.119081616488435, 5.218871281926231, 4.739451494101174, 2.1395156244154987, 1.7029966743919842, 3.6592677264499978, 4.360695244128171, 5.780094578534695, 5.232850121634954, 1.801260453046576, 8.039978889506719, 2.2844930903492955, 7.791614866998534, 0, 3.031472055474738, 2.4811318655570305, 2.247106515816331, 3.657535411359082, 2.4806020931264188, 1.8879945788829022, 2.442992988175755, 4.924966270602799, 2.5633609877939407, 1.9767731998162992, 1.8769069291298859, 2.6377177803194027, 2.212129518459056, 5.638701399699849, 2.860187991796489, 1.7716493837562681, 0, 5.71166909481271, 2.223416117366718, 4.602024213052313, 2.1164883639019494, 3.360414495251869, 5.469274015568883, 2.6540002743454276, 6.866127698746918, 2.251759887281183, 1.8624058092517073, 4.422572158223273, 5.809627238117031, 4.708263929558209, 1.7237807985418503, 2.210948055828635, 6.469826508724144, 0, 2.2668979333408483, 5.709963002990704, 1.941344460212401, 1.7273004167794037, 6.953154893849696, 6.2933649533996325, 6.410381846954784, 6.678947132202697, 5.965679759207233, 6.823898038918729, 6.580069356160609, 1.7902037839748175, 2.0796954187705627, 2.1776475583233195, 2.8450518040383694, 2.58821520803677, 4.597308562039625, 4.977081179297711, 2.4679971548215485, 1.7975572906280808, 2.167005497806898, 4.7183277994168265, 5.1551337178305765, 7.890665710016548, 1.6698138275484575, 0, 0, 1.8648830322381988, 5.722221303684452, 2.115500253658246, 5.4801512608407785, 0, 2.4017283643574556, 2.5331167423886836, 2.4418864574421906, 2.7059790901668204, 2.233622061595682, 2.031442505164697, 2.4739110146332552, 4.726180021990153, 0, 2.6960083261315764, 1.941103677013471, 4.913075512087845, 0, 2.033127344695205, 2.078328303407589, 3.4295488299771697, 5.1517964346242655, 1.58292063497206, 2.058166683473762, 1.7291085898750365, 7.279307473342734, 6.531352778364234, 5.356558496503956, 5.265725421097204, 3.541718831857159, 5.6891250170675915, 4.546572074673208, 5.230574285893842, 0, 2.5076076381818293, 5.383929532258696
9.484526269664743, 6.607156880234988, 4.963304692473751, 6.478077644663836, 1.9772991549307535, 3.073913214140608, 2.6387683627567617, 2.1706106124969407, 2.1323716060946127, 5.858212173588133, 6.476983857922919, 5.9676281215264915, 2.9364592283391233, 8.582949940535551, 5.313634822185834, 7.979289881016707, 5.7194977132588205, 5.166303588635408, 2.2138863581038124, 1.6570173534238621, 3.505139570292094, 2.7358915876133687, 6.142227132498455, 5.589027272349819, 1.9074154744896947, 7.819921330189187, 2.6537819330681707, 7.896746926861478, 0, 2.74312488349736, 2.3965920752492735, 2.2467032270283402, 3.5874103529349597, 2.100020531320307, 1.7195614340069563, 2.309486705165536, 5.289804120463402, 2.3321600083294953, 1.9611917399696541, 1.983111214075674, 2.6069951655232533, 2.568929222436032, 5.042369112704084, 3.589257562978148, 1.6937287486767088, 0, 4.410313501604507, 2.0513710694507523, 4.453592795707827, 2.1104420674977975, 3.53853590599988, 5.486197576766811, 2.495912090559971, 7.186596343679875, 2.235692849083762, 1.674803106694122, 4.248105583468728, 5.881263192345156, 5.127926052939209, 1.8839070404845273, 2.1558411103427413, 6.315327447350027, 2.3476192979770336, 0, 5.693178311175127, 1.834761233225831, 1.949623117883743, 6.583131660988079, 6.1135251262108925, 6.429852727312548, 6.600653713537866, 5.853999136848054, 6.583776191944604, 7.033168794329548, 1.7418771341981025, 1.5246540783019331, 2.2937487144253397, 2.5935026053372643, 2.5559639017791005, 4.979274124969649, 3.885431021138124, 2.387416603262574, 0, 0, 4.419745416784304, 5.498762583930851, 7.6006232769802375, 1.6975877509925275, 2.6786387219975785, 2.526083000095004, 1.890477789683437, 5.975427601451601, 1.9688190571985718, 5.466103084513333, 1.9775926753701432, 0, 2.176771117608122, 2.2184036911484504, 2.633717079641815, 2.7810677615463746, 1.7326784923730179, 2.56148390853721, 2.79454079093497, 2.00146464319585, 2.667995085422974, 1.4114247402248619, 5.4402865022215385, 0, 1.8395867723476815, 1.6159466277033139, 3.4335776407368392, 0, 1.7554788691313052, 2.1664174866029833, 1.7952599024722775, 7.152725188710668, 6.862480586659161, 5.994523329891081, 5.746176787810917, 5.071151473792604, 5.985314322153091, 3.096254159594145, 5.498549753428232, 3.886121808014221, 2.2294104063082205, 5.301587537764201
9.467074611530924, 6.162188616248325, 3.2619724255407463, 5.616177744583363, 1.5490016147251449, 4.762334812284244, 1.7008275971900253, 1.2759350510519145, 1.8250358022503508, 5.397277095257399, 6.1514180511362495, 5.659068592318589, 1.7493849462793416, 7.818459936857826, 5.614730585227974, 7.631811367735515, 5.1479231467292905, 4.36453338093633, 1.6001757078109227, 1.317192378470992, 0, 2.2550388385850915, 5.7560861849784635, 5.393130874944869, 1.788670085919543, 8.16270639569373, 1.8068163441816385, 7.361651647123613, 1.736700935592596, 0, 1.7611302599042367, 1.50657106417514, 3.2976465049645407, 2.3906403014810857, 1.2950575786287728, 1.9013792124407478, 5.2834665496727276, 1.9242681625792808, 1.54134992045693, 1.8436401811843706, 2.627165777447916, 1.773839865389687, 5.339784062404036, 2.1981014268200982, 1.7352755546704757, 2.5436097038801924, 5.027017876462999, 2.098993042691018, 5.263753491862688, 2.7009022711931867, 0, 6.310903385000272, 2.2720702640453068, 6.952779857574218, 0, 1.778233941097497, 0, 5.708791914381269, 3.4277532955694667, 1.430336494493142, 0, 5.627923935902958, 1.7704654290453408, 3.0568202812075627, 5.601362752047396, 1.3716198398645858, 1.34888249927568, 6.375212133328977, 6.2842139011869245, 5.6989268775005755, 6.248504703030423, 5.200516984213388, 5.951289015670546, 6.0668063220306685, 1.4795319083105092, 1.5975340243363316, 2.005226131970871, 2.606384276284987, 2.242199312616889, 0, 5.214560545151467, 1.8064824386274496, 1.730261728821382, 1.770311277901592, 4.41582794549165, 5.133070764514577, 7.950767955645176, 1.9782068179917358, 0, 0, 1.518428156918982, 5.553356396751157, 1.9221944645470586, 5.165985038272835, 0, 1.8789810591688925, 0, 0, 2.5062588685638905, 2.339194567627581, 1.9052016315959375, 1.8088137639469646, 0, 1.863681560316363, 0, 0, 5.150150657338688, 0, 1.5811788601067436, 1.4957467753980085, 4.913098209250138, 0, 1.6568915042557264, 0, 1.509767831918181, 6.7670027914515325, 5.601853936940253, 5.35816649406414, 4.6064495639434835, 4.318931583439263, 5.789229495142875, 2.0905672647525915, 5.590497478047647, 3.1975237055583916, 1.8481083806364509, 4.811950108235333
8.696311070461725, 6.431157154690338, 5.024381089183257, 5.988871875956325, 1.8915780208924446, 2.9395712349445433, 2.3604694230513794, 1.888722893819948, 2.3057754357203777, 5.97360326496776, 6.537679088050205, 6.104191579449429, 0, 8.574271490865156, 5.25080089200984, 8.486904220993479, 5.638788873257034, 5.256705891396924, 1.9515808051162284, 1.6916795279288983, 3.728635195027835, 0, 6.521550629598779, 5.812385349274888, 1.658255262768549, 7.970089591927391, 2.3945137866046187, 7.247071701475729, 0, 3.2051277494096033, 2.223914455997641, 1.8192681580961372, 3.4205105305960513, 2.097633942231104, 1.7548886932279222, 2.170917240910176, 4.899166502470731, 2.138988292726802, 1.8699271003760876, 2.2181600385396143, 2.65081683708527, 1.9511178504792366, 5.883757499498304, 2.6752437590630245, 1.7312812878241064, 3.333429014935405, 6.031286001014491, 2.010186967879925, 5.36310924564752, 0, 3.5808357855155157, 5.525355086445979, 2.5292410957551783, 7.169363851433052, 2.3538236992043027, 1.6527115349457784, 0, 5.993210899416171, 5.16813297920824, 1.910649959398155, 2.116537209999351, 6.383227904034586, 2.298655825376509, 0, 6.011540630909207, 1.8693843913296746, 1.5785071874846954, 6.856405469470983, 6.160698135922469, 6.106641614199004, 6.272034334969516, 5.854592887420887, 6.093534908240748, 6.000019574746254, 1.8085066981581452, 1.716604871355328, 2.203244076308335, 2.6912197233029094, 2.378779155447449, 4.92938974603159, 4.892848284435525, 2.058397761673656, 0, 2.322650037058476, 5.317471946868769, 5.685562728388022, 7.385354685162856, 1.6418840566029689, 2.9563343769346737, 0, 1.793108167317512, 5.825554662232762, 2.1639316698663946, 5.612363044047883, 2.1215307785493476, 2.4256988389917575, 2.2694852083696997, 0, 2.4601039461820045, 2.4692963256700327, 1.9920898445226523, 2.451350039670533, 0, 3.212139034654132, 4.212219547588475, 2.0180072105742717, 5.607592636996692, 0, 2.085883351739617, 1.8226158597750493, 4.977464669166285, 3.6471276601823277, 1.691046125767755, 2.0770152256480903, 1.7348574620305863, 7.052089269605144, 6.189083555594734, 6.068448174007065, 5.900647316650293, 5.287750519223121, 5.765128533719967, 0, 5.772300578668004, 5.104672656373621, 2.234140099690951, 5.606274981797137
10.324294030986653, 6.0688630972610325, 4.873913067991028, 6.143465045394703, 1.6682270314295429, 2.9656280054314994, 2.1215117386560824, 1.7692465341950276, 1.8988355144233118, 5.766765278654829, 6.330585156952299, 5.657298573664596, 2.035891440693121, 8.745868145345378, 5.0861715970422345, 8.174126510494407, 5.558711070304649, 4.767890342486585, 1.9870932920215545, 1.9682750569168004, 2.978878352220851, 0, 5.967792397627636, 5.371344754533713, 1.5693044593715806, 7.669443721054379, 2.267066873714847, 7.023064817596115, 2.16708476961586, 2.9157427916478738, 1.987608322617049, 1.8834281342953587, 2.4153820353122075, 2.3395675112372243, 1.5958407641709271, 2.1845662396729346, 4.266092898987045, 2.1333824796984677, 1.9293307311076973, 2.096378066915749, 2.417282003305504, 2.116791433773041, 5.017228799646636, 2.714677070389268, 1.6999229718415436, 0, 3.5813688558061965, 1.9881970534699218, 5.0534809414800765, 1.7104411692605705, 2.509737096560091, 5.256417571638304, 2.3202906140191213, 6.743326403075967, 0, 1.9254780026987108, 4.694399811959783, 5.804740506501866, 5.010880753776877, 1.7998979337435335, 2.2877855260086095, 5.2428374968568425, 0, 0, 5.494748075027708, 1.5393126996823527, 2.5643901947446994, 6.8144393744438165, 6.424976372111773, 6.0362763708051625, 5.999938317800625, 5.6894962316463005, 6.481778393183823, 6.578831196658635, 1.6642045884025716, 1.64924891216976, 2.1902815462861573, 2.5106307998947663, 1.868211787342027, 4.883367830619079, 3.291851511116355, 2.0775415367233694, 0, 1.6181687785302645, 5.125274307833529, 5.640979032872938, 7.2190855888640115, 1.8896366818066346, 2.9631460560782514, 2.208595500488098, 1.7484252324438607, 5.3633011844282334, 1.714979241336759, 4.965162956992275, 1.9042230583718043, 2.288457817007796, 1.9748114300623814, 2.200410250060026, 0, 2.2085064373407146, 1.667490266933277, 2.2762681296871023, 0, 1.789556961072921, 0, 1.531693250865708, 5.193358850465327, 0, 2.0698261557537294, 1.685155537519962, 0, 2.9268018425993207, 1.653725060341466, 2.004870792965831, 1.6734484141563015, 6.622414148382169, 5.918669303366648, 5.325291946807759, 4.443364108647854, 2.8664307157951576, 5.593387342704207, 2.5105511213592053, 5.5287254867909015, 2.474635520894327, 1.8708505609800117, 4.974391903803572
9.555082914548946, 6.607921129971793, 0, 6.589074040848631, 1.329410363102808, 0, 1.6768482684073027, 1.541381329685845, 1.236392535916998, 5.796540231772533, 6.335379453759955, 5.794259349601601, 2.6464378889241598, 8.567008770691618, 5.532818610859016, 8.337575559314223, 5.569671097368951, 5.107072665904303, 1.7454294705350688, 1.5179774846497636, 2.1903525228703677, 4.900181857677988, 6.441515609296592, 5.787048671437337, 1.4604940698045217, 8.090601000722852, 1.9206005479280253, 7.464826566000605, 1.7078006113577486, 3.572339728492082, 1.9817126653255324, 1.7054452103622963, 2.7551957040890906, 0, 1.3482351160643906, 1.7562687543628321, 4.76966607746181, 2.052887480377492, 1.8859088405357602, 1.7327279670757405, 1.6024424090480192, 2.0314039136697213, 5.041971027736852, 2.0811098932457277, 1.2442452721353563, 0, 3.6362059587807405, 1.740322216425926, 5.613647948757756, 1.8238184810505977, 2.542281680934375, 5.673940864036553, 1.7235797180204064, 7.2542649529367935, 2.0996502181958276, 1.4873238189320175, 3.0872841741709287, 6.175537578926194, 5.054708352341642, 1.447866244326627, 1.5437219437165464, 0, 1.6324163562739435, 0, 5.4462389007119825, 1.730994094874985, 1.7037824537912811, 6.4623872512692735, 6.277115750974929, 5.995104157213891, 6.58260187497325, 5.683032387403532, 6.485503011791574, 6.661976020215392, 1.1227505367478765, 1.462786462125346, 1.5867273513102522, 2.0056695385229375, 1.5232695858186105, 0, 0, 1.8396391705257817, 1.4667904107172438, 1.7975851775839573, 5.667031700392398, 5.318965408107577, 7.43014882910005, 1.4709350971121649, 0, 2.1525809013427, 1.6595984485497233, 5.892939618672264, 1.5099572418358127, 0, 0, 1.7723423955247861, 1.99832144990013, 1.7485326297547923, 2.038206773314086, 0, 1.372923762388554, 2.0798527770185573, 2.351795019297776, 1.6365829255812807, 2.3319456319665886, 1.4769627718152665, 5.542685048763617, 0, 1.7044595291492624, 1.4674578165997332, 2.3780288749345684, 0, 1.5231616626033242, 1.792569191605576, 1.13739767539541, 6.790683230074217, 6.235450041307075, 6.1397523704301955, 6.078549018571056, 5.227010801410099, 5.587325326939769, 2.875813200746853, 5.6368334865605805, 4.786212225372811, 1.845365968524805, 5.203391907027996
9.713657833788858, 5.442387483880127, 2.2565341890048973, 0, 1.7826385144147838, 2.6055938985049094, 2.1864505542593418, 1.9430668990568938, 1.9184405356278391, 3.0497235224196215, 5.433270662275682, 3.448600266444782, 2.034902756976697, 8.241327043307791, 3.1546939487264334, 6.847030400082866, 4.810450697826657, 0, 2.013753489792326, 1.6269584501457937, 2.5898031531454677, 2.3757764655853277, 5.190965063275177, 0, 1.6992748243205122, 7.336031955655134, 2.151542805105298, 6.5886789853296825, 1.7049829685035514, 2.655897440738946, 2.247624272451327, 2.053059442174855, 2.404701955333713, 1.9206174293469707, 1.680991688505549, 2.330169885814136, 3.0068950595638846, 1.8879910855379483, 1.7990890736865133, 1.8933869134055952, 2.1659249423407068, 1.9791569827501214, 2.678427057516681, 2.48765861130176, 1.6832121689098238, 2.1436376561903177, 2.8759996619352264, 1.7252155658723036, 2.115903588284698, 1.7350563647146116, 2.384166004256296, 4.632156428838386, 2.168759237610512, 6.470110588964618, 1.7634106520098956, 1.5893186602280236, 1.9108703105954679, 4.869647064004059, 2.249758758320338, 1.6980955871149623, 2.150151728583295, 3.647631805202442, 2.1247656212924073, 1.9487800885261952, 2.737131983913911, 1.71492614777473, 1.930204879074481, 5.618310937903635, 5.657868053066152, 5.199267937101016, 5.387328326283535, 0, 5.784508209528796, 5.347191822289899, 1.7137063270220925, 1.683022439389286, 1.8368167051212037, 2.361228383679821, 2.05868661791015, 0, 3.1756995336150244, 2.163759492546767, 1.6487484484390478, 1.8935077503691333, 0, 2.4657052710763723, 6.630083842333798, 1.5904986321746213, 1.8024624867246957, 1.9268791856166336, 1.7951652088321775, 4.328432809034261, 1.8357702041878423, 3.285053546862901, 1.65127254961887, 2.159230897853343, 2.1581575599914316, 2.276537477261334, 2.3506438000910186, 2.259073271073113, 0, 2.2414354004613326, 2.557937137751325, 1.7214144105743057, 2.004641225736314, 1.7654715775113752, 2.6555163757727818, 1.608131191784146, 2.0067528776777004, 1.7847550091538535, 1.9877894851211435, 2.5104550503378698, 1.6425633981362304, 1.999214198441459, 1.8911652286606297, 6.157604881337004, 5.501746792167932, 2.4470404303391495, 2.8568295293458323, 2.7857338491777437, 3.0273058572699254, 2.692554552611918, 0, 2.341713094947426, 1.9435378883419705, 2.216196049963819
9.062069688396969, 5.673834369048982, 2.3817330826151495, 5.623691715595758, 1.81890851068364, 2.5755761286275436, 2.47852753904247, 1.9557355024847247, 2.036716591203369, 5.3143499427767065, 5.7429795962746955, 4.072213325639783, 2.013470422535639, 7.947171338588816, 4.21321103385007, 7.553461725296706, 4.897410274892709, 0, 2.1026982748725778, 1.6427537840346025, 2.8595800314875346, 1.994625072086663, 5.4633344168142886, 0, 1.6969621519990665, 7.4023168650095625, 2.3975571110774325, 6.894971210123704, 0, 2.673510275489, 2.113038739844506, 1.908091409184869, 0, 2.2833550881265254, 1.7069279492660214, 2.223489299494339, 4.8211661858912045, 1.9049985250586814, 1.905532347899376, 1.8948422904719415, 2.5565897006954685, 2.099242118287919, 4.945446704379771, 2.8094517453208763, 1.9234448121877858, 2.2860934485780144, 3.424962237985491, 2.228208478426691, 4.845315853809211, 1.553279151280883, 2.634654836994543, 5.364314184932761, 2.5621986238065, 6.589788264599858, 2.8030894009680574, 1.7368720928439398, 0, 5.7178170298572235, 0, 1.6652205305149712, 2.134389574081434, 5.611858905939807, 2.44569466917729, 0, 5.259111669734364, 1.5412802852817744, 1.9217457570908396, 6.268011475899903, 5.448043595881402, 5.670895701607974, 5.608301100171913, 5.094151398565182, 6.006838054210247, 5.6813268140497, 1.6599239881565893, 1.8539622307375085, 2.1359782522377126, 2.5828226933876044, 2.547199302333888, 0, 3.6126893822571224, 2.3749740479298893, 1.6649726752603264, 1.8172271174583252, 0, 0, 7.141883196198458, 1.858887159891493, 1.8334402115072683, 2.0455917027199444, 1.5599633644359754, 4.665165940544405, 2.1644485345423754, 0, 1.8334097909511193, 2.3290832926219203, 2.2451414405190198, 2.378343166324628, 2.484044779000398, 2.6628069269117844, 1.9438912210586043, 0, 2.587998217145744, 1.5934136845770788, 2.1898778645866837, 1.6574929552629334, 0, 0, 1.8941476167633795, 1.87169779030478, 2.453487290374917, 0, 1.663953423161076, 1.861012500857302, 1.9387845759222258, 6.288294424503055, 5.580544383988055, 0, 0, 2.896474189947849, 0, 2.281521040363017, 3.6232816358942155, 2.126116378709039, 1.7189142181797528, 0
9.168718410990776, 5.639947914781819, 0, 5.378725454835667, 1.4887321185492948, 4.89296454371281, 0, 1.296659841061166, 1.7012567606568598, 5.441437582282675, 6.322565296511074, 5.421258605665325, 2.407254220013798, 7.7078454528170175, 5.345137520337787, 7.773315613306673, 0, 0, 0, 0, 0, 2.560756387074175, 5.223628347528358, 5.081459086234262, 1.6446735353357425, 8.497340792606494, 0, 7.668419493785941, 0, 5.323353102410546, 1.8805432392698413, 0, 0, 5.0555531293773965, 1.3685692283713016, 0, 6.112541958074098, 0, 1.2806996388500531, 0, 2.265743069784764, 1.7960053849160011, 5.958126388699384, 0, 0.955365110149805, 5.024840093818261, 5.586701849111354, 0, 5.325626428579678, 0, 4.556248025088661, 6.903760067786082, 0, 7.177812788518578, 0, 0, 0, 5.359877025216799, 5.097409728742401, 1.2635713048473083, 0, 5.988760652202951, 0, 0, 5.273589777385837, 1.4737072889771543, 1.7158389201209103, 6.452669451021927, 6.6457417216785695, 5.681875713495296, 6.367891955055069, 5.2960949224752065, 6.299530752230893, 5.921982867342114, 0, 1.458309823137434, 1.8444437954867112, 0, 1.8066507391641824, 4.117947274458054, 5.435616067684804, 1.9800247987718274, 0, 2.752177903755003, 4.695521060711816, 5.154103578977234, 8.337221576829105, 0, 2.327943423346255, 4.62093509415527, 1.2508466369076519, 4.733428055178711, 0, 5.774111728385332, 4.620418293351451, 0, 0, 4.161226683736812, 0, 0, 0, 0, 0, 0, 0, 0, 4.624298041908875, 5.078554367571854, 1.5030101026703346, 1.309456322215648, 5.379838700795114, 4.841551202498991, 1.447207353150902, 0, 0, 6.655287177112302, 6.089471123480197, 5.492090416819552, 5.067221407791502, 0, 5.543071456440957, 2.5810677864664284, 5.299829681202525, 0, 1.8681813277993062, 4.916738520903126
8.588945443835714, 4.89920800858841, 0, 0, 1.4611120066713454, 0, 1.2313707003610412, 1.1781147659360793, 2.045036961996082, 4.653760692840063, 5.399869396379629, 0, 1.504524169134704, 7.1119874952681235, 0, 6.5412623443833855, 0, 1.9040852158529873, 1.0786591658265248, 0.7561546040876018, 2.064269550077863, 0, 4.91557928746674, 0, 1.583437032846214, 7.496474509744868, 1.661511046306309, 6.44507296412694, 1.6009782872445106, 0, 1.4100218574296997, 0.9650488415384824, 0, 0, 1.2161223751365875, 1.4697698145118214, 5.00818266295123, 1.479840442589605, 1.1624690114029712, 1.2689597837282958, 1.984513285401037, 1.3001450602980718, 4.366325005912541, 2.627466816860493, 1.059680264143372, 1.9944904168637525, 2.886821991669488, 1.7419276464657907, 0, 0, 0, 5.743713117429146, 1.475460278583959, 6.868384194835296, 0, 1.0942853686751837, 2.0425588106280093, 5.129991631016617, 0, 1.1855403658282522, 1.306886001608754, 0, 1.401452359578475, 0, 0, 1.1933465105567578, 1.6887308102051457, 5.337806171834899, 5.4825252807126885, 4.972219564522803, 5.2319977836526705, 0, 5.158906818323244, 5.08833157316193, 0.9293704829226476, 1.1590664856601045, 1.4859830552427145, 1.7625974236329878, 1.6317860591931406, 0, 0, 1.597890789491016, 1.3509005677959733, 2.265308122109716, 0, 2.458255836985764, 6.897271563846434, 0, 1.628341849852162, 0, 1.3224367868671274, 0, 1.10995207897784, 0, 0, 0, 1.3833979932062073, 0, 1.7973974645167552, 1.888139952537483, 1.3863949017812423, 1.3891210403388097, 2.7008729974123327, 0, 2.7647651638105537, 2.235080444401255, 0, 0, 1.171673265591207, 1.2620748943890752, 0, 0, 1.4843019418064536, 1.1289218355842412, 0.8223586324050801, 5.508545121585546, 5.1784841027329085, 0, 0, 0, 0, 0, 0, 0, 1.4365844359308322, 0
8.371099501948912, 5.813551446229594, 0, 5.1578713947047, 1.50791898551719, 4.470180727412569, 0, 1.162001134754027, 0, 5.222727504365423, 5.8409435709479975, 5.218107714725103, 0, 7.376664542057147, 5.196586974152007, 7.3144959000125835, 5.119050828716156, 4.784325512865661, 0, 0.9959097790145992, 0, 3.1819105101156446, 5.8942729972352055, 5.5118826801299985, 1.3887349651216085, 8.283751571121142, 0, 7.27624466825653, 0, 4.958788411840935, 1.398426895219261, 0.9635668798128006, 0, 0, 1.1183572586991957, 0, 5.443129868859606, 0, 1.0407640131563172, 1.5447983323331964, 2.0034476522699913, 1.67082638553407, 5.6833157899220845, 3.4532963626660464, 0.8464619274685727, 4.78839001228346, 5.317124695136874, 0, 5.013669760111629, 0, 0, 6.655200017773515, 0, 7.764059103644964, 3.0308009475285997, 0, 0, 5.526597177847215, 4.9192680846539645, 0.8296971925570391, 0, 5.899262632192325, 0, 0, 5.602967862930591, 0, 1.8225955012240491, 6.168683413607982, 5.999814500341715, 5.815668721186456, 5.988982507450502, 5.13255373275021, 5.701042872248001, 5.411497362264437, 0.895293004079494, 1.0383228181438424, 1.5750051887680765, 0, 0, 0, 5.523243114244374, 0, 0, 2.7240534958280898, 5.123453591081175, 5.040616465624763, 7.974906028797711, 0, 0, 0, 1.1041515641594646, 5.17825135434201, 0, 5.313899585978437, 0, 0, 0, 0, 0, 0, 0, 0, 0, 0, 0, 0, 5.237481460341344, 0, 1.0866458102830485, 1.200390442076015, 4.94493285144811, 4.167410001486374, 1.4705490754926938, 0, 0, 6.548920862328814, 5.674748328217636, 4.957469579266174, 4.939124302814723, 0, 4.026910940746378, 0, 4.846609278319033, 0, 1.5767554919429585, 4.81399921770077
9.470962343591568, 6.105304571368989, 2.657450016608337, 6.097962351900886, 2.0286355191933336, 3.40533363205169, 2.5334863289483667, 2.1831716255580322, 2.2808861737922452, 5.606525682655651, 6.409489386357152, 5.681103583040819, 2.5652409091882573, 8.919746111724857, 5.00903241499754, 7.85980616284103, 5.353831257139306, 5.118883677686747, 2.458910368401424, 1.9302485819310773, 3.082806992517011, 2.5873705165919247, 5.780669054773485, 5.396923098616803, 1.9278944514860514, 7.929321566708865, 2.553294419876828, 6.963900209664209, 2.2825547906303423, 2.904446394096655, 2.309405087921286, 2.1657671215598975, 2.917307607647574, 2.4010616256312276, 1.7193666426826444, 2.5601101926752965, 3.824872539840501, 2.396035222267895, 2.168140201378428, 2.3757280915181185, 2.6250918309835907, 2.347003811695358, 5.170734671161197, 2.979244653901463, 2.0476269887792133, 2.7763266127462733, 5.375178519856784, 1.8980551303935302, 5.346052227196405, 1.9407834964282333, 3.057963684820271, 5.097923160421351, 2.5887540554370942, 7.073181543884617, 0, 2.110826724610375, 2.3416559384272664, 5.640344041280399, 5.029700493769569, 1.8528946693417314, 2.780457383008179, 6.107179484718513, 2.2686713551453543, 2.066603299349645, 6.043271513521007, 2.0525660132926955, 2.4488843098214836, 6.748211650307012, 6.119522172356175, 6.304460357500112, 6.409727595606323, 5.379378396586571, 6.196553243072288, 6.290692360843802, 2.1234671740701327, 1.8138611852821003, 2.105325525010809, 2.597078245063884, 2.2919361084488643, 4.620831420748398, 3.028603226105821, 2.3401955861036114, 2.138222616411836, 2.2061783423128927, 5.086379213638165, 5.142644817923509, 7.639266692574031, 2.100798027793354, 0, 2.2039811478402886, 1.8643728278941423, 5.368785896422655, 2.2769989459418105, 3.3145340912615966, 2.591652223518144, 2.4788002300868266, 0, 2.3451444528022782, 2.6444294174867493, 2.5734486768849494, 2.0799561188208844, 2.736096378415199, 2.7197113162181417, 0, 2.5181421982654806, 0, 5.16317992945411, 1.9978087392707686, 2.234495341023654, 1.9163077887082447, 2.5229714072692198, 3.223319551841353, 1.728254667892056, 2.4678944304725885, 1.9776197128740478, 7.239947925594428, 5.793900090132858, 5.736942146204731, 5.581376876803764, 3.422697051470727, 5.543598392263561, 2.8958709045779334, 5.452270586437297, 0, 2.061911508528825, 5.026472723387176
9.566232444763973, 6.303987001329833, 5.287287132525826, 5.636309768126418, 1.8037866468059847, 5.799083839054235, 4.2622707727476685, 0, 0, 5.628139127153595, 6.5372515848181205, 5.582507893420172, 0, 8.068121790917758, 6.049307725863156, 7.231531462674332, 5.689234487073778, 5.3081202604148, 0, 0, 5.180311621717527, 3.6454312565761433, 6.040035593377581, 5.891807067700624, 1.5332363134605524, 8.452395920823829, 4.57808848981878, 7.6675805350687725, 4.924720046217356, 5.633646094354125, 0, 0, 5.176592648749747, 5.622731510089978, 0, 0, 6.818368271373197, 0, 1.185511323684079, 0, 0, 0, 6.668643553791334, 5.37586766897402, 1.2595789226740857, 5.540389541107404, 6.046292307428417, 4.55527851103546, 6.0907001488348875, 0, 5.164883303211262, 7.552678763555232, 4.65248916012029, 8.45433718010856, 0, 0, 5.225651471591239, 6.059502252018267, 5.620114569770774, 0.7946952828599475, 4.917144503768009, 6.591350804456647, 4.698333599631173, 0, 6.123200967365123, 2.771856904517414, 1.6837792179617541, 6.5875155962451, 6.52835253420199, 6.156072306744748, 6.582428054436231, 5.685160719763286, 6.23616617845729, 6.29928760964703, 0, 1.2011278498985989, 0, 4.2366380176192475, 0, 5.440517783864446, 6.315940363223827, 0, 0, 3.4970462915910177, 5.828289212833831, 5.853150584905895, 8.475400298252382, 5.333900784056569, 4.8061010220203615, 5.030484906237059, 0, 6.129709795641786, 0, 6.051595421440481, 4.511233437891617, 5.094112141311438, 4.650716257127257, 5.374686744267071, 5.049235926556304, 5.194306989397695, 0, 4.118415784442716, 4.474311609481541, 0, 5.178400591023595, 4.846475462444631, 0, 5.795291223945499, 0, 0, 6.3247913157129965, 5.154885095841003, 1.3838270473962206, 0, 0, 6.673900679833196, 6.287855227113062, 5.72172019306643, 5.658057711407283, 5.4349449617179335, 5.925522286240839, 3.7383259949600856, 5.642462072117797, 5.006065309293696, 1.8275465050927733, 5.465496525643309
9.197603978755504, 6.413354336184417, 4.571446818809747, 6.185299308142738, 2.210684182149152, 5.150822006346566, 2.6719399286459318, 2.2033729437589544, 2.314628997948747, 6.025523001746033, 6.549092857346355, 5.722728911713122, 2.7970262630161096, 8.572261870525294, 5.762189396663146, 7.822874978040173, 6.034981974584097, 5.289289220524303, 2.382618378009781, 1.9903944868817935, 4.38250364650744, 4.318302616498148, 6.4818123598185755, 6.03981400064301, 1.9442583187841633, 8.338979965422721, 2.7054959683621003, 7.51806728097328, 2.5209045906759955, 5.285201189742862, 2.486284950048763, 1.8677837982719026, 4.424277591961738, 2.807915227461804, 1.8156333490264476, 2.3778299331617796, 5.895662997221631, 3.203681358568143, 1.6636971940023941, 2.5159803756544616, 3.0178747415728338, 2.1681618798515645, 6.058283218183873, 3.3810635845643278, 2.0113547194314436, 5.408671594997868, 5.89037135962789, 2.1969965385249273, 5.697718319412435, 0, 5.198397282956607, 6.045004111832341, 2.7159452216166966, 7.6091844742970105, 4.082511150124312, 1.9375128847813334, 4.843709343858052, 5.786353193624244, 5.344700595331607, 1.429593181818601, 2.650431231337744, 6.325465587319918, 2.708048980432486, 0, 6.302904373780257, 2.028437835094184, 2.169857583823014, 6.977964780966582, 6.073621778467462, 6.531514070069862, 6.807074507780375, 5.603110023064065, 6.595307067014273, 6.160293130800929, 1.997377401708871, 1.9188765745040335, 2.376711978554328, 2.844706354629858, 2.5571576489501706, 4.998881007738345, 5.521971087091635, 2.904096990261431, 0, 0, 5.612220398411369, 5.808233012724922, 8.263365851796381, 2.276335524063935, 2.646324182720275, 4.811032228481664, 1.8603816120065464, 5.974280135288439, 2.173814508232315, 6.017065639393271, 2.3901378928973984, 2.963629503896561, 0, 3.0741868341122136, 3.05758310820301, 3.0204055225615556, 2.013127204021721, 2.631924396296025, 4.801818154147748, 2.5308599393605173, 0, 2.2354205916695746, 5.9321448656720195, 0, 2.1053858813488016, 2.0127775398496777, 5.426376932031561, 5.345659256666321, 1.671138482669352, 0, 1.9916622546241016, 7.264987496515289, 6.378311679662997, 5.927760342759876, 5.817522448846252, 5.576864950948578, 6.064249872847308, 4.418595023536952, 5.822734999663884, 5.172043375625201, 2.2955762398541837, 5.59083002216836
8.602907035349649, 2.550284335772335, 1.9815167071446873, 0, 1.783337886120704, 2.371846849378901, 2.0596372251306216, 1.9118988306232811, 1.8404381647631687, 2.4977045151356974, 4.0040276645835275, 2.5630553187605303, 1.885480819384135, 7.333960682163175, 1.8775819290529459, 6.167582891940457, 1.7660878528573258, 1.8339507925864598, 1.7864689073433875, 1.6211213271742972, 2.4830284377683998, 1.9296162103738639, 0, 1.8880445139544446, 1.663172417946259, 6.730765800354638, 1.9550829541350663, 5.574018452534188, 1.8904111169783113, 2.225106693587468, 1.9375044436753441, 1.922210150332354, 1.997768891700604, 1.8972690670269088, 1.5944255734613726, 2.2482918156759664, 0, 1.8735270846290546, 1.664233239723355, 1.678499139836639, 1.911169056777982, 1.8569652927143983, 2.3987191829821426, 2.284651236300286, 1.5722894320737062, 1.9017926733107005, 2.7667864301424605, 1.6117170471298197, 0, 1.5891863895648908, 2.0166008127788393, 0, 2.02419607313606, 5.395276124404817, 1.5544472674547334, 1.6387309904703706, 1.881149240085009, 1.9804908384002564, 1.7059950705114688, 1.515377440257864, 1.84286149676463, 2.2830600933136225, 1.5949136067697403, 1.5177759883685134, 1.9865778976022075, 1.6449852840843648, 1.8834817938883195, 0, 3.3860462227395014, 0, 2.3154819068713337, 2.033908449360346, 3.4709566283701148, 2.769621231272491, 1.7461553033369586, 1.7907088376761389, 1.7995507883140802, 2.017320658403328, 1.908265180113062, 1.6088180999956756, 2.010039247335662, 1.857659507775609, 1.8801003902794862, 1.6368250314907635, 1.8609121234021488, 2.316736182913325, 5.865114825317021, 1.4817620265203544, 1.8134565859737524, 1.5298722046851159, 1.5610225113899443, 2.9974740253174113, 1.6862413764473922, 2.2627742953578043, 1.6078430600386022, 2.047060596295385, 1.4423849256994834, 1.8561347410310949, 1.9895502622055183, 2.034423468793391, 1.6521686043800758, 2.057990508389825, 1.9568030685499453, 1.6479147181752483, 1.7904382053121572, 1.4416500171427953, 2.068611582969574, 1.342658818141455, 0, 1.6205282386615822, 1.7937610009337794, 1.3840741491588255, 1.5459338304838737, 1.778342620354788, 1.5351421234060232, 4.555150670515669, 0, 0, 2.4300895779208878, 2.1505807169238915, 2.3985199821086063, 1.995890304102104, 1.906354282561153, 0, 1.7801803374898697, 1.8322147151812787
8.42265900436037, 0, 1.9336740814846691, 2.260253992536509, 1.7749700315194545, 2.3914328366043542, 2.058494027084274, 1.881960243250614, 1.8070095818126555, 2.3588377021055944, 2.3780955154493735, 3.283056196675881, 1.9786613652401344, 7.107613111597626, 1.9878928484806158, 6.056420084411006, 1.7827331407803884, 1.4396340385118538, 1.8266587393112312, 1.646046147352341, 2.4091005861912826, 1.9430843084998406, 2.4059443461223506, 1.9483729629275004, 1.7641578718644677, 6.5303585323466935, 1.8986356592565228, 5.626219341127265, 1.6159994523933805, 2.02365479917641, 1.9233938645299757, 1.7617865737523384, 1.9650091344441318, 1.7705031745814346, 1.5711848945632783, 1.997282482522611, 2.524348779936828, 1.6830728393170498, 1.714827376377929, 1.8510465341217799, 2.0617585869379327, 1.92238776373952, 2.108781750936593, 2.316551405534786, 1.6244788215949961, 1.8778144062387714, 2.568310819147256, 1.5455135283036059, 1.7120811815317996, 1.606441123460296, 1.945773581859682, 0, 1.9605664692160416, 5.373409913414504, 1.4240095282523146, 1.6387408230760563, 1.961483403946789, 0, 1.9151725124921513, 1.6133751582264506, 1.759658569340737, 2.4106960584878165, 1.7382216806681867, 1.583356703817975, 0, 1.5998696183159455, 1.7917556242164092, 0, 2.2350582935168046, 0, 2.3581577065419603, 0, 2.215113544505927, 2.497989431856637, 1.5898871232480776, 1.709610820139208, 1.8997618327469346, 2.1168757718997204, 1.828809307037147, 1.6130168182516764, 2.0492760045230165, 2.1166780873137547, 1.5828788168099492, 1.7814595038801815, 1.9547212248850971, 2.1796244330512953, 6.040502142905303, 1.553514895543135, 1.7939546110474813, 1.5822778955122692, 1.6601236734279528, 1.9020298220187368, 1.7630570928707814, 2.124890744357179, 1.5017967477131784, 1.9054155013531346, 1.8516614604574049, 1.8122245217796116, 1.9609587609703805, 2.143211821456388, 1.5293752754934171, 1.9117256053661345, 1.972905649600269, 1.693364509133823, 1.6802327165994024, 1.6274918918141663, 2.0211373140701934, 1.311435151404091, 1.8307216708714333, 0, 1.7581549341871021, 1.3529005324946706, 1.5736278219672102, 1.64835454387256, 1.4421399579102572, 4.612743039527448, 0, 1.8912607609024898, 2.4655920400313778, 2.4407394173833215, 2.410468334908745, 2.086400557299335, 2.0901217151524847, 1.562355329109528, 1.8387893824170054, 1.8133835057386476
9.372926826026571, 7.222778149769595, 5.437274119410969, 6.929631901027267, 2.3301318298975957, 5.003020239830229, 2.752320352233978, 1.9649017597379357, 0, 6.697478555293417, 6.8920177481123055, 6.393593437911258, 5.124891036913677, 8.906496534738853, 6.230335655829337, 8.51674821911086, 6.393466851768346, 5.687864301823221, 2.484300002292067, 1.7480039964457588, 4.02244450946086, 5.499569631457375, 6.948852370612038, 6.352488312178896, 1.940598992221957, 7.945951525443429, 2.645501740355304, 7.958498033145066, 0, 4.781034146568667, 2.703617219941012, 2.310013079726004, 4.020102568748738, 3.608659054697648, 1.840250754291027, 2.4524494600367936, 5.463295416771229, 2.6429987436389624, 2.0341807278179127, 2.275588059261, 2.7517920274478036, 0, 6.192590339603048, 5.123010817544891, 1.5134917553293445, 3.135092417402849, 6.078582631863811, 2.3585434902147897, 6.1274358195094525, 4.061242844982941, 4.991971757398438, 6.475169095089453, 2.6304279971418314, 7.519450692503045, 5.274071938512945, 1.841842644205158, 5.267103788118687, 6.893460467256958, 5.827017853874383, 1.7332787922732493, 2.058235133209078, 6.560846047842821, 2.4318029834177497, 5.188601770758664, 6.710557201008595, 0, 1.9947582012550056, 7.5647339600200425, 6.50172219854369, 6.8932416853822644, 7.204524643555167, 6.742150170676404, 7.171667656100864, 7.313184249263199, 1.6857259846049621, 1.6143682286855234, 2.558484854395671, 2.8502310450154695, 2.5807635557577533, 5.906712572259318, 5.33452246634345, 2.697418125129765, 0, 2.4793695592779903, 5.860183079158748, 6.116970858452683, 7.778730493292974, 0, 5.367151857140174, 3.5074978119929225, 2.2624414274150535, 6.725407802700552, 2.1613401161812584, 5.986118399466127, 3.3621525852017915, 3.245256270351898, 4.775529849030472, 4.755077512488934, 0, 2.8339035737548723, 2.0987369013202097, 2.4616157516393606, 5.307201400500111, 2.473989548728273, 5.182121595901533, 2.140379570998226, 6.099367749988302, 4.692945458500392, 1.753622876763423, 1.8637133105815387, 0, 5.15437218136765, 1.3190207211887037, 2.4385973159692513, 1.7857241196199265, 7.891845643135863, 7.376907756758716, 6.885250001293151, 6.5005952469839725, 5.960293158507765, 6.201152650937681, 4.924194327619145, 6.55385888518682, 5.669994402222549, 2.4583287048047224, 6.273874696502562
8.45571922924704, 6.745607315522036, 5.181668440114227, 6.521823045585629, 1.6243067256171053, 5.241869168867833, 2.2058350065531247, 1.488527388857156, 1.7884675556949003, 5.92277314534198, 6.481127905636027, 6.111442683931333, 2.3646526470787568, 8.31704409598453, 5.955278191874641, 8.366557264044344, 5.783927878954594, 5.575889069420838, 1.7442699007600606, 1.79734738785173, 3.1193849665467233, 2.7428855791924196, 6.622893655624609, 5.9991184477011705, 1.373981169200985, 8.70960524651581, 2.208230159231085, 8.073677115335096, 0, 0, 2.1040010367383357, 1.6125971819632372, 4.99431321970501, 0, 1.6600815105651747, 1.9755587455695576, 5.695516177145411, 2.142923320116438, 1.7067978334785718, 1.6652248840682555, 2.320532132887516, 1.6484998662790282, 6.295836950887401, 4.834611059677276, 1.5526601688106882, 0, 5.076116321565126, 0, 5.839584710305355, 0, 4.787316619777417, 6.758449818938275, 0, 7.749706425979515, 0, 1.6583540122953513, 4.597874008454044, 6.622256033971087, 5.5233363861762514, 1.4474691079959356, 0, 5.867351038963925, 0, 0, 6.037112612362546, 1.9213376537075344, 2.3005051876453906, 6.366695286106854, 6.627788611559395, 6.170237614699772, 6.654882011750065, 6.34144319738025, 6.665827298445432, 6.926571612198377, 1.2737452018112765, 1.1961239570507323, 0, 2.0944852246513324, 2.049792440260688, 4.4394147612405295, 5.604276093966898, 0, 0, 2.4220261894424207, 5.886378663923589, 5.830414520970877, 8.45598855192486, 0, 0, 0, 1.8200086125925876, 6.203946473319647, 0, 5.603526122167303, 4.618938216147433, 3.0152122682903895, 0, 0, 0, 2.213735996274791, 2.4667031916757294, 0, 5.315229839468567, 2.1402297975720654, 4.3445527223010485, 0, 5.8195146062811345, 4.829838486839677, 1.6407926604865362, 1.6784719994586061, 5.0430384816105835, 0, 1.355037858405542, 0, 1.698949444287324, 7.300424547517722, 6.354214915590572, 6.077894740510926, 5.8332278566862925, 5.661785501966145, 5.877951850876274, 0, 6.100468000913721, 5.147460569003652, 2.0257710596908285, 5.7074920694380875
8.126655899390691, 1.4663911918850432, 1.5400172766162847, 1.3442389796772098, 1.4732577233379374, 1.804266760515925, 1.4691754615768178, 1.4512247468115105, 1.4139126073573078, 1.5574460384478526, 1.3611414243977702, 1.7265641556412594, 1.6095869888578331, 5.61217899677924, 1.3478611611285674, 3.002113260946305, 1.3910144611068864, 1.323504489596726, 1.4840705594939736, 1.4130893858019495, 1.7513287791819157, 1.7952865991816347, 1.7796120640273765, 1.4472094673282547, 1.4415171249276373, 4.757878447705526, 1.5197215687394667, 0, 1.3053096488033291, 1.7405149618561884, 1.530722499864385, 1.5393252037307186, 1.549431908796185, 1.6436313749936724, 1.4023847804119218, 1.6222654215077592, 1.7222642305783626, 1.3763482407293945, 1.606957573622137, 1.3650648864442885, 1.3742028714033525, 1.4063755123323702, 1.6629510565527597, 1.3635650068884309, 1.2414233352204862, 1.2821820098168701, 1.978076079055106, 1.3993760621217273, 1.4012834877744338, 1.2663931827209005, 1.5169280027164425, 1.6658852974745224, 1.3025141141431975, 0, 1.3303106647201384, 1.2977854419087624, 1.5000203658256595, 1.5472591879613407, 1.511116471375687, 1.3163324563812977, 1.2511758921250131, 1.665694340853869, 1.3746810458255267, 1.3261833824084346, 1.552723779432856, 1.3269346290486788, 1.4407155809105388, 0, 1.7085984031332775, 1.700264530295609, 2.0653555071013208, 1.4129558277396976, 1.9433035098607447, 1.623395998412424, 1.3397719515899709, 1.233575187156811, 1.2376179212692726, 1.4203360714071314, 1.2114522386411186, 1.4663692489210587, 1.3116843842756092, 1.47088115411643, 1.3090282504844208, 1.3952437701008051, 1.3161846462232074, 1.4098469457298062, 4.683178510967965, 1.0518288636492403, 1.5138495199140716, 1.1010720469008088, 1.4336967813710473, 1.4202796984332573, 1.3602196263729192, 1.2885038863176692, 1.2463683958804601, 1.4703528498222598, 1.3426075553083883, 1.4342080370447845, 1.3952863988221993, 1.344438020081411, 1.2397082423167591, 1.6189836332833643, 1.5546697242689682, 1.491516329999936, 1.5977761449299515, 1.182318247235252, 1.516926023069819, 0.9830534388258515, 1.435257816833629, 1.2556862559722393, 1.2545042246996736, 1.316832497554587, 0, 1.4814498823815978, 1.3798485605115505, 1.9837828001412523, 1.5316438822558585, 1.3915959086330658, 1.7932358987202224, 1.7872608475402656, 1.5571504598647343, 1.5926173955462402, 1.4019287435698085, 1.704948803667115, 1.5163708919575674, 1.5636600252877917
9.186398312659795, 5.604996923990823, 0, 4.505921375372181, 1.6423869439262357, 0, 1.8065682047955294, 1.4387003949995525, 1.6494911294509584, 5.165010741121464, 5.365053937346864, 4.976474286144243, 1.7336861314873542, 7.38941319590662, 4.986298860141689, 7.097342076219684, 0, 0, 1.7326564657735812, 1.2683268987803875, 0, 2.1860006564603123, 5.338981379024128, 4.907232079579209, 1.458424132248913, 7.898763529800463, 1.833053655391102, 7.54993716976518, 1.948651025961915, 2.42727855751172, 1.4421747936314673, 1.5338040560327364, 0, 2.1487136548542254, 1.3152775449648948, 1.9354966078673923, 4.724788503361346, 1.9598031785780377, 1.3159784162599664, 1.464567777841886, 2.2351004161084704, 1.609746069708553, 5.313838147860198, 0, 1.4282545368189914, 0, 3.1712070111025983, 1.640649039670918, 0, 1.5529906585274909, 0, 6.245627536749052, 1.6509316074709932, 7.3027935345353026, 1.771066050592567, 1.4271000378237009, 0, 5.497162144066261, 3.0887329340442027, 1.3916591976873713, 1.4441193637747343, 5.671274101029311, 1.6060634201864972, 1.7845661641035868, 4.425326550927986, 1.2455811978972804, 1.6205832351463727, 6.030560219347206, 6.237313874701672, 5.120289616617117, 5.844991580119093, 5.102670317053273, 5.595518831893971, 5.498938304688831, 1.486961142839729, 1.4120667844561574, 1.553533306661936, 1.9136709170323205, 1.612605653317442, 0, 0, 1.7683670720797842, 0, 1.7319756718804014, 0, 5.036164837184173, 7.563989217045894, 1.5746599221675301, 0, 0, 1.4160935607804217, 4.631239064318717, 1.3318946641251428, 0, 0, 1.6216311343974008, 1.584955327479955, 0, 2.1830395891884815, 2.0700905502205273, 1.3420154614662698, 1.4578890022377295, 0, 1.9394874283417127, 0, 1.7867066838875327, 0, 0, 1.65938942599548, 1.475835434505346, 0, 0, 1.3886937880017935, 0, 1.3367410183054538, 6.389497623936115, 5.46989636535578, 0, 4.3437406238997625, 0, 4.246269808282358, 1.9903669493041802, 5.020166647850375, 0, 1.683864030381828, 0
8.270687298326646, 5.523068161670661, 2.335161690933422, 5.113610387110817, 1.967853193185418, 2.5610886583166454, 2.0494190437047664, 1.967103378980776, 1.5587452713061665, 4.985604557461685, 5.50832890515514, 3.7797425657385504, 2.408963532511834, 7.544851591802961, 0, 7.680711851841067, 3.218368110916624, 2.00026058003526, 1.8849600105843145, 1.5842605886086139, 2.78184475181572, 2.2535184442896616, 5.208010843273455, 2.5458817521170194, 1.7304817112166788, 7.478609480621998, 2.1608338782232126, 6.343168424461511, 1.9666308838275044, 2.569971289864332, 2.0674634710961497, 1.849848835204059, 2.7687849330288588, 1.7776715244357575, 1.3264561137974613, 2.146527041072173, 0, 1.999658370028362, 1.7979121852560076, 1.9492089242648727, 2.161057671232556, 2.071794957075272, 4.719985684511424, 2.6794944373185974, 1.5612713060387717, 1.9993805794681982, 3.119527815957922, 1.8554388347470305, 0, 1.8873374214237477, 2.2017019609741206, 4.95168514849261, 2.131273379755703, 6.126133585781244, 1.9580138096448652, 1.6912486079157882, 0, 3.5812473924382253, 2.0529023333458682, 1.638708610384203, 1.9940336868729434, 5.266482764110083, 2.022112836664104, 1.7245397082925515, 5.102598662958918, 1.587420867818633, 1.9707742158150605, 5.558707061954828, 3.624235761952282, 5.0741261567205225, 5.659875245682639, 0, 5.364958153580285, 5.460591013808545, 1.6693674249081987, 1.6045634026056903, 1.8781706159886276, 2.2689242091073876, 2.1370582355087095, 0, 2.2517784639925655, 1.8945084767534912, 1.4681898052240858, 1.7919895707887439, 0, 2.945560204444678, 7.287270520428202, 1.5143164153281246, 2.0089940051885664, 1.9987133166095203, 1.72580652178641, 4.200969641232373, 1.8555522949731174, 2.6160825726580885, 1.771532804699455, 2.109228089367241, 1.5893690795883448, 2.0693390882005174, 2.1075905677215343, 2.1524402677733705, 1.6592790827581416, 1.851487893094377, 2.2021087752661304, 1.7223048968405645, 2.030873875155548, 1.7982159481118292, 0, 1.6668294158725445, 1.9388750213738355, 1.652604652103438, 2.428252816659041, 0, 1.6016478399991687, 1.9784810502774945, 0, 6.557771147879572, 5.582878363609371, 4.964618981177255, 2.9361968664235865, 2.9490616875791167, 0, 2.3621424404157194, 0, 0, 2.039515730398144, 3.3068737822349576
9.281602328614989, 7.522233140976486, 6.158262446645404, 7.048343886394126, 0, 7.4941284782613735, 6.29925076540437, 4.111588651627365, 5.7475276159977655, 6.398811126163221, 7.841858563006787, 6.69663223846973, 5.369153987400458, 8.055857317679244, 7.106109580034809, 8.277828783313327, 6.9809645105369285, 6.973478962736936, 5.594115922741382, 4.828840921174423, 6.735076458876739, 5.885837761953924, 7.288807428351962, 7.013147019503586, 2.012496994561084, 9.194138637468573, 5.922589560086132, 8.575474265286672, 6.641515869740766, 7.085063231565319, 5.139599165734777, 5.0073163331334625, 6.1300268913800195, 6.903285802515748, 5.2435231134590605, 5.649242896131773, 7.694832267929812, 6.116039394297016, 0, 5.758153675433253, 6.249397250967983, 5.135973826916391, 7.886804561890114, 6.82275634827196, 4.885065884532617, 6.961952521423994, 7.642165784180653, 6.086382192756242, 6.802597333263449, 6.016113697666172, 6.440405846738587, 8.106801883003765, 6.266105276289044, 8.820197249269395, 6.199273208420116, 5.834389371909434, 6.666683070996634, 7.448772498826347, 6.977179785679974, 0, 6.107564250703114, 8.283538758928263, 6.427647686208102, 6.335327471896268, 6.709053160110429, 4.929603702874488, 4.756322551820106, 8.054357965603645, 7.592004308345286, 6.883196026929767, 7.5626450573406725, 6.879253246646781, 7.347414480362139, 7.297155754505856, 5.193713548225151, 0, 5.574955975820935, 5.852642169504486, 6.077906205454162, 6.50774961895428, 7.6225528091986385, 5.554578594559552, 6.052664829316685, 5.7530092323207445, 6.870691147562758, 7.11748783896175, 9.431369514033346, 6.4327385785163695, 6.326379613309902, 6.689993375663527, 4.994020913827451, 7.556672944796738, 5.398660005080311, 7.367107692425316, 6.444570988795954, 6.49709402953782, 6.068941963043984, 6.7248402736118695, 6.133943054300704, 6.8078697870671965, 5.266661782526251, 5.4427431774648065, 6.265468553941089, 5.655876495032531, 6.233983053002772, 6.330130191428545, 6.65087121629467, 6.790134716558932, 4.2333656702371165, 4.093410120167065, 7.341333762126045, 6.579175382980521, 1.5583123381513266, 5.329585140072871, 6.179322145828588, 0, 8.1134018868582, 7.268576585017567, 6.956226238489634, 6.569001251450122, 7.520400240709604, 6.0652026092348486, 7.408659561137022, 6.078901341237636, 5.2865236256223005, 6.3657515217982485
8.952888331774979, 7.003138463344301, 5.908729312108656, 6.560432730981993, 0, 6.620729928322786, 5.5687879484956335, 0, 5.065957747776526, 6.382431139990711, 6.982542328421792, 6.735603023324133, 5.003496819354456, 8.461671473543921, 6.892411289837984, 7.767199993505603, 6.1532232937841895, 6.222503555134849, 4.9211456875083694, 0, 5.721609243974587, 5.652568834868888, 7.072054207862419, 6.619388735233416, 1.6388504916445483, 8.644323055560985, 5.215124630892738, 8.433502862513278, 5.425451513511896, 6.239015558480985, 0, 0, 5.591698822804156, 6.517663021825716, 0, 5.00275893827388, 6.985826798115205, 5.3405442493690325, 2.672181492483359, 5.231068960192741, 5.359605523066684, 0, 7.151733300287576, 6.182788732227512, 0, 6.391439264957827, 6.417818121292588, 5.46703557714691, 6.635567432368481, 5.459861919493011, 5.933536836667144, 7.958448665872362, 5.701938749107532, 8.696605660690128, 5.740088566083389, 5.0779271234292604, 6.450697775599275, 6.664164851557071, 6.029478952345868, 0.8472041674261288, 5.738049796200554, 7.490599781074724, 5.560845575822104, 5.520290123592595, 6.968439312934643, 3.1557026091243894, 3.9765650945005637, 7.276978626376188, 6.717477951816713, 6.790293137951705, 7.412867504208137, 6.4637856416541215, 6.600710017352724, 6.786039466885063, 4.784498508915137, 0, 5.251187241975523, 5.3386605395458355, 5.4733519871011085, 5.59481389910138, 7.117532844040916, 5.2236664135931, 5.159406148645101, 0, 6.347642792833671, 6.476145285738327, 8.769213321908902, 5.872781946014171, 5.161361160108481, 5.886014052439207, 0, 6.1153873718086125, 4.962114338550557, 6.564852680750159, 5.611586809998633, 6.1529501654699255, 5.516140638714416, 6.269507504700038, 5.815693561008314, 5.595483122633638, 5.101829748819132, 5.23123539855984, 5.393536472344897, 5.066873274957558, 5.5428337707947675, 5.66361330890887, 6.141366228191852, 6.2876161919862295, 0, 0, 6.71813549679089, 5.999328720673966, 1.2503003180843886, 5.054863036430599, 4.867841527539666, 8.334007306547225, 0, 6.415265332795849, 6.351114881611024, 5.683154357004975, 6.333794507792317, 5.23050082495417, 6.704987101279876, 5.577379639665606, 0, 6.116391602576762
9.842731580967236, 6.388572100953311, 5.484964498988035, 5.6986821382299695, 2.237725890434301, 6.042140850794046, 4.690328433857237, 0, 0, 5.717595658769107, 6.882985928038606, 6.305366257218382, 0, 7.9707179549243445, 6.034050415508699, 7.078353398362519, 5.504939248511341, 5.546029856752549, 0, 0, 5.551269766593198, 5.09205836279136, 6.221697248424435, 5.664091226489117, 1.7780410112064173, 8.963609270018619, 4.910965152744582, 8.046416591742346, 5.146517237034609, 5.796920508693222, 0, 0, 5.355076265770709, 6.035943466559224, 0, 0, 6.465122781439052, 4.795577926397869, 0, 4.943947188055954, 4.378532618744219, 0, 6.912740507613374, 5.729734528727907, 1.57747616845775, 6.393315716635486, 6.900887059392691, 5.145777850381662, 6.228774120168942, 4.883054815072848, 5.535669047672517, 7.489946091423547, 5.207780106169848, 8.27004537257295, 0, 4.764482617413525, 4.767412614679111, 5.870574345090294, 5.540524602148657, 1.0615767285769897, 5.465276454864501, 7.101233770805517, 5.173329312483795, 5.12893377482533, 6.106203188303721, 0, 3.8177504234719333, 6.959391885336961, 6.540573233512836, 6.62282836662103, 6.558553950502472, 6.268051114145896, 6.544212161647944, 6.368562130137963, 4.55180169127236, 0, 4.381901623999414, 4.337605740307059, 4.9946287334964445, 5.346440713565624, 6.941104988602892, 4.947525813868224, 5.087460150720755, 0, 5.916809625741287, 6.347634330858178, 8.444241803334206, 5.716975260541465, 3.563472621232597, 5.732948847693255, 0, 6.469207120473462, 4.587770166760431, 6.164994291192479, 5.1563846251130245, 5.639411754394973, 5.143111927563799, 5.783052814257089, 5.422669650911178, 5.957680912371731, 0, 4.342495351200711, 5.24617562712884, 0, 5.362736217322999, 5.571486541486133, 5.906475799614589, 5.9638476030968155, 0, 0, 6.9383753896799485, 5.550550087741299, 1.5736333805905405, 4.094682291728777, 4.63400398669705, 7.253699029553441, 6.846539879361248, 0, 5.885094193369506, 5.686879295180769, 6.003676708132953, 4.963899111610078, 6.076575244793431, 5.124994018186981, 0, 5.688090894262063
9.69004803132845, 6.321271888411053, 4.629010178082482, 5.719931939833172, 1.8277286215927895, 5.890409064156966, 4.792395591727379, 0, 0, 5.452844779347596, 6.410832105607339, 6.1302254847256785, 0, 7.351897679431017, 6.305959220584489, 7.841382488980215, 5.851527642135341, 5.413967392965511, 0, 0, 5.0421033252244465, 3.724862235853989, 6.056829528429986, 5.81193177150875, 1.7123719297994688, 8.673220870794518, 4.195793971608128, 7.196394951163989, 5.038656300223751, 5.772942803203544, 3.196178056700693, 0, 4.879278822090936, 5.446388326948275, 0, 0, 6.399904641953128, 0, 1.515295229634521, 3.9916194729269696, 3.0207951126157955, 1.932013638251676, 6.910980917792351, 5.439124786880235, 1.6637873790428797, 5.551405648562058, 6.7331261328848555, 0, 6.196400810412924, 3.5250496578271897, 5.322194118276817, 7.3245581863689795, 5.017128262873948, 8.222319300926124, 5.061134341865642, 4.572209078830616, 5.548188021382822, 6.606717802166299, 5.801879000686374, 1.3787813239606965, 5.01124748996661, 6.957965079145363, 4.321701248365541, 5.215612541067364, 6.1066214804507215, 3.2498382579835665, 0, 6.872948282010306, 6.870719656734136, 6.202970089839673, 6.541563629694754, 6.064000877792198, 6.5284857212244995, 6.4200271599456675, 0, 1.790789553490001, 0, 0, 4.27958197087146, 5.273161936733591, 6.5917653208265214, 0, 4.8642386655151295, 0, 5.9866072911220485, 6.006555339693763, 8.497085224738768, 5.087044491825538, 5.146445410900337, 5.344580337833497, 0, 6.0800974101373075, 0, 6.081758826267726, 4.551040358648157, 5.23792522715599, 4.20315928123051, 5.4461546251323245, 4.732893739857652, 5.219755297995906, 0, 4.256039845577113, 5.05386034231391, 3.4794757545516846, 5.2161069268447005, 4.651681783201393, 5.562878808621415, 5.3561157085387245, 0, 0, 6.1569313918588, 5.275408058499737, 1.8901846508021456, 4.017397735469568, 0, 7.133264490020052, 6.087401969627954, 5.74445970072794, 0, 5.398046051685504, 5.978365375701546, 0, 6.181660409331381, 4.578575444191905, 0, 5.614910573363913
8.662711150979385, 5.7214982459597925, 0, 5.311678036922194, 1.427514902944241, 5.1227965107381435, 3.9023392922479787, 1.2664828173363663, 0, 5.282878300813416, 6.164362475026017, 5.447168903982266, 0, 7.81689563732631, 5.813037891189344, 6.931526175176465, 4.779497835484362, 4.7839400000298715, 0, 1.3930452504081041, 4.846037681005983, 3.4280606899817845, 5.688229282344062, 5.024104657099974, 1.529327199715342, 8.43451978096563, 0, 7.948261961720988, 4.595312176662844, 5.120228474773247, 1.7109697182079815, 0, 4.149232154727464, 5.042832960988114, 0, 1.8651787746748865, 6.057306460662436, 0, 1.1893242034287164, 1.9193343240362308, 0, 1.5292771212864087, 5.923471456492295, 5.013930712256314, 1.4084218116871914, 5.137630521327092, 5.784062716796293, 0, 5.418008744989536, 0, 4.613371509970115, 7.015815759744575, 4.302809583812853, 7.8233343866506635, 0, 0, 0, 5.376996717803083, 5.038065712259373, 0.9495247884685819, 4.411815525420411, 6.4316134818892445, 0, 0, 5.319883405616306, 2.398258235810552, 1.5911236308133936, 6.436934331242932, 6.1328998888349275, 5.78288181463852, 6.442147204270591, 5.3237687240057365, 6.078787131049368, 5.768869269365318, 0, 1.6898762426368021, 0, 0, 0, 4.79990935508208, 6.012216688350828, 0, 0, 3.050390524391281, 5.351753763828391, 5.518036900237424, 7.907935860647427, 4.530790277406463, 0, 4.564083080223423, 2.1438082678586197, 5.629293079029471, 0, 5.515855434382147, 0, 4.57400552241138, 0, 4.825743533148363, 0, 5.000576535715921, 0, 0, 4.286483992706147, 2.9980604440589547, 0, 0, 5.0503526206502105, 4.9301626988776555, 1.2599319009340528, 1.134991411956515, 5.604370984588878, 4.838268194597009, 1.540016395984366, 0, 0, 6.492968383097331, 5.590766152636762, 5.549455744223729, 5.151513130387973, 0, 5.470804419146744, 0, 5.384991750937596, 3.409056585945013, 1.4609104368152543, 4.796529363620337
9.096574889699811, 6.790019253586386, 5.210316206672792, 6.245978521738598, 1.997012304566482, 6.09653196357829, 4.958241267729681, 1.9089149486660961, 0, 6.034626067354261, 6.933905193312313, 6.395108687531284, 4.2186292010107636, 8.164399160291167, 6.238547576380941, 7.959556434257585, 5.987653960689393, 5.733068817031526, 4.155144975832975, 1.8608295715025547, 5.619900326415822, 5.267889970184441, 6.606843503095266, 5.863060222421451, 1.827995136384993, 8.727431103268488, 4.6270919240291715, 7.893220960715651, 5.631922587521266, 6.3537729705840915, 3.292410891952683, 0, 4.91232722931681, 5.891849268369485, 0, 0, 6.771036876128293, 5.007152061616318, 1.6658738191578708, 0, 4.955930963808068, 2.4815150184665637, 6.94509805171341, 5.951590232644199, 1.9337778743665053, 5.977984010417075, 6.937706300716254, 5.096915663359954, 6.043621970962769, 3.7117615016918686, 5.819559902231211, 7.211850571832088, 5.48005954263238, 7.834595482765353, 5.342026184090811, 4.159838857096121, 5.666735014172087, 6.503454454951784, 5.814388347221916, 1.3733348842317878, 5.186552025047309, 7.659569248225833, 5.078895201639248, 5.309730234182715, 5.864257226597114, 3.4870667673074194, 2.2089624732866175, 7.307474510668618, 6.849827046198358, 6.668066273046127, 6.762422643765356, 6.3043680444452646, 6.930491405781584, 6.643462414857746, 0, 0, 2.7731609167324924, 3.261087756485178, 4.930019855790861, 5.29173607565708, 6.991661785429985, 4.909805058963482, 4.734568228232387, 3.6706889585795697, 6.249139629877629, 6.293535757011527, 8.802539449570803, 5.44854385439437, 5.034476426524078, 5.483396759928645, 0, 6.375997840020536, 4.566159714675435, 6.671805368551821, 5.063977694392983, 5.319175756042907, 5.246883723523539, 5.594510078172047, 5.2649152181169665, 5.7591290662264045, 0, 4.329570386952601, 5.517557868551953, 5.0178402244826, 4.2999560227323945, 5.488535339590842, 5.967345407896256, 5.601584343987345, 0, 0, 6.2044573961365, 5.430383372105933, 1.891405078294945, 4.362122053698188, 3.9871514516400466, 7.6186083574224615, 6.353654539682336, 6.055288841573121, 6.064259119215318, 5.707971125512635, 0, 4.9766138697531845, 6.252705037712365, 4.915591419727149, 3.038355098127163, 5.883256554279047
8.525728897451172, 5.0309052028176895, 0, 5.103938716782533, 1.0844715726488567, 5.0647785745263425, 0, 0.8765146631159735, 0, 3.535359447254054, 5.374392047476452, 0, 1.4278169070953237, 7.542330801917553, 4.787137645626358, 6.935217097502911, 4.697908679714417, 4.521537185198165, 0, 0, 0, 2.7642971959248834, 5.363627853587722, 5.155853103775105, 1.5649132048360321, 8.188209933645677, 0, 6.636138689949293, 0, 3.0043709578177062, 2.315800112311666, 0, 0, 4.911187811184514, 0, 2.5598631931777045, 5.98055856811857, 0, 0.9756796004114782, 0, 0, 1.7699910843541786, 5.670465849454226, 4.61634340831712, 1.3625258219909115, 4.682704300012122, 5.222804115392024, 0, 4.976238445719165, 0, 0, 6.343111955779793, 4.1693478788123555, 7.329750110157952, 3.058864633923238, 0, 0, 4.564556676126947, 3.121399444120947, 0.892401579057341, 0, 6.09177950202679, 0, 2.822915420170857, 4.3252195795560056, 2.6200493449766786, 1.1235950516879238, 5.826276415728453, 5.47174187295521, 4.989773758191562, 5.65651612185373, 4.935999455294082, 5.264905569788588, 4.101354202172618, 0, 1.258725716961522, 0, 1.9061991026931155, 1.8301688376687804, 2.8606903384845643, 5.389607772265099, 1.7814753924806817, 0, 2.52697474508845, 3.8296229468187457, 5.111684123690129, 8.14289115834307, 0, 2.7347569811433154, 4.53228596414253, 2.113468719751385, 5.1785853432522915, 0, 5.0532109090872614, 3.735811474352994, 0, 0, 0, 2.288986424197965, 0, 0, 1.5022001060042391, 0, 2.626307436511036, 3.004496002491341, 0, 3.5017709203280254, 4.137288275146584, 0.8613228710011498, 1.0439414533993026, 4.5669076056627045, 0, 1.471235874733063, 0, 0, 6.151150631713085, 5.156372433038739, 5.0032696414876705, 3.597500836533479, 0, 4.779073374781074, 0, 4.965786377990774, 0, 1.5359917052549272, 3.4626425996853327
8.603068172319578, 6.404758968730622, 5.34679092969216, 5.85237646862093, 1.9835004080542995, 6.254605447707224, 4.796887632155969, 2.5958143407332472, 0, 6.112841802221387, 7.007156816691233, 6.289026307573738, 0, 8.230628113272013, 6.371675295910616, 7.667308708118358, 5.692133184838243, 5.810692991418892, 0, 3.7723917181508075, 5.662231970918186, 4.1925108182629405, 6.149863724171257, 6.1993090059184075, 1.8367637344901506, 8.793808659730743, 5.017517538690751, 8.29322625803604, 5.6892339118925825, 6.047510464009206, 3.1251554451173624, 0, 5.34700089978692, 6.029955949072429, 0, 4.153742388508822, 7.491474214820633, 4.8513387343815975, 2.2628859817445965, 5.065251428435183, 5.168191572578415, 2.8673366708175076, 6.605576615243909, 5.9116688139099365, 0, 6.042137851834268, 6.642896276125039, 5.052172657074973, 6.140151092579133, 0, 5.448495706728977, 7.658721186348105, 5.311225777482485, 8.33172813908476, 4.821889272749746, 4.846875979797398, 5.826673903057103, 6.284025118115979, 5.919986699177706, 1.118960434572849, 5.298639283984804, 6.919491663587409, 5.226655473073551, 5.152778114343398, 6.402705546996863, 0, 0, 7.3635973108795785, 6.728726446225667, 7.093646034807327, 6.740176971078119, 6.166383069361005, 6.518681792294219, 6.677950962570297, 0, 1.5707757002384752, 4.715141898471347, 4.508898241442773, 4.532507136945627, 5.485639985983576, 7.116327343722604, 4.9251207167515885, 5.066706678544781, 0, 5.858661308512774, 6.133230801649644, 9.134441241719042, 5.428404800135031, 5.165735141666805, 5.763218296785906, 2.7527534732314547, 6.400222406642933, 4.06636695399257, 6.366550651311432, 5.23886585614183, 5.42817777391294, 5.13137078820548, 5.464603315708426, 5.148718062735444, 5.438320037913514, 4.3436063819136415, 0, 5.083316734862774, 3.4003708612546983, 5.294297662338579, 5.186377972539692, 6.192149871042689, 5.931625486288158, 0, 0, 6.40494369814209, 5.695086752400974, 1.4944644321131169, 0, 3.2881136562103905, 7.242863543146021, 6.677508210273812, 5.9672131714826095, 6.116798998340064, 5.801242072158762, 6.10889475670362, 4.848552355671318, 0, 5.375296444276617, 0, 5.824257834678928
8.254723066158226, 5.519434010679343, 0, 5.2951259067936896, 1.5140298820304656, 4.8374903557443005, 1.9678631794793227, 1.160757189444943, 1.7382822432617036, 4.7961437242011264, 6.026666055031061, 5.173864989708519, 1.8824580387440106, 7.368428322746002, 5.465688178680962, 6.572605704904576, 4.866452194848837, 4.186378167806718, 1.6990807187708636, 0, 3.1671870607817474, 0, 5.317618427853569, 4.992226540885764, 1.435636855645005, 8.308058348073336, 0, 6.977982498908643, 0, 4.8634908096572795, 2.496816190489014, 0, 3.940760664661838, 4.598494306404946, 2.4426684721734517, 1.7533499850041343, 5.955190174639742, 0, 1.1311127810219799, 0, 2.325896000883989, 1.3126154608179823, 5.627464992931616, 4.976149881784632, 1.2640126513376047, 4.769908320328869, 5.250621302988997, 1.701663537717265, 5.351100549758192, 0, 0, 6.757621825944562, 0, 7.606722296745098, 0, 0, 0, 5.493704465226906, 0, 1.0467303040576472, 3.7848352803655634, 5.974283474227005, 0, 0, 5.036497326440899, 2.382614881732027, 1.656449231592603, 6.372951699711137, 5.950494615935204, 5.330782714749677, 5.7079772471951165, 5.092413852243863, 5.4707652017816715, 5.367653499668424, 1.1318288966464276, 1.4970821917179515, 0, 2.0228520187991, 2.080026736615256, 0, 5.866581414336229, 1.9065011343041338, 0, 2.6065377128641725, 4.853767578577228, 5.176649907806625, 8.251646969816155, 3.6962752558446565, 0, 0, 1.9837460879544366, 4.340797850098328, 2.739078284757582, 5.184635264450858, 3.8451971213593366, 0, 0, 4.642014258621974, 2.3959331421438854, 0, 1.4058135774667913, 1.6301437442668836, 0, 0, 0, 0, 4.918732943471639, 4.786044123840446, 2.0295767740894535, 1.287833624445629, 5.273484627567393, 4.609946652147373, 1.141185026433657, 0, 2.5205603063228685, 6.439755686495284, 5.631800327246961, 5.129930663446108, 4.3955380822105345, 0, 4.543629558512445, 2.1676632425052516, 5.013377587967846, 0, 1.6596317050591904, 0
8.25421741760604, 0, 2.374946535146024, 0, 1.4557825303345855, 0, 1.3903903790915608, 1.229716567077513, 1.33976254576875, 0, 4.770831538791465, 2.2685875140396345, 1.6368525626858084, 6.703086447623483, 0, 6.573627702653055, 0, 1.272243971792706, 1.578946779730286, 1.1466986258044145, 1.7777747199126102, 1.4953412070774195, 0, 1.519382283780082, 1.4361920720103722, 6.683716603704782, 1.4921619566152005, 6.080093084313222, 1.4039874953220275, 1.610621422156472, 1.2570311244556596, 1.3990530105003431, 1.5644012567389505, 1.4736348231848237, 1.200671267632428, 1.3378337076077003, 0, 1.6598540892048144, 1.376642047370849, 1.514583156966374, 1.9283999487918095, 1.413358825109743, 0, 1.426044376818452, 1.3391932809605722, 1.7648732630006971, 0, 1.4497000331941918, 0, 1.4175163402977975, 1.2627969801786532, 3.604248501164779, 1.7867174062012172, 6.133636920712737, 1.3436407475619967, 1.2409761055824755, 1.4479326435172184, 0, 1.5779426217367694, 1.4699370545550117, 1.0126268088454722, 0, 1.4990807370059667, 1.3594685346903188, 2.043347660044263, 1.3857390879932252, 1.4769147259020092, 4.814884558097219, 4.930376038237702, 2.0201903764317874, 4.964714681970162, 2.283832018195663, 0, 0, 1.2276750378063779, 1.2182208757039268, 1.5914035678667997, 1.8083563722929425, 1.506033753493697, 1.6896525689542659, 0, 1.5561368342404984, 1.1767907528834478, 1.4893371681126506, 0, 0, 6.594168525075502, 1.0825979904589502, 1.3417386664166868, 1.2976233611322183, 1.3521092391133989, 0, 1.1394349034641018, 0, 1.0478945981874315, 1.1745085501677286, 0.9935169629208525, 1.4679889749882375, 1.6873107657733262, 1.4917890313172835, 1.4074051221791215, 1.3449195347504874, 1.5405361206573307, 1.4426988088454185, 1.6815599542729318, 0.9891632668001498, 2.1651808782561686, 1.384520735306377, 1.1689261061787957, 1.4614342322288778, 0, 1.189639648376709, 1.4272321756577289, 1.3929116799052634, 1.3107632761878771, 5.398247472408393, 0, 0, 1.9479984898908773, 1.8227775011606295, 0, 1.7557727544874913, 0, 1.6988736837317313, 0, 1.6756263239728106
8.97904720927386, 6.555568852251664, 4.512965450771079, 5.781734756338535, 0, 5.479006026046055, 0, 1.1132731559105473, 1.967384063601344, 5.610287996134381, 6.242591562992973, 5.5920522171830385, 0, 8.245526228172904, 5.792640727143048, 7.661106021429713, 5.742529666165788, 5.3020273595675835, 0, 0, 5.267288585815898, 2.6487690937557633, 6.21106079391001, 5.694830060091502, 1.5878988143985038, 8.427512556197955, 0, 7.604493249710228, 4.612030593049858, 5.836970880421873, 0, 0, 4.777303593210563, 5.18079375004022, 0, 0, 6.0702955578000655, 4.604042731264802, 1.1791053387470107, 0, 2.4077679270602013, 0, 6.189486767980368, 5.356335121414403, 0, 5.551873147173604, 5.866572280681988, 0, 5.75308172173022, 0, 5.390633576846543, 6.900707329533701, 4.159122990430016, 8.19404303421576, 4.643367221344055, 0, 5.201691750521925, 6.301583272049834, 5.371769111606036, 0.9314037118163341, 4.784034002059619, 6.354216888562739, 4.5062955350527725, 0, 5.7258107764075294, 0, 0, 6.694978397729383, 6.327142026908513, 6.276816071207763, 6.599707338803298, 5.75960968928841, 6.736506267358181, 6.5132460908708, 0, 1.1980449699198086, 0, 0, 0, 4.881343980607304, 6.5608428442790085, 0, 0, 0, 5.630649640977752, 5.537488534208627, 8.437957930833406, 4.863684306044611, 4.731099228794509, 4.8798539633273785, 0, 6.029097127512756, 0, 5.924628648551787, 4.616528379626244, 4.67817206201244, 4.7533745629418265, 4.997358957582822, 4.883307367910989, 4.823711200028604, 0, 0, 4.852943775309646, 0, 4.997300430472466, 4.473086299485946, 5.582933429844074, 5.258187015686072, 0, 1.1235907349703558, 5.771401718535391, 4.936079072288682, 1.4385161041779821, 0, 0, 6.907121236214723, 6.2683641546363, 5.47814823159547, 5.576946305079368, 5.008492433490873, 5.849546482581143, 3.4837664558620607, 5.827880196737108, 4.776018701650461, 0, 0