0, 7.187599, 6.124784, 6.65974, 4.990906, 0, 6.117236, 5.403093, 5.340046, 7.597284, 6.71751, 0, 5.630429, 0, 0, 0, 6.437911, 7.63419, 4.973104, 5.448454, 7.229713, 5.322517, 0, 7.557035, 4.522142, 0, 7.031974, 0, 5.523842, 0, 6.011558, 5.458729, 7.289185, 0, 5.654143, 5.97708, 0, 7.069792, 4.818566, 6.074997, 7.345927, 5.42857, 0, 7.653519, 5.228337, 0, 0, 6.40975, 6.64728, 5.51539, 7.726993, 0, 7.233939, 0, 6.486024, 6.8574, 6.275476, 0, 5.720289, 3.820742, 7.719017, 0, 6.654096, 6.332362, 7.242773, 4.035755, 5.902938, 5.900861, 6.831675, 6.702921, 0, 0, 6.828591, 5.847426, 6.060112, 5.471812, 6.167375, 6.562531, 6.854276, 5.530643, 0, 6.951097, 5.400156, 5.23175, 0, 0, 0, 7.150687, 4.495394, 7.218588, 4.173873, 6.093775, 6.542417, 0, 7.487154, 6.940032, 5.752334, 5.995563, 0, 7.681263, 6.482986, 5.946756, 7.211002, 6.510418, 5.294301, 6.659046, 6.998385, 0, 5.362295, 4.665483, 0, 7.44051, 4.709143, 5.47666, 5.435351, 0, 0, 6.094516, 6.643814, 6.146222, 6.887301, 5.349151, 0, 6.494912, 5.011631, 6.890352
6.615883, 0, 2.752489, 3.333814, 1.345548, 3.553482, 2.005785, 1.540271, 2.144774, 2.996475, 2.972434, 3.196463, 2.175699, 5.702788, 3.276185, 5.858152, 2.987099, 2.61591, 2.04357, 1.611246, 2.730501, 2.22578, 3.513294, 3.064214, 1.286061, 5.783794, 2.788388, 4.359565, 2.525835, 3.3757, 1.761431, 1.63371, 2.091316, 3.090493, 1.948473, 1.893506, 3.905002, 2.451313, 0.852808, 2.123897, 2.897114, 1.569708, 3.981502, 3.006649, 1.647152, 3.153854, 3.837866, 2.445345, 2.902267, 2.01687, 2.720454, 3.449093, 2.466328, 4.216785, 2.508807, 2.010887, 2.957199, 3.684635, 2.577411, 0, 3.273187, 4.225845, 2.991758, 2.379814, 2.506019, 1.671102, 2.102325, 3.301467, 2.543652, 3.207573, 3.201914, 3.602889, 2.580528, 3.045277, 1.928224, 1.491687, 2.336074, 1.539509, 2.345169, 1.740031, 4.369999, 2.780432, 2.255488, 2.449472, 3.677844, 3.344273, 6.053718, 3.241471, 1.9985, 2.988996, 1.392749, 2.759875, 2.274812, 3.219441, 2.99171, 2.857582, 2.156287, 2.417906, 2.714686, 3.765892, 2.262236, 2.330126, 2.683462, 1.902742, 2.670827, 2.474957, 2.886576, 3.283541, 1.266998, 1.310257, 4.264516, 3.062024, 1.512604, 1.821121, 2.052561, 3.934842, 3.393675, 3.346527, 3.030075, 2.789036, 3.502604, 2.498261, 3.70899, 2.703515, 1.458984, 2.740629
7.054998, 2.387542, 0, 2.841365, 1.345621, 2.176783, 1.489596, 1.179927, 1.519294, 2.36172, 2.6752, 2.505303, 1.733101, 4.47271, 2.234571, 4.539248, 2.340292, 1.901836, 1.214107, 1.478306, 1.797659, 2.088371, 2.729291, 2.221296, 1.001672, 4.846276, 1.404242, 3.656778, 1.729948, 2.241709, 1.416335, 1.066094, 1.90674, 1.646375, 1.325365, 1.384313, 3.127245, 1.35182, 0.951938, 1.658936, 1.368447, 0.885846, 2.374945, 1.625514, 1.227364, 1.954633, 2.603172, 1.538894, 2.510329, 1.645516, 1.60426, 3.193964, 1.830456, 3.626333, 1.69799, 1.374711, 2.081489, 2.96147, 2.044, 0.85141, 1.881003, 3.009366, 1.809724, 1.938732, 2.864755, 1.542188, 1.15183, 2.964552, 2.932497, 2.620658, 2.708485, 2.887566, 2.644568, 2.561528, 1.493695, 0.992222, 1.537765, 1.441369, 1.373025, 2.258891, 2.856, 1.552688, 1.505897, 1.544935, 2.532641, 2.607135, 4.550146, 1.967177, 1.76193, 1.893822, 1.059693, 2.479823, 1.531214, 2.048631, 1.912797, 1.514734, 1.154655, 1.561798, 1.535607, 2.517444, 1.253497, 1.502271, 1.758502, 1.28301, 1.982784, 1.319225, 2.225038, 2.016282, 1.006462, 1.027891, 2.198566, 2.095754, 0.939977, 1.43991, 1.420584, 3.620492, 2.608411, 2.671126, 2.576789, 2.091764, 2.913109, 2.185344, 2.636706, 2.085365, 1.056454, 2.437969
6.645525, 3.183284, 2.537302, 0, 1.315511, 3.187659, 2.362703, 1.776211, 2.070938, 3.13234, 3.101842, 3.261107, 2.35909, 5.311237, 2.970074, 5.63492, 2.458111, 2.109951, 2.286801, 1.618928, 2.194606, 2.065368, 3.31235, 2.254184, 1.196659, 5.472786, 2.736239, 5.110589, 2.487171, 2.923156, 1.630965, 1.894777, 1.852733, 3.348869, 1.851966, 2.202491, 3.600679, 2.641808, 1.337927, 2.31595, 2.560434, 1.460103, 3.514722, 2.728914, 1.942859, 3.150575, 3.526468, 2.568197, 3.277861, 2.3672, 2.74824, 4.395651, 2.514752, 4.580854, 2.37734, 2.249677, 2.795222, 3.352016, 2.56422, 1.250479, 2.958546, 4.122324, 2.599883, 2.66985, 3.141665, 2.090959, 2.114288, 2.439362, 3.59663, 2.987474, 3.363002, 2.970426, 2.898588, 3.323159, 2.072093, 1.57102, 2.008939, 1.834953, 2.189425, 1.816472, 4.364854, 2.245752, 2.341794, 2.207782, 3.113649, 3.033387, 5.841114, 3.167947, 2.115169, 2.824692, 1.295665, 2.896393, 2.097068, 2.978004, 3.195108, 2.694111, 1.439432, 2.822466, 2.687136, 3.010285, 1.988066, 2.427712, 2.401572, 1.252575, 2.613328, 2.70844, 2.866115, 3.096775, 1.784311, 1.73702, 3.588712, 2.74208, 1.322378, 1.980163, 2.138099, 4.168057, 3.381889, 3.225809, 3.09653, 2.592798, 3.20319, 2.204288, 3.391905, 2.361158, 1.261559, 2.752175
5.052067, 1.92889, 1.698881, 1.862248, 0, 0.89744, 0.94735, 0.767343, 0.591346, 1.572331, 1.958208, 1.620531, 1.722079, 3.078831, 1.690561, 3.237949, 1.988891, 1.420799, 0.567631, 0.822485, 0.885235, 1.488694, 1.396985, 1.714493, 0.69928, 2.653007, 1.091201, 1.526925, 0.875059, 0.925762, 1.047607, 0.65675, 1.341064, 0.719372, 0.602955, 0.530712, 1.726743, 0.799081, 0.844402, 1.239933, 0.653681, 1.226683, 1.187576, 0.630779, 0.472395, 0.482473, 0.953825, 0.746725, 1.522026, 1.059581, 1.388698, 1.465539, 0.713933, 2.231963, 1.547272, 0.630108, 1.262936, 1.804805, 1.366695, 0.740919, 0.684873, 0.590267, 0.921478, 1.494617, 1.83336, 1.128059, 1.219338, 2.490468, 1.75915, 1.908601, 1.521965, 2.050125, 1.912075, 2.032525, 0.448035, 0.595357, 0.807536, 0.917612, 0.399205, 1.433198, 0.981634, 1.044564, 0.842812, 1.276093, 1.503648, 1.209458, 2.399017, 0.737779, 1.315582, 0.858338, 0.819335, 0.673839, 0.674938, 1.405301, 1.052522, 0.771809, 1.058067, 0.938787, 0.480085, 0.53427, 0.429518, 0.846924, 1.012271, 1.189316, 1.582384, 0.663538, 1.605724, 1.045369, 0.931779, 0.965307, 1.306593, 1.345687, 0.681847, 0.945818, 0.789316, 2.077574, 1.682866, 1.581211, 1.841554, 1.634383, 1.997816, 1.573256, 1.745328, 1.890639, 0.685881, 1.759775
0, 2.977247, 2.20481, 3.186005, 1.268107, 0, 1.305821, 1.054408, 0.985095, 2.425952, 3.210781, 3.176807, 1.385612, 5.385265, 2.656169, 5.108181, 2.441235, 2.137527, 1.151265, 0, 1.536106, 1.520772, 3.128696, 2.417761, 1.056358, 5.460261, 1.210701, 4.031233, 1.471406, 1.887533, 1.121734, 0.860827, 1.556046, 1.644932, 1.116407, 1.454596, 3.190966, 1.722659, 0.523223, 1.305433, 0.989625, 1.200902, 2.320735, 1.800133, 0.683372, 1.083443, 1.974788, 1.31251, 2.664667, 1.363781, 1.975117, 2.955766, 1.187052, 4.844881, 2.044413, 1.125828, 2.135013, 3.131897, 1.804202, 0.872269, 1.194122, 2.26041, 1.423982, 1.599976, 2.40681, 1.555585, 0.968963, 3.336381, 3.237673, 2.885971, 3.213865, 2.617612, 3.683354, 3.077248, 0, 0.621609, 1.041629, 0.908808, 0.858867, 2.32191, 1.592441, 1.17503, 1.602905, 1.585556, 2.66848, 2.267373, 4.627964, 1.105664, 1.695817, 1.507588, 0.987672, 2.427059, 0.866592, 1.923902, 1.562474, 1.488175, 1.702613, 1.393689, 1.191048, 1.364231, 0.968776, 1.121486, 1.899382, 1.352567, 2.210535, 1.563672, 2.520644, 1.914792, 1.06108, 0.849858, 2.025114, 1.619789, 0.427855, 1.399277, 0.740927, 3.643697, 3.054101, 2.780949, 2.749671, 2.263803, 3.037101, 2.067859, 2.890549, 2.116899, 1.275173, 1.954279
6.101674, 3.186314, 1.90412, 2.269282, 0.975531, 0.599628, 0, 1.042288, 0.789128, 2.126531, 2.493564, 1.566688, 1.954474, 3.872129, 1.937423, 4.193817, 1.643458, 1.786212, 1.005878, 0.748034, 1.342636, 2.105378, 2.898608, 2.374505, 0.926352, 3.607107, 1.365447, 2.644844, 1.352777, 0.923699, 0.824824, 0.733705, 1.725538, 0.815815, 0.906084, 0.643771, 2.001533, 0.722808, 0.988523, 1.228694, 1.0413, 1.224635, 1.793519, 0.9746, 0.881199, 0.589191, 1.511769, 1.213532, 1.70951, 1.036054, 0.915083, 2.500168, 0.874236, 3.635965, 1.588567, 0.681095, 1.20825, 2.685829, 2.089432, 0.65655, 1.047529, 1.310776, 0.880865, 1.603779, 2.35218, 1.26779, 1.051129, 2.807198, 2.858633, 2.198741, 2.575593, 2.073126, 2.747324, 2.462269, 0.867, 0.737083, 1.105028, 0.924808, 0.746988, 2.22873, 1.237257, 1.301524, 0.963603, 1.118162, 2.030892, 2.166508, 3.366074, 0.75463, 1.2874, 0.944241, 0.868147, 2.20265, 0.962626, 1.161469, 0.90305, 0.833307, 1.03552, 1.302071, 0.520088, 0.897394, 0.679472, 0.808994, 1.391342, 1.34908, 1.865276, 0.845344, 1.992461, 0.992607, 0.888879, 0.875748, 0.857634, 1.353658, 0.720711, 0.850995, 0.8625, 2.833576, 2.216599, 2.083552, 2.094235, 1.859665, 1.92849, 1.664061, 2.190846, 1.658807, 1.051259, 1.821949
4.944563, 2.314878, 1.449514, 1.539851, 0.969629, 0.891851, 0.588009, 0, 0.617443, 1.678802, 2.185422, 2.13322, 1.654105, 2.979265, 1.605936, 2.814412, 1.725839, 1.495224, 0.95467, 0.403094, 1.121144, 1.242207, 1.799639, 1.499554, 0.708864, 2.473979, 1.067899, 2.174494, 1.178843, 0.837018, 0.849476, 0.431182, 1.283899, 0.608171, 0.4813, 0.588006, 0.870023, 0.739326, 0.794337, 0.84605, 0.803011, 1.131077, 1.374197, 0.765198, 0.582282, 0.883182, 0.76827, 0.931237, 1.594887, 0.908745, 0.638722, 2.003301, 0.486334, 2.64138, 1.102673, 0.567781, 1.06105, 1.960763, 1.658323, 0.504597, 0.619813, 1.164128, 0.785963, 1.168685, 1.94807, 1.040508, 0.901435, 2.586124, 2.386721, 1.932486, 1.874437, 1.472123, 1.969577, 1.707809, 0.669337, 0.45258, 0.757633, 0.654231, 0.645607, 1.665076, 0.972582, 1.028602, 0.845848, 1.247572, 1.083478, 1.226643, 2.022055, 0.462672, 1.142079, 0.911267, 0.681536, 1.527507, 0.653664, 1.287879, 0.715981, 0.687775, 1.061971, 1.005098, 0.486458, 0.690879, 0.529499, 0.783753, 1.310535, 0.997973, 1.346039, 0.513991, 1.353308, 1.291452, 0.617216, 0.476269, 1.051416, 0.961808, 0.647159, 0.930211, 0.701675, 1.978143, 1.635092, 1.849353, 1.844653, 1.734909, 1.934471, 1.614408, 1.751648, 1.930171, 0.837925, 1.53343
5.328386, 2.426745, 1.601528, 1.889171, 0.555465, 0.810101, 0.73365, 0.59366, 0, 1.835586, 1.950595, 1.526472, 1.393757, 3.1322, 1.407549, 3.395812, 1.253889, 1.186867, 0.605153, 0.558802, 1.247425, 1.439412, 2.130448, 1.38386, 0.69355, 3.342486, 1.256667, 2.548382, 1.0545, 0.914323, 0.817517, 0.705359, 1.34728, 0.417565, 0.644083, 0.565555, 1.991841, 0.882503, 0.834276, 0.927218, 0.755288, 1.04304, 1.384898, 0.903795, 0.703281, 0.974838, 1.04148, 1.117334, 1.785301, 0.981527, 1.00586, 1.785885, 0.893302, 2.551539, 1.443437, 0.52046, 1.009825, 1.888153, 1.47176, 0.553933, 0.839348, 1.389316, 0.922911, 0.83536, 1.673622, 1.074057, 0.878746, 2.324237, 2.050738, 2.066548, 2.114336, 1.712468, 1.865831, 1.906145, 0.37581, 0.658315, 0.921704, 0.746201, 0.598355, 1.157066, 1.444919, 0.938098, 1.11073, 1.242161, 1.462686, 1.490183, 3.30482, 0.76393, 1.201852, 1.228899, 0.728391, 1.759056, 0.619388, 1.256095, 1.070122, 0.922486, 0.934759, 0.982695, 0.568487, 0.834122, 0.340957, 0.626518, 1.432185, 1.161839, 1.487866, 0.551209, 1.55658, 1.001411, 0.613853, 0.665189, 1.050208, 1.249238, 0.592035, 1.122099, 0.806513, 1.944882, 1.754177, 1.916628, 1.375638, 1.51369, 1.539259, 1.897676, 1.675632, 1.727887, 0.833557, 1.288894
6.587841, 2.861849, 2.500874, 2.925891, 1.157387, 2.529797, 2.235771, 1.81055, 1.652024, 0, 2.996483, 2.984714, 2.438255, 4.572557, 3.00164, 4.984528, 2.714891, 2.494073, 2.072174, 1.694769, 1.905434, 2.226365, 3.149608, 2.019404, 1.306651, 5.936639, 2.402496, 3.911884, 2.1237, 2.975214, 1.744467, 1.371726, 2.499702, 2.751226, 1.785652, 1.995259, 3.594969, 2.237336, 1.102653, 2.08036, 2.365873, 1.619817, 3.50482, 2.68192, 1.647086, 2.744556, 3.06811, 2.371332, 3.231455, 2.44258, 2.440914, 4.017975, 2.589638, 4.727371, 2.128592, 2.189309, 3.253952, 3.224477, 2.359244, 1.140306, 2.995781, 3.441745, 2.275032, 2.364815, 3.121766, 1.759841, 1.485203, 3.579802, 3.163833, 3.117249, 3.271428, 3.230424, 2.815999, 3.19667, 1.614661, 1.81451, 1.869084, 2.173909, 1.933266, 2.096397, 4.063498, 2.078845, 2.468773, 2.040767, 2.354051, 3.248637, 5.730407, 2.785261, 1.814117, 2.186235, 1.35953, 3.111299, 1.916992, 2.870954, 2.847188, 2.606426, 2.087682, 2.736436, 2.461712, 2.883733, 2.030525, 1.991162, 2.206757, 1.825423, 2.118962, 2.855539, 2.646755, 2.939662, 1.604138, 1.576026, 3.092542, 2.582534, 1.475594, 1.463792, 1.705616, 3.836334, 3.216605, 2.830206, 2.592474, 2.546321, 3.171396, 2.280833, 3.090567, 2.122269, 1.0597, 2.617772
7.074183, 2.69536, 2.641185, 3.179448, 1.285917, 3.16639, 2.34325, 1.555803, 2.078625, 3.004393, 0, 3.572624, 2.548975, 6.243565, 2.628039, 5.156114, 2.754193, 2.538697, 2.516745, 1.904986, 2.742974, 1.749984, 3.089696, 2.489559, 1.244475, 6.608436, 2.851761, 4.245531, 2.687974, 3.436529, 1.727016, 1.758031, 2.849356, 3.212407, 1.810686, 2.403506, 3.805353, 2.342381, 1.470097, 2.29836, 2.835837, 1.411106, 3.30172, 2.764587, 1.919021, 3.244003, 4.111943, 2.386468, 3.348676, 2.270257, 2.659327, 3.764889, 2.442106, 4.720704, 2.038733, 2.048669, 2.681591, 3.269088, 2.345554, 1.220733, 3.12959, 3.883052, 2.739044, 2.334967, 3.237575, 1.602536, 1.586359, 3.071486, 3.51414, 3.117961, 3.570054, 3.432878, 3.037618, 2.924982, 2.315633, 1.440764, 2.4266, 2.376219, 2.511498, 1.925591, 4.22645, 2.492716, 2.22324, 2.077714, 2.733902, 2.663153, 6.428074, 3.105106, 1.85054, 2.952049, 1.681364, 2.890551, 2.155631, 3.267427, 2.967643, 3.061034, 1.923229, 2.844636, 2.899798, 3.150428, 2.152582, 2.720606, 2.142771, 1.729424, 2.449404, 2.673205, 2.431725, 2.581027, 1.729865, 1.454459, 3.73671, 3.043312, 1.390463, 1.919053, 2.066568, 4.319167, 3.201724, 2.828305, 3.043932, 2.863917, 3.308099, 2.281175, 2.841985, 2.327754, 1.576221, 3.049045
0, 3.017448, 2.438222, 3.200443, 1.234816, 3.144891, 2.344093, 1.133022, 1.587268, 3.17388, 3.973354, 0, 2.463332, 5.438321, 3.136857, 5.941837, 2.684816, 3.053969, 2.244023, 1.823741, 2.306432, 2.440552, 3.200899, 3.191497, 1.184581, 6.259684, 2.086639, 4.463719, 2.034834, 3.256752, 2.048573, 1.495204, 2.602174, 2.502874, 2.201384, 2.351137, 3.658246, 2.133929, 1.06006, 1.589202, 2.097243, 1.247091, 4.182644, 2.541065, 1.646079, 2.640159, 2.794016, 2.357993, 3.825561, 2.102297, 2.541685, 4.660161, 2.401354, 4.772807, 2.674602, 1.908862, 2.562394, 3.488184, 2.697028, 1.014486, 2.500963, 3.537746, 2.427851, 2.749048, 3.405915, 1.813912, 1.239384, 4.033243, 3.94953, 3.345028, 3.743954, 3.656332, 3.880918, 3.962517, 1.695992, 1.71738, 1.031742, 1.082805, 1.501965, 2.696238, 3.432458, 2.186987, 2.370068, 2.009534, 3.050908, 3.168173, 5.463907, 2.567597, 2.441, 2.44216, 1.354967, 3.501472, 2.140917, 3.054721, 2.887521, 2.440005, 2.057344, 2.41511, 2.535241, 2.706769, 1.542413, 1.596393, 2.155322, 2.4871, 2.317175, 2.169433, 3.017516, 3.109139, 1.215385, 1.22997, 3.221226, 2.484986, 1.107717, 1.749984, 1.76822, 4.554714, 3.293408, 2.985747, 2.796085, 2.493369, 3.57505, 2.505781, 3.534236, 2.765896, 1.323813, 3.027725
6.2677, 2.330096, 1.803402, 2.474136, 1.04244, 1.768698, 1.544677, 1.154136, 1.439543, 2.030039, 2.172838, 2.306135, 0, 3.907694, 1.670996, 3.929259, 1.657976, 1.625622, 1.576403, 1.065349, 1.535937, 1.560917, 1.967192, 1.465147, 0.911659, 4.496121, 1.223473, 2.675782, 0.954341, 1.872649, 1.240574, 1.160216, 1.506862, 1.653069, 1.488249, 1.532397, 2.476607, 1.335795, 0.718825, 1.182806, 1.691062, 1.298093, 2.429996, 1.801885, 1.06975, 1.90353, 2.002792, 1.641374, 2.676081, 1.682365, 1.867092, 3.219081, 1.213529, 3.388788, 1.530397, 1.673743, 2.108465, 2.417559, 1.783751, 0.94808, 1.863858, 2.548296, 1.545001, 2.064064, 2.223823, 1.367971, 1.093563, 2.652554, 2.926222, 2.357155, 2.597257, 2.259648, 1.94904, 2.132281, 1.143892, 1.247268, 0.889411, 1.39303, 1.200107, 1.586744, 2.339034, 1.544173, 1.663124, 1.529553, 1.955646, 1.70394, 4.112277, 1.71718, 1.525588, 1.820359, 1.154827, 2.263671, 1.332949, 1.895351, 1.915192, 1.747399, 1.36808, 1.878947, 1.363581, 1.442346, 1.271439, 1.240566, 1.500109, 1.570924, 1.541426, 1.496782, 1.943591, 1.497873, 1.341054, 1.318774, 1.986326, 1.510151, 0.856735, 1.272439, 1.331943, 2.837698, 1.788931, 2.071194, 2.151438, 1.742143, 2.527293, 1.743801, 2.415979, 1.756408, 0.948811, 2.016642
0, 5.713304, 5.340505, 4.746052, 2.920419, 5.535593, 4.363492, 3.416818, 3.504858, 4.764426, 5.041232, 4.933045, 3.404122, 0, 5.633054, 0, 4.995565, 4.936721, 4.347933, 3.824991, 4.290223, 3.782064, 6.048166, 5.648181, 2.22026, 0, 4.686773, 6.635582, 4.088879, 6.158855, 3.986163, 3.591055, 4.837872, 5.520233, 4.222599, 4.604558, 6.050736, 4.813547, 2.558153, 3.901898, 3.972571, 2.94585, 7.115168, 5.692551, 3.938764, 5.573335, 5.275498, 4.651755, 5.715157, 4.275692, 5.929202, 6.829202, 5.330506, 7.352758, 5.174846, 4.79777, 4.698908, 5.717978, 4.000821, 2.038759, 5.2379, 6.140898, 5.01654, 4.33172, 4.791668, 3.228677, 3.175257, 5.894144, 5.591524, 5.24878, 5.37972, 5.499499, 5.857552, 5.006281, 4.334328, 3.688357, 4.302207, 3.763301, 4.497516, 5.021946, 6.35, 4.2961, 3.9436, 3.776883, 4.763482, 5.8303, 0, 5.473769, 4.398461, 5.052819, 2.783742, 4.954088, 4.638556, 5.671434, 5.320988, 5.558522, 4.474768, 4.702795, 5.356241, 5.713392, 4.603389, 4.757514, 5.503634, 4.237512, 4.344061, 5.77135, 5.512701, 5.778604, 3.774961, 3.730125, 6.346098, 4.797821, 2.457022, 4.304225, 4.389987, 6.33181, 5.181667, 5.114754, 4.584999, 4.434909, 5.485163, 3.671881, 5.065902, 4.073947, 2.904764, 4.979505
0, 3.399306, 2.063494, 3.584236, 1.278852, 2.482001, 1.653953, 1.058508, 1.372974, 3.456504, 3.690927, 2.991262, 2.149025, 4.540036, 0, 5.126426, 3.091802, 2.501707, 1.633441, 1.499939, 2.204184, 2.485953, 3.671615, 2.744845, 0.981413, 5.461856, 2.214381, 4.714455, 2.1215, 2.180931, 1.489935, 1.332323, 2.257632, 2.211064, 1.796287, 1.761882, 3.729249, 2.051052, 1.081435, 2.03171, 2.00147, 1.267253, 3.088154, 2.153676, 1.345105, 2.621828, 3.085599, 2.218847, 2.84517, 2.001252, 2.363022, 3.841525, 1.69486, 4.647797, 2.263798, 1.641037, 2.023511, 3.623601, 2.325282, 1.105005, 1.967587, 3.693471, 2.128437, 2.311746, 3.133332, 1.847367, 1.731273, 3.476902, 3.869911, 3.185628, 3.441459, 3.666022, 3.137239, 3.101148, 1.567311, 1.297523, 1.321509, 1.46601, 1.377833, 2.557986, 3.630607, 1.800249, 1.915747, 1.994107, 3.029741, 3.26725, 5.670541, 2.617766, 2.00368, 2.301765, 1.237323, 2.920128, 1.681045, 2.794829, 2.31973, 2.075577, 1.420908, 2.075987, 2.053741, 2.785752, 1.58884, 1.605678, 2.502398, 1.616274, 2.348288, 2.007765, 3.207226, 2.32664, 1.532308, 1.227947, 2.850396, 2.644821, 1.315936, 1.784549, 1.59875, 4.090537, 3.440598, 3.330172, 3.19746, 2.608866, 3.555123, 2.483522, 3.492471, 2.829588, 1.356823, 2.845198
0, 5.596302, 4.96924, 5.830738, 3.136667, 4.888406, 3.0894, 3.08372, 3.445579, 5.438475, 5.459002, 5.685059, 3.863566, 0, 5.703548, 0, 5.15918, 4.918671, 3.853043, 2.373335, 4.60748, 4.299164, 6.788305, 5.441693, 2.005686, 0, 4.144327, 0, 4.432069, 4.288005, 3.825571, 3.108592, 4.382892, 4.780938, 3.048351, 3.195984, 6.118289, 3.868347, 2.530775, 3.573163, 4.008721, 3.397863, 5.746326, 5.342596, 2.508916, 4.415935, 5.211887, 3.981198, 5.774317, 3.901463, 4.511307, 5.823428, 3.972923, 7.029612, 4.378575, 3.344607, 5.052482, 5.876248, 4.647035, 2.07087, 4.197048, 6.770588, 4.021996, 4.761679, 4.957848, 3.373849, 3.297712, 5.605686, 5.032783, 5.424985, 5.359636, 5.365293, 5.797561, 5.164133, 2.965977, 2.485642, 3.631448, 2.382144, 3.174753, 4.118495, 6.117778, 4.004983, 4.089053, 4.065584, 6.075569, 5.542568, 0, 4.274391, 3.692066, 4.55087, 2.555094, 5.219759, 3.907387, 5.046955, 4.199155, 4.03934, 4.020634, 4.850745, 4.034636, 4.943497, 3.616871, 4.272494, 4.295908, 3.420226, 4.509806, 4.227141, 5.205746, 4.926748, 2.929283, 2.828631, 5.234948, 4.789916, 2.212672, 4.228205, 3.846928, 6.203737, 6.457142, 5.91476, 5.438412, 4.991846, 6.466113, 4.082921, 5.988843, 5.033472, 3.140804, 4.648608
5.52152, 2.81742, 2.130802, 2.791287, 1.046663, 1.806303, 2.016935, 1.490252, 1.858063, 1.598284, 2.414444, 1.529166, 1.836333, 4.121764, 2.417561, 4.65475, 0, 2.168858, 1.86517, 1.139035, 2.145617, 2.095129, 3.122961, 2.504221, 1.164436, 4.266926, 1.706112, 3.156141, 1.780295, 2.713279, 1.309312, 1.724084, 1.714374, 2.064297, 1.40607, 1.695301, 3.112998, 1.60132, 1.447876, 1.705153, 2.332592, 1.009392, 2.642975, 2.229707, 1.418604, 2.773555, 3.111929, 2.382402, 2.372238, 1.664448, 2.208945, 3.100447, 1.981726, 3.850688, 1.858929, 1.705386, 2.72682, 3.233729, 2.061519, 0.953387, 2.20762, 3.117819, 2.195576, 1.946751, 2.312473, 1.462873, 1.686542, 2.510306, 3.190611, 1.722077, 2.572697, 2.904989, 2.142221, 2.678808, 1.644063, 1.116696, 2.022693, 1.968526, 2.128974, 1.506312, 3.438831, 1.963275, 1.921745, 2.041622, 2.769509, 2.694615, 5.090247, 2.563407, 1.947394, 2.208005, 1.34015, 2.43212, 1.867206, 2.318788, 2.370699, 1.75023, 1.619855, 1.994672, 1.693554, 2.796936, 1.549308, 1.769113, 2.025597, 1.355848, 1.749422, 1.576173, 2.236435, 2.085968, 1.222331, 1.228339, 2.910987, 2.203468, 0.825721, 1.556266, 1.701998, 3.332178, 2.874618, 2.881548, 2.535849, 2.31799, 3.021134, 1.661225, 3.052166, 2.376398, 1.139473, 2.302938
6.459018, 2.554332, 1.967331, 2.128331, 1.643891, 2.010281, 1.665798, 1.138516, 1.267542, 1.264888, 1.999138, 1.901248, 1.614573, 4.089978, 2.405362, 4.386703, 2.330303, 0, 1.473434, 1.434808, 1.615803, 1.585085, 2.840666, 2.360748, 1.017978, 5.393755, 1.872804, 3.773389, 2.0133, 2.803456, 1.717651, 1.413859, 2.063577, 2.238931, 1.195256, 1.598234, 3.351593, 1.71561, 1.261647, 1.656027, 1.53402, 1.409524, 2.624879, 2.171833, 1.247777, 2.488437, 2.996627, 2.12587, 2.390433, 1.659101, 2.316823, 2.877841, 2.296618, 3.886919, 1.566158, 1.748488, 2.548068, 3.049764, 1.891242, 1.1608, 2.823459, 3.424895, 2.220159, 1.913805, 2.291189, 1.390843, 1.449841, 2.476017, 2.539599, 1.997864, 2.550248, 2.315081, 2.406456, 1.52512, 1.807714, 1.388764, 1.706024, 1.694685, 1.797517, 1.681425, 3.183215, 1.493019, 1.729151, 1.561338, 2.431776, 2.35854, 5.396277, 2.289326, 1.43774, 2.020696, 1.420275, 1.854272, 1.638931, 2.106659, 2.432277, 1.943915, 1.641407, 1.763158, 2.178616, 2.568701, 1.829119, 1.355397, 1.680017, 1.216008, 1.97755, 2.024367, 2.192763, 2.197943, 1.418945, 1.630117, 2.937452, 2.323718, 1.194975, 1.22051, 1.283706, 2.273835, 2.597247, 2.465153, 2.373082, 1.856242, 2.654118, 1.606607, 2.579146, 1.977087, 1.038616, 1.761796
5.311997, 2.384149, 1.519484, 2.281856, 0.801593, 0.996572, 0.496345, 0.472681, 0.548765, 2.245671, 2.433882, 1.859141, 1.616649, 3.463396, 1.247719, 3.52283, 1.196193, 1.811031, 0, 0.648784, 1.15301, 1.496536, 2.059645, 1.753129, 0.783978, 3.698328, 0.928816, 2.641344, 0.886699, 0.748421, 0.61678, 0.514404, 1.393304, 0, 0.479492, 0, 1.785777, 0.637715, 0.389075, 0.971508, 0.718523, 0.997993, 1.634712, 1.106302, 0.537392, 0.961107, 1.395375, 1.042009, 1.660888, 0.906788, 0.852737, 1.845119, 0.390194, 3.299016, 1.248233, 0.49608, 0.959187, 2.510944, 2.172415, 0.63796, 0.872439, 2.097281, 0.827566, 1.060219, 1.972003, 0.966568, 0.835446, 2.993224, 2.536472, 2.502431, 2.73059, 2.037627, 2.211117, 2.316532, 0.384092, 0.474193, 0.701739, 0.601327, 0.445409, 1.860625, 0.950014, 1.180337, 0.867258, 1.280691, 1.48914, 1.894582, 2.566374, 0.698295, 1.303015, 0.845192, 0.613461, 2.492681, 0.60393, 1.080999, 0.464561, 0.362258, 1.126499, 0.87949, 0, 0.804839, 0.42276, 0.719359, 1.310611, 1.202176, 1.478025, 0.569361, 1.913308, 0.751781, 0.564775, 0.460275, 0.687172, 1.053107, 0.462505, 0.914214, 0.535103, 2.909944, 2.15835, 1.851368, 2.052986, 1.933962, 2.198303, 1.723753, 2.091936, 1.449502, 0.798988, 1.559725
5.270913, 2.588897, 1.643595, 1.935509, 0.751057, 1.079895, 0.670598, 0.793124, 0.884025, 1.512422, 1.99177, 1.17304, 1.452884, 2.909073, 1.556939, 3.34821, 1.557451, 1.636508, 0.770315, 0, 1.430469, 1.732632, 2.05905, 1.857675, 0.611607, 2.778169, 1.178836, 1.907416, 1.145482, 0.813524, 0.55641, 0.5909, 1.608845, 0.774896, 0.625141, 0.664782, 0.810876, 0.74516, 0.774232, 0.884969, 0.920438, 1.183399, 1.175917, 1.005584, 0.665045, 1.118063, 1.235127, 1.038009, 1.819295, 0.843619, 0.883187, 1.940401, 0.534358, 3.082986, 1.373296, 0.543704, 1.145667, 2.142961, 1.405769, 0.352596, 0.769639, 0.979568, 0.819821, 1.323256, 1.806007, 1.187825, 0.428503, 1.663301, 2.238718, 1.542023, 2.139261, 1.822518, 1.802652, 2.352598, 0.522233, 0.754035, 0.781383, 0.664371, 0.799216, 1.143345, 0.955253, 1.138848, 0.932247, 1.062913, 1.392033, 1.868801, 2.217369, 0.592582, 1.742165, 1.022761, 0.709709, 2.004653, 0.726286, 1.222075, 0.877252, 0.697986, 0.859009, 1.166381, 0.345621, 0.776066, 0.703136, 0.785454, 1.189686, 1.262053, 1.521281, 0.503293, 1.683276, 0.554804, 0.40904, 0.509659, 1.037115, 0.696804, 0.20235, 0.954283, 0.69766, 2.26894, 1.84147, 2.155968, 1.727652, 1.739965, 1.827433, 1.503405, 1.846978, 1.919431, 0.857024, 1.712976
6.987239, 2.956913, 1.743614, 2.528458, 0.874568, 1.183178, 1.383125, 0.630443, 0.945355, 2.323173, 2.998227, 2.334694, 1.185067, 5.090475, 2.622904, 4.233453, 2.499808, 1.688452, 1.122537, 1.137757, 0, 1.418292, 3.255496, 2.440529, 0.978284, 4.561942, 1.523844, 3.21027, 1.002219, 1.841944, 1.221895, 1.159818, 1.206845, 1.602075, 1.172184, 0.922392, 3.330431, 1.449071, 1.006878, 1.327826, 0.895639, 1.000626, 1.548948, 1.624362, 0.767761, 1.230015, 1.873536, 1.171159, 2.356573, 1.487677, 2.274359, 3.067407, 1.593734, 3.203215, 2.001825, 1.347475, 1.994434, 3.007051, 1.408412, 0.625034, 1.871004, 1.891298, 1.475574, 1.892652, 1.929787, 0.977365, 1.457201, 2.141026, 2.299178, 2.572704, 2.986038, 2.535887, 2.133691, 2.758644, 0.757336, 1.305925, 1.518202, 1.408445, 1.231484, 1.524588, 1.589526, 1.487666, 1.410405, 1.126859, 2.82493, 2.0735, 4.932407, 1.605263, 1.429838, 1.169779, 0.807432, 1.122826, 1.081177, 1.291875, 2.028355, 1.512756, 1.604521, 1.879066, 1.47015, 1.332771, 1.025166, 1.401951, 1.565832, 0.946112, 1.905796, 1.472163, 1.866535, 2.221676, 1.339527, 1.417244, 1.875176, 1.8687, 0.747674, 1.218768, 1.223688, 2.966061, 2.44614, 2.381693, 2.252054, 1.841316, 2.175368, 1.373959, 2.510177, 1.885535, 1.168417, 2.140421
5.790036, 2.053082, 1.784766, 2.654789, 1.05455, 1.965318, 1.742803, 1.220979, 1.314202, 2.119489, 2.640078, 2.352752, 1.647319, 4.246491, 2.212548, 4.390691, 1.966739, 1.508419, 1.370711, 1.021009, 1.930556, 0, 2.91518, 1.902109, 0.887712, 4.795752, 1.943789, 2.920135, 1.710574, 2.081372, 1.501717, 1.099787, 2.182495, 2.004592, 1.528796, 1.394593, 2.598632, 1.635918, 0.849797, 1.723218, 1.973456, 1.196309, 2.017057, 2.041888, 1.186032, 2.192378, 2.478691, 1.963062, 2.43884, 1.712614, 1.880025, 2.618065, 1.886905, 3.443115, 1.698645, 1.251631, 1.950716, 2.492387, 1.385247, 0.837411, 2.248054, 3.158987, 1.952954, 2.288298, 2.158474, 1.342585, 1.513533, 1.977198, 2.506417, 2.532615, 2.597908, 2.554993, 1.918927, 2.204296, 1.237968, 1.070803, 1.59815, 1.41116, 1.51187, 1.381097, 3.22827, 1.570539, 1.602566, 1.507697, 2.213122, 2.167073, 5.042729, 2.191279, 1.415583, 1.890401, 1.080361, 1.986858, 1.506117, 2.114737, 1.995289, 1.937491, 1.328601, 2.035885, 1.285023, 2.278661, 1.444655, 1.822389, 1.485443, 1.512386, 1.855703, 1.911794, 2.330711, 2.162979, 1.063544, 1.363649, 2.005065, 1.827418, 1.003768, 1.077936, 1.425643, 3.352424, 2.190096, 2.230821, 2.168417, 1.965918, 2.669822, 1.860364, 2.66984, 2.11478, 0.68283, 1.996059
0, 3.5058, 2.391421, 3.17431, 1.710791, 2.847885, 2.127695, 1.926665, 2.057442, 2.483163, 3.218985, 2.752552, 1.922229, 5.513835, 2.920404, 6.098593, 3.020142, 2.678084, 1.893268, 2.090217, 2.879031, 1.977695, 0, 3.121579, 1.009073, 5.602197, 2.669515, 4.554567, 2.860109, 3.758962, 1.908882, 1.559271, 2.775138, 3.21585, 1.996024, 2.095405, 4.747923, 2.668682, 1.142745, 2.529308, 3.084057, 1.628132, 3.847159, 3.204135, 1.99709, 3.523984, 3.478074, 2.777181, 3.591206, 2.356449, 2.741809, 3.89531, 2.80085, 4.747485, 2.57156, 2.326799, 3.398807, 4.390468, 2.518899, 0.831304, 3.320842, 4.41539, 2.913157, 2.648609, 2.836154, 1.766817, 1.623101, 3.598678, 3.909633, 3.102346, 3.230467, 3.417972, 2.982643, 3.277056, 2.436308, 1.740641, 2.288482, 1.459073, 2.143232, 2.521363, 3.892945, 2.427512, 2.370122, 2.459448, 3.647503, 3.007135, 6.192474, 2.813705, 2.314453, 2.907584, 1.418406, 3.50585, 2.226937, 3.292681, 3.184545, 2.841377, 1.999371, 3.027639, 2.422494, 3.604284, 2.054374, 2.311086, 2.203301, 1.668259, 2.62992, 2.181642, 3.083181, 2.676954, 1.484752, 1.506897, 3.753893, 3.21462, 1.165133, 1.931913, 1.948713, 4.106172, 2.985443, 3.441634, 2.887657, 2.94108, 3.618874, 1.978642, 3.501943, 2.503502, 1.305365, 2.794384
6.324642, 3.242603, 2.394738, 2.912929, 1.499686, 2.557854, 1.581786, 1.559097, 1.735466, 2.91731, 2.94777, 1.633368, 1.871738, 4.582707, 2.665209, 5.300686, 2.604719, 2.29524, 1.857103, 1.52436, 2.517117, 2.334091, 3.262143, 0, 1.151042, 4.888953, 2.163893, 3.779575, 2.191451, 2.519606, 1.535093, 1.715749, 1.815024, 2.468492, 1.507441, 1.536511, 3.689841, 1.816515, 1.272862, 1.768913, 2.255154, 1.116723, 3.24411, 1.960601, 1.48617, 3.032445, 3.141349, 2.262641, 2.699469, 1.800333, 2.145733, 3.442811, 2.385311, 4.176688, 2.070059, 1.908343, 2.600475, 3.46566, 2.307979, 1.170708, 2.765435, 3.451762, 2.327883, 2.11122, 1.302932, 1.663575, 2.069614, 2.075387, 3.05044, 1.570101, 2.335595, 3.095461, 2.320044, 2.602162, 2.092331, 1.377902, 1.684304, 1.955299, 2.12076, 1.795051, 3.47596, 1.759993, 2.21845, 1.989278, 2.918441, 2.688399, 5.417014, 2.654848, 1.986941, 2.344556, 1.310424, 2.294891, 1.887682, 2.839747, 1.895286, 2.066064, 1.872768, 2.112205, 1.77177, 2.939224, 1.81395, 1.627281, 2.156274, 1.559659, 2.189998, 2.0315, 2.306523, 2.112789, 1.595426, 1.325461, 3.277588, 2.382928, 1.059381, 1.735866, 1.507487, 2.245838, 3.069326, 2.947775, 2.74621, 2.388225, 2.925258, 1.888234, 2.849824, 2.512957, 1.122193, 2.366407
4.252691, 1.315647, 1.029428, 1.018079, 0.690557, 1.050588, 0.877832, 0.62826, 0.741552, 1.140739, 1.267028, 1.245225, 1.034238, 2.365858, 1.296511, 1.988415, 1.011757, 1.109834, 0.669124, 0.654041, 1.039905, 0.962428, 1.121408, 1.093915, 0, 2.226679, 0.808979, 1.230023, 0.877541, 0.834735, 0.730031, 0.544562, 0.806282, 0.867248, 0.746975, 0.701053, 1.073877, 0.713743, 0.592635, 0.815712, 0.77268, 0.674543, 1.191764, 0.951695, 0.73451, 0.910695, 1.296581, 0.883767, 1.014557, 0.787199, 0.967044, 1.203604, 0.807138, 1.74985, 0.927221, 0.675527, 0.947588, 1.315546, 0.943456, 0.605366, 0.832767, 0.87509, 0.892925, 0.929801, 1.084048, 0.770374, 0.723691, 1.278313, 1.192101, 1.232066, 1.122894, 1.115678, 1.211608, 1.12158, 0.683237, 0.644075, 0.748821, 0.632056, 0.648759, 0.771594, 1.068815, 0.745431, 0.945168, 0.8051, 1.071249, 1.166333, 2.199022, 0.829159, 0.85297, 0.88207, 0.605908, 0.937207, 0.642328, 1.120547, 0.80193, 0.83142, 0.928236, 1.04882, 0.772792, 0.856793, 0.617626, 0.64544, 0.860072, 0.771885, 0.860915, 0.730168, 1.090226, 0.883131, 0.575156, 0.643262, 0.98549, 0.978471, 0.618773, 0.856401, 0.756853, 1.323626, 1.131318, 1.053846, 1.059581, 1.068539, 1.043399, 0.992438, 1.07375, 1.084691, 0.750465, 1.047739
0, 6.104457, 4.20909, 5.612244, 3.015534, 5.509399, 4.159076, 2.799701, 3.093653, 5.239397, 5.839111, 5.463469, 3.640917, 0, 5.231935, 0, 4.784898, 4.956142, 3.909484, 3.30864, 4.831464, 4.079814, 6.181258, 4.887264, 2.262679, 0, 4.03937, 5.874288, 4.451947, 5.1332, 3.307716, 3.065452, 4.9894, 4.815345, 3.558123, 4.013516, 6.442023, 4.170966, 2.685634, 3.716077, 3.895087, 2.942842, 6.099925, 4.834282, 2.712939, 5.416072, 5.476435, 4.097753, 5.002652, 3.439811, 4.372453, 6.270214, 4.34493, 0, 3.719713, 4.013496, 4.756387, 5.618186, 4.267309, 1.748698, 4.226151, 5.871835, 4.598699, 4.229848, 5.339985, 2.882239, 3.439975, 6.391166, 5.614664, 5.807317, 6.030274, 5.127161, 5.959029, 5.561323, 3.544813, 2.894679, 3.962945, 3.567826, 3.528096, 4.430972, 5.993414, 3.682019, 4.03401, 3.240942, 5.319889, 5.185116, 0, 4.715308, 4.004837, 4.411321, 3.18772, 4.835105, 3.807237, 5.292746, 4.338379, 4.263493, 4.184198, 4.353794, 4.500357, 4.296055, 3.597083, 3.544881, 4.577026, 3.449539, 4.171419, 4.127613, 4.911336, 4.838305, 2.77646, 2.676511, 5.24142, 4.776859, 2.054807, 4.540608, 3.690615, 6.45106, 5.45291, 4.875551, 4.536326, 4.567006, 5.8303, 4.062936, 5.164928, 4.420411, 3.022631, 4.515473
7.17641, 2.957743, 1.4745, 2.724741, 0.979416, 1.363824, 1.059391, 0.738668, 0.799644, 2.196588, 2.941847, 1.919023, 1.452264, 4.616102, 2.074538, 4.257902, 1.983128, 1.725793, 0.778243, 0.720767, 1.177988, 1.763865, 2.956254, 2.086859, 0.910226, 4.231048, 0, 3.524769, 0.79596, 1.181039, 1.014522, 0.771164, 1.20707, 1.383459, 0.913887, 0.687534, 2.331017, 1.025366, 0.24294, 1.037097, 0.771098, 0.958347, 1.154283, 1.132675, 0.608746, 0.780135, 1.328859, 1.038811, 2.236711, 1.051499, 1.452765, 2.854073, 0.681468, 4.168358, 1.740697, 0.532449, 1.530954, 2.740738, 1.532225, 0.792825, 0.815018, 1.422143, 0.916521, 1.582594, 1.809965, 1.216391, 0.967561, 2.45822, 2.987011, 2.315623, 2.839937, 1.872113, 2.769069, 2.941736, 0.738676, 0.716115, 0.976838, 0.819958, 0.745302, 1.985123, 1.373243, 1.115538, 1.238042, 1.468117, 2.084196, 1.733068, 3.739559, 0.90738, 1.356225, 0.960436, 0.845275, 2.098195, 0.837454, 1.048491, 1.06445, 1.361251, 1.073596, 1.345431, 0.809146, 0.849385, 0.781499, 1.151571, 1.331055, 0.95051, 1.735466, 0.934508, 1.958198, 1.312551, 0.972192, 0.972926, 1.567554, 1.332093, 0.66544, 1.350308, 0.832904, 2.84692, 2.050165, 2.197247, 2.206884, 1.789387, 2.214011, 1.658992, 2.218797, 1.778039, 0.981416, 1.824149
0, 5.271999, 3.86706, 5.113883, 2.364865, 3.820768, 2.948099, 2.024045, 2.058063, 4.851282, 4.975623, 4.868722, 3.19741, 6.991794, 4.040421, 0, 3.685111, 3.532593, 2.868852, 2.402387, 2.98161, 3.443034, 5.637571, 3.821464, 1.929863, 7.246452, 3.722007, 0, 4.064716, 4.540066, 2.266781, 1.911865, 3.344949, 3.521576, 2.434574, 2.648791, 6.106495, 3.122004, 2.451753, 3.349555, 3.413437, 2.108407, 5.012965, 3.661421, 2.678008, 4.06584, 4.818642, 3.73451, 5.307295, 3.059051, 4.406255, 4.984105, 3.752885, 5.876547, 3.244606, 3.779572, 3.88801, 5.281881, 2.626628, 1.042769, 4.649286, 5.130726, 4.245237, 3.275385, 3.762636, 2.449052, 2.69602, 4.828732, 5.415983, 4.080761, 5.324502, 4.863005, 3.915318, 4.981183, 3.026092, 1.798816, 2.848318, 2.561561, 3.042464, 3.574908, 5.252386, 3.332507, 3.417656, 3.024155, 4.216613, 3.921817, 0, 4.170151, 3.62907, 4.456168, 1.783779, 3.480958, 3.170082, 4.768741, 3.76098, 3.353393, 3.425723, 3.630202, 3.692681, 3.81439, 3.024193, 3.030781, 3.662842, 2.572137, 3.884584, 3.662629, 3.999107, 4.319941, 2.544979, 2.35888, 4.176045, 4.215223, 1.713447, 3.119984, 2.638888, 5.594487, 3.78455, 5.201164, 4.932242, 4.220019, 5.052069, 3.671699, 4.569635, 4.074264, 1.969445, 4.266081
6.183648, 2.987357, 1.688791, 2.669842, 0.918478, 1.352594, 0.787766, 0.794083, 0.882908, 2.469844, 3.035911, 2.080929, 1.694164, 4.25833, 2.235721, 4.648863, 2.426413, 2.087928, 1.098696, 0.820867, 1.371954, 1.878838, 3.277575, 2.555737, 0.957532, 4.33131, 1.336379, 3.792809, 0, 1.49193, 0.958995, 0.817276, 1.376284, 1.19617, 1.044313, 0.762532, 2.10771, 1.032332, 0.807166, 1.241037, 1.167814, 1.207139, 1.663489, 0.884509, 0.905896, 1.210456, 1.768311, 1.125682, 2.688898, 1.316673, 1.397087, 2.983678, 0.954437, 3.965983, 1.686342, 0.72123, 1.857761, 3.185208, 1.80484, 0.608037, 0.747753, 1.62758, 1.210838, 1.563677, 1.970942, 1.388301, 1.148295, 2.488956, 3.208323, 2.676815, 2.920199, 2.399726, 2.812503, 2.613647, 0.971589, 0.95304, 1.141651, 0.915979, 0.641356, 2.216948, 1.289494, 1.099693, 1.138468, 1.400748, 2.474227, 1.99256, 3.333773, 0.960193, 1.711417, 0.957947, 0.8959, 2.043965, 0.795694, 1.495068, 1.147497, 0.976504, 1.128862, 1.565665, 1.015291, 1.003642, 0.694606, 1.05457, 1.532794, 1.127669, 1.86595, 1.227878, 2.210955, 1.427815, 0.950156, 0.795891, 1.481818, 1.402389, 0.726957, 1.349629, 0.957225, 3.33687, 2.638815, 2.435607, 2.391861, 2.27013, 2.093465, 1.847223, 2.336173, 1.886294, 0.901301, 2.045286
0, 3.783846, 2.051057, 3.221912, 1.171561, 1.508885, 1.22643, 0.928181, 1.457082, 2.603729, 3.071835, 2.479264, 1.735126, 5.961781, 2.470493, 5.107705, 3.138794, 2.695929, 1.134782, 0.948487, 1.64283, 2.002949, 3.475623, 2.992594, 0.76828, 4.992385, 1.465304, 4.07952, 1.27908, 0, 0.873226, 1.035641, 1.921059, 1.057763, 0.946259, 0.910198, 2.318836, 1.220986, 1.074163, 1.152734, 1.085917, 1.252674, 2.723424, 2.046132, 0.999378, 1.582682, 2.107774, 1.522684, 2.855483, 1.011296, 1.809468, 3.443059, 1.211992, 4.718291, 1.927526, 1.00429, 1.980986, 3.528891, 2.174634, 0.627604, 1.315804, 2.381774, 1.193205, 1.656614, 2.276038, 1.090781, 0.92204, 3.923997, 3.78294, 3.064733, 2.970054, 2.637212, 3.548064, 3.441983, 1.050555, 0.832035, 1.529579, 1.096928, 1.19085, 2.511308, 2.182992, 1.273991, 1.515767, 1.589828, 2.45924, 2.694881, 4.562656, 1.194575, 1.872885, 1.332488, 1.021343, 2.870614, 1.198269, 2.17752, 1.370564, 1.148386, 1.37679, 1.632026, 1.506672, 1.402809, 1.186513, 1.28145, 2.079878, 1.705535, 2.174274, 1.184186, 2.563485, 1.562269, 0.931135, 1.052763, 1.707799, 2.366435, 0.847159, 1.250448, 1.292515, 3.869088, 2.944582, 2.902948, 3.057874, 2.339674, 2.969061, 1.936109, 2.834247, 2.004194, 1.033114, 2.73655
6.090551, 2.009352, 1.402513, 1.887363, 0.688676, 0.793843, 0.779778, 0.69984, 0.564654, 1.450388, 1.892118, 1.018413, 1.437925, 3.291476, 1.431838, 3.43958, 1.517901, 1.801556, 0.724013, 0.529798, 0.854201, 1.788349, 1.803744, 1.320319, 0.767745, 3.20737, 1.249238, 2.365123, 0.48523, 1.077629, 0, 0.471438, 1.410071, 0.518979, 0.512874, 0.367484, 2.054113, 0.787006, 0.679923, 0.930591, 0.796182, 1.150979, 1.476047, 1.134977, 0.47831, 0.83197, 1.128993, 0.768989, 1.649461, 0.80194, 0.734609, 1.761816, 0.832843, 2.621061, 1.508631, 0.55271, 1.020677, 1.915093, 1.599867, 0.486407, 0.752989, 1.479468, 0.792281, 1.39837, 1.689391, 0.922929, 0.472398, 2.116608, 2.577353, 1.755228, 1.942264, 1.824033, 1.738114, 2.04359, 0.397615, 0.6047, 0.865126, 0.756412, 0.822424, 1.980257, 1.313184, 0.700807, 1.092133, 1.510133, 1.248413, 1.469935, 3.012452, 0.909069, 1.114303, 1.161003, 0.579129, 1.689074, 0.492266, 1.055836, 1.024711, 0.662184, 1.236029, 1.038239, 0.671613, 1.117686, 0.540347, 0.701875, 1.281101, 1.373694, 1.585946, 0.588087, 1.531235, 1.253358, 0.753313, 0.81064, 1.054512, 0.965322, 0.627356, 0.71254, 0.900268, 2.201068, 1.796413, 1.914605, 1.496182, 1.589217, 1.582085, 1.305059, 1.698015, 1.115452, 0.832377, 1.398492
5.881147, 2.280567, 1.54691, 1.798214, 0.937422, 1.100443, 0.882048, 0.929892, 0.95369, 1.562252, 2.10218, 1.760839, 1.24485, 3.005628, 1.380991, 2.801053, 1.433034, 1.456705, 0.93944, 0.687679, 1.079057, 1.357707, 1.825524, 1.371665, 0.808706, 2.801805, 1.291386, 2.203149, 1.239455, 0.547687, 0.850314, 0, 1.53387, 0.88165, 0.790609, 0.730738, 1.294161, 0.763616, 0.847227, 0.952662, 1.020011, 1.110859, 1.170293, 1.244936, 0.616937, 1.123978, 0.856305, 1.055983, 1.665375, 0.9398, 1.135199, 2.05584, 0.730867, 2.848037, 1.371805, 0.618276, 0.927596, 1.994459, 1.691082, 0.59559, 0.805308, 1.092826, 1.002105, 1.35657, 1.872381, 1.222652, 0.984961, 2.065145, 2.412897, 1.962118, 1.995978, 2.052292, 1.697516, 2.101917, 0.705322, 0.706352, 1.054148, 0.900534, 0.902458, 1.620133, 1.051048, 1.131272, 0.956514, 0.967351, 1.287147, 1.662997, 2.469733, 1.002923, 1.111156, 1.192775, 0.857502, 1.629651, 0.774151, 1.440085, 0.934592, 0.625369, 1.10815, 1.111064, 0.593048, 0.898143, 0.751394, 0.970713, 1.111442, 1.162383, 1.528204, 0.748821, 1.572894, 1.422285, 0.78294, 0.83773, 0.636444, 1.075791, 0.70497, 1.090029, 0.8389, 2.136924, 1.67784, 1.645094, 1.513369, 1.523299, 1.44915, 1.264053, 1.557195, 1.743528, 0.787361, 1.344112
6.387481, 2.922923, 1.661519, 2.754373, 1.348642, 1.621452, 1.399186, 1.07709, 0.892201, 1.709908, 2.919186, 1.561543, 1.236887, 4.27001, 1.784305, 4.780971, 1.593734, 2.120925, 1.037358, 0.872818, 1.324839, 1.280351, 2.277139, 1.914463, 0.998831, 4.511639, 1.191898, 3.219261, 1.219626, 2.10749, 1.125454, 1.140962, 0, 1.821161, 1.181125, 1.334825, 2.969016, 1.545733, 1.077343, 1.533369, 1.25653, 0.86462, 2.308597, 1.53959, 0.834851, 1.839098, 1.8021, 1.47155, 2.632475, 1.608729, 1.675721, 3.159655, 1.487849, 3.901549, 1.834161, 1.356228, 2.098471, 2.662236, 1.832654, 0.532237, 1.504241, 2.044775, 1.507998, 1.535461, 2.038817, 1.321081, 1.439693, 2.244828, 2.732739, 1.947726, 2.76841, 2.318864, 2.701287, 2.473412, 0.725717, 1.149191, 1.058776, 1.261136, 1.120405, 1.773058, 1.626456, 0.918313, 1.757385, 1.680792, 2.373763, 2.0054, 4.40591, 1.516182, 1.581105, 1.410139, 0.985004, 2.127602, 1.160552, 1.612616, 1.983835, 1.733435, 1.031924, 1.188032, 1.10416, 1.640966, 0.948649, 1.370817, 1.317812, 1.492363, 1.659653, 0.976853, 1.836186, 1.827965, 1.251788, 1.23216, 2.025699, 1.705464, 0.843265, 1.193709, 1.089839, 2.732172, 2.17102, 1.831061, 1.730911, 1.463926, 1.866038, 1.218193, 1.605329, 1.026331, 1.10814, 1.323522
0, 3.898698, 2.014864, 2.829963, 1.030944, 1.47783, 0.691545, 0.892925, 0.867354, 2.544721, 3.042335, 2.07087, 1.623607, 4.308208, 2.002445, 4.395438, 2.228089, 2.459534, 1.121577, 0.856583, 1.360813, 1.914817, 3.352398, 2.401141, 0.798195, 4.312606, 0.414369, 3.855018, 1.225002, 0.87337, 0.981927, 0.685033, 1.389531, 0, 0.734485, 0.765983, 2.160753, 0.815134, 1.01416, 1.013598, 0.779484, 1.315615, 2.53754, 1.23379, 0.850344, 1.350389, 2.189051, 1.482643, 1.865119, 1.141828, 1.150556, 2.734028, 1.019368, 4.136749, 1.356491, 0.847346, 1.355243, 2.746767, 2.280899, 0.523856, 1.082481, 2.125201, 0.872707, 1.149371, 2.929466, 1.107887, 0.946312, 3.732738, 2.862327, 3.003539, 3.340622, 3.002922, 2.522594, 3.154624, 0.794929, 0.835795, 0.94178, 0.92578, 1.004206, 2.367676, 2.14729, 1.277941, 1.40035, 1.586361, 1.996343, 2.432933, 4.068463, 1.050099, 1.372719, 1.293059, 0.751209, 2.277458, 0.814577, 1.862937, 1.254717, 0.941296, 1.28263, 1.059325, 1.002074, 0.86427, 0.819867, 1.039594, 1.699451, 1.377552, 1.713916, 0.709049, 2.726653, 1.176413, 0.674234, 0.96056, 1.19635, 1.512121, 0.705549, 1.006278, 0.915807, 3.334117, 2.695848, 2.771403, 2.180151, 1.974669, 2.539112, 1.975671, 2.552142, 1.610504, 1.084557, 2.037419
5.641638, 2.234971, 1.347057, 1.804893, 0.893611, 0.609138, 0.786938, 0.770505, 0.93091, 1.476098, 1.966969, 0.747365, 0.505468, 2.951514, 1.182831, 3.55133, 1.746442, 1.669241, 0.830818, 0.587535, 1.01181, 1.051335, 1.543292, 1.7669, 0.746935, 3.119713, 1.218722, 2.082335, 1.176471, 0.768943, 0.982808, 0.638482, 1.415317, 0.759732, 0, 0.553052, 1.796193, 0.736863, 0.86107, 1.092378, 0.975557, 0.958289, 1.213474, 0.97326, 0.668139, 1.165135, 0.924203, 0.800672, 1.536, 0.829179, 0.70718, 2.138403, 0.70795, 2.839213, 1.494341, 0.506866, 1.053641, 1.810864, 1.645805, 0.255403, 0.795929, 1.327811, 0.88757, 1.50415, 1.842372, 1.217451, 0.848263, 2.134638, 2.288784, 1.417811, 1.990945, 1.358514, 2.257751, 1.938851, 0.564497, 0.8243, 0.950895, 0.675062, 0.771705, 1.011377, 1.28398, 1.310183, 0.764302, 1.138597, 1.397748, 1.668808, 2.974887, 0.747257, 1.142917, 1.166989, 0.866511, 1.862058, 0.767948, 1.336729, 0.905544, 0.521194, 0.869101, 0.84249, 0.616874, 0.481126, 0.833914, 0.904311, 1.297194, 0.96629, 1.552802, 0.730862, 1.654346, 1.293705, 0.81341, 0.792405, 0.670732, 1.110685, 0.486516, 0.349933, 0.821928, 1.931298, 1.377081, 1.763756, 1.539324, 1.539897, 1.111363, 1.698757, 1.659764, 1.024612, 1.064625, 1.451309
6.195457, 2.620767, 1.47112, 2.033619, 0.930885, 0.770551, 0.520769, 0.696285, 0.610739, 1.778077, 2.129835, 1.234745, 1.456396, 4.098442, 1.599571, 3.734794, 1.518608, 1.362175, 0.801644, 0.869747, 1.497681, 1.519486, 2.076739, 1.854513, 0.76216, 3.710831, 1.37007, 2.363506, 1.144092, 0.652481, 0.910327, 0.538843, 0.871798, 0.453167, 0.543349, 0, 1.701479, 0.874269, 0.741524, 0.887912, 0.975369, 1.468097, 1.719423, 1.166953, 0.773989, 0, 1.085134, 1.175765, 1.34137, 0.951898, 0.860799, 1.896759, 0.790908, 3.026434, 1.233444, 0.756303, 0.888841, 2.025676, 1.618085, 0.487587, 1.031496, 1.526837, 0.900369, 1.388787, 2.190375, 0.940894, 0.91808, 2.325951, 2.196105, 2.213953, 2.095417, 1.78997, 2.568084, 1.863139, 0.548127, 0.634258, 0.720283, 0.927277, 0.715847, 1.572694, 1.604128, 1.224658, 0.983462, 1.115151, 1.532822, 1.840501, 3.400562, 1.046671, 1.211547, 1.137455, 0.685835, 1.625392, 0.789987, 1.194603, 1.07349, 0.758195, 0.979299, 1.12592, 0.720691, 0.77086, 0.608029, 0.789047, 1.037915, 1.220333, 1.477693, 0, 1.755281, 0.768161, 0.467873, 0.626095, 0.447483, 1.25239, 0.618365, 0.308099, 0.850691, 2.244686, 1.831208, 1.660655, 1.650793, 1.381568, 1.45711, 1.778796, 1.880678, 1.126168, 0.860138, 1.403708
0, 4.935466, 3.25856, 3.993407, 1.735962, 2.80795, 2.037908, 1.442116, 1.457584, 3.414455, 4.582087, 3.169818, 2.57431, 6.176556, 3.937941, 6.299619, 3.339232, 3.648354, 1.660475, 1.052578, 3.007251, 3.45601, 4.59264, 3.528274, 1.195661, 5.881707, 1.568295, 5.423506, 2.008301, 2.055437, 1.807238, 1.194033, 2.130389, 1.653928, 1.513875, 1.599067, 0, 1.803245, 1.333653, 0.967695, 1.033261, 1.335744, 3.670154, 1.88296, 1.364773, 1.920608, 3.314601, 1.172764, 3.883632, 2.289758, 1.861671, 4.827187, 1.172108, 5.744283, 2.932433, 1.349285, 2.894268, 4.327753, 3.758696, 0.724562, 0.73227, 3.640879, 1.192061, 2.586633, 3.752077, 2.148924, 1.308973, 5.320211, 4.594841, 4.383591, 4.47626, 4.082774, 4.484169, 5.123981, 1.105785, 1.040784, 1.092591, 0.927492, 1.444942, 3.920501, 2.456075, 1.329232, 2.34802, 2.900702, 3.72997, 4.306332, 4.882757, 1.047643, 3.350732, 1.614808, 1.438599, 4.494594, 0.783457, 3.033597, 1.187323, 1.661511, 2.011856, 2.167698, 1.278895, 1.612618, 0.754777, 1.373744, 3.187206, 2.938444, 3.471539, 1.963475, 4.220178, 2.423739, 1.172354, 1.270684, 2.388952, 2.272685, 1.163229, 1.940375, 1.474338, 5.083033, 4.203907, 4.27767, 3.870641, 3.346939, 4.083946, 3.216339, 3.987728, 3.450225, 1.370817, 4.223814
5.819756, 2.943156, 1.466714, 2.235012, 0.662136, 1.206918, 0.558605, 0.85676, 1.074702, 2.015348, 2.557631, 1.908751, 1.340015, 3.938607, 1.744973, 4.208576, 1.879296, 1.949199, 0.96472, 0.797426, 1.42502, 1.452851, 2.254229, 1.737109, 0.904256, 3.709038, 1.387111, 2.87541, 1.327619, 1.043298, 0.433271, 0.676125, 1.26122, 0.630395, 0.776602, 0.559873, 1.973985, 0, 1.104646, 0.97005, 1.140658, 1.270221, 1.900937, 1.255943, 0.837297, 1.272125, 1.223067, 1.093295, 2.044757, 0.92853, 1.235692, 2.974801, 0.586214, 3.397316, 1.232129, 0.386755, 1.04264, 2.458678, 1.851854, 0.51788, 0.987348, 2.01926, 1.015383, 1.108327, 2.447821, 0.793407, 0.896363, 2.768899, 2.864426, 2.283011, 2.710081, 1.901616, 2.328891, 2.640952, 0.818294, 0.694788, 1.187488, 0.640599, 0.946249, 2.063322, 1.573235, 1.098609, 0.760598, 1.206437, 1.681777, 2.052794, 3.634678, 0.901868, 1.566341, 1.028686, 0.633825, 2.049981, 0.799975, 1.324218, 0.575838, 0.65796, 1.177491, 1.033443, 0.752761, 0.836641, 0.865286, 0.701607, 1.579259, 1.135202, 1.578844, 0.70522, 2.061058, 1.029752, 0.690074, 0.749421, 0.80432, 1.199887, 0.615403, 1.153179, 0.942737, 2.919918, 2.044451, 2.20479, 1.973084, 1.721355, 1.908609, 1.404442, 1.910143, 1.455034, 1.111513, 1.603116
4.096971, 1.686142, 1.44441, 1.84008, 0.843098, 1.164411, 0.994301, 0.783836, 0.856652, 1.286453, 1.170068, 1.28223, 1.167931, 2.815247, 1.623764, 2.642846, 1.003961, 1.364892, 0.700977, 0.439555, 0.985457, 1.409397, 1.214826, 1.47666, 0.70441, 2.412178, 1.041683, 2.06974, 1.053806, 0.777349, 0.892368, 0.592974, 0.930277, 0.81813, 0.84308, 0.658452, 0.895895, 0.870114, 0, 0.819938, 0.810488, 0.70837, 1.093272, 1.232479, 0.489056, 0.691618, 1.03636, 0.643439, 1.461356, 0.980497, 0.723273, 2.119806, 0.641854, 2.630545, 1.274994, 0.533424, 1.065096, 1.922261, 1.343953, 0.533563, 0.528292, 1.028162, 0.588703, 1.305651, 1.753846, 0.917574, 0.518265, 1.958765, 2.084535, 1.596163, 1.738816, 1.701289, 1.503471, 1.486294, 0.512533, 0.597446, 0.593962, 0.510094, 0.651752, 1.659488, 0.840892, 0.915184, 0.853958, 1.087527, 1.459275, 1.510556, 2.288766, 0.666129, 1.079485, 0.87909, 0.557757, 1.363277, 0.496619, 1.345388, 0.703934, 0.68486, 1.108596, 0.848164, 0.571769, 0.752746, 0.671494, 0.701118, 1.146024, 1.088892, 1.385366, 0.515953, 1.317572, 1.120997, 0.691537, 0.543157, 1.364945, 0.777972, 0.531366, 0.948867, 0.85669, 1.693799, 1.572187, 1.684633, 1.556501, 1.438941, 1.517734, 1.32337, 1.549804, 1.428101, 0.728955, 1.117242
6.089625, 2.536441, 1.265263, 1.74431, 0.865921, 1.241242, 0.641323, 0.997924, 0.953536, 1.597312, 2.195345, 2.274554, 1.696693, 3.293137, 1.82322, 3.852549, 1.759965, 1.668775, 0.915151, 0.749125, 0.810227, 1.45119, 2.361196, 1.810327, 0.805715, 2.851688, 1.088844, 2.562569, 1.400262, 1.116668, 1.052233, 0.769943, 1.769202, 0.901812, 0.824113, 0.580258, 1.494447, 0.820844, 0.906451, 0, 0.876442, 1.337997, 1.612737, 0.828713, 0.895341, 1.346107, 1.558155, 1.026723, 1.562996, 0.746656, 1.175418, 2.352289, 0.824761, 3.098588, 1.196535, 0.591019, 1.052449, 2.439691, 1.528487, 0.756853, 0.787827, 1.363424, 0.769422, 1.320701, 2.002875, 0.938967, 0.673018, 2.530217, 2.589454, 1.991453, 1.970838, 1.923105, 2.656671, 2.259552, 0.794319, 0.459616, 1.029623, 0.859996, 0.93092, 2.082952, 1.360517, 1.171237, 0.953827, 1.227344, 1.537033, 1.834682, 3.262697, 0.812504, 1.552359, 1.108084, 0.779058, 1.775836, 1.078824, 1.456619, 1.036897, 1.149204, 0.857074, 1.38406, 0.969027, 0.731685, 0.980758, 1.252421, 1.245038, 1.290844, 1.405427, 0.872565, 1.691713, 1.432183, 0.72757, 0.748072, 1.362489, 1.016983, 0.624832, 1.107525, 0.934133, 2.61807, 1.803217, 1.973988, 1.845089, 1.611499, 2.026585, 1.897273, 1.953552, 1.951838, 1.120025, 1.610501
6.919115, 3.207798, 1.187652, 2.513765, 0.635965, 0.854173, 0.670139, 0.64465, 0.635656, 2.536309, 2.482084, 1.649699, 1.135812, 4.412144, 1.864175, 4.250987, 1.710184, 1.675234, 0.617074, 0.472818, 1.251431, 1.889551, 2.959257, 1.488781, 0.383023, 3.895816, 1.1335, 3.618719, 0.958332, 0.714556, 0.495047, 0.588822, 1.248519, 0.715943, 0.686727, 0.518007, 1.866851, 0.736536, 0.821285, 0.877485, 0, 1.006852, 1.625947, 1.067987, 0.611286, 0.950024, 1.24777, 0.925074, 2.201493, 0.803482, 1.117896, 2.260689, 0.813446, 3.489453, 1.39083, 0.465126, 1.187151, 2.556236, 1.504479, 0.561988, 0.871365, 1.580064, 0.674717, 1.276343, 2.051335, 0.693019, 0.754878, 2.741895, 2.452472, 2.40735, 2.616683, 1.914817, 2.030735, 2.642476, 0.620981, 0.451689, 0.910639, 0.797081, 0.70227, 1.922034, 1.200305, 0.844225, 0.770022, 1.199236, 1.587073, 1.234861, 3.21977, 0.840966, 1.417064, 1.204817, 0.553574, 2.281365, 0.533475, 1.375251, 0.98886, 0.836661, 0.719506, 0.934863, 0.772875, 0.815081, 0.564264, 0.68484, 1.263422, 0.917399, 1.440918, 0.490274, 1.764986, 0.953138, 0.426252, 0.399942, 0.943626, 1.18743, 0.414726, 0.958749, 0.785457, 2.895965, 2.508926, 2.194168, 2.309004, 1.964761, 1.719615, 1.726307, 1.96366, 1.449962, 0.732796, 1.633421
5.47404, 2.045689, 1.509877, 1.888315, 0.481169, 1.166019, 0.667521, 0.571323, 0.569095, 1.357101, 1.952716, 1.332716, 0.750389, 2.956376, 1.430828, 3.558247, 1.713007, 1.353197, 0.659743, 0.397134, 0.747677, 1.428273, 2.214652, 1.523993, 0.689137, 2.669566, 0.870618, 2.601769, 0.789199, 0.876343, 0.609164, 0.62115, 1.054859, 0.771827, 0.685858, 0.60489, 1.033557, 1.046359, 0.246678, 0.680951, 0.569173, 0, 1.125401, 0.985042, 0.493829, 0.40634, 1.320532, 0.523673, 1.993208, 0.743269, 0.984933, 2.255133, 0.383109, 3.181405, 1.30316, 0.512943, 1.299693, 1.968177, 1.269633, 0.373235, 0.523549, 1.402037, 0.709018, 1.088446, 1.257115, 1.212555, 0.545912, 1.898724, 2.259845, 1.722256, 2.010828, 1.58645, 1.377524, 1.95482, 0.43853, 0.617547, 0.66864, 0.455757, 0.444065, 1.708462, 1.34571, 0.677834, 0.762264, 0.996719, 1.64462, 1.416262, 2.640109, 0.677753, 1.008901, 0.570133, 0.502602, 1.619136, 0.540103, 1.205868, 0.766644, 0.762542, 0.887177, 0.976104, 0.734429, 0.729312, 0.600238, 0.757921, 1.053699, 0.835327, 1.347308, 0.763651, 1.534326, 1.115632, 0.655056, 0.556924, 0.873836, 1.114133, 0.691299, 0.828855, 0.596402, 1.786731, 1.722315, 1.45785, 1.763581, 1.319205, 1.653285, 1.200287, 1.648046, 1.258961, 0.512583, 1.305299
0, 3.519883, 2.227955, 3.162663, 1.30362, 2.402982, 1.441075, 0.824434, 1.202204, 3.385213, 3.721121, 3.268847, 1.539013, 6.647905, 2.87477, 5.573403, 3.084855, 2.696395, 1.524499, 1.359975, 1.543457, 2.31402, 3.496745, 2.787813, 1.023683, 6.292071, 1.70847, 5.417318, 2.053622, 2.599473, 1.260121, 1.267296, 2.41072, 1.425136, 1.531627, 1.235489, 3.699665, 1.876873, 1.207564, 1.707117, 1.238353, 1.305687, 0, 2.390241, 1.08998, 2.311769, 2.70413, 1.851034, 3.247926, 1.360294, 2.43905, 4.061037, 1.63173, 5.260273, 2.025833, 1.686284, 2.281636, 3.332218, 2.330187, 0.896285, 2.239929, 3.086336, 2.148718, 2.240238, 3.145243, 1.605217, 1.334296, 3.474165, 3.39305, 3.467658, 3.425824, 2.633546, 3.448976, 3.644498, 1.368214, 0.993661, 1.491968, 0.974473, 1.514004, 2.571264, 2.988089, 1.563875, 1.850841, 1.698076, 3.068594, 2.898791, 5.751643, 2.090285, 1.848428, 1.991945, 1.338595, 2.709736, 1.300491, 2.390692, 2.113119, 1.673196, 2.15361, 2.111779, 1.955074, 2.444712, 1.526107, 1.770772, 2.191264, 1.499478, 2.321383, 2.040569, 2.585451, 2.359242, 1.234978, 0.933419, 2.808722, 2.592449, 0.973015, 1.699992, 1.310442, 3.746243, 3.156652, 2.957196, 2.893843, 2.361561, 2.558735, 1.81451, 3.30187, 2.063289, 1.632899, 2.688422
6.483242, 2.603868, 1.525069, 2.27487, 1.180849, 1.458136, 1.166632, 0.958104, 0.891563, 2.342979, 2.621286, 2.364501, 1.012808, 5.060848, 1.92666, 4.217142, 1.862886, 1.946115, 1.161061, 1.121084, 1.08504, 1.608445, 2.920166, 2.010881, 1.104286, 4.675449, 1.1228, 3.192373, 1.144955, 1.574739, 1.367386, 1.066035, 1.559244, 1.413048, 0.99541, 1.289345, 2.640722, 1.121618, 0.989422, 1.327097, 1.349351, 1.265668, 1.893526, 0, 1.000502, 1.585733, 2.002268, 1.029005, 1.900218, 1.435024, 1.409921, 3.172328, 1.356466, 4.20076, 1.598778, 1.531637, 1.859078, 2.474501, 1.966402, 0.751315, 1.327869, 2.183994, 1.45727, 1.561138, 2.793388, 1.014676, 1.143312, 2.677623, 3.254086, 2.250576, 3.03841, 2.165777, 2.828054, 2.494921, 1.15011, 0.667473, 1.256485, 1.034595, 1.113695, 1.870424, 1.364394, 1.008204, 1.385602, 1.466501, 1.987068, 2.175662, 4.301605, 1.323426, 1.662248, 1.212104, 1.016013, 2.004688, 1.08145, 1.659756, 1.627992, 1.330475, 1.46837, 1.340983, 1.18052, 1.060979, 0.786502, 1.323932, 1.972436, 0.974354, 1.491702, 1.150361, 2.053703, 1.541163, 1.088671, 1.1952, 1.893868, 1.828557, 1.098511, 1.312095, 1.030283, 2.954533, 2.577432, 2.173228, 1.768989, 1.549847, 1.992595, 1.416056, 2.136998, 1.921955, 1.118516, 2.018726
5.360586, 2.328121, 1.297764, 1.290479, 0.851772, 0.963378, 0.540222, 0.647627, 0.759372, 1.669094, 1.901314, 1.199479, 1.040693, 3.06033, 1.258903, 3.271653, 1.584688, 1.335382, 0.682057, 0.508871, 1.344545, 1.334412, 2.033642, 1.503464, 0.515806, 2.705326, 1.054403, 2.218384, 1.005108, 0.820305, 0.667428, 0.622725, 1.040936, 0.51388, 0.567444, 0.328722, 0.906851, 0.538126, 0.655092, 0.732249, 0.890345, 1.054553, 1.369265, 0.572389, 0, 1.194089, 1.389967, 1.131224, 1.241824, 0.619266, 1.052444, 1.893731, 0.595309, 2.745815, 1.103286, 0.351528, 0.631967, 2.090166, 1.472254, 0.518394, 0.624082, 0.846248, 0.827675, 0.913178, 1.58167, 0.793124, 0.697936, 1.902963, 2.286616, 1.811517, 1.831122, 1.405265, 1.714443, 2.224478, 0.552579, 0.575665, 0.848673, 0.841373, 0.631514, 1.816553, 0.948725, 0.783406, 0.794876, 1.046514, 1.220107, 1.407564, 2.266624, 0.728667, 0.997337, 1.186374, 0.570447, 1.348371, 0.676153, 1.055457, 0.837158, 0.635494, 0.865331, 0.7774, 0.756329, 0.816745, 0.645784, 0.686283, 1.189123, 0.903162, 1.430241, 0.381484, 1.511229, 0.873867, 0.393412, 0.533541, 1.037479, 0.812964, 0.580061, 0.718645, 0.710925, 2.136583, 1.617231, 1.796565, 1.486823, 1.245174, 1.376922, 1.205928, 1.389812, 1.711042, 0.897333, 1.266934
0, 3.461902, 2.299466, 3.311383, 0.950584, 1.684816, 1.290991, 0.938815, 0.726978, 3.241525, 3.120837, 2.437465, 1.18433, 5.624278, 2.435007, 4.655996, 2.768175, 2.054234, 0.957949, 0.672998, 1.204974, 1.986534, 3.455884, 2.593844, 1.000687, 5.355185, 1.050529, 4.338509, 1.243285, 1.391643, 1.120828, 0.871889, 1.709629, 0.853162, 0.968614, 0.993848, 2.867872, 1.279508, 1.157451, 1.028628, 0.807936, 1.494804, 2.071637, 1.788266, 0.963684, 0, 1.656862, 1.312786, 3.065854, 1.534901, 1.588759, 3.456481, 1.043131, 4.496255, 1.872698, 1.007437, 1.550584, 3.173199, 2.23448, 0.819925, 0.950563, 2.069723, 1.367019, 2.028557, 2.37298, 1.116772, 0.923177, 3.631597, 3.735136, 3.067847, 3.196098, 2.698593, 3.641393, 3.829812, 0.53545, 1.020604, 1.133683, 1.02566, 1.088274, 2.403982, 1.802288, 1.469089, 1.589339, 1.596991, 2.71812, 2.385466, 4.488261, 1.154432, 2.01806, 1.464721, 0.972799, 2.58636, 1.107125, 1.68421, 1.576054, 1.359481, 1.275685, 1.434175, 1.302962, 1.296984, 0.947502, 1.193957, 1.854895, 1.32179, 2.220969, 1.08245, 2.575115, 1.627238, 0.919949, 0.951252, 1.647998, 1.672406, 0.856436, 1.244161, 1.188584, 3.614519, 3.179701, 2.65167, 2.667568, 2.287718, 3.082085, 2.186407, 2.818934, 2.072047, 1.2652, 2.148063
0, 4.137888, 2.968367, 3.828354, 0.823548, 2.350656, 2.111987, 1.447899, 1.117068, 3.72284, 3.645219, 2.804139, 1.766293, 5.992778, 3.383076, 5.603222, 3.295666, 2.594551, 1.662278, 1.185442, 1.642022, 2.631313, 4.029258, 2.813275, 0.942831, 5.62187, 1.571795, 5.04777, 1.704618, 2.36132, 1.327687, 1.275768, 2.343437, 2.045033, 1.275796, 1.400487, 3.844784, 1.511361, 1.031071, 2.062268, 1.248782, 0.964669, 2.622284, 2.638412, 0.856221, 2.053994, 0, 1.471943, 3.481216, 1.763216, 2.728655, 4.129031, 2.504475, 4.938142, 2.61945, 1.5926, 2.915945, 4.077302, 2.643299, 0.691763, 1.944358, 2.381138, 1.800915, 2.506751, 3.026305, 1.673487, 1.776046, 3.74317, 4.161658, 3.332477, 4.138486, 3.649516, 3.784292, 3.861672, 1.400145, 1.351176, 1.796819, 1.607944, 1.752197, 2.703052, 2.698236, 2.26241, 1.65744, 2.235981, 3.474557, 2.807137, 5.354739, 2.226431, 2.563804, 1.766265, 1.319111, 2.956842, 1.766908, 2.120439, 2.835108, 2.454012, 2.306594, 2.610915, 2.353618, 1.719058, 1.70538, 2.219994, 2.341978, 1.748938, 2.886515, 2.128262, 3.061656, 3.251645, 1.640202, 1.795515, 2.776649, 2.194487, 0.993172, 1.848831, 1.924021, 4.070344, 3.78909, 3.444507, 3.371968, 2.635012, 3.496495, 2.331661, 3.488977, 2.684528, 1.350219, 2.815711
6.768109, 2.808841, 1.860379, 2.304981, 0.904106, 1.213025, 0.822173, 0.699589, 0.716842, 2.278243, 2.185746, 1.933304, 1.214119, 4.141372, 1.92608, 3.566322, 1.946427, 1.902866, 0.754815, 0.49634, 1.172443, 1.665423, 2.399412, 1.930042, 0.578362, 3.698938, 1.029552, 3.107564, 1.152751, 0.910958, 0.897655, 0.747054, 0.791799, 0.717931, 1.005543, 0.563942, 1.781262, 1.040637, 0.768125, 0.92456, 0.803988, 0.844756, 1.636115, 0.869119, 0.808154, 0.619256, 1.197603, 0, 2.195145, 1.073796, 1.096862, 2.993262, 0.659239, 4.138453, 1.274725, 0.492747, 1.389164, 2.719733, 1.710528, 0.803543, 0.88854, 1.424944, 0.648693, 1.222789, 1.44385, 0.917113, 0.686357, 2.365729, 2.874007, 2.104512, 2.76128, 2.130648, 2.458802, 2.569509, 0.538708, 0.811888, 0.853651, 0.725236, 0.78555, 1.505628, 1.166928, 0.917498, 0.969807, 1.345429, 1.845023, 1.788215, 3.494271, 0.952614, 1.742765, 1.20188, 0.799363, 1.865107, 0.741484, 1.190081, 1.045757, 0.846483, 1.011764, 1.050048, 0.524165, 0.715784, 0.597613, 0.811286, 1.323806, 0.843673, 1.710931, 0.639249, 1.867664, 1.426898, 0.721101, 0.825979, 1.173334, 1.172298, 0.563375, 0.852616, 0.86323, 2.599285, 2.017847, 1.99813, 2.089505, 1.853216, 2.191188, 1.679384, 2.080575, 1.474125, 0.939175, 2.027215
7.121703, 3.160779, 2.465611, 3.326321, 1.786379, 2.450064, 1.689773, 0.623353, 1.247035, 3.022656, 3.272243, 3.579719, 2.253455, 4.796236, 2.907392, 6.017918, 3.05939, 2.316127, 1.532483, 1.019707, 2.245806, 2.455508, 3.901964, 2.782876, 1.285843, 5.363903, 1.823463, 4.791501, 2.449842, 2.260372, 1.204138, 0.877292, 2.27264, 1.615206, 1.092943, 1.449165, 3.043388, 1.608334, 1.302537, 1.446443, 1.846729, 1.243171, 3.277677, 2.343353, 1.653355, 2.28413, 3.194776, 1.765672, 0, 1.783738, 2.079965, 2.558148, 1.161416, 3.647663, 2.141059, 1.361649, 2.328835, 3.227875, 2.26096, 0, 1.925611, 3.964654, 1.975375, 2.114721, 2.894281, 1.679427, 1.153518, 3.0457, 3.166474, 3.379833, 3.7879, 3.602836, 2.86194, 3.519822, 1.077923, 1.216796, 2.162239, 1.648709, 1.493437, 1.716111, 3.599504, 1.909123, 1.658057, 2.304024, 3.047148, 3.314542, 5.221989, 2.374603, 1.789195, 2.211558, 1.251752, 2.523566, 1.277652, 2.708744, 1.756494, 1.823924, 1.582824, 1.621911, 1.746455, 2.752185, 1.090231, 1.858822, 2.430262, 1.744416, 2.607175, 1.78627, 3.05899, 2.305806, 1.420525, 1.220885, 2.864821, 2.60303, 1.405787, 1.64736, 1.345176, 3.881012, 3.331823, 3.653301, 2.832343, 3.010687, 3.580721, 2.670779, 3.851299, 2.525247, 1.429628, 3.140462
6.04752, 2.427793, 1.506082, 2.312615, 1.123572, 1.249732, 0.98013, 0.781884, 1.350511, 2.297962, 2.591198, 2.294848, 1.611843, 4.217378, 1.847167, 3.847764, 2.127209, 1.849132, 0.922413, 1.189653, 1.150123, 1.553602, 2.437384, 1.599006, 0.934447, 3.982152, 1.558211, 2.775487, 0.848415, 1.33305, 1.262118, 0.95639, 1.074457, 0.986834, 1.152911, 1.288188, 1.907561, 1.352726, 0.674208, 1.347254, 1.519894, 1.020447, 1.962584, 1.612509, 1.020945, 0.830499, 1.721066, 1.149001, 2.021658, 0, 1.128067, 2.172036, 1.256221, 3.093565, 1.269112, 0.767229, 1.453606, 1.818384, 1.530748, 0.754128, 0.741023, 2.374259, 1.079062, 1.611838, 2.166848, 1.159238, 0.8706, 2.510025, 2.060007, 2.385228, 2.624165, 2.620476, 2.409585, 2.474389, 1.212922, 0.813965, 1.293781, 1.274966, 1.0868, 1.251028, 1.810137, 1.387331, 1.071256, 1.454783, 2.017315, 2.083183, 3.354272, 1.207065, 1.225886, 0.768097, 0.728249, 2.165093, 0.693758, 1.9566, 0.984523, 0.973815, 1.224422, 1.420379, 0.598565, 1.104281, 1.012671, 1.178167, 1.825035, 1.082129, 1.5669, 1.075037, 2.207957, 1.180831, 1.138764, 0.722764, 1.396135, 1.511895, 0.797261, 1.544462, 1.275295, 2.811601, 2.34703, 2.336803, 2.04678, 1.718203, 2.221448, 1.990681, 2.141553, 1.866418, 1.119992, 1.997353
6.736515, 3.267809, 1.964726, 2.31541, 1.084256, 1.684289, 1.246215, 0.854585, 0.8233, 2.634419, 3.160972, 2.021501, 1.367928, 4.359119, 2.349238, 4.922912, 2.174907, 2.327399, 0.92634, 0.919848, 1.456199, 2.152448, 2.867467, 2.378267, 0.860201, 4.538734, 1.144061, 3.416919, 1.270651, 1.504188, 1.138028, 0.698237, 1.242635, 1.475614, 0.930345, 1.051256, 2.566141, 1.17754, 1.08126, 1.544561, 0.932199, 1.198608, 2.296213, 1.503385, 0.936506, 1.32651, 2.192915, 0.985578, 2.546708, 1.439432, 0, 3.752295, 0.833509, 4.513675, 1.708406, 0.942309, 1.799857, 3.163385, 1.576633, 0.698427, 0.944884, 2.0264, 1.115359, 1.368359, 2.167314, 1.085342, 1.2152, 3.021886, 3.686149, 2.345728, 3.168717, 2.780918, 3.011401, 3.068394, 0.664561, 0.552563, 1.000548, 0.6621, 0.810503, 2.803577, 1.939244, 1.142694, 1.532713, 1.569177, 2.069713, 2.335334, 4.233934, 0.938807, 1.828352, 1.402946, 0.836137, 2.068953, 0.810043, 1.756909, 1.07392, 1.087213, 1.260417, 1.046769, 0.648577, 1.597325, 0.859447, 0.928998, 1.446278, 1.672538, 2.105664, 1.271824, 2.240278, 1.63509, 0.622368, 0.744517, 1.562578, 1.733843, 0.559509, 1.229337, 0.730264, 3.063457, 2.32194, 2.480443, 2.114471, 1.754871, 2.472637, 1.527492, 2.391261, 1.84121, 1.03498, 1.944237
0, 3.651088, 2.349387, 4.349647, 1.761236, 3.223178, 1.826137, 1.013251, 1.351731, 4.310649, 4.548989, 3.924737, 2.83463, 6.052121, 3.57209, 6.332871, 3.679429, 3.271967, 1.510822, 1.377398, 2.671306, 3.124055, 4.455824, 3.620431, 1.16612, 6.361283, 2.56206, 5.098071, 2.992452, 2.746967, 1.634852, 1.51857, 2.699844, 1.804837, 1.583141, 1.091421, 4.182158, 2.055926, 1.142421, 1.877336, 1.036416, 1.437573, 3.778919, 3.268351, 0.951918, 2.620577, 4.644541, 1.859435, 2.545799, 1.44067, 2.713727, 0, 1.09012, 4.182851, 2.342452, 1.84956, 2.135856, 3.55312, 2.476729, 0.459317, 1.790144, 5.239333, 2.434321, 2.199222, 4.469107, 1.481661, 1.996029, 4.235798, 3.124258, 4.195494, 4.466273, 4.145563, 4.16436, 4.229346, 1.036869, 0.499414, 1.7431, 0.756169, 1.578127, 1.967612, 4.052846, 2.193213, 1.096903, 2.345784, 3.43816, 3.872302, 6.038344, 2.404101, 1.675214, 2.760523, 1.191878, 3.469635, 1.520534, 3.639889, 2.162682, 1.878076, 2.827808, 1.129963, 2.203959, 2.92166, 1.569425, 2.081453, 3.20537, 2.088421, 2.694967, 1.662268, 3.554753, 2.583331, 1.144925, 1.019963, 3.471934, 3.218468, 1.088092, 2.10256, 1.442394, 5.013578, 4.367946, 4.155078, 4.095864, 3.447121, 3.661386, 3.151882, 4.557587, 3.712046, 1.788002, 3.657001
6.509043, 3.266288, 1.892278, 2.68487, 0.96534, 0.808506, 0.718559, 0.840069, 0.536427, 2.155271, 3.108947, 1.478392, 2.036358, 4.272922, 1.813208, 3.405249, 2.062491, 2.228682, 0.701445, 0.524638, 1.740464, 1.775636, 2.79746, 2.208613, 0.736969, 3.980777, 1.119255, 3.568586, 0.715427, 0.896424, 0.731872, 0.732758, 1.720894, 0.44252, 0.769125, 0.551457, 1.71743, 0.674507, 0.932232, 0.88005, 0.350376, 1.075391, 1.421417, 1.23952, 0.544621, 1.274009, 1.599138, 1.019662, 1.998996, 0.964907, 0.580342, 2.436204, 0, 3.539921, 1.698554, 0.401676, 1.247289, 3.15966, 2.241845, 0.649195, 0.443437, 1.507938, 0.804824, 1.683823, 2.73118, 1.084613, 0.662554, 3.48186, 3.093944, 2.716844, 2.345275, 2.301396, 2.634908, 2.728805, 0.470985, 0.546849, 0.71607, -0.137377, 0.556493, 2.500365, 1.187343, 0.927841, 1.081205, 1.284111, 1.857356, 2.157137, 3.435443, 0.738387, 1.586807, 1.057333, 0.652215, 2.854896, 0.851633, 1.309102, 0.766333, 0.483815, 1.069737, 0.848947, 0.659649, 0.651203, 0.7349, 0.76712, 1.502575, 1.404126, 1.980376, 0, 2.399779, 1.288125, 0.429318, 0.63853, 0.924385, 1.485542, 0.653013, 1.119438, 0.802454, 3.277993, 2.304804, 2.509531, 2.009699, 2.304155, 2.188825, 2.315165, 2.829181, 2.255019, 0.89491, 2.086766
0, 4.637257, 3.884088, 4.275568, 2.547878, 4.576929, 2.923774, 2.029953, 2.506414, 4.368862, 4.99434, 5.223835, 3.387282, 6.74006, 4.774056, 6.702526, 4.460052, 4.050494, 2.884108, 2.420648, 4.237102, 3.187861, 5.337119, 4.055226, 1.42997, 0, 3.826452, 5.975781, 3.501093, 3.836489, 2.594502, 2.175611, 3.652714, 2.930109, 2.573317, 2.461413, 4.821999, 2.948043, 1.70557, 2.775049, 2.878942, 2.734945, 5.08418, 4.111532, 1.967415, 4.590688, 5.241908, 3.476902, 3.805639, 3.075706, 4.069284, 4.739747, 2.403625, 0, 2.967324, 2.474792, 3.582046, 4.555769, 3.69731, 1.213464, 3.279495, 5.154061, 3.895912, 2.904817, 3.924792, 2.720135, 2.26276, 4.787997, 4.833122, 4.862316, 5.553, 5.308981, 4.947951, 5.086213, 2.40896, 1.762059, 2.687047, 1.51408, 2.534385, 2.809338, 5.057761, 3.258195, 2.299165, 2.946693, 4.698154, 4.5839, 0, 3.593716, 2.398346, 3.958635, 1.569637, 4.378165, 2.60536, 4.811382, 3.606682, 3.582555, 3.677988, 3.153482, 3.813339, 4.136941, 2.428889, 2.653242, 4.172501, 3.145987, 3.323093, 3.18539, 4.399163, 4.049471, 1.824678, 2.319064, 4.886798, 4.580013, 1.571106, 3.063882, 2.78978, 5.48913, 5.009235, 4.508829, 4.868722, 4.361881, 4.938582, 3.804173, 5.249423, 3.635795, 2.531433, 4.492781
5.952119, 2.376206, 1.641949, 2.716456, 1.089915, 1.494728, 1.115584, 0.901415, 1.043027, 2.446137, 2.686627, 2.390494, 1.565953, 3.899997, 1.712845, 4.24547, 2.260061, 1.919299, 1.080668, 1.181462, 1.63135, 1.672429, 2.91891, 2.12414, 0.908228, 4.278713, 1.352199, 3.211462, 1.181738, 1.384796, 1.385199, 0.962621, 1.281777, 1.500942, 1.08164, 1.041814, 2.843636, 1.116728, 0.753186, 0.974228, 1.049309, 0.520617, 2.058002, 1.652393, 1.142167, 1.680612, 2.437987, 1.10381, 1.96054, 1.68637, 1.422343, 2.028124, 1.19812, 2.98005, 0, 1.106552, 1.882018, 2.530582, 1.975953, 0.762089, 1.038781, 2.840301, 1.557638, 1.726518, 2.111159, 1.28715, 1.418439, 2.65956, 2.428249, 2.380472, 2.372988, 2.283107, 1.799323, 2.2802, 0.998375, 0.996876, 1.21021, 1.357431, 0.829357, 1.278645, 2.515307, 1.410329, 1.18725, 1.58842, 2.467459, 2.231411, 4.448387, 1.53802, 1.481509, 1.461053, 0.855517, 2.085684, 0.880389, 1.968947, 1.106307, 1.055733, 1.525393, 1.502185, 1.051757, 2.164032, 0.606865, 1.306403, 1.473776, 1.519491, 1.594317, 1.262341, 1.968947, 1.516997, 1.148414, 0.950627, 2.022139, 1.840825, 1.072874, 1.429501, 1.275333, 2.993123, 2.416174, 2.67084, 2.333058, 1.988369, 2.673974, 1.879088, 2.690663, 1.9591, 1.1657, 2.110493
6.725952, 2.709184, 1.633036, 2.002609, 1.0278, 0.838958, 0.972911, 0.964538, 0.968731, 2.095362, 2.30811, 1.629952, 0.952979, 4.061672, 1.948189, 3.731955, 1.682248, 1.540036, 1.03198, 0.416772, 1.697149, 1.785379, 2.451963, 1.78984, 0.710634, 3.792979, 1.32056, 2.971915, 1.219839, 0.810782, 0.738187, 0.724494, 0.925952, 1.130234, 0.638656, 0.690552, 1.313574, 0.83518, 0.906565, 0.999742, 0.92934, 1.117415, 1.359993, 1.21198, 0.835942, 1.172746, 1.562874, 1.050919, 1.908715, 1.118417, 0.743719, 2.606167, 0.601441, 3.691795, 1.424875, 0, 1.3819, 2.605081, 1.451737, 0.669253, 0.964864, 1.367247, 0.975785, 1.289218, 1.797611, 1.192889, 0.792779, 2.92405, 2.856942, 2.223521, 2.115635, 2.376416, 1.911835, 2.393662, 0.764849, 0.898252, 1.010602, 0.926489, 1.091173, 2.007359, 1.322547, 0.908054, 1.17563, 1.319316, 1.868006, 1.750268, 3.120553, 0.859128, 1.368062, 1.150533, 0.676517, 2.282087, 0.984895, 1.282547, 0.892327, 0.885706, 0.924879, 1.244103, 0.914989, 0.993362, 0.963059, 1.125968, 1.472447, 0.837008, 1.561608, 0.928834, 1.699747, 1.333197, 0.705423, 0.746099, 1.091497, 1.086286, 0.731019, 0.906519, 0.976559, 2.735596, 2.291511, 1.917909, 2.032095, 1.848932, 2.102168, 1.417371, 1.9631, 1.597695, 0.888046, 1.762416
6.788968, 3.296446, 1.990203, 3.001078, 1.621022, 1.943287, 1.795254, 1.413393, 1.20091, 3.136105, 2.797159, 2.854174, 2.164131, 5.551147, 2.254498, 4.685745, 2.62046, 2.48177, 0.812752, 0.90005, 1.479055, 2.278099, 3.043937, 2.328055, 1.172339, 5.160487, 0.988323, 3.642631, 1.429111, 1.733936, 1.428666, 1.448557, 1.428656, 1.628879, 1.511667, 1.697435, 3.016235, 1.049752, 1.157833, 1.877711, 1.63194, 0.862713, 2.634822, 1.669241, 1.498757, 1.708791, 2.325986, 1.264899, 2.086302, 1.431003, 1.410028, 2.88276, 1.743715, 3.701966, 1.494156, 1.095994, 0, 2.646092, 2.013649, 1.344031, 1.74751, 2.985929, 1.388531, 1.504757, 2.861747, 1.224313, 1.450426, 3.422137, 2.500512, 3.251787, 3.167524, 2.952504, 2.625902, 3.085024, 1.420627, 1.303269, 1.585176, 1.823255, 1.650097, 1.756717, 2.895484, 1.644159, 1.38687, 1.459037, 2.375353, 2.96168, 4.958135, 1.64247, 1.649854, 1.619718, 1.21002, 2.621886, 1.59181, 2.491415, 1.990299, 1.864714, 1.072651, 1.506737, 0.902823, 1.654961, 1.552903, 1.550853, 2.112984, 1.493495, 1.960667, 1.566166, 2.739978, 2.191436, 1.364432, 1.571721, 1.943404, 1.992018, 1.145398, 1.635442, 1.477004, 3.60491, 2.775426, 2.995136, 3.025383, 2.510058, 2.923174, 2.203311, 2.833141, 2.620005, 0.952592, 2.343034
0, 3.88328, 2.985575, 4.088707, 1.430884, 2.957594, 1.427711, 0.872553, 1.538628, 3.753004, 3.618722, 3.76635, 2.636858, 6.075496, 3.319574, 6.114626, 3.310008, 3.128271, 1.295604, 1.426465, 2.387008, 2.838514, 4.398996, 3.551753, 1.406247, 6.029358, 2.31187, 4.737245, 2.706364, 2.976323, 1.715245, 1.250524, 2.699373, 2.292047, 1.552359, 1.500681, 3.529236, 1.93776, 0.61877, 2.246666, 2.111787, 1.535045, 3.616559, 2.696438, 1.567863, 3.17728, 3.917784, 2.387522, 3.087746, 2.011925, 2.506776, 3.244771, 2.100041, 4.843293, 2.411358, 2.078273, 3.089921, 0, 2.552843, 0, 2.74582, 4.51705, 2.570261, 2.771345, 2.065927, 2.208669, 1.671049, 3.562648, 3.58534, 4.164487, 3.746259, 3.844584, 3.087673, 3.719222, 1.734792, 1.204082, 1.601244, 1.178557, 1.655014, 2.073478, 3.886106, 2.379044, 2.018351, 2.627573, 3.761919, 3.489671, 5.874007, 2.750099, 2.484046, 2.713868, 0.848964, 2.978809, 1.756266, 2.97926, 2.495592, 2.2685, 2.046028, 1.424093, 2.426963, 3.106265, 1.77954, 2.450237, 2.932831, 2.036842, 2.702685, 1.654396, 3.569054, 2.854693, 0.785439, 1.519549, 3.196351, 3.07897, 1.221948, 2.006169, 1.855214, 4.2684, 3.864898, 4.171194, 3.833732, 3.411564, 3.749279, 2.833718, 4.206131, 3.170388, 1.669155, 3.376073
6.324987, 2.144503, 1.60149, 2.254121, 1.236938, 2.311802, 1.445597, 1.086777, 1.393587, 2.35376, 2.029314, 2.574806, 1.593942, 4.177319, 1.857825, 4.085205, 1.896334, 1.566364, 1.521841, 1.315356, 1.613742, 1.190551, 2.385952, 1.785728, 1.271368, 5.201488, 1.538071, 4.124663, 1.634363, 2.204926, 1.223427, 1.1859, 1.381064, 2.218513, 1.095386, 1.336911, 2.495891, 1.580528, 0.837449, 1.349576, 1.775474, 0.987488, 2.584678, 1.960305, 1.094184, 2.115795, 2.38242, 1.484162, 2.203546, 1.654409, 2.149592, 2.723786, 1.345029, 3.733669, 1.355825, 1.75299, 1.847269, 2.252495, 0, 0.818641, 2.022415, 2.879671, 1.752995, 1.949156, 2.206476, 1.112492, 1.451583, 2.820073, 2.828697, 2.025286, 2.386975, 2.166465, 2.032067, 2.018055, 1.650142, 0.926271, 1.690839, 1.272046, 1.596467, 1.824767, 2.936026, 1.705431, 1.527432, 1.230506, 2.205681, 1.961482, 4.725986, 1.925918, 1.359725, 1.507062, 1.111148, 2.078425, 1.592322, 2.297919, 1.847661, 1.966934, 1.423518, 2.114369, 1.640675, 2.348202, 1.49486, 1.576094, 1.550756, 1.340367, 1.687021, 1.695721, 1.79673, 2.370876, 1.231218, 1.163398, 2.202632, 1.705077, 1.191481, 1.353757, 1.692039, 2.694025, 2.428001, 2.120256, 1.995191, 1.910875, 2.214733, 1.326082, 2.266753, 1.531885, 1.39103, 2.01711
4.247893, 1.599011, 1.025503, 1.030205, 0.717619, 0.783786, 0.717245, 0.622971, 0.685975, 1.183128, 1.179671, 1.242771, 1.085724, 2.388251, 1.270494, 1.682909, 1.35974, 1.215631, 0.452585, 0.446718, 0.840072, 1.113827, 1.39969, 1.365627, 0.692988, 1.835216, 0.809445, 1.689363, 0.838234, 0.672198, 0.652648, 0.474699, 1.012316, 0.436038, 0.604573, 0.404327, 0.635524, 0.701954, 0.529836, 0.626632, 0.564859, 0.743719, 1.174058, 0.74275, 0.420666, 0.551082, 1.000454, 0.475988, 1.240272, 0.885081, 0.502825, 1.46183, 0.384915, 1.303152, 1.042141, 0.339716, 0.742646, 1.673338, 1.142507, 0, 0.556549, 0.751731, 0.507431, 0.980271, 1.567528, 0.69845, 0.634225, 1.301767, 1.742743, 1.19755, 1.279204, 1.16633, 0.958785, 1.415466, 0.361202, 0.381595, 0.568983, 0.517242, 0.539063, 1.342836, 0.534536, 0.830699, 0.604186, 0.842037, 1.232357, 1.156891, 1.470262, 0.559286, 1.037441, 0.74418, 0.64173, 1.094449, 0.471177, 0.968379, 0.534148, 0.621393, 0.839887, 0.636216, 0.288175, 0.268544, 0.629129, 0.666498, 0.936693, 0.893112, 1.174157, 0.431881, 1.372015, 0.818451, 0.459685, 0.548922, 0.931168, 0.664116, 0.617856, 0.761076, 0.742109, 1.475921, 1.418768, 0.982391, 1.208524, 1.336554, 1.317326, 0.945859, 1.279875, 0.851175, 0.628946, 1.123086
6.154446, 3.637813, 1.784192, 2.764195, 0.930487, 0.715999, 0.695432, 0.587561, 0.882093, 2.429867, 2.533613, 2.004367, 1.511315, 4.500232, 2.160837, 4.761813, 2.088948, 2.223947, 0.424568, 0.566196, 0.527226, 2.312245, 3.251207, 2.166921, 0.79024, 3.669341, 1.343836, 3.28806, 1.451796, 1.056826, 0.962758, 0.687866, 1.690773, 0.566102, 0.878381, 0.573632, 1.611441, 1.083701, 1.002267, 1.074583, 1.061374, 1.350151, 1.571392, 1.025956, 0.823485, 1.414233, 1.210924, 0.689367, 2.380083, 1.159942, 1.235284, 3.274717, 0.879343, 4.156053, 1.592256, 0.737296, 1.2112, 3.123933, 2.134456, 0.719161, 0, 1.189166, 1.256746, 1.432155, 2.031641, 0.964467, 0.898974, 3.335713, 3.273815, 2.797706, 3.103305, 2.400787, 3.273889, 3.197255, 0.832327, 0.698591, 1.216535, 0.982003, 0.887783, 2.768218, 0.996864, 1.179866, 1.250129, 1.484952, 1.958244, 2.29835, 3.187707, 1.087352, 2.12429, 1.225402, 0.814137, 2.78503, 1.244498, 1.381786, 0.412726, 0.869838, 1.042186, 1.133675, 1.099607, 0.55763, 0.771741, 0.943821, 1.635718, 1.280017, 2.089877, 0.721967, 2.254698, 1.13113, 0.506613, 0.598474, 1.165424, 1.125256, 0.790283, 0.915105, 0.898652, 3.298895, 2.088996, 2.635308, 2.286381, 2.185511, 2.32348, 1.774656, 2.402835, 1.827238, 1.281929, 2.415196
0, 3.649032, 2.88034, 3.792655, 1.864357, 2.359373, 2.087794, 1.352501, 1.486765, 3.864721, 4.051944, 4.037325, 2.617447, 7.162443, 3.429356, 5.743047, 2.537117, 2.503971, 1.684778, 1.474389, 1.459668, 2.737839, 4.077806, 2.848227, 1.162937, 6.163458, 1.749187, 5.399784, 1.28975, 2.865464, 1.294318, 1.475151, 1.875052, 2.527242, 1.474303, 1.572256, 3.942785, 1.777193, 1.325277, 1.815391, 1.521993, 1.165733, 2.720335, 1.750767, 1.237229, 2.181467, 2.217283, 1.567174, 3.750277, 2.32407, 2.517378, 4.14775, 2.538705, 5.499833, 2.471285, 1.772251, 3.367069, 3.987282, 2.642919, 1.436355, 2.390269, 0, 2.185113, 2.780344, 3.589695, 1.607663, 1.338362, 3.77825, 4.304711, 3.788254, 4.580378, 3.894044, 4.077082, 3.950854, 1.769686, 1.379826, 1.724188, 2.123244, 1.694797, 2.722244, 2.635333, 1.980829, 2.294111, 1.899395, 3.509167, 2.420749, 5.887062, 2.358057, 1.83472, 1.747376, 1.419865, 3.080788, 1.868517, 2.224815, 2.701641, 2.584574, 2.355454, 2.593999, 2.189152, 1.631459, 1.891498, 2.790388, 2.594475, 1.183634, 2.507409, 2.381668, 2.652224, 2.909476, 1.431689, 1.415403, 3.266566, 2.340135, 1.084542, 1.954413, 2.126794, 4.445876, 3.865483, 3.662761, 3.279062, 2.976672, 3.388525, 3.013672, 3.365886, 2.872807, 1.517982, 3.319794
6.735158, 3.144291, 1.699737, 2.599164, 0.888892, 1.081716, 1.033924, 0.946135, 0.932743, 2.31063, 2.666637, 1.977163, 1.479635, 4.833755, 2.19749, 4.255434, 2.06218, 1.945855, 1.044379, 0.592972, 1.449828, 1.698033, 2.906999, 2.053353, 0.737582, 3.873844, 1.232735, 3.195095, 1.051499, 1.088261, 1.096898, 0.754184, 1.309231, 0.911819, 1.103494, 0.624495, 1.663894, 0.842001, 0.923137, 0.99598, 0.789845, 1.314766, 1.781865, 1.284808, 0.796263, 1.113055, 1.872905, 1.080121, 2.410803, 1.043733, 1.545794, 3.324151, 0.916242, 4.51944, 1.495971, 0.654203, 1.349229, 2.978814, 1.779209, 0.728859, 0.632797, 1.96446, 0, 1.402394, 2.31457, 1.150548, 0.625229, 3.120087, 3.295152, 2.599004, 2.863495, 2.314154, 3.123108, 3.144985, 0.859751, 0.683959, 0.68521, 0.769558, 0.67615, 2.281626, 1.320995, 1.036451, 1.201396, 1.25312, 1.887087, 2.26123, 3.741881, 0.965373, 1.981999, 1.273978, 0.708897, 2.403749, 0.87613, 1.642979, 0.499705, 0.906598, 1.068884, 0.917582, 1.01123, 1.069623, 0.898275, 0.874578, 1.660169, 1.126155, 1.98962, 0.854535, 2.317838, 1.421442, 0.915356, 0.876976, 1.278911, 1.291006, 0.617985, 1.330705, 0.984196, 3.088356, 2.630814, 2.571314, 2.351658, 1.903203, 2.547514, 1.775952, 2.338406, 1.685651, 1.245676, 2.050571
6.424532, 2.658934, 1.564508, 2.55059, 0.995628, 1.779196, 1.097285, 1.140428, 1.193387, 2.485915, 2.416647, 2.338573, 1.9051, 4.361902, 1.687748, 4.719091, 2.113281, 1.797517, 0.999887, 0.898407, 1.335546, 2.07803, 3.060482, 2.129759, 0.932903, 4.407607, 1.353739, 3.353074, 1.412765, 1.340486, 0.973088, 0.729396, 1.419257, 1.515736, 0.847316, 0.878918, 2.62341, 1.338866, 0.859933, 1.369002, 1.323828, 1.258667, 2.172327, 1.610861, 1.048066, 1.603133, 1.706307, 1.649287, 2.402197, 1.366227, 1.56487, 2.637141, 1.285874, 3.251334, 1.533329, 1.356187, 1.907366, 2.441494, 2.104378, 0.815899, 1.354468, 2.880801, 1.442192, 0, 2.664507, 1.533273, 1.475758, 2.537449, 2.479385, 2.474893, 2.887774, 2.504546, 2.4511, 2.602048, 0.977357, 0.884972, 1.005804, 1.289801, 1.189415, 1.715665, 2.649125, 1.395461, 1.348586, 1.736884, 2.221893, 2.168088, 3.895697, 1.429965, 1.589101, 1.363938, 1.075373, 2.384281, 1.109608, 1.911835, 1.517352, 1.32195, 1.554157, 1.240614, 1.035472, 1.649198, 1.251747, 1.512521, 1.742753, 1.264182, 1.667545, 1.368599, 2.34388, 1.562287, 0.845799, 0.962421, 2.002673, 1.620705, 1.136301, 1.192944, 1.257784, 3.246178, 2.396685, 2.3306, 2.279023, 2.338216, 2.710926, 2.020551, 2.546002, 1.997718, 1.005779, 2.191195
7.848124, 3.286739, 2.548243, 2.677377, 1.641047, 2.421306, 2.214811, 1.842929, 2.078957, 2.864892, 2.871642, 3.061859, 2.06713, 5.279359, 2.555753, 5.036368, 2.821947, 3.157146, 1.912136, 1.892067, 2.023711, 1.886102, 2.656263, 3.675651, 1.361502, 6.35769, 1.894311, 4.051306, 2.018543, 2.94582, 1.621199, 1.810588, 2.469872, 2.992069, 1.771916, 2.46135, 3.861751, 1.877777, 1.072765, 1.967055, 1.845932, 1.816125, 4.106296, 2.197325, 1.414168, 2.551453, 3.350196, 2.195229, 3.421362, 2.533858, 2.60598, 4.015823, 2.483451, 5.21099, 2.110678, 1.757727, 2.452445, 3.776318, 2.326159, 0.998347, 2.095311, 2.800903, 1.838931, 2.692734, 0, 1.526725, 0.903496, 3.265262, 3.856894, 3.03006, 3.524126, 3.089739, 2.765926, 3.014442, 2.096083, 1.917651, 2.2687, 2.200478, 2.055166, 2.096597, 2.746592, 1.937094, 2.394295, 1.871399, 2.979371, 3.158181, 5.643575, 2.679922, 1.611426, 2.163217, 1.466456, 2.58878, 2.31142, 2.890407, 2.284677, 2.289523, 1.944814, 3.159741, 2.42221, 2.023466, 1.944356, 2.13022, 2.117058, 1.820437, 1.998237, 2.763782, 2.423395, 2.367086, 1.440883, 1.279313, 2.609345, 2.56585, 1.106436, 1.923221, 1.879035, 3.500161, 2.845219, 2.502943, 2.101702, 2.259868, 2.957303, 2.269095, 2.939814, 2.43824, 1.519, 2.696269
4.818236, 1.679574, 1.244873, 1.604625, 0.848499, 1.019841, 0.893973, 0.465523, 0.803059, 1.825243, 1.743315, 1.766733, 1.328748, 3.363691, 1.550825, 3.415395, 1.499681, 1.210192, 0.75288, 0.966252, 1.081708, 1.375937, 2.053806, 1.373802, 0.84267, 3.73171, 1.131384, 1.904368, 1.119395, 1.003642, 1.018421, 0.740306, 1.371189, 1.103111, 0.899663, 1.154078, 1.408103, 1.188688, 0.735128, 1.141388, 1.339648, 0.483045, 1.489295, 1.365004, 0.883063, 1.535795, 1.663053, 1.160497, 1.482562, 0.995823, 1.098564, 1.181692, 0.882058, 1.930934, 1.205645, 0.591964, 1.374871, 1.74985, 1.233426, 0.636793, 1.39062, 1.876837, 1.000143, 1.332723, 1.777768, 0, 1.112335, 1.534752, 1.070871, 1.645987, 1.818447, 1.69687, 1.136711, 1.765898, 0.906978, 0.886957, 1.024224, 0.995018, 0.955331, 0.99576, 1.697741, 1.012043, 0.715047, 1.278095, 1.836574, 1.570681, 3.260917, 1.086332, 0.930495, 0.999687, 0.978469, 1.345373, 0.873836, 1.404047, 1.001576, 0.66624, 1.0415, 1.130644, 0.639424, 1.575595, 0.797107, 1.120618, 1.304729, 1.265306, 1.321013, 0.954329, 1.627339, 1.087281, 0.830263, 0.742795, 1.551136, 1.184125, 0.864632, 1.156937, 1.103078, 1.977398, 1.867585, 1.851381, 1.629694, 1.577451, 1.825045, 1.207878, 2.213424, 1.441617, 0.951875, 1.611985
5.80675, 1.845238, 1.890966, 1.897088, 0.954769, 1.032312, 0.802279, 0.845751, 0.597177, 1.495969, 1.897086, 2.104763, 1.445205, 3.137414, 1.764394, 3.380602, 1.46602, 1.557476, 0.864916, 0.566312, 1.235669, 1.630109, 2.006266, 1.778596, 0.658201, 3.050354, 0.86798, 1.995105, 1.080012, 1.127482, 1.095984, 0.653074, 1.539636, 0.994256, 0.785705, 0.933115, 0.989285, 0.902815, 0.824809, 1.017353, 0.487278, 0.720838, 1.50834, 1.081179, 0.601773, 0.829724, 1.440804, 0.831319, 1.892219, 0.947059, 1.083185, 2.479213, 0.488615, 3.327876, 1.281625, 0.506025, 1.129943, 2.131433, 1.503783, 0.660986, 0.440062, 1.036089, 0.796522, 1.555281, 1.761133, 1.483408, 0, 2.202799, 2.359685, 1.478546, 1.900605, 2.1413, 2.367172, 1.681696, 0.679328, 0.521283, 0.559491, 0.584143, 0.595098, 1.975864, 1.116604, 1.090869, 1.246142, 1.457576, 1.68975, 1.858407, 2.870625, 0.727555, 1.452639, 0.854636, 0.826283, 1.765014, 0.64266, 1.480549, 0.780985, 1.006774, 1.305446, 1.06637, 0.702944, 0.802571, 0.648724, 0.959861, 1.363393, 1.246964, 1.413383, 0.857409, 2.038632, 1.41631, 0.721681, 0.748776, 1.291867, 0.995965, 0.509162, 1.040738, 0.7072, 2.09387, 1.550546, 2.037678, 2.009107, 1.591149, 1.77777, 1.617761, 1.837212, 1.824235, 0.812673, 1.941489
7.384216, 3.452344, 2.781161, 3.142351, 0.986146, 3.899599, 2.530818, 1.74433, 2.237427, 3.521146, 3.97283, 4.381337, 2.154861, 6.066854, 3.473015, 5.750002, 3.051885, 3.192348, 2.132104, 2.649773, 2.762432, 2.438068, 3.92996, 3.612716, 1.173298, 7.051514, 2.920338, 5.64635, 2.511296, 3.81464, 1.93522, 1.984146, 2.744875, 3.810857, 2.006552, 2.703399, 4.320179, 2.798209, 1.328123, 2.110622, 2.086148, 1.63199, 3.735376, 3.333996, 1.5894, 3.564415, 3.77621, 2.575297, 3.433096, 2.509217, 3.219106, 4.21265, 3.066941, 4.703864, 2.412279, 2.271769, 3.04238, 3.779306, 2.190066, 0.985622, 3.493241, 4.147887, 2.843256, 2.767514, 3.473096, 1.773772, 1.673351, 0, 3.270997, 3.492466, 3.471764, 3.028123, 2.805616, 2.784149, 2.092533, 1.759775, 2.689447, 2.62734, 2.690488, 1.945941, 3.967459, 2.615429, 2.362384, 2.354269, 3.855932, 3.412804, 7.275555, 3.224887, 1.674381, 2.918257, 1.563404, 2.555707, 2.814678, 3.285379, 3.625859, 3.404279, 2.470113, 3.427685, 2.938735, 3.426047, 2.574198, 2.789368, 2.394624, 2.063469, 2.882955, 2.648535, 3.301991, 3.369388, 2.495438, 1.87211, 3.804059, 3.552444, 1.36372, 2.102428, 2.513359, 3.955749, 3.185651, 3.056904, 2.621418, 2.478527, 2.944655, 1.865302, 3.806062, 2.596817, 1.491062, 3.19547
6.593715, 3.376554, 2.997521, 3.337113, 1.271811, 3.250794, 1.851416, 1.2027, 1.614135, 3.354913, 3.753285, 4.360357, 2.412198, 5.719717, 3.404935, 6.136289, 3.308448, 2.705366, 1.887097, 1.513949, 2.79788, 2.354636, 4.014623, 3.225378, 1.024974, 6.25283, 2.92898, 4.76033, 2.640208, 2.975075, 1.762545, 1.42346, 3.066966, 2.393864, 1.645873, 1.753324, 3.664873, 2.149395, 0.708026, 1.943143, 1.869398, 1.820493, 3.949092, 2.712815, 1.267117, 2.850495, 3.946616, 2.207038, 2.946899, 1.943518, 3.10327, 2.819739, 1.809825, 4.08383, 2.065839, 2.01612, 2.569998, 3.688868, 2.136302, 0.341777, 2.392049, 4.750042, 2.738647, 2.506267, 3.667594, 1.52494, 1.765667, 3.652463, 0, 3.561217, 3.629594, 3.351993, 2.75965, 3.445556, 1.528062, 1.671259, 1.940272, 1.359066, 1.90121, 1.770278, 4.143727, 2.234943, 1.732946, 2.177295, 3.303374, 3.356852, 6.51276, 2.891124, 1.681564, 2.875466, 0.770477, 2.607084, 1.659113, 3.480659, 2.580204, 2.604554, 2.268414, 1.55164, 2.812434, 3.153289, 1.903606, 1.921504, 3.062846, 2.246694, 2.771532, 2.430444, 3.610523, 3.287012, 1.119483, 1.518681, 3.781585, 2.724749, 1.448795, 1.978011, 1.980865, 4.318789, 3.796425, 4.16473, 3.265515, 3.436818, 3.427644, 2.498423, 3.972943, 3.101171, 1.476708, 3.17231
6.664416, 3.132112, 2.834171, 3.141111, 1.327295, 2.749286, 2.318195, 1.518248, 1.984513, 3.278474, 3.382319, 3.436213, 2.420936, 5.861615, 3.06903, 5.368344, 2.820473, 2.625469, 2.228717, 2.013687, 2.364042, 2.202227, 3.441234, 3.172442, 1.298665, 6.538318, 2.348772, 5.134076, 2.281059, 3.223725, 1.642762, 1.915904, 2.70688, 2.99272, 2.040754, 2.272381, 3.783758, 2.327465, 1.121719, 1.997158, 2.303089, 1.448734, 3.503863, 2.704186, 1.651034, 2.421341, 3.226801, 2.098575, 3.566089, 2.38895, 2.947663, 4.148421, 2.574019, 5.238354, 2.305064, 1.651489, 3.081143, 3.642692, 2.514572, 1.068922, 2.630424, 3.757232, 2.04954, 2.725425, 3.067366, 1.5443, 1.851745, 3.642006, 3.499419, 0, 3.400367, 3.127212, 3.346524, 2.758006, 2.177292, 1.446721, 2.430885, 2.166425, 2.418116, 1.826144, 3.484364, 2.251611, 2.331179, 2.249715, 3.268384, 3.352968, 5.66219, 2.697231, 1.792243, 2.249525, 1.541223, 2.783691, 2.753755, 2.769547, 2.731712, 2.720117, 2.007083, 3.388419, 2.246783, 2.981346, 2.11201, 2.252065, 2.319522, 1.973433, 2.392801, 2.44319, 2.958723, 3.045796, 1.796563, 1.770807, 3.00024, 2.88488, 1.188255, 2.206704, 2.331121, 3.854342, 3.16226, 2.931372, 2.764871, 2.703525, 3.020671, 2.312658, 3.490152, 3.010237, 1.457348, 2.700454
0, 3.636367, 2.670199, 3.720445, 1.690353, 3.168588, 2.240612, 1.925047, 2.044846, 3.530041, 3.882181, 3.624796, 2.267259, 5.830771, 3.146643, 5.839658, 2.741999, 3.112912, 2.115752, 1.464729, 2.851078, 3.030262, 3.873104, 3.238127, 1.403523, 6.783281, 2.633455, 4.993846, 2.591446, 2.691473, 1.820189, 1.983617, 3.105934, 2.943232, 2.118671, 2.084474, 3.80338, 2.312473, 1.182153, 2.09603, 1.963024, 1.51093, 4.215322, 3.508671, 1.501205, 2.913061, 3.899645, 2.632044, 3.621008, 2.745865, 2.839289, 4.044394, 2.623314, 5.335828, 2.499861, 2.172626, 3.145397, 3.352596, 2.424818, 1.251097, 2.843993, 4.544272, 2.473936, 2.774398, 3.438823, 2.052406, 1.761824, 4.151566, 3.95384, 3.894274, 0, 3.73868, 3.729884, 3.864751, 1.563697, 1.460711, 2.223033, 2.211408, 1.886624, 2.673372, 4.10558, 2.430604, 2.46794, 2.17493, 3.144734, 3.797149, 5.551737, 2.808246, 1.877027, 2.774426, 1.703927, 3.309511, 2.309019, 3.642069, 2.802582, 2.589031, 2.265689, 3.104584, 2.825532, 3.381154, 2.15256, 2.612077, 2.424327, 2.189205, 2.556803, 2.349197, 3.014268, 3.096408, 1.501767, 1.490234, 3.571705, 3.127595, 1.292016, 2.467725, 2.136697, 4.565877, 3.990047, 3.387294, 3.154411, 2.932238, 3.911644, 2.842102, 3.867481, 2.881388, 1.715124, 3.148041
6.981023, 3.322663, 2.611733, 3.360979, 1.053264, 3.007272, 2.075807, 1.781781, 2.008894, 3.163775, 3.407672, 3.348357, 1.881094, 5.226759, 2.838828, 5.338127, 2.623286, 2.064507, 2.373226, 1.451935, 2.527212, 2.065408, 3.43557, 2.549182, 1.188176, 6.248026, 2.273822, 4.97261, 2.007106, 2.616017, 1.508371, 0.774881, 1.936544, 2.660228, 1.832877, 2.153577, 3.226277, 2.240197, 0.759466, 2.214637, 2.313164, 1.314961, 3.165565, 2.914162, 1.530103, 2.357097, 3.306952, 2.181472, 3.508808, 1.91681, 2.478215, 3.576984, 2.210499, 4.70772, 2.138879, 1.89426, 2.65998, 3.160913, 2.108227, 1.015552, 2.62658, 4.146393, 2.435257, 2.785491, 2.654749, 1.775735, 1.600244, 2.610125, 2.815402, 2.715332, 3.230883, 0, 3.569978, 3.019035, 1.912323, 1.377264, 2.097167, 1.435006, 2.038192, 1.995469, 3.615653, 2.096724, 2.092754, 1.998019, 3.361283, 3.002896, 5.194357, 2.649409, 1.869763, 2.566263, 1.497349, 2.69299, 2.235493, 2.953965, 2.982888, 2.576637, 2.105505, 2.805722, 2.412477, 2.854124, 1.986488, 2.175348, 2.031426, 1.43156, 2.305573, 2.483732, 2.744171, 3.073402, 1.712913, 1.523137, 3.385471, 2.651088, 1.289279, 1.947579, 2.047975, 3.995015, 2.848148, 2.824679, 2.662411, 2.610411, 2.930613, 2.100856, 3.10543, 2.174097, 1.431347, 2.593436
6.174059, 3.107194, 2.608765, 2.902738, 1.681668, 3.195587, 2.183898, 1.244789, 2.074062, 2.788355, 3.210414, 3.694294, 1.869971, 4.875974, 3.33077, 6.276317, 2.557198, 2.377882, 2.235609, 2.275075, 2.633488, 2.027603, 4.039143, 2.669396, 1.069535, 6.307501, 2.591707, 5.23473, 2.434136, 2.719533, 1.799454, 1.963743, 2.555244, 3.355991, 1.64044, 1.471416, 4.076983, 2.500013, 1.767501, 1.943118, 2.757171, 1.923809, 3.162577, 2.922796, 2.124611, 2.775892, 2.855073, 2.254351, 2.983552, 2.333646, 2.793381, 2.886769, 3.158847, 3.739493, 1.927285, 2.704946, 3.074532, 3.648468, 2.083471, 1.189807, 3.267402, 3.992012, 2.548982, 2.819311, 2.548549, 1.538114, 1.959132, 2.96502, 3.095509, 2.94466, 3.330018, 3.098917, 0, 2.611895, 2.410763, 1.687094, 2.573424, 2.93795, 2.622266, 1.674857, 3.798623, 2.641598, 2.297296, 2.201794, 3.748507, 3.214777, 5.776918, 2.947278, 1.386133, 2.771082, 1.270355, 1.548685, 2.692693, 3.091939, 2.643798, 2.484297, 2.060367, 2.828348, 1.920618, 2.728964, 1.982184, 2.531977, 2.705799, 2.04596, 2.750274, 2.67978, 3.094519, 3.496641, 2.057708, 1.881868, 3.345218, 3.093666, 1.291191, 1.688467, 2.387995, 3.737675, 3.336905, 3.53295, 2.78144, 2.594535, 2.967104, 1.881861, 3.784758, 2.554904, 1.4634, 3.269739
7.236767, 3.06768, 2.817848, 3.029763, 1.457639, 3.408343, 2.484679, 1.847557, 1.95357, 3.287878, 3.178101, 3.563347, 2.170397, 5.474723, 2.970163, 5.846831, 2.499874, 2.454176, 2.218781, 1.519276, 2.645937, 2.180315, 4.068787, 2.628616, 1.057464, 6.432212, 2.82737, 4.756342, 2.844603, 3.386474, 1.806083, 1.782333, 2.680499, 3.305351, 1.828476, 2.374236, 3.878487, 2.413882, 1.640559, 2.133362, 2.727296, 1.754015, 3.565132, 3.158579, 1.462516, 3.282381, 4.164193, 2.76365, 3.042945, 2.232363, 2.882517, 3.886078, 2.817291, 4.373025, 2.354443, 2.112572, 2.973355, 3.845797, 1.912961, 1.249539, 3.28805, 4.815618, 2.868488, 2.468292, 3.109762, 1.659085, 2.35378, 3.476107, 3.048176, 3.128841, 3.844146, 3.16734, 2.742976, 0, 2.001227, 1.719261, 2.791586, 2.384081, 2.574935, 1.742786, 4.141537, 2.4537, 2.129037, 2.446173, 3.389176, 3.128939, 6.109194, 3.407586, 1.986511, 2.918839, 1.474034, 2.448988, 2.145875, 3.677712, 3.350125, 3.248764, 2.32309, 3.079342, 2.379032, 3.440684, 2.502274, 2.73157, 2.557158, 2.009603, 2.72582, 2.393717, 2.980908, 3.284045, 1.688479, 1.697729, 3.718956, 3.208454, 1.345295, 2.347121, 2.108363, 3.964461, 3.426533, 3.420494, 3.088526, 2.976814, 3.39487, 2.440858, 3.850701, 2.844406, 1.231557, 3.258314
4.486775, 3.058185, 1.423576, 2.385911, 0.789455, 1.379016, 0.581418, 0.70319, 0.457879, 2.003053, 2.112453, 1.421604, 1.622207, 3.194007, 1.479108, 3.534961, 2.009727, 1.798077, 0.795159, 0.501321, 1.217862, 1.776358, 2.714826, 1.942669, 0.687187, 3.103217, 1.059358, 2.265264, 0.946545, 0.514401, 0.66008, 0.481842, 1.483299, 0.421345, 0.559607, 0.24512, 1.292307, 0.602406, 1.125487, 0.736468, 0.677715, 1.155919, 0.987971, 0.79701, 0.5333, 1.165138, 1.224617, 1.106281, 1.831153, 0.889254, 0.93466, 1.949288, 0.469972, 2.935889, 1.461511, 0.40216, 1.031398, 2.557064, 1.579872, 0.619266, 0.71493, 1.265043, 0.842893, 1.340572, 2.049563, 0.977327, 0.461432, 2.750494, 2.598997, 1.775449, 2.369263, 2.214844, 1.748895, 2.59454, 0, 0.615504, 0.80152, 0.633405, 0.537511, 2.080041, 0.95859, 1.081967, 0.849192, 1.160869, 1.47288, 1.927966, 2.6384, 0.552366, 1.785579, 0.799965, 0.671195, 2.227826, 0.647751, 0.891016, 0.775633, 0.613499, 0.711307, 0.964938, 0.581608, 0.547264, 0.675391, 0.872659, 1.445582, 1.209005, 1.633662, 0.299384, 2.105181, 0.805847, 0.480639, 0.4827, 0.709325, 1.091489, 0.569396, 0.580527, 0.63996, 2.589535, 1.813132, 1.965419, 2.178472, 1.815436, 1.915443, 1.648221, 2.241607, 2.025101, 1.11504, 1.805792
4.853568, 1.487221, 1.152493, 1.35541, 0.849501, 1.101367, 0.698614, 0.532307, 0.865321, 0.696492, 1.481412, 0.418803, 1.38131, 2.69125, 1.21594, 2.582837, 1.444238, 1.201475, 0.642971, 0.683526, 1.251801, 1.003508, 0.864655, 1.513635, 0.584115, 2.50335, 1.094756, 2.326007, 1.097708, 0.967938, 0.972744, 0.566089, 1.372881, 0.617142, 0.755615, 0.597403, 1.044103, 0.713325, 0.876776, 0.651486, 1.011283, 0.850767, 1.761295, 1.102278, 0.646389, 1.147067, 1.239693, 0.861328, 0.804892, 0.848724, 1.099822, 1.27687, 0.614081, 1.841678, 0.93048, 0.641821, 0.722506, 1.075718, 1.434208, 0.645974, 0.609716, 1.39298, 0.881766, 1.240439, 1.379127, 0.863022, 0.779043, 1.817624, 1.39159, 1.705965, 1.632682, 1.579462, 1.587901, 1.928303, 0.677794, 0, 0.892315, 0.847617, 0.776007, 0.775881, 0.971055, 0.921005, 0.893001, 0.872378, 1.488955, 1.415512, 2.61747, 0.790187, 0.826997, 0.774529, 0.68322, 1.092857, 0.738455, 1.100648, 0.918802, 0.847896, 0.783786, 0.894214, 0.705479, 0.809159, 0.804794, 0.892652, 1.250345, 0.831767, 1.166462, 0.566018, 1.386865, 1.036241, 0.467405, 0.552667, 0.786163, 1.207065, 0.660695, 1.076277, 0.738179, 1.67807, 1.290596, 1.475776, 1.34432, 1.337696, 1.291477, 0.552576, 1.591954, 1.117078, 0.909796, 1.265922
6.281317, 2.742766, 1.970045, 2.352096, 0.980201, 0.964482, 0.835112, 0.825402, 1.009876, 1.738828, 2.070242, 2.302312, 1.753167, 3.309205, 1.683962, 3.163539, 1.432778, 1.53819, 0.719141, 0.581795, 0.555414, 1.686206, 2.490617, 1.841724, 0.749459, 3.663346, 1.389592, 2.802909, 1.267788, 0.683729, 0.932533, 0.722385, 1.523945, 0.802414, 0.789574, 0.682728, 1.910612, 0.868289, 0.890573, 1.037365, 0.886438, 1.186184, 1.164069, 1.083461, 0.739169, 0.900941, 1.141805, 1.052459, 1.537043, 0.869909, 0.843835, 2.344356, 0.682972, 3.176526, 1.511652, 0.659026, 1.033532, 2.423848, 1.644605, 0.676335, 0.900035, 1.650411, 0.84739, 1.653034, 1.9615, 1.232628, 0.845929, 2.677124, 2.95911, 1.955096, 2.332668, 2.108209, 2.450338, 2.21135, 0.702797, 0.442176, 0, 0.715941, 0.877141, 2.19376, 1.277457, 1.028655, 1.024414, 1.16357, 1.582239, 1.852512, 3.236099, 0.691477, 1.458095, 1.194413, 0.694502, 1.691105, 0.747436, 1.635419, 0.68085, 0.780307, 0.98968, 1.124897, 0.717422, 0.752417, 0.736364, 0.770989, 1.43236, 1.193603, 1.164234, 0.420791, 1.911422, 1.345401, 0.523602, 0.590971, 0.971341, 1.300364, 0.599119, 1.22192, 0.921476, 2.397657, 1.965506, 1.748321, 1.94347, 1.661503, 1.525811, 1.940127, 1.966903, 1.069937, 0.924638, 1.345877
6.282515, 2.875086, 1.750111, 2.485652, 0.835256, 0.949804, 0.562509, 0.722278, 0.547689, 1.83572, 2.477458, 2.28297, 1.712837, 3.437988, 1.717159, 3.98255, 1.6933, 1.833563, 0.625024, 0.34066, 1.583677, 1.680823, 2.503459, 1.904148, 0.60059, 3.836416, 1.325499, 2.78063, 1.004768, 0.811321, 0.688147, 0.479528, 1.70853, 0.317158, 0.581975, 0.289218, 1.582725, 0.676604, 0.732748, 0.659054, 0.611177, 0.924567, 1.795203, 1.116931, 0.523061, 1.076576, 1.057865, 0.936632, 1.474052, 0.758025, 1.022951, 2.529063, -0.100045, 3.268774, 1.437875, 0.348079, 1.070563, 2.640509, 1.945723, 0.511446, 0.677472, 1.602034, 0.631643, 1.70374, 2.210363, 1.001474, 0.653618, 2.795371, 2.866968, 2.296618, 2.087383, 2.44178, 2.103383, 2.236012, 0.329983, 0.3464, 0.607852, 0, 0, 2.163751, 1.229504, 0.767682, 0.850078, 1.395284, 1.26087, 1.645296, 2.917646, 0.797962, 1.271348, 1.100797, 0.523499, 1.818252, 0.531393, 1.433955, 0.621208, 0.538184, 0.736047, 0.803358, 0.617147, 0.790992, 0.714366, 0.708623, 1.30357, 1.20134, 1.767214, 0.395458, 2.374132, 1.347065, 0.28071, 0.447366, 0.793807, 0.869605, 0.41618, 1.046162, 0.663498, 2.580278, 2.116043, 2.180128, 2.113812, 1.803171, 1.664919, 1.862605, 2.252761, 1.372602, 0.753822, 1.355299
6.315102, 3.171692, 1.587587, 2.563961, 0.945087, 0.751551, 0.549414, 0.848729, 0.856803, 2.076227, 2.352945, 1.921439, 1.69982, 3.622249, 1.581168, 4.501577, 1.970671, 2.023071, 0.739022, 0.520903, 1.311449, 1.53565, 2.655772, 2.128126, 0.549867, 3.745555, 1.319704, 3.473772, 1.110523, 0.989716, 1.020036, 0.647225, 1.730895, 0.508096, 0.574293, 0.493986, 2.057908, 0.87947, 0.977929, 0.7519, 0.688729, 1.172693, 1.370055, 1.0652, 0.476249, 1.231565, 1.049119, 1.147231, 2.01153, 1.001948, 0.809698, 2.535122, 0.564188, 3.592759, 1.606959, 0.395709, 1.200781, 3.093709, 1.83746, 0.664022, 0.632623, 1.538757, 0.697624, 1.747797, 2.055787, 1.088005, 0.737007, 2.836362, 3.538594, 2.380705, 2.624271, 2.235566, 2.283266, 2.986028, 0.501999, 0.544853, 0.781461, -0.195418, 0, 2.490361, 1.198449, 0.800185, 1.045648, 1.453282, 1.773013, 1.748528, 3.305723, 0.75583, 1.395552, 0.919549, 0.719323, 2.305632, 0.872773, 1.103522, 0.683349, 0.455431, 0.845693, 1.048929, 0.422874, 0.880478, 0.717933, 0.751374, 1.742912, 1.447362, 1.76234, 0.538207, 2.158355, 1.309297, 0.473935, 0.640366, 0.783003, 0.923076, 0.694325, 1.163381, 0.698267, 2.809657, 2.145632, 2.186909, 2.359444, 1.948204, 1.804136, 1.887495, 2.346215, 2.059696, 0.931622, 1.879729
6.109678, 2.453447, 1.724998, 2.412915, 1.002713, 2.109551, 0.935301, 0.325119, 1.689512, 2.175016, 2.534671, 2.833336, 1.627519, 4.16475, 2.485715, 4.724985, 1.934489, 2.092435, 0.972027, 1.783199, 2.261415, 2.043319, 2.582825, 1.872401, 1.158598, 5.206779, 1.465608, 3.670845, 1.649021, 2.006572, 1.062258, 0.539987, 1.728029, 1.49662, 1.68396, 1.419044, 2.892195, 1.320048, 0.324025, 1.023926, 1.582857, 0.921615, 2.528443, 2.057017, 0.785923, 2.009223, 2.597364, 2.148762, 2.394707, 1.459716, 1.538476, 2.263421, 1.062508, 3.0499, 1.790641, 1.430058, 1.478174, 2.199508, 1.159608, 0, 1.941246, 2.818807, 1.604184, 1.718033, 2.49579, 1.571038, 0.926008, 1.644504, 1.739011, 1.917456, 2.840869, 2.403293, 2.081071, 2.599541, 0.928776, 1.324699, 0.972675, 0.622844, 1.080701, 0, 2.842793, 1.290593, 1.419148, 1.739064, 2.492253, 2.606251, 5.054816, 2.114073, 1.488021, 1.714984, 1.44861, 2.014811, 0.773842, 2.236019, 1.613953, 1.490712, 1.350154, 0.87633, 1.614289, 2.449439, 1.145563, 0.912049, 1.838736, 1.429228, 1.998424, 1.20231, 2.346885, 1.959492, 0.435818, 0.93425, 2.175183, 2.050798, 1.289006, 1.317777, 1.093495, 3.165648, 2.641312, 2.92447, 2.489424, 2.21671, 2.61428, 1.737243, 2.904123, 2.117228, 0.864032, 2.352952
0, 4.030731, 2.686244, 3.570953, 1.062911, 1.762662, 0.999001, 1.003108, 0.835606, 3.550165, 4.324605, 3.057666, 2.021037, 5.697704, 3.121477, 5.934071, 3.208647, 2.843271, 1.464651, 0.62175, 1.372878, 2.53079, 3.673426, 2.750527, 1.045979, 5.012699, 1.424855, 4.132794, 1.285605, 1.998761, 1.244488, 0.901311, 1.875288, 1.499734, 0.933581, 1.189779, 2.682955, 1.078019, 1.214294, 1.142117, 0.772944, 1.03255, 2.439739, 1.372425, 0.908983, 1.200454, 2.009046, 1.154554, 3.198815, 1.89191, 1.660339, 3.725914, 0.894819, 4.669527, 2.225686, 1.156605, 2.729888, 3.933072, 2.894041, 1.13922, 0.844711, 2.481603, 1.206764, 2.204688, 3.010153, 1.786126, 1.034416, 3.506904, 4.001127, 3.392351, 4.566622, 2.981511, 3.839806, 3.900543, 0.933143, 0.652826, 0.878931, 0.776005, 0.91072, 3.358685, 0, 1.313966, 2.106156, 1.772144, 3.239717, 2.767332, 4.364001, 1.000484, 2.232072, 1.402163, 1.180411, 3.335528, 0.906355, 2.420812, 1.492994, 1.239429, 1.677566, 1.725092, 1.157823, 1.396555, 0.525053, 1.292404, 2.292767, 1.564791, 2.523842, 1.365363, 3.188236, 1.88455, 1.057872, 0.969351, 1.912339, 1.829686, 0.590754, 1.609987, 0.846936, 4.509424, 3.505078, 3.740782, 3.033501, 3.043603, 2.965187, 2.633693, 3.313081, 2.679378, 1.51408, 3.121822
6.440036, 2.703763, 1.4223, 2.16486, 1.044161, 1.258905, 1.168693, 1.021571, 0.974005, 2.10179, 2.177566, 2.088654, 1.905705, 4.431709, 1.698217, 3.483427, 1.517412, 1.980252, 1.062088, 0.790278, 1.308591, 1.562016, 2.210421, 1.864633, 0.891411, 4.087691, 1.186713, 2.777087, 1.265952, 1.169792, 0.794438, 0.867683, 1.447868, 0.927102, 0.93327, 0.581583, 2.011527, 1.232099, 0.913186, 1.025883, 1.257343, 1.333369, 1.897633, 1.228734, 0.725319, 0.992377, 1.412215, 1.006452, 1.718225, 1.197915, 0.992372, 2.594596, 0.871031, 3.490476, 1.483914, 1.001411, 1.375575, 2.043901, 1.951152, 0.560873, 1.385229, 1.596373, 1.112629, 1.273105, 2.549671, 1.210493, 0.823528, 2.922343, 2.979594, 2.643654, 2.355651, 1.922563, 2.018272, 2.016414, 0.889368, 0.531196, 1.060386, 1.200221, 0.940894, 2.242489, 1.5034, 0, 1.085058, 1.08974, 1.474523, 1.495475, 3.432096, 1.091515, 1.409385, 1.289639, 0.852709, 1.814667, 1.042946, 1.63294, 1.297247, 1.299296, 1.338372, 1.421759, 0.83197, 1.090819, 0.772701, 1.063521, 1.351447, 0.89725, 1.072454, 1.058313, 1.896357, 1.503795, 0.670428, 0.882696, 1.43648, 1.505403, 0.796706, 1.213934, 1.077234, 3.183519, 2.422858, 2.001222, 1.803607, 1.576307, 2.192684, 1.549103, 1.804275, 1.614639, 1.092895, 1.792691
6.417729, 2.558814, 1.586744, 2.449978, 1.341919, 1.307229, 1.001257, 0.971252, 0.687722, 2.388562, 2.3815, 2.877727, 1.947369, 4.260629, 1.691951, 4.270585, 2.046811, 1.977044, 1.264868, 1.083729, 1.910835, 1.867259, 2.542027, 1.778208, 0.975767, 4.389495, 1.598353, 3.026155, 1.500818, 1.43786, 0.85414, 0.972293, 1.287826, 0.957744, 1.281957, 1.037452, 1.934296, 1.168389, 0.977119, 1.295647, 1.633416, 1.129887, 2.039204, 1.274123, 1.164209, 1.102777, 2.335659, 1.603906, 1.78544, 1.19951, 1.083987, 1.908434, 0.841989, 2.961017, 1.362429, 1.249469, 1.060812, 1.987949, 1.836151, 0.844354, 0.833831, 2.482497, 0.925345, 1.46696, 2.822056, 1.308191, 1.294804, 2.656904, 2.351833, 2.714066, 2.60179, 2.646219, 2.238508, 2.54347, 1.100098, 0.793152, 1.345112, 0.974027, 1.198808, 1.464542, 2.417364, 1.174823, 0, 1.558562, 2.134739, 2.250439, 4.230263, 1.222989, 1.397991, 1.168609, 1.093978, 2.478982, 1.217097, 1.651112, 0.874441, 1.083124, 1.306694, 1.267253, 0.701055, 1.308905, 1.175795, 0.799476, 1.658131, 1.379824, 1.783602, 1.17187, 2.183103, 1.19758, 0.736761, 0.762514, 1.477706, 1.54646, 0.959096, 1.520775, 0.753771, 3.29673, 2.064699, 2.482922, 2.258473, 1.888234, 2.229854, 1.931716, 2.352945, 2.135236, 0.965295, 2.131903
5.555122, 2.146941, 1.663716, 2.259281, 1.037971, 1.484615, 1.213866, 1.038971, 0.847825, 2.102818, 2.223218, 1.987263, 1.390187, 3.707787, 1.607921, 3.877804, 1.917795, 1.682684, 0.86779, 1.129269, 1.31171, 1.539317, 2.625522, 1.726725, 0.989366, 3.747041, 1.193557, 2.931709, 1.442111, 1.203032, 1.116784, 0.784441, 1.593124, 1.177514, 1.139066, 1.045258, 2.319049, 0.861194, 0.666952, 1.077252, 0.911057, 0.729576, 1.589521, 1.469915, 0.902919, 1.477321, 2.115716, 1.223989, 1.972253, 1.41436, 1.329495, 2.013651, 1.253748, 2.545792, 1.401756, 1.296518, 1.786194, 2.410036, 1.602728, 0.709236, 1.54535, 2.747853, 1.421141, 1.553248, 1.936491, 1.272912, 0.973131, 2.218171, 2.144437, 2.265423, 2.240944, 2.145505, 1.983918, 2.293111, 1.011542, 0.67968, 0.941076, 1.145011, 1.285851, 1.512029, 2.196978, 1.372942, 1.190432, 0, 2.006947, 1.935273, 4.021388, 1.653297, 1.185753, 1.502527, 0.831952, 2.029517, 0.923106, 1.79913, 1.636181, 1.244683, 1.126196, 1.103484, 1.215601, 1.940535, 1.001938, 1.214228, 1.295574, 1.15207, 1.532516, 1.159899, 1.53288, 1.413659, 1.134111, 0.953133, 1.730784, 1.561771, 0.929955, 1.248182, 1.200912, 2.626694, 2.24699, 2.041182, 2.073916, 1.672882, 2.327224, 1.747728, 2.612313, 1.788471, 1.119691, 1.7305
0, 3.386737, 2.502388, 3.621393, 1.606253, 2.7502, 1.48989, 1.427719, 1.451294, 3.38737, 3.232278, 3.560253, 2.318438, 5.80108, 2.944379, 5.565144, 2.815412, 2.426681, 1.761669, 1.44881, 2.353821, 1.861349, 3.741326, 2.549921, 1.139329, 5.826735, 1.951362, 3.945299, 2.164308, 2.428674, 1.610752, 1.17898, 1.828613, 1.919631, 1.569379, 1.501547, 3.350299, 1.90494, 1.046217, 1.684352, 1.950268, 1.289563, 2.839281, 2.52031, 1.165872, 2.492944, 3.398096, 2.021832, 3.132231, 2.263385, 2.181591, 3.275165, 1.613606, 4.025786, 2.412869, 1.590853, 2.680385, 3.502531, 2.593406, 0.957425, 2.099653, 3.920118, 2.058693, 2.490113, 3.55743, 1.822415, 1.609061, 3.140336, 3.663217, 3.447429, 3.494601, 3.49989, 3.204484, 3.288673, 1.526036, 1.258424, 1.37043, 1.589083, 1.459526, 2.260886, 3.303331, 2.047416, 2.121996, 2.192451, 0, 3.096644, 5.699137, 2.320859, 1.965166, 2.233984, 1.35421, 2.628649, 1.257252, 3.267809, 2.095638, 1.794003, 1.817457, 1.947111, 1.767587, 2.773378, 1.645714, 1.878402, 2.432024, 1.630421, 2.299314, 1.396479, 2.802764, 2.498638, 1.251927, 1.439974, 2.680127, 2.544359, 1.046562, 1.721071, 1.458351, 3.997851, 3.328134, 3.574298, 3.048518, 2.826474, 3.116097, 2.837754, 3.642829, 2.608983, 1.28637, 2.797926
0, 2.99964, 2.430447, 3.112942, 1.345824, 2.581936, 1.755532, 1.35957, 1.670829, 2.058349, 3.127876, 3.067733, 1.494467, 4.975615, 2.547445, 5.489161, 3.147798, 2.032624, 1.88894, 1.591078, 2.261157, 1.812299, 3.636112, 2.579531, 1.116951, 5.23058, 1.946959, 4.181335, 2.093761, 2.680368, 1.435046, 1.239133, 2.187154, 2.760308, 1.441141, 1.743507, 3.299864, 1.810894, 1.059571, 1.922016, 2.127992, 1.226334, 2.831191, 2.205316, 1.231165, 2.708997, 3.389041, 2.138535, 2.934089, 1.678908, 2.299643, 2.908592, 2.214842, 3.468296, 2.109824, 1.942348, 2.63094, 3.201235, 1.919228, 1.091563, 2.80794, 3.950495, 2.116995, 2.355147, 2.324733, 1.719, 1.126621, 2.971325, 2.598556, 2.264266, 2.713111, 2.780415, 2.618597, 2.99189, 1.723264, 1.397601, 1.879726, 1.99966, 2.006653, 2.087561, 3.286992, 2.25687, 1.890285, 1.904879, 2.92667, 0, 5.712721, 2.807044, 1.770886, 2.436498, 1.385589, 2.178277, 1.911903, 3.257117, 2.436733, 2.409259, 1.452416, 2.477868, 2.379794, 3.246594, 1.859635, 2.114625, 1.985848, 1.484142, 2.187276, 2.058207, 2.390616, 2.582597, 1.32397, 1.475131, 3.108433, 2.604544, 1.183047, 1.787422, 1.755453, 3.557237, 3.246259, 3.189312, 2.718902, 2.167025, 3.010842, 1.923292, 3.175199, 2.351157, 1.264499, 2.430236
0, 6.590616, 5.285426, 5.667214, 2.383584, 4.186948, 3.647197, 2.293437, 3.052637, 5.486786, 6.520275, 5.790395, 4.11669, 0, 5.658255, 0, 5.759348, 5.249699, 3.46252, 2.313906, 3.840545, 4.710599, 7.207265, 5.598214, 2.095871, 0, 3.328268, 0, 3.627067, 4.545135, 3.383469, 2.840268, 4.3281, 4.098146, 3.21424, 3.09713, 5.791808, 3.737323, 2.048537, 3.417121, 2.685766, 2.142672, 5.535699, 4.94633, 2.215801, 3.976893, 4.824822, 3.659611, 5.356216, 3.616005, 3.858034, 6.549476, 3.330251, 0, 4.528647, 3.189502, 4.789607, 6.348641, 4.764064, 0.934589, 3.393531, 5.985587, 3.638681, 4.132064, 5.986633, 3.285807, 2.489412, 6.569193, 6.711929, 5.285553, 6.907443, 6.116871, 6.294137, 5.941353, 2.695658, 2.637207, 2.896216, 2.166721, 3.423877, 5.466213, 5.008407, 3.559556, 4.052967, 3.673897, 5.511566, 5.558373, 0, 4.015281, 4.336769, 4.160537, 2.811335, 5.314617, 2.876436, 5.136466, 3.924767, 3.958691, 4.244404, 4.226592, 3.723476, 3.484293, 2.708868, 3.456861, 4.738025, 4.229319, 5.024891, 3.547016, 5.78366, 5.058936, 2.668237, 2.638706, 4.422865, 4.278812, 1.607374, 2.916816, 3.167755, 6.782395, 5.948802, 5.819037, 6.013677, 4.998591, 5.853245, 4.413828, 5.55554, 4.834824, 2.760128, 5.127323
6.475848, 3.665802, 1.892827, 2.965719, 1.255373, 1.302603, 0.7475, 0.890897, 0.919678, 2.695577, 2.716064, 2.149714, 1.834383, 4.675211, 2.441808, 4.624247, 2.367617, 2.115169, 0.989708, 0.568021, 1.90374, 2.58663, 2.864069, 1.948298, 0.874616, 3.806381, 1.458784, 2.889683, 1.411572, 1.107347, 1.086912, 0.80731, 1.566262, 0.806893, 1.148781, 0.702959, 1.640766, 1.04389, 1.145145, 1.105843, 1.170617, 1.266109, 1.611031, 1.08148, 1.075935, 1.515359, 2.088211, 1.036532, 2.569228, 1.436335, 1.244156, 3.210639, 0.877044, 4.394813, 1.559735, 0.620877, 1.439966, 3.039405, 2.522358, 0.783094, 0.607401, 1.612773, 0.981077, 1.315009, 2.582749, 1.289008, 1.003758, 3.479077, 3.239628, 3.172839, 3.597975, 2.925774, 3.583474, 3.542529, 0.871269, 0.786576, 1.233497, 1.020333, 1.095404, 2.855015, 1.268699, 0.989356, 1.399821, 1.295085, 2.011755, 2.19495, 3.503204, 0, 2.132121, 1.176198, 0.838409, 3.0744, 1.134098, 1.486613, 0.3171, 0.638236, 1.497992, 0.910576, 0.680409, 1.287304, 1.07018, 0.916609, 1.62802, 1.554833, 2.006458, 0.639133, 2.549785, 1.080389, 0.546363, 0.720139, 0.983049, 1.465549, 0.802781, 1.091249, 0.827377, 3.790255, 2.59336, 2.831989, 2.772137, 2.511866, 2.746883, 2.360204, 2.727681, 2.073571, 0.94907, 2.42698
5.487971, 2.080833, 1.645433, 1.928546, 1.341957, 2.093896, 1.710201, 1.132748, 1.349396, 1.693027, 2.171917, 2.267444, 1.073558, 3.045095, 1.829727, 4.015372, 1.998153, 1.62975, 1.705479, 0.817697, 1.992983, 1.372564, 2.36384, 1.965374, 1.054201, 3.934563, 1.643379, 3.271184, 1.389562, 1.697349, 1.499845, 1.232975, 1.460336, 1.800827, 1.247965, 1.24843, 2.247504, 1.160122, 1.110122, 1.203548, 1.579431, 1.071626, 1.986081, 1.926437, 1.297906, 2.048778, 2.975424, 1.551394, 2.128032, 1.400285, 1.509887, 2.342097, 1.72688, 2.988117, 1.270213, 1.341195, 1.798776, 2.500373, 1.24147, -0.044959, 1.535564, 2.66292, 1.477728, 1.540702, 2.270014, 1.174268, 1.669983, 1.991843, 1.695984, 1.677164, 1.81753, 1.777616, 1.576107, 1.878189, 1.01871, 1.180755, 1.599437, 1.768321, 1.677085, 1.211332, 2.187134, 1.558641, 0.977372, 1.563442, 2.078868, 1.986587, 4.362499, 1.565108, 0, 1.636697, 1.074905, 1.405166, 0.881265, 1.987458, 1.641972, 1.104729, 1.186115, 1.56807, 1.288406, 2.191286, 0.97954, 1.460144, 1.777064, 1.236034, 1.655842, 1.862506, 1.934415, 1.883322, 0.945003, 1.016522, 2.34148, 1.61771, 0.978694, 1.392909, 1.592547, 2.245448, 2.309878, 2.097721, 1.674984, 1.745429, 2.112053, 1.067772, 2.218579, 1.594947, 1.34987, 2.058303
7.452122, 3.320343, 1.985936, 3.111349, 0.848142, 1.153265, 0.97978, 0.98095, 0.837198, 2.601058, 3.070212, 2.450391, 1.366024, 4.898582, 2.515134, 4.839508, 2.691377, 2.192312, 1.143168, 0.719361, 1.289664, 2.227849, 3.343777, 2.51819, 0.827792, 4.115004, 1.152617, 3.64966, 1.151397, 1.230301, 0.76456, 0.919268, 1.276974, 1.216993, 0.967042, 0.580276, 2.094161, 1.051747, 0.823044, 1.134197, 0.943489, 1.138934, 1.626985, 1.149085, 0.847364, 1.020401, 1.910115, 1.195053, 2.681996, 1.486195, 1.379775, 3.095889, 0.803561, 4.217773, 1.970792, 0.705592, 1.948531, 3.149165, 2.22087, 0.591288, 0.555463, 1.551675, 1.044523, 1.597988, 2.026165, 1.354433, 0.571761, 3.031847, 3.477712, 2.884723, 3.092952, 2.660631, 3.129608, 3.293537, 0.756754, 0.873874, 1.034084, 0.945629, 0.834497, 2.446725, 1.263471, 1.044825, 1.437381, 1.379791, 2.507607, 2.108637, 3.722648, 0.88028, 2.061565, 0, 1.015221, 2.476504, 0.947649, 1.519372, 1.077981, 1.09332, 1.169062, 1.199732, 0.693846, 0.996162, 1.05495, 1.064924, 1.633358, 1.317524, 2.154497, 0.984426, 2.470936, 1.496769, 0.887544, 1.000611, 1.095467, 1.510454, 0.696773, 1.061825, 0.9643, 3.659535, 2.588942, 2.825165, 2.821311, 2.566136, 2.608038, 1.93897, 2.729878, 1.810031, 0.853241, 2.53395
4.795955, 1.403234, 1.050555, 1.535726, 0.746856, 1.37954, 0.943279, 0.679601, 0.861184, 1.542211, 1.570833, 1.712599, 0.856064, 2.921168, 1.174177, 2.620698, 1.131756, 1.177393, 0.97344, 0.863587, 1.252753, 1.045341, 1.459531, 1.292989, 0.731497, 2.858139, 1.193962, 2.270487, 1.161575, 1.20346, 0.85337, 0.622112, 1.291796, 0.881177, 0.862526, 0.775744, 1.290444, 1.037935, 0.748441, 1.090479, 1.274019, 1.006751, 1.181008, 1.233621, 0.898868, 1.107383, 1.491351, 1.047473, 1.29725, 0.814362, 1.225989, 1.41538, 1.02267, 2.085879, 1.060384, 0.929664, 1.028506, 1.662268, 1.08602, 0.425105, 1.208448, 1.526811, 0.960084, 0.995567, 1.666484, 0.62213, 1.0306, 1.511682, 1.630765, 1.376851, 1.37579, 1.245073, 1.493004, 1.469266, 0.841842, 0.762659, 1.046853, 0.872603, 0.798803, 0.775347, 1.401368, 1.186039, 0.844323, 0.979773, 1.315536, 1.114083, 2.353514, 1.179188, 0.93348, 1.230124, 0, 1.304914, 0.867207, 1.550635, 1.199208, 1.12769, 0.932612, 0.973448, 0.802029, 1.246458, 0.848843, 1.019588, 0.974012, 0.955374, 1.140299, 0.918354, 1.337291, 1.15165, 0.79939, 0.63995, 1.020133, 1.304998, 0.762499, 1.305459, 0.808741, 1.749002, 1.464038, 1.300324, 1.478526, 1.058024, 1.387799, 1.233456, 1.488165, 1.04368, 0.721035, 1.295804
6.259577, 2.739333, 2.26175, 2.717801, 1.807959, 2.723564, 1.834654, 1.282152, 1.354433, 2.565324, 2.846576, 2.64714, 1.779801, 5.150698, 2.626327, 5.531974, 2.666804, 2.12605, 1.828279, 1.387045, 2.635442, 2.01389, 3.437456, 2.447231, 1.161973, 6.238491, 2.067479, 4.979601, 2.298307, 2.628621, 1.417031, 1.416006, 2.659119, 2.517899, 1.458543, 1.958294, 4.078698, 1.889665, 1.195496, 1.827836, 1.797087, 1.396669, 2.705364, 2.881626, 1.748022, 2.57076, 3.113871, 1.976444, 2.884505, 1.642483, 2.64772, 3.002823, 1.830828, 3.303711, 1.887077, 1.639571, 2.454113, 3.447356, 1.717985, 0.888408, 2.881902, 3.576253, 2.424314, 2.04436, 2.174264, 1.340226, 2.035457, 2.455141, 2.481603, 2.41467, 2.881494, 2.593474, 2.320325, 2.449738, 1.230144, 1.855401, 1.919917, 1.971896, 1.851328, 1.05277, 4.028521, 1.738572, 1.694827, 1.535271, 3.281677, 2.473789, 5.865727, 2.488655, 1.504264, 2.795974, 1.394362, 0, 2.136332, 2.663223, 2.507556, 2.585137, 1.877544, 2.549481, 2.150909, 2.509032, 1.805108, 2.105221, 2.036948, 1.501208, 2.284297, 2.026023, 2.560477, 2.876192, 1.531268, 1.291009, 2.879218, 2.900019, 1.166799, 1.651679, 1.737393, 3.263748, 3.237425, 3.017291, 2.830148, 2.370712, 2.600924, 1.681494, 3.28327, 2.365101, 1.584708, 2.372952
6.169448, 3.265763, 1.789078, 2.313906, 1.055274, 0.968103, 0.882784, 0.911993, 0.864308, 1.91248, 2.369405, 0.945132, 1.246043, 3.20433, 1.794433, 3.140143, 1.741456, 2.027139, 0.658652, 0.38219, 1.802771, 1.62645, 2.493187, 2.142232, 0.865488, 3.452331, 1.315212, 2.586962, 1.4219, 0.989485, 1.020621, 0.727355, 1.630616, 0.863192, 0.969151, 0.816732, 1.679354, 0.873158, 0.951632, 1.234196, 1.074472, 1.247015, 1.388025, 0.971384, 0.83281, 1.191916, 1.11942, 1.121124, 2.252505, 1.040872, 0.755716, 3.300943, 0.770447, 3.86841, 1.35502, 0.591668, 0.6815, 2.992204, 1.736501, 0.702017, 0.843313, 1.354569, 0.811124, 1.510229, 1.679248, 1.042381, 0.710246, 2.575667, 3.377708, 2.170195, 1.902649, 1.505507, 2.154307, 2.709493, 0.530839, 0.829012, 0.930057, 0.940058, 1.107332, 2.319626, 1.31425, 0.988422, 0.942215, 1.41334, 1.717129, 2.153696, 3.379582, 0.703658, 1.950108, 1.316906, 0.503443, 1.965675, 0, 1.015519, 0.841981, 0.828539, 0.918197, 0.934642, 0.768323, 1.071861, 0.939962, 0.816621, 1.559446, 1.497916, 1.933126, 0.367968, 1.563242, 1.446167, 0.4759, 0.758997, 1.185629, 0.899566, 0.750918, 0.848633, 0.923945, 2.581047, 1.881527, 2.258463, 1.574149, 1.248208, 2.166665, 1.72236, 2.075255, 1.088076, 1.113736, 1.654865
8.164178, 3.332279, 2.456865, 3.41505, 1.255839, 1.868224, 1.521919, 1.183188, 0.829121, 2.950147, 3.011624, 2.959485, 1.839425, 5.533914, 3.265647, 4.954491, 2.59275, 2.618151, 1.379391, 1.018117, 1.824792, 2.249621, 3.791328, 3.060375, 1.09135, 5.39372, 1.45707, 4.512619, 1.180978, 2.12609, 1.257032, 1.087811, 1.894156, 1.995348, 1.103554, 1.207564, 2.698595, 1.525522, 1.106203, 1.550149, 1.295265, 1.6128, 2.543189, 2.163883, 0.894814, 1.905284, 2.158973, 1.394935, 3.21683, 1.736899, 2.159231, 3.864047, 0.940359, 5.183705, 2.014105, 1.174134, 2.749435, 3.443292, 2.216751, 0.597347, 1.701418, 2.409325, 1.182358, 2.540991, 2.223947, 1.449955, 1.450654, 3.783084, 3.58835, 3.088777, 3.572941, 2.920297, 3.484085, 3.664467, 0.932953, 1.010012, 1.042708, 0.851122, 1.356803, 2.27956, 1.872242, 1.426547, 1.721307, 1.835682, 3.558529, 2.942422, 5.042782, 1.551845, 1.741077, 1.264296, 0.783429, 2.741224, 1.204032, 0, 1.930126, 2.118241, 1.721768, 2.032064, 1.844914, 1.608805, 1.182472, 1.784837, 2.214366, 1.645613, 2.484983, 1.972489, 2.609699, 2.447069, 1.33982, 1.041543, 2.44137, 1.959226, 0.99163, 1.502795, 1.180396, 3.457907, 3.229786, 2.881773, 3.167388, 2.624975, 2.874083, 2.042772, 3.333396, 2.230788, 1.314931, 2.777133
5.941252, 3.340657, 1.681944, 2.369025, 1.246342, 1.547667, 1.285679, 1.109132, 1.130596, 2.27981, 2.667811, 1.472837, 1.949655, 3.921957, 2.127338, 4.748695, 2.284155, 2.340606, 1.218406, 0.654383, 1.311604, 1.775947, 2.89218, 2.287571, 0.810827, 4.623703, 1.40821, 3.279439, 1.369615, 1.07277, 1.269337, 0.820479, 1.199745, 0.715447, 1.016755, 0.810812, 1.858526, 0.95797, 1.207827, 1.193002, 0.850732, 1.316268, 2.066851, 1.239928, 0.862964, 1.364935, 1.997996, 1.377188, 2.483294, 1.301288, 1.240677, 3.19372, 0.776944, 4.351518, 1.441313, 0.771394, 1.046417, 2.95825, 1.970278, 0.868565, 0.857766, 2.168488, 1.058059, 1.280151, 2.602197, 1.078693, 1.145368, 3.57569, 3.437479, 2.638197, 2.796351, 2.395054, 3.222552, 2.645223, 0.743522, 0.750703, 1.011678, 0.968196, 1.025009, 2.591689, 1.632398, 1.199137, 1.340772, 1.901056, 2.232082, 2.534879, 4.280392, 0.997038, 1.93304, 1.145796, 1.026853, 2.720986, 1.072112, 1.730207, 0, 0.910284, 1.503848, 0.821791, 0.75922, 1.122653, 1.068917, 0.934513, 1.305689, 1.604799, 1.443326, 0.803806, 2.344764, 1.78766, 0.8318, 1.149867, 1.194258, 1.699372, 0.731444, 1.262501, 1.049382, 3.409561, 2.705796, 2.401096, 2.556788, 2.069915, 2.679909, 1.960009, 2.45271, 1.853571, 1.116392, 2.05685
6.251764, 3.926496, 1.786392, 3.256463, 1.285393, 1.143076, 0.71215, 0.90125, 0.94892, 2.483115, 3.173614, 1.579413, 1.839706, 4.517663, 2.039678, 4.763231, 2.540746, 2.473194, 0.835593, 0, 2.207365, 2.087938, 3.141204, 2.611138, 0.861792, 3.996385, 1.370508, 3.2762, 1.34371, 0.9752, 1.141104, 0.693408, 1.322704, 0.600388, 0.83753, 0.539275, 2.079094, 0.621948, 0.96016, 0.949057, 1.03592, 1.439136, 2.174239, 1.239265, 0.677604, 1.370278, 2.208529, 1.175076, 2.422582, 1.145474, 0.868815, 3.156703, 0.682202, 4.582998, 1.577183, 0.621882, 1.283828, 3.133142, 2.505887, 0.581532, 0.633281, 1.984344, 0.821257, 1.303203, 2.656666, 1.266342, 0.71666, 3.798344, 3.701809, 2.934084, 3.066733, 2.485363, 3.777926, 3.120586, 0.681559, 0.720946, 1.125023, 0.757106, 1.079576, 2.788041, 1.274389, 1.080635, 1.264121, 1.382042, 1.957198, 2.777465, 3.504245, 0.672279, 2.165554, 0.840335, 0.939263, 3.251275, 0.852026, 1.669841, 0.783188, 0, 1.370615, 1.463899, 0.736642, 1.053542, 0.8312, 0.964345, 1.703018, 1.886532, 1.99712, 0.729629, 2.439919, 1.349685, 0.602829, 0.789212, 0.904509, 1.236196, 0.693578, 1.117167, 0.890535, 3.568418, 2.344629, 2.656898, 2.727726, 2.214287, 2.589798, 2.102851, 2.63803, 1.804156, 1.258609, 2.231236
6.487622, 2.464125, 1.434535, 2.283563, 1.05214, 1.689821, 1.160889, 0.814458, 1.019282, 1.791494, 2.523141, 1.876171, 1.29921, 4.262516, 2.017746, 3.592984, 2.224296, 1.730113, 0.956815, 1.176023, 1.099184, 1.127695, 2.764663, 2.114734, 0.921726, 4.272927, 1.045392, 3.045252, 1.360213, 1.758023, 1.253279, 0.914044, 1.542953, 1.553496, 0.999145, 1.188701, 2.196039, 1.01795, 0.861797, 1.36907, 1.127411, 1.037971, 1.974165, 1.708123, 0.809098, 1.492918, 2.021536, 1.143542, 2.143034, 1.557514, 1.419768, 3.043016, 1.46146, 3.869506, 1.567964, 0.994648, 1.763011, 2.760716, 1.722396, 0.542387, 1.407534, 2.114217, 1.204191, 1.3008, 2.144168, 1.035059, 0.575767, 2.332752, 2.512709, 2.222752, 2.382706, 1.914595, 2.653045, 2.521166, 1.000692, 0.748084, 1.205688, 1.177069, 1.062164, 1.604716, 2.126802, 1.323773, 1.553119, 1.248575, 1.822837, 1.850112, 4.104802, 1.328264, 1.387531, 1.308396, 0.864212, 2.095825, 1.221014, 1.626661, 1.422067, 1.387212, 0, 1.235988, 1.177023, 1.270988, 0.99916, 1.026521, 1.167647, 1.17385, 1.814125, 1.641415, 1.822491, 1.645139, 1.018874, 0.995658, 1.9975, 1.781616, 0.7922, 1.372088, 1.097895, 2.523156, 2.169071, 1.879511, 1.925287, 1.453679, 1.541828, 1.327447, 1.886363, 1.631246, 1.165505, 1.488393
5.65089, 3.613807, 1.677863, 2.9003, 1.104742, 1.407303, 0.70003, 0.930624, 0.928424, 2.56166, 2.927972, 2.163402, 1.948582, 4.42767, 1.785414, 4.371219, 1.859382, 2.720783, 0.851724, 0.535804, 1.596142, 2.132607, 3.032771, 2.969975, 0.848957, 4.520053, 1.250788, 3.14879, 1.310918, 0.765251, 1.016621, 0.568244, 1.528791, 0.60057, 0.814474, 0.679275, 2.265451, 0.997059, 0.806829, 0.955977, 1.009405, 1.026999, 2.172142, 1.717843, 0.640039, 1.157868, 1.989137, 1.213484, 1.751564, 1.104689, 1.365541, 2.475982, 0.939678, 3.749824, 1.482987, 0.685858, 1.19084, 2.755538, 1.916843, 0.699893, 0.882275, 2.570975, 0.944722, 1.124231, 2.69044, 0.799947, 0.8122, 2.97804, 2.963625, 3.150758, 3.04748, 3.011837, 2.553436, 2.877264, 0.737594, 0.576468, 0.96233, 1.033527, 0.777428, 2.489708, 2.364488, 0.999426, 0.817357, 1.594881, 2.210489, 2.611439, 4.297108, 1.371012, 1.643559, 1.098921, 0.73585, 2.750089, 0.922511, 2.20046, 1.120977, 0.895452, 1.468535, 0, 0.507289, 1.229157, 0.664275, 1.002287, 1.681828, 1.556757, 2.203886, 0.459158, 2.519986, 1.672733, 0.52123, 0.655193, 1.793254, 1.732913, 0.751196, 1.24282, 0.993007, 3.403446, 2.661438, 2.801876, 2.337368, 2.24002, 2.631809, 2.104991, 2.665401, 2.041015, 1.091219, 2.341735
0, 3.896642, 1.994034, 3.036785, 1.062146, 1.148181, 0.716039, 1.002361, 0.804062, 2.181624, 3.174346, 2.102993, 1.658199, 4.626334, 2.440045, 5.15419, 2.361429, 2.321788, 1.080913, 0.604837, 1.575881, 1.981348, 2.991695, 2.390909, 0.749968, 4.086651, 1.421047, 3.253552, 1.169647, 1.209536, 0.730229, 0.79956, 1.711743, 0.687048, 0.909624, 0.61463, 1.854969, 1.048706, 1.105036, 1.040505, 0.972412, 1.28203, 1.902846, 1.575871, 0.915381, 1.230162, 1.579391, 1.362814, 2.929896, 1.205898, 1.174552, 3.478717, 0.846843, 4.737086, 1.709328, 0.545481, 1.593107, 3.317647, 2.287368, 0.79424, 0.970171, 1.432993, 0.947958, 1.576583, 2.570747, 1.152954, 0.900351, 3.167514, 3.916004, 3.024872, 2.969038, 2.645213, 3.503002, 3.451681, 0.495505, 0.614901, 0.961547, 0.943752, 0.752232, 2.977037, 1.443964, 1.075052, 1.275014, 1.472196, 2.204605, 2.564096, 3.492618, 0.747292, 2.355282, 1.184085, 0.750816, 3.047728, 0.757126, 1.60762, 1.157043, 0.803852, 1.424407, 1.268297, 0, 0.863544, 0.909722, 1.078171, 1.758968, 1.410413, 2.264038, 0.737921, 2.106026, 1.025017, 0.756121, 0.702159, 0.97227, 1.335546, 0.861115, 0.874393, 1.02726, 3.589454, 2.567068, 2.895084, 2.600959, 2.263608, 2.46119, 2.022557, 2.554287, 1.802437, 1.1317, 2.253837
7.262171, 3.628483, 2.201792, 3.057775, 0.904754, 1.178261, 0.839259, 0.885939, 0.592564, 3.298887, 3.013024, 2.723437, 1.986268, 5.47207, 2.62734, 4.653859, 2.503247, 2.14806, 0.493115, 0.522572, 1.278485, 2.075815, 3.366694, 2.094367, 0.734726, 4.212975, 1.126611, 3.983064, 1.133597, 1.049671, 0.696049, 0.479201, 1.011939, 0.957101, 0.658191, 0.67515, 2.11403, 0.774078, 1.030081, 0.964158, 0.495244, 1.011534, 1.618999, 1.162036, 0.710515, 0.898923, 1.488279, 0.7762, 2.711159, 1.439817, 1.518337, 3.042487, 0.707929, 4.070605, 1.891822, 0.689755, 1.78329, 3.114542, 2.237379, 0.799112, 0.881898, 2.270424, 1.144173, 1.981087, 2.763792, 1.273168, 0.689129, 3.286594, 3.317523, 3.098259, 3.455742, 2.82853, 3.139918, 3.416587, 0.619203, 0.870699, 0.843609, 0.553346, 0.685136, 2.386152, 1.419254, 1.331637, 1.284818, 1.370288, 2.267702, 2.188585, 3.100907, 0.64311, 2.213333, 1.057804, 0.923506, 2.518803, 0.749318, 1.376443, 0.914389, 0.859639, 1.20624, 1.149756, 1.313159, 0, 0.574485, 1.190503, 1.67682, 1.112611, 1.980173, 0.783363, 2.543943, 1.626448, 0.720815, 0.666372, 1.162596, 1.473464, 0.658292, 0.974324, 0.828921, 3.488655, 3.071392, 2.731993, 3.101358, 2.484725, 2.855577, 2.557269, 2.760538, 2.419316, 0.994952, 2.187387
6.274028, 3.155275, 1.771149, 2.580863, 1.119433, 0.820436, 0.773946, 0.925844, 0.980775, 1.822344, 2.494347, 2.243757, 1.757666, 3.545134, 1.477113, 3.349517, 2.060114, 1.958596, 0.856315, 0.438603, 1.651454, 1.710543, 2.414444, 2.050966, 0.708697, 3.395944, 1.4893, 2.609672, 1.439634, 0.921152, 1.094135, 0.787961, 1.608053, 0.613304, 0.836672, 0.42942, 1.402449, 0.735766, 1.087418, 0.928598, 0.771376, 1.309393, 1.584391, 1.288446, 0.916961, 1.105208, 0.925203, 1.075773, 1.94547, 1.091082, 0.822454, 2.576925, 0.727745, 3.353778, 1.247957, 0.685666, 1.088509, 2.84454, 2.124961, 0.71097, 0.883182, 0.847873, 0.858107, 1.555516, 2.43293, 1.148746, 0.696551, 2.950843, 3.140776, 2.444945, 2.334129, 1.969314, 3.233306, 2.602458, 0.496442, 0.73842, 1.147735, 0.934857, 0.895872, 2.339373, 1.001345, 1.109459, 0.818066, 1.237895, 1.242037, 1.887517, 2.720801, 0.792541, 1.8602, 1.366199, 0.86784, 2.301218, 0.905853, 1.49526, 0.757354, 0.79719, 0.902759, 1.143623, 0.726319, 0.899534, 0, 0.985424, 1.342332, 1.303623, 1.771623, 0.477928, 1.909551, 1.298339, 0.458702, 0.570361, 0.853811, 1.213643, 0.746697, 1.073971, 0.946188, 2.74428, 1.933412, 1.980378, 2.193788, 1.5441, 2.311886, 1.95417, 2.36306, 1.365497, 1.074047, 1.728087
6.741992, 2.465981, 1.395021, 2.115309, 1.246656, 0.959924, 1.200206, 1.026911, 1.123671, 1.682506, 2.513835, 1.814981, 1.815107, 3.3739, 2.225808, 3.963332, 1.415482, 2.280889, 0.910586, 0.572245, 2.056584, 1.592225, 2.203048, 2.102277, 0.735541, 3.518401, 1.338848, 2.565192, 1.418009, 1.055302, 1.33189, 0.581616, 1.773099, 0.657629, 0.795132, 0.581611, 1.995208, 0.932814, 1.090986, 0.953323, 0.335204, 1.087707, 1.756869, 1.201743, 0.789665, 0.989759, 1.413329, 1.038492, 1.592694, 1.301377, 1.029369, 2.917826, 0.504942, 3.565747, 1.878265, 0.622358, 1.045473, 1.896797, 2.065844, 0.675216, 0.51989, 2.053558, 0.803085, 1.17859, 2.411657, 1.345702, 1.113293, 2.834037, 2.833123, 2.462276, 2.672632, 2.585846, 2.054181, 1.95596, 0.56217, 0.658783, 0.986498, 0.904314, 0.720281, 2.045621, 1.649375, 1.217672, 1.097832, 1.593856, 1.365796, 1.886816, 3.560374, 0.683075, 1.689659, 1.198021, 0.869063, 2.506161, 0.65849, 1.627078, 0.750773, 0.849554, 1.010048, 1.337567, 0.462257, 1.257032, 0.789622, 0, 1.383011, 1.684747, 1.224736, 0.513305, 2.085606, 1.362016, 0.713515, 0.855259, 1.442149, 1.5012, 0.685048, 1.388718, 0.844161, 2.835941, 1.934742, 1.990891, 1.949116, 1.553202, 1.942619, 1.662772, 2.224433, 1.60999, 1.006455, 1.575066
6.701493, 2.702611, 2.26379, 2.467829, 1.247157, 1.998232, 1.189541, 1.179715, 1.115214, 2.364766, 2.928526, 1.94391, 1.568052, 4.695898, 2.32827, 4.370037, 2.398366, 1.925338, 1.202865, 1.208083, 1.418176, 1.751777, 2.837992, 2.350815, 0.994524, 5.134412, 1.52968, 3.884197, 1.461146, 1.970997, 1.377659, 1.079589, 1.805995, 1.68335, 1.023201, 1.366794, 2.955948, 1.371253, 0.795747, 1.21158, 1.19679, 1.164467, 2.568884, 1.675708, 1.031461, 1.894587, 2.471392, 1.574641, 2.773788, 1.537679, 1.743401, 2.818698, 1.484334, 4.089117, 1.690771, 1.585123, 2.300066, 2.950583, 1.848185, 0.69195, 1.980961, 3.606502, 1.795436, 1.981531, 2.450186, 1.435715, 1.367789, 2.367992, 2.933332, 2.733849, 2.515142, 2.429517, 2.165741, 2.74682, 1.235239, 0.842946, 1.422022, 1.404635, 1.18374, 1.854065, 2.953429, 1.633381, 1.529796, 1.443531, 2.538133, 2.512202, 3.805181, 1.995069, 1.637591, 1.798259, 0.938154, 1.908462, 1.252304, 1.913731, 1.806924, 1.627223, 1.460989, 1.768012, 1.505682, 2.127723, 1.234459, 1.448491, 0, 1.075705, 1.763948, 1.562507, 2.186729, 1.744743, 1.209995, 1.272912, 2.530172, 1.797697, 1.014851, 1.563259, 1.329082, 2.970246, 2.757991, 2.494119, 2.587656, 1.867689, 2.725501, 1.924748, 2.641079, 1.845544, 0.788604, 2.28514
5.774755, 1.95916, 1.191068, 1.957418, 0.902615, 1.586427, 0.863336, 0.977972, 1.066521, 1.436614, 1.526244, 1.192172, 0.906854, 4.313262, 1.667203, 3.146861, 1.745447, 1.471528, 1.287393, 0.911234, 1.434203, 1.051071, 2.168597, 1.647251, 0.923448, 4.351943, 1.092049, 2.911868, 1.283218, 1.637558, 0.954726, 0.945191, 1.419748, 1.514278, 1.148404, 1.183421, 2.401865, 1.068909, 0.579304, 1.180517, 1.158775, 0.871816, 1.665286, 1.292938, 0.982368, 1.367267, 2.26139, 1.321871, 1.882542, 1.193514, 1.182657, 2.035743, 1.3408, 3.196518, 1.353065, 1.137883, 1.67327, 2.22437, 1.03457, 0, 1.73064, 2.525657, 1.301473, 1.462926, 1.175765, 1.182609, 0.951533, 1.915261, 1.961973, 1.192663, 1.417069, 1.559798, 1.643417, 1.691847, 1.203748, 0.805034, 1.107791, 1.356068, 1.036831, 1.252732, 2.039032, 1.158577, 1.196147, 1.109315, 1.760631, 1.45058, 4.093153, 1.638039, 1.306304, 1.230633, 0.90264, 1.190714, 1.028858, 1.599948, 1.470517, 1.222561, 1.183518, 0.947388, 1.378598, 2.010119, 0.885975, 1.090165, 1.040057, 0, 1.230506, 1.478133, 1.163705, 1.449276, 1.105947, 1.136752, 1.931807, 1.515632, 0.776615, 1.300506, 1.279316, 1.672558, 1.819272, 1.875138, 1.541428, 1.249066, 1.83394, 1.291396, 1.953671, 1.374651, 1.022376, 1.524337
6.791272, 2.559533, 1.855295, 3.147008, 1.080891, 2.164726, 1.50834, 1.219837, 1.347422, 2.585666, 2.678443, 2.433662, 1.61889, 5.024597, 2.144528, 4.661323, 2.470751, 1.92175, 1.55917, 0.822209, 1.904021, 2.096461, 3.06806, 2.332878, 0.989182, 4.797859, 1.549316, 3.485592, 1.456672, 1.913318, 1.440733, 1.141846, 1.55801, 1.773306, 1.391509, 1.007809, 2.503231, 1.365201, 0.962226, 1.725171, 1.419204, 0.667438, 2.080479, 1.6379, 1.264091, 1.846005, 2.659084, 1.629745, 2.699266, 1.72276, 1.499288, 2.731063, 1.692976, 3.754503, 1.832874, 1.682876, 2.539391, 2.847713, 1.903064, -0.073624, 1.710536, 3.347441, 1.615712, 2.062886, 2.460788, 1.650016, 1.32458, 2.81903, 2.689463, 2.576872, 2.54483, 2.615736, 2.265092, 2.678871, 0.993147, 1.035378, 1.498567, 1.475523, 1.120283, 1.892604, 2.581258, 1.730116, 1.711771, 1.363831, 2.679605, 2.408861, 4.720615, 2.098008, 1.489411, 1.932868, 1.120939, 2.333248, 1.109852, 2.283332, 1.900985, 1.332457, 1.319686, 0.69036, 1.487912, 2.277337, 1.113067, 1.706289, 1.709118, 1.506099, 0, 1.69581, 2.089589, 2.053247, 1.476536, 1.250264, 2.243134, 2.021863, 1.00466, 1.367077, 1.454206, 3.207272, 2.803033, 2.85125, 2.601083, 2.340004, 2.884971, 1.995852, 2.829188, 2.05965, 0.864422, 2.294119
5.435644, 2.990219, 1.781784, 2.409401, 1.069747, 1.315247, 0.651451, 0.843298, 1.054912, 2.292817, 2.468789, 1.944153, 1.666988, 3.895925, 1.307783, 3.914943, 1.804202, 1.942685, 0.587528, 0.652884, 1.455487, 1.967954, 2.418898, 2.038934, 0.78096, 4.257971, 1.454573, 2.951707, 1.073715, 1.077829, 1.062293, 0.653522, 1.846134, 0.412331, 0.773341, 0.812843, 1.690133, 0.790181, 0.932394, 0.980892, 1.027488, 1.03376, 1.908282, 1.152465, 0.836998, 0.873072, 1.837379, 1.165074, 1.697336, 1.066534, 0.554784, 2.389752, 0.933067, 3.712558, 1.367528, 0.448394, 1.13343, 2.677739, 1.882658, 0.645404, 0.297416, 2.187529, 0.758633, 1.008037, 2.589474, 1.17024, 0.978623, 3.098996, 2.971689, 2.628614, 2.690888, 2.614953, 2.723044, 2.63958, 0.743079, 0.808321, 1.040842, 1.178608, 1.073117, 2.367516, 1.55346, 0.35649, 0.860715, 1.097412, 1.778102, 1.997009, 3.298092, 0.955693, 1.503684, 1.342117, 0.866511, 2.649697, 1.009331, 1.644833, 1.075925, 0.900708, 1.15643, 1.293386, 0.732586, 0.989997, 0.938458, 1.006467, 1.420376, 1.07652, 1.202183, 0, 2.164412, 0.897695, 0.76357, 0.802935, 1.072337, 1.428608, 0.845012, 0.734014, 0.969591, 3.135654, 2.455754, 2.456083, 2.170982, 1.909718, 2.056761, 1.898058, 2.265818, 1.599738, 1.036143, 1.925627
6.669488, 2.894944, 2.25186, 3.228366, 1.20189, 2.799068, 1.987526, 1.453973, 1.595185, 2.605512, 3.026312, 3.041378, 1.754911, 4.334273, 2.387577, 5.252393, 2.618053, 1.97913, 1.790225, 1.53249, 1.964923, 2.016168, 3.361415, 2.434148, 1.14273, 5.590874, 2.086882, 4.163008, 2.12429, 2.800232, 1.489849, 1.515473, 2.296732, 2.496443, 1.336835, 1.704854, 3.714545, 1.924401, 0.891887, 1.873622, 2.13877, 1.388708, 3.05822, 2.415103, 1.352893, 2.478218, 3.130919, 2.294448, 3.258089, 2.067694, 2.334656, 3.327554, 2.180961, 4.30577, 2.208443, 1.866135, 2.565253, 3.731292, 1.834713, 0.828275, 2.939001, 3.681047, 2.487612, 2.544559, 2.518109, 1.84183, 1.525565, 2.737753, 3.257608, 2.793492, 2.875552, 3.112975, 2.621339, 2.921842, 1.694485, 1.307902, 1.847089, 1.329123, 1.787043, 2.037855, 3.6451, 2.162586, 2.087819, 1.395137, 2.600506, 2.499107, 5.312944, 2.892949, 1.949341, 2.54701, 1.353749, 2.486887, 2.121743, 2.700193, 2.630862, 2.513684, 1.544528, 2.519013, 2.238827, 2.818207, 1.79178, 1.9724, 1.751716, 1.650479, 1.950438, 2.168519, 0, 2.57812, 1.463152, 1.338949, 3.130476, 2.418404, 1.125061, 1.77045, 1.888024, 3.547666, 2.85483, 2.713172, 2.696912, 2.30215, 2.925296, 2.068502, 3.252967, 2.083157, 1.079933, 2.247061
0, 3.219899, 2.078856, 2.745339, 1.166465, 2.018867, 1.281088, 0.828134, 1.058125, 2.956551, 3.264001, 0.905157, 1.740249, 4.616879, 2.002607, 4.480346, 2.373497, 1.882641, 0.868322, 0.719369, 2.002815, 2.077972, 2.79961, 2.260572, 0.944244, 4.937757, 1.385034, 3.618803, 1.392797, 1.509827, 1.118192, 0.631871, 1.993206, 1.231798, 0.836418, 0.913108, 2.124556, 1.279242, 1.152366, 1.050028, 0.937754, 0.983604, 2.292944, 1.722135, 0.972926, 1.304694, 2.749848, 1.183054, 2.14763, 1.457938, 1.332619, 2.894048, 0.600494, 4.378301, 1.540152, 0.703372, 1.19502, 2.594021, 2.490526, 0.807718, 1.047997, 3.21805, 1.348718, 1.708019, 2.75932, 1.244387, 1.035261, 3.765471, 3.34484, 3.253096, 3.185752, 3.049665, 2.997063, 3.21406, 0.912188, 0.775192, 1.166654, 0.895416, 0.927505, 2.342723, 2.521819, 1.099045, 1.34311, 1.506393, 2.24773, 2.719198, 4.286934, 1.406291, 1.995132, 1.126725, 0.884276, 2.827289, 0.845344, 2.481332, 0.912834, 0.753926, 1.477885, 0.584332, 0.830071, 1.996444, 0.910846, 1.071697, 1.690791, 1.469221, 1.843792, 0.697576, 2.667227, 0, 0.645741, 0.810349, 1.897524, 1.901535, 0.957719, 0.964755, 0.911069, 3.664022, 2.813156, 2.868052, 2.588076, 2.165361, 2.787145, 2.003855, 2.686075, 1.961439, 0.927051, 2.234336
4.988767, 1.989939, 1.197355, 1.541036, 0.880776, 0.606009, 0.495558, 0.85293, 0.75012, 1.485836, 1.83035, 1.603014, 1.314516, 2.75018, 1.318967, 2.758832, 1.27986, 1.276437, 0.744464, 0.656945, 1.383528, 1.311905, 1.49503, 1.450363, 0.589928, 2.697314, 1.050509, 2.026555, 1.078726, 0.98172, 0.740223, 0.668529, 1.440802, 0.587708, 0.747598, 0.442411, 0.905074, 0.692051, 0.717055, 0.907998, 0.679764, 0.907714, 1.52195, 1.213479, 0.55508, 1.044037, 1.364551, 0.85634, 1.326568, 0.851342, 0.69692, 1.970152, 0.586452, 2.479246, 1.06442, 0.636089, 0.852616, 1.813016, 1.684745, 0.539589, 0.739514, 1.486998, 0.802315, 1.264739, 1.907523, 0.964996, 0.805804, 2.318606, 2.371056, 1.918717, 1.737099, 1.791033, 1.659566, 1.866021, 0.494697, 0.549363, 0.868398, 0.745003, 0.609379, 1.652733, 1.186548, 1.008544, 0.820145, 1.001517, 1.149024, 1.576355, 2.430325, 0.858156, 1.274021, 1.072056, 0.702582, 1.998558, 0.714247, 0.941901, 0.90164, 0.557503, 0.917349, 1.064427, 0.53527, 0.785325, 0.724319, 0.858399, 1.275639, 1.032595, 1.095482, 0.327188, 1.612638, 1.12399, 0, 0.674464, 1.011805, 0.921706, 0.655003, 1.086175, 0.787204, 2.208013, 1.69981, 1.928518, 1.57914, 1.238644, 1.559401, 1.239201, 1.628127, 1.597016, 0.785634, 1.39142
5.332126, 2.066322, 1.243273, 1.69131, 0.688704, 0.670013, 0.41601, 0.627506, 0.788994, 1.436616, 1.805954, 1.604273, 1.190891, 2.224924, 1.188642, 3.191627, 1.460556, 1.439675, 0.653955, 0.588328, 1.17641, 1.528741, 1.953352, 1.407736, 0.576926, 2.654432, 1.049418, 2.225319, 0.965388, 0.835682, 0.765044, 0.367872, 1.17067, 0.492942, 0.743514, 0.45639, 1.074409, 0.53171, 0.809306, 0.807969, 0.819279, 0.971273, 1.429696, 0.915708, 0.564859, 0.795615, 1.605128, 0.787227, 1.396497, 0.946998, 0.821391, 1.606392, 0.662619, 2.1164, 1.154638, 0.457958, 0.821292, 1.63552, 1.630633, 0.625718, 0.653228, 1.64738, 0.707732, 0.878956, 1.818303, 0.872089, 0.850914, 2.022362, 1.805744, 2.220116, 1.944733, 1.902535, 1.965711, 2.046785, 0.34002, 0.508676, 0.706856, 0.755093, 0.578078, 1.403809, 1.28539, 0.859728, 0.815479, 1.096419, 1.636452, 1.743581, 2.633202, 0.673066, 1.449178, 0.838262, 0.679543, 1.886912, 0.480933, 1.078148, 0.85911, 0.600973, 0.859875, 1.030433, 0.497508, 0.961124, 0.636271, 0.832643, 1.252218, 0.980385, 1.156696, 0.445128, 1.715686, 1.047043, 0.492846, 0, 0.868038, 1.103542, 0.722876, 0.971288, 0.809792, 2.297646, 1.722631, 1.852087, 1.620634, 1.546348, 1.720438, 1.446922, 1.714496, 1.544487, 0.815724, 1.498557
0, 4.492695, 2.755917, 3.740979, 1.011656, 1.952772, 1.380606, 1.280453, 1.182457, 2.871508, 3.681989, 2.554775, 1.927298, 5.273807, 2.79828, 5.377464, 2.884862, 2.696537, 1.380978, 0.826733, 1.673282, 2.291047, 3.82904, 3.027963, 0.928768, 5.207157, 1.206695, 3.793245, 1.686016, 1.781604, 1.143084, 0.909011, 1.922165, 1.284962, 0.912161, 1.041703, 2.726166, 1.44485, 1.123319, 1.193866, 0.975871, 1.349713, 2.803681, 1.736965, 1.124611, 1.538233, 2.163348, 1.249562, 3.072083, 1.956008, 1.724074, 3.888311, 0.953498, 4.852186, 2.13515, 0.999692, 2.044846, 3.925203, 2.229669, 0.862982, 1.082091, 1.989448, 1.383039, 2.020306, 2.777667, 1.753324, 1.223103, 4.269385, 4.056986, 3.344086, 3.570353, 3.559638, 4.101972, 4.147191, 1.01577, 1.018535, 1.101868, 0.979033, 0.828891, 2.795581, 2.412996, 1.062885, 1.765789, 1.768858, 2.972224, 3.011047, 5.326419, 1.18804, 2.468976, 1.334691, 1.199062, 3.463751, 0.905385, 2.388357, 1.302451, 1.27884, 1.550891, 1.322372, 1.384662, 1.244184, 1.102451, 1.317131, 2.4533, 1.913995, 2.397999, 1.402452, 3.160463, 1.90809, 0.863564, 0.960732, 0, 2.195259, 0.823546, 1.305712, 0.834767, 4.183168, 3.493565, 3.388449, 3.126987, 2.715522, 3.363808, 2.332491, 3.131803, 2.310265, 1.372291, 2.857706
6.63639, 3.271073, 2.155917, 3.055615, 1.205409, 1.925809, 1.318205, 1.099653, 1.388911, 2.762371, 3.548307, 2.84654, 2.08553, 4.7898, 2.913856, 4.85312, 2.420853, 2.307771, 1.397879, 1.018692, 1.265716, 2.377318, 3.513512, 2.503186, 0.987232, 5.06934, 1.267504, 3.898455, 1.539955, 2.196123, 1.343563, 1.240584, 1.754081, 1.300326, 1.155681, 1.346166, 2.490739, 1.310371, 1.147231, 1.30375, 1.577183, 1.398695, 2.610796, 1.518673, 1.491877, 1.560036, 2.134451, 1.164363, 2.947959, 1.687834, 1.678807, 3.653737, 1.171837, 4.545616, 2.027615, 1.455229, 2.049355, 3.30702, 2.442922, 0.852059, 1.602738, 2.241782, 1.62283, 2.009056, 3.049581, 1.517468, 1.318438, 3.788796, 2.879175, 3.339764, 3.549168, 3.075608, 3.214333, 3.507304, 1.446261, 1.238842, 1.13924, 1.664, 1.65967, 2.179892, 2.094103, 1.500159, 1.704596, 1.723029, 2.645315, 2.825279, 4.336815, 0.905, 2.226046, 1.267957, 1.12375, 2.845221, 1.445493, 2.024987, 1.377611, 1.371574, 1.813796, 1.707548, 1.303522, 1.526793, 0.78947, 1.420969, 2.095868, 1.919481, 2.331764, 1.569068, 2.730053, 2.118423, 1.3928, 0.890808, 2.099628, 0, 0.795233, 1.519139, 1.235044, 3.821089, 2.972798, 2.665257, 2.923921, 2.300968, 2.967858, 2.303403, 2.899206, 2.342196, 1.093057, 2.383012
4.191951, 1.245612, 1.189997, 1.143796, 0.707051, 0.949462, 0.686496, 0.587082, 0.812276, 0.932014, 0.836831, 1.379001, 0.924598, 2.429568, 1.271411, 1.953286, 1.210597, 0.838343, 0.705724, 0.564998, 0.698181, 1.052193, 1.549083, 1.055095, 0.60768, 1.826625, 0.743623, 1.113591, 0.728018, 0.82729, 0.668152, 0.410452, 1.099805, 0.987115, 0.676014, 0.715366, 0.929786, 0.768571, 0.605462, 0.800434, 0.618233, 0.710472, 1.135303, 0.676652, 0.66188, 0.844381, 1.114979, 0.945945, 1.043928, 0.740359, 1.043576, 1.57183, 0.83533, 1.753086, 0.843964, 0.583021, 0.92616, 1.27608, 1.067658, 0.496834, 0.660396, 1.122041, 0.880488, 0.859931, 1.183029, 0.918392, 0.570781, 1.207306, 0.869031, 1.061283, 1.143484, 0.666772, 1.098417, 1.23491, 0.637294, 0.684301, 0.655006, 0.566279, 0.749882, 0.777843, 0.928444, 0.757007, 0.95876, 0.850058, 1.260655, 1.127188, 1.681886, 0.573609, 0.777035, 0.771364, 0.643467, 0.913728, 0.638791, 1.167705, 0.7448, 0.638548, 0.858834, 0.989376, 0.820596, 0.879336, 0.695356, 0.648283, 0.860677, 0.805682, 1.097219, 0.853894, 1.14337, 0.889573, 0.609004, 0.539546, 1.140671, 0.829607, 0, 0.869355, 0.621226, 1.079827, 0.998958, 0.740509, 1.278792, 1.110735, 1.212922, 1.197, 1.186153, 1.272619, 0.824731, 1.092687
5.743758, 2.389459, 1.547609, 2.243468, 0.73389, 1.246038, 1.006336, 0.726228, 0.432716, 1.720322, 1.930599, 1.746584, 1.326912, 3.886215, 1.812236, 3.60335, 1.517516, 1.603564, 0.765089, 0.753921, 1.342869, 1.292887, 2.149926, 1.743611, 0.67157, 4.489337, 1.119812, 2.974872, 0.888324, 1.215899, 0.932477, 0.661839, 1.456761, 1.143985, 1.002178, 1.071092, 2.100995, 1.054502, 0.637049, 0.987751, 0.698526, 1.035487, 2.177009, 1.260721, 0.44843, 1.428671, 1.919573, 1.026772, 2.307462, 0.930925, 0.991126, 2.445499, 0.444201, 3.380944, 1.360872, 1.034909, 1.133174, 2.293493, 1.55022, 0.368267, 1.122231, 1.964442, 1.068344, 1.382244, 1.938909, 1.133369, 0.995048, 2.408828, 2.469032, 2.270022, 2.369755, 1.875399, 2.70233, 2.438511, 0.794268, 0.767505, 0.591673, 0.469083, 0.698526, 1.665441, 1.283056, 1.116321, 1.119706, 1.442564, 1.865578, 1.910313, 3.662057, 1.200644, 1.660273, 1.135802, 0.988037, 2.021004, 0.802538, 1.556187, 0.797279, 0.861566, 0.848767, 1.108877, 1.038748, 1.32929, 0.726649, 0.7952, 1.369197, 1.269342, 1.595677, 0.825645, 1.892862, 1.451666, 1.102749, 0.90418, 1.356246, 1.353587, 0.640938, 0, 0.853264, 2.528422, 2.019227, 2.306148, 1.82995, 1.487945, 2.048649, 1.392562, 1.884909, 1.328685, 0.880576, 1.798558
5.826071, 2.711121, 1.465714, 1.83767, 0.976423, 0.813957, 0.701805, 0.776374, 0.658515, 1.817037, 2.167397, 1.813332, 1.411803, 3.486384, 1.438386, 3.449354, 1.417836, 1.71779, 0.622069, 0.442409, 1.548865, 1.578135, 2.161513, 1.792907, 0.722119, 3.389923, 1.331495, 2.509959, 0.616281, 0.652205, 0.462824, 0.546879, 1.646656, 0.537344, 0.677373, 0.387409, 1.613846, 0.722448, 0.794845, 0.972827, 0.692391, 1.253829, 1.559636, 0.899485, 0.588733, 0.521959, 1.178016, 0.632625, 1.547361, 0.75882, 0.801305, 2.070075, 0.595635, 3.436638, 1.107201, 0.476216, 0.867767, 2.025787, 1.81852, 0.557635, 0.600021, 1.541963, 0.769893, 1.161555, 1.916445, 0.840556, 0.889185, 2.500661, 2.425195, 2.217721, 2.464274, 1.969792, 2.018505, 2.040693, 0.412794, 0.529593, 0.780892, 0.742965, 0.821333, 1.728612, 1.423693, 1.198418, 1.091907, 1.279799, 1.564571, 1.742239, 2.606279, 0.59841, 1.150713, 0.945889, 0.674003, 2.195844, 0.442209, 1.134409, 0.715336, 0.61996, 0.865496, 0.951599, 0.373703, 0.709388, 0.55879, 0.616426, 1.319144, 1.169065, 1.115113, 0.526937, 1.768587, 0.939656, 0.490046, 0.444774, 0.85748, 1.174481, 0.489061, 1.061409, 0, 2.48396, 1.834705, 1.861825, 1.946931, 1.726371, 1.624549, 1.287816, 2.018285, 1.896962, 0.967794, 1.584353
0, 3.842647, 3.193736, 3.533571, 1.779763, 3.856894, 2.847659, 2.029132, 2.289513, 3.700052, 3.884637, 4.562446, 2.950398, 6.740531, 3.568786, 5.678749, 3.132735, 3.355948, 2.707247, 1.824017, 2.825147, 2.728547, 4.146044, 3.841401, 1.652115, 7.184537, 2.812047, 5.46874, 2.911891, 3.670025, 1.892151, 1.769612, 3.390267, 3.393597, 2.395956, 2.477164, 4.4063, 2.793237, 1.364026, 2.492698, 2.439643, 1.601893, 4.209739, 3.4655, 1.838389, 3.374224, 3.898581, 2.642053, 3.818742, 2.674868, 3.39011, 4.993132, 2.867419, 6.016313, 2.702257, 2.390557, 3.250668, 3.645546, 2.842692, 1.219262, 3.595475, 4.59596, 2.917454, 3.136295, 3.996408, 2.064694, 2.012097, 4.313384, 4.667512, 4.017466, 4.331009, 4.018978, 3.418453, 3.836486, 1.945019, 2.182338, 2.398867, 2.362434, 2.387299, 2.417728, 4.7594, 2.694448, 2.703624, 2.344867, 3.531545, 3.133694, 6.071845, 3.627918, 2.378692, 3.046419, 1.788726, 2.852379, 2.487561, 3.652754, 3.395891, 3.197458, 2.430117, 3.572457, 2.96957, 3.308888, 2.478028, 2.433546, 2.679175, 2.413809, 2.733347, 2.88686, 3.626351, 3.386284, 1.781216, 1.72232, 3.618109, 3.320948, 1.510406, 2.518396, 2.585339, 0, 3.529669, 3.418587, 3.439056, 2.791816, 3.578341, 2.880016, 3.873443, 2.753132, 1.771706, 3.151492
0, 3.321462, 2.299018, 3.493611, 1.502395, 3.306303, 2.351939, 1.70059, 1.913878, 2.994761, 3.35172, 3.563752, 2.340052, 5.571456, 3.212976, 6.077066, 2.743219, 3.00456, 1.958198, 1.880342, 2.686401, 2.029945, 3.315388, 2.56051, 1.254553, 6.530547, 2.045086, 4.854935, 2.173803, 3.12126, 1.466828, 1.536147, 2.785023, 2.908691, 2.066398, 2.101087, 4.246179, 2.675461, 1.176631, 2.034834, 2.042504, 1.386465, 3.181628, 2.852156, 1.52988, 2.955697, 3.729474, 2.285809, 3.360035, 2.217485, 2.646234, 3.928008, 2.479555, 4.82941, 2.259357, 1.998918, 3.008826, 3.781717, 3.074754, 1.123727, 2.792723, 3.854993, 2.784772, 2.844565, 3.121599, 1.719261, 1.594459, 3.534619, 4.339807, 3.468364, 3.533659, 3.292228, 3.471433, 3.357832, 2.166298, 1.62126, 2.068692, 2.031208, 1.903945, 2.881494, 3.855218, 2.039204, 2.296218, 2.36645, 3.283174, 2.739287, 6.465487, 3.085396, 2.246317, 2.560407, 1.379537, 2.77375, 2.02735, 3.229462, 3.083363, 2.841929, 2.095959, 2.573173, 2.45921, 2.97488, 2.057032, 1.829378, 2.403268, 1.549787, 2.513385, 2.169106, 2.930679, 2.572079, 1.356276, 1.39101, 3.338308, 2.528475, 1.100828, 1.954808, 1.787207, 4.038074, 0, 3.475709, 3.148451, 2.639724, 3.611057, 2.407056, 3.387636, 2.653853, 1.322572, 2.939617
7.357995, 3.661834, 2.441461, 3.460976, 1.25396, 2.453592, 2.041549, 1.295708, 1.540935, 2.927212, 3.120999, 2.938123, 2.060238, 5.433872, 3.131365, 5.757581, 3.256669, 2.640111, 1.87548, 1.580267, 2.274858, 2.350228, 3.738308, 2.827667, 1.364312, 5.296387, 2.182556, 4.233489, 2.118709, 2.759614, 1.517179, 1.554339, 2.440919, 2.315836, 1.359119, 1.761968, 3.860082, 1.842374, 0.967042, 1.538134, 2.355383, 1.15446, 3.193042, 2.57296, 1.835181, 2.865178, 3.219565, 2.416986, 3.603682, 1.927834, 2.512678, 3.667164, 2.394717, 4.433527, 2.478005, 1.806045, 2.759318, 3.955926, 2.401688, 1.020221, 2.998326, 4.158764, 2.692152, 2.410651, 2.830748, 2.095222, 1.99471, 3.290147, 3.687048, 2.878312, 3.436197, 3.074243, 3.006558, 3.652544, 1.946781, 1.012856, 1.943039, 1.465177, 2.152195, 2.102763, 3.615747, 1.869497, 2.227914, 2.249305, 3.515328, 2.813462, 5.327766, 2.902979, 2.040939, 2.37748, 1.272533, 2.924144, 2.207053, 2.922305, 2.792249, 2.75614, 1.837796, 2.487971, 2.386977, 3.247067, 2.1227, 2.004273, 2.303745, 1.757357, 2.564506, 1.987293, 2.847791, 2.676056, 1.621004, 1.384168, 3.824229, 2.580311, 1.118184, 1.955, 1.734901, 3.704083, 3.430151, 0, 3.015665, 2.53158, 3.60194, 2.281565, 3.324154, 2.624854, 1.411555, 2.817047
6.215422, 2.592241, 2.488184, 2.84967, 1.238859, 2.948909, 2.222147, 1.437143, 1.710984, 2.904293, 2.863148, 2.87247, 2.096853, 5.153007, 2.314147, 4.84223, 2.305199, 2.274612, 2.102279, 1.531918, 2.340875, 1.937304, 2.826558, 2.436571, 1.054026, 5.762589, 2.145829, 3.978843, 2.31284, 2.844707, 1.371529, 1.431694, 2.331628, 2.756986, 1.50296, 1.959887, 3.494866, 1.963282, 0.972242, 1.968617, 2.245152, 1.466036, 2.915036, 2.736854, 1.53067, 2.70213, 3.378574, 2.434407, 2.666034, 2.146804, 2.62578, 3.419165, 2.378244, 4.133943, 1.766756, 1.826124, 2.534269, 3.318183, 1.930121, 0.975488, 3.111453, 4.036937, 2.627527, 2.341447, 2.468338, 1.447013, 1.693118, 3.221534, 3.069245, 2.879094, 2.828317, 2.741736, 2.636136, 2.626251, 1.841222, 1.334463, 2.144272, 1.786321, 2.341421, 1.600325, 3.669696, 2.161936, 2.112215, 1.857814, 2.681699, 2.545275, 5.596229, 3.096482, 1.577679, 2.659306, 1.305904, 2.238686, 2.369516, 2.853468, 2.788879, 2.516309, 1.889181, 2.601134, 2.363445, 3.120313, 2.278911, 2.364118, 2.022714, 1.314321, 2.027456, 2.236581, 2.191643, 2.730291, 1.572726, 1.286041, 3.324764, 2.652989, 1.123646, 1.596763, 1.879058, 3.59191, 2.309622, 2.716178, 0, 2.537735, 2.723252, 1.966032, 2.689161, 1.963252, 1.177104, 2.45899
6.575298, 2.665219, 1.927614, 2.616647, 1.135607, 2.397399, 1.542737, 1.259356, 1.51859, 2.611419, 2.65663, 2.467345, 1.809423, 4.982761, 2.223782, 4.867304, 2.135448, 1.93994, 1.670636, 1.157466, 1.591906, 1.904175, 2.769157, 2.197323, 1.196226, 5.483038, 1.692948, 3.417734, 1.795813, 2.042466, 1.127608, 1.255323, 2.29603, 2.238116, 1.059318, 1.495093, 2.645644, 1.804468, 0.89035, 1.78958, 1.744507, 1.104669, 2.4444, 2.208188, 1.445223, 2.09008, 2.426595, 1.796231, 2.750071, 1.853725, 2.027828, 3.170029, 1.476799, 4.279556, 1.877389, 1.691796, 2.480752, 3.276129, 2.01192, 0.714482, 2.470872, 3.313504, 1.90215, 2.218966, 2.603415, 1.491857, 1.436366, 3.009778, 3.201223, 2.730453, 2.733578, 2.534849, 2.452331, 2.609029, 1.120458, 0.921823, 1.481752, 1.42052, 1.257151, 1.775816, 3.288653, 1.664747, 2.239817, 1.51228, 2.448917, 2.03174, 4.721415, 2.674519, 1.91085, 2.212487, 1.171174, 2.414943, 1.716985, 2.290447, 2.323318, 2.009157, 1.898319, 2.121383, 1.82127, 2.35098, 1.402029, 1.573144, 1.397287, 1.672396, 2.006997, 1.815844, 2.125444, 2.068961, 1.156681, 1.134804, 2.43726, 1.982394, 1.037355, 1.497445, 1.359175, 3.336725, 2.815974, 2.302041, 2.521239, 0, 2.819349, 1.916268, 2.72945, 1.943761, 0.970361, 2.113195
7.263609, 3.475876, 2.72054, 3.168325, 1.04285, 2.935938, 2.144176, 1.389711, 1.548161, 2.590049, 2.915193, 2.892228, 1.847271, 5.566473, 2.900454, 5.448935, 2.788856, 2.374287, 1.75182, 1.549506, 2.212401, 2.534223, 3.847812, 2.723199, 1.002477, 5.807714, 1.985207, 4.935572, 2.124214, 2.666692, 1.561368, 1.358421, 2.428279, 1.902054, 1.632644, 1.612945, 3.623834, 2.208218, 1.008946, 1.794251, 2.190193, 1.244303, 3.085217, 2.539115, 1.224394, 2.992515, 3.290494, 2.46156, 3.738255, 1.838695, 2.64495, 4.004872, 2.025068, 5.332151, 2.246251, 1.87684, 2.751484, 3.558149, 2.275757, 0.908335, 2.780599, 3.917931, 2.341077, 2.49539, 2.870316, 1.807486, 1.906548, 2.937004, 3.419334, 2.804701, 3.262586, 3.110744, 2.443975, 2.90016, 1.678491, 1.240128, 1.916038, 1.638576, 2.052343, 2.079944, 3.661591, 2.251092, 2.216784, 2.28138, 3.075967, 2.819476, 5.443473, 2.849067, 1.908034, 2.624428, 1.456872, 2.433341, 1.942854, 3.068283, 2.232601, 2.421531, 2.246163, 2.669012, 2.541315, 2.698649, 2.017756, 1.868378, 1.809385, 1.572904, 2.174953, 1.851636, 2.746602, 2.624162, 1.286096, 1.226546, 3.178584, 2.576249, 1.081896, 1.896979, 1.737793, 3.313441, 3.189735, 3.330454, 2.640906, 2.5951, 0, 1.973978, 3.163825, 2.199146, 1.449175, 2.416726
5.733856, 2.693742, 1.939935, 2.225375, 0.936592, 1.975785, 1.780323, 1.295731, 1.469466, 2.016239, 2.15258, 2.278527, 1.592977, 4.125043, 1.905925, 4.092796, 1.368906, 1.656044, 1.559826, 1.363128, 1.534369, 1.556524, 1.971035, 1.464668, 1.089849, 4.654601, 1.514379, 3.46512, 1.386845, 1.804478, 1.016292, 1.208974, 1.799459, 2.037918, 1.105451, 1.518288, 2.272308, 1.479602, 0.984918, 1.370964, 1.519641, 0.812101, 2.3182, 1.806402, 1.141831, 1.758317, 1.638948, 1.571602, 2.923369, 1.683896, 1.967308, 2.94878, 1.647815, 3.461447, 1.614193, 1.521018, 2.189947, 2.752636, 1.697435, 0.898802, 2.015826, 3.058461, 1.467208, 2.246018, 2.377325, 1.338395, 1.347566, 2.134671, 3.154591, 2.258205, 2.651047, 2.41805, 2.05547, 2.315238, 1.423731, 1.387749, 1.324985, 1.527297, 1.470763, 1.582733, 2.942333, 1.44822, 1.767245, 1.504059, 2.311617, 1.953114, 4.576836, 2.098076, 1.620151, 1.65035, 0.948439, 2.160156, 1.312118, 1.791099, 2.115815, 1.854655, 1.195051, 1.982313, 1.493769, 1.786668, 1.360294, 1.37042, 1.35899, 0.779355, 1.794213, 1.579039, 2.05175, 1.780786, 1.477316, 1.016768, 1.955195, 1.713812, 0.899141, 1.40998, 1.718972, 2.920616, 2.214062, 2.408674, 2.06691, 1.881433, 2.511425, 0, 2.581437, 1.811988, 0.924274, 2.043749
0, 3.549515, 2.752897, 3.696044, 1.453814, 3.112666, 1.865583, 1.326396, 1.570562, 2.892643, 3.554277, 3.197625, 2.419756, 5.620384, 2.838886, 5.814102, 2.935629, 2.700743, 2.006453, 1.551187, 2.151461, 2.36902, 3.926084, 2.828548, 1.130996, 6.033938, 1.942768, 4.066425, 2.110723, 2.41367, 1.598163, 1.252353, 2.573831, 2.355178, 1.430605, 1.585399, 3.491618, 1.930171, 0.924727, 1.546173, 2.252146, 1.30771, 3.335459, 2.947678, 1.341183, 2.729815, 3.223137, 2.261494, 3.420403, 1.983584, 2.480909, 3.647224, 2.138697, 4.415178, 2.195479, 1.832472, 2.567967, 3.765092, 2.634146, 0.917025, 2.567972, 4.104656, 2.400156, 2.481712, 2.906052, 1.925599, 1.431517, 4.032326, 3.735318, 3.183152, 3.513644, 3.599451, 3.162286, 3.742602, 1.903274, 1.250342, 1.56372, 1.821212, 1.684648, 2.494615, 3.508767, 2.081208, 2.144424, 2.31261, 3.377878, 2.879317, 5.385673, 2.733276, 2.170286, 2.424246, 1.364753, 3.009416, 1.787258, 2.828312, 2.524576, 2.187929, 1.911399, 2.266684, 2.035718, 3.017929, 1.578811, 2.135988, 2.448669, 1.888469, 2.675309, 2.022564, 3.09395, 2.779057, 1.309158, 1.472626, 3.103743, 2.628219, 1.128895, 1.90214, 1.667426, 4.219986, 3.182962, 3.336806, 3.253111, 2.634265, 3.994519, 2.53218, 0, 2.679502, 1.539003, 2.970628
6.510575, 2.37892, 2.053834, 2.631044, 1.083906, 2.312597, 1.629423, 1.124773, 1.357494, 2.791426, 2.391213, 2.349835, 1.780999, 4.719342, 2.241407, 4.617041, 1.854961, 1.976178, 1.50971, 1.218821, 1.657386, 1.975671, 2.829971, 1.912192, 1.164115, 5.162112, 1.991942, 3.686407, 1.765756, 2.093739, 1.411661, 1.071309, 2.085948, 2.196981, 1.580512, 1.788701, 2.754251, 1.663947, 0.839163, 1.590367, 1.941502, 1.003462, 2.508392, 1.747118, 0.979697, 2.07546, 2.622823, 1.958758, 2.660912, 1.759851, 2.054184, 3.183942, 1.38667, 3.489562, 1.637918, 1.439209, 2.320183, 2.884211, 1.556165, 1.047881, 2.242263, 3.347681, 1.7793, 2.280542, 1.924766, 1.475467, 1.117617, 2.638997, 2.785699, 2.586565, 2.736411, 2.512559, 2.389517, 2.482563, 1.285013, 1.120372, 1.663235, 1.790119, 1.40212, 1.579178, 2.845687, 1.954051, 1.793003, 1.532331, 2.210471, 1.958368, 4.28166, 2.313339, 1.560525, 1.860949, 1.127662, 2.424863, 1.93302, 2.099046, 2.077891, 1.964822, 1.403683, 2.220845, 2.127538, 2.263023, 1.514389, 1.980171, 1.468839, 0.806645, 1.7447, 1.79098, 1.868203, 2.19828, 1.40825, 1.248228, 2.254176, 2.024364, 0.989035, 1.504378, 1.452745, 3.36562, 2.362288, 2.063929, 2.18421, 2.323024, 2.609821, 1.917334, 2.762316, 0, 1.17998, 2.071465
5.517932, 1.776664, 1.366194, 1.81927, 0.872788, 1.059057, 0.921377, 0.800649, 0.859743, 1.527047, 2.088345, 1.402829, 0.945142, 3.437081, 1.802862, 3.424132, 1.536243, 1.305737, 0.846435, 0.801968, 1.091649, 1.243055, 1.720651, 1.56428, 0.618547, 3.134824, 0.942258, 2.155957, 1.207288, 1.192162, 0.722005, 0.798271, 0.901096, 1.240009, 0.953263, 0.893591, 1.521152, 1.032737, 0.731829, 0.984783, 0.808232, 0.904798, 1.676959, 1.207911, 0.703742, 1.174911, 1.43555, 0.994278, 1.714083, 0.93899, 1.267443, 1.715159, 0.958243, 2.984684, 0.995496, 0.899273, 1.441232, 2.204134, 1.255426, 0.677999, 1.128515, 1.340471, 1.265387, 0.949611, 1.663453, 0.579192, 0.895938, 1.797725, 2.035627, 1.576585, 2.011996, 1.250519, 1.646841, 1.772739, 0.771067, 0.726046, 0.933045, 1.164082, 0.909001, 1.317979, 1.199046, 1.157522, 1.143423, 0.831476, 1.743188, 1.544191, 3.0851, 1.251335, 0.895308, 1.048575, 0.72084, 1.301916, 1.04961, 1.4919, 1.128776, 1.147467, 1.105203, 1.215725, 0.919871, 1.123329, 0.965619, 0.687504, 1.160352, 1.136443, 1.194223, 1.145895, 1.411281, 1.193744, 0.945444, 0.831516, 1.228825, 1.218292, 0.753516, 1.027724, 0.984069, 2.277461, 1.783229, 1.604306, 1.656163, 1.405455, 1.860741, 1.132179, 1.900896, 0.920453, 0, 1.462873
7.833813, 2.693785, 2.000174, 3.14439, 1.052206, 2.293412, 1.795824, 1.421179, 1.633315, 2.894785, 3.020704, 2.480621, 1.724201, 5.304489, 2.037612, 4.15862, 2.191031, 1.815254, 1.711202, 1.597743, 2.114544, 1.779644, 2.946658, 2.205932, 1.046703, 5.608058, 1.86992, 3.823573, 2.008519, 2.377708, 1.310113, 1.42286, 2.120132, 2.193945, 1.339593, 1.534172, 3.861432, 1.666679, 0.931847, 1.552929, 1.701312, 1.359312, 2.81942, 2.564572, 1.249641, 2.49481, 2.653855, 1.989775, 2.763351, 1.629841, 2.245064, 3.170583, 1.862076, 3.756792, 1.890097, 1.501195, 2.183723, 2.843593, 1.883909, 0.92261, 2.380027, 3.499247, 2.067221, 2.040182, 2.642995, 1.524755, 1.340557, 2.935667, 3.037043, 2.563751, 2.909493, 2.619668, 2.377996, 2.466859, 1.345566, 1.287375, 1.917195, 1.811041, 1.758416, 1.870999, 3.427006, 1.683028, 2.014502, 1.595535, 2.542315, 1.932539, 5.084028, 2.461565, 1.48023, 2.165901, 1.209119, 2.278792, 1.566245, 2.630052, 2.184387, 2.19512, 1.736167, 2.373251, 1.83685, 2.518702, 1.508545, 1.517696, 1.75516, 1.172764, 2.015102, 1.623617, 1.971592, 1.885965, 1.124378, 1.011734, 2.756768, 2.124708, 0.992309, 1.708518, 1.636161, 3.396987, 2.618308, 2.409122, 2.577467, 1.758735, 2.685467, 1.957168, 2.525521, 1.792547, 1.021467, 0
