0, 0.09985841065645218, 0.24167479574680328, 0.36370936036109924, 0.17052209377288818, 0.0711202621459961, 0.2922236919403076, 0.21083234250545502, 0.1624329835176468, 0.4351983666419983, 0.2503461241722107, 0.1916632354259491, 0.2708965539932251, 0.2699907422065735, 0.27801477909088135, 0.26975536346435547, 0.2369357794523239, 0.2954535186290741, 0.1494353860616684, 0.3099059462547302, 0.46460574865341187, 0.1717478334903717, 0.25898146629333496, 0.2095847725868225, 0.1349816918373108, 0.037891969084739685, 0.18955771625041962, 0.30901890993118286, 0.19736963510513306, 0.2674238383769989, 0.18786801397800446, 0.23226894438266754, 0.27704524993896484, 0.18627940118312836, 0.18986093997955322, 0.20040768384933472, 0.29873567819595337, 0.2623089849948883, 0.2723289728164673, 0.10778465121984482, 0.09099382162094116, 0.1426437348127365, 0.07333913445472717, 0.19636863470077515, 0.23186124861240387, 0.21190200746059418, 0.44347643852233887, 0.14831453561782837, 0.17027993500232697, 0.17661894857883453, 0.1515987664461136, 0.09468691051006317, 0.07623422145843506, 0.21274760365486145, 0.17271599173545837, 0.2617734968662262, 0.17302820086479187, 0.30167049169540405, 0.21929898858070374, 0.2429262101650238, 0.17208950221538544, 0.2494281828403473, 0.25796109437942505, 0.1895664930343628, 0.2659742534160614, 0.16776727139949799, 0.15235775709152222, 0.26117315888404846, 0.32734766602516174, 0.2762185335159302, 0.1100044846534729, 0.2619239091873169, 0.20230481028556824, 0.22658687829971313, 0.27356597781181335, 0.21689128875732422, 0.16873525083065033, 0.13811971247196198, 0.26885154843330383, 0.19262872636318207, 0.1702153980731964, 0.24748577177524567, 0.2553168833255768, 0.16048967838287354, 0.06520727276802063, 0.3227567970752716, 0.015620902180671692, 0.27005916833877563, 0.097561314702034, 0.3054608404636383, 0.21408964693546295, 0.3113473951816559, 0.17175771296024323, 0.1780756264925003, 0.34618276357650757, 0.07583010196685791, 0.2531071901321411, 0.12918072938919067, 0.22341690957546234, 0.1784111112356186, 0.15331301093101501, 0.1277715563774109, 0.1775793582201004, 0.2725181579589844, 0.04616522789001465, 0.23900821805000305, 0.15088951587677002, 0.14547774195671082, 0.38027435541152954, 0.21427935361862183, 0.22430171072483063, 0.29291409254074097, 0.22586730122566223, 0.12380712479352951, 0.09055272489786148, 0.27349722385406494, 0.08487488329410553, 0.21034498512744904, 0.2509850561618805, 0.25440964102745056, 0.35264262557029724, 0.2398049533367157, 0.4018990993499756, 0.27533215284347534, 0.19540749490261078, 0.3455529808998108
0.26520320773124695, 0, 0.24308201670646667, 0.2476491928100586, 0.24601338803768158, 0.35577133297920227, 0.22193852066993713, 0.3352322280406952, 0.2974887490272522, 0.25367531180381775, 0.26482704281806946, 0.2872354984283447, 0.2844943404197693, 0.21749268472194672, 0.2719549536705017, 0.20018064975738525, 0.2624802589416504, 0.2395724505186081, 0.27881503105163574, 0.34638744592666626, 0.25971993803977966, 0.23946751654148102, 0.25485676527023315, 0.2601377069950104, 0.2326585054397583, 0.2364821434020996, 0.27318644523620605, 0.26715317368507385, 0.18243888020515442, 0.19550445675849915, 0.21318936347961426, 0.2813200354576111, 0.1911313533782959, 0.19765694439411163, 0.21127758920192719, 0.29779481887817383, 0.22761180996894836, 0.2525174021720886, 0.20059500634670258, 0.2781025171279907, 0.1523524820804596, 0.25725921988487244, 0.24008741974830627, 0.27115628123283386, 0.28522777557373047, 0.280063658952713, 0.30309703946113586, 0.2949790954589844, 0.24175642430782318, 0.2563989758491516, 0.3170984983444214, 0.24177946150302887, 0.14649377763271332, 0.15120463073253632, 0.1901930570602417, 0.32030439376831055, 0.19988027215003967, 0.2762996554374695, 0.20854519307613373, 0.19920311868190765, 0.3513666093349457, 0.3674749433994293, 0.2851451635360718, 0.24456126987934113, 0.2474343478679657, 0.24299177527427673, 0.3732996881008148, 0.23399412631988525, 0.23636624217033386, 0.18515625596046448, 0.23380272090435028, 0.26029396057128906, 0.18002645671367645, 0.20402058959007263, 0.6030411720275879, 0.27713915705680847, 0.2360348105430603, 0.21712104976177216, 0.226131871342659, 0.2473168522119522, 0.32632583379745483, 0.24782094359397888, 0.1696169227361679, 0.25823724269866943, 0.2635851800441742, 0.21902325749397278, 0.23211543262004852, 0.2652190327644348, 0.25217893719673157, 0.4041089415550232, 0.21006204187870026, 0.2626740634441376, 0.34735822677612305, 0.267936110496521, 0.3750063180923462, 0.3602690100669861, 0.30245769023895264, 0.2687864899635315, 0.20456181466579437, 0.308474600315094, 0.20850920677185059, 0.23940244317054749, 0.29235604405403137, 0.2672930955886841, 0.2777338922023773, 0.3158920407295227, 0.23572252690792084, 0.1725856065750122, 0.18327051401138306, 0.2553339898586273, 0.334466814994812, 0.33079415559768677, 0.2666732966899872, 0.2638848125934601, 0.21750102937221527, 0.270620733499527, 0.22539936006069183, 0.2825067341327667, 0.23960934579372406, 0.29712775349617004, 0.1486838310956955, 0.2818853259086609, 0.21262210607528687, 0.26200687885284424, 0.2752895951271057, 0.3265489339828491
0.32046183943748474, 0.2837356626987457, 0, 0.2426130473613739, 0.2055085450410843, 0.18360614776611328, 0.27548426389694214, 0.36466342210769653, 0.23680314421653748, 0.25485122203826904, 0.282225102186203, 0.3239193558692932, 0.2943142354488373, 0.30795061588287354, 0.24017822742462158, 0.258617639541626, 0.3446027636528015, 0.23038464784622192, 0.28903728723526, 0.4699428677558899, 0.24869492650032043, 0.2572261691093445, 0.295972615480423, 0.2732916474342346, 0.2486894577741623, 0.25395122170448303, 0.2872469127178192, 0.2668324112892151, 0.2830377519130707, 0.29892200231552124, 0.2460504174232483, 0.16303029656410217, 0.22715505957603455, 0.26068922877311707, 0.19686134159564972, 0.174299418926239, 0.3777274787425995, 0.2552144527435303, 0.19002032279968262, 0.41134217381477356, 0.2199961543083191, 0.1976640373468399, 0.2067139446735382, 0.2728693187236786, 0.362406849861145, 0.21164445579051971, 0.29109132289886475, 0.2205127626657486, 0.21439749002456665, 0.24869556725025177, 0.5401519536972046, 0.3317483067512512, 0.2896265387535095, 0.19423907995224, 0.2546789348125458, 0.3436685800552368, 0.24930675327777863, 0.21323415637016296, 0.32676804065704346, 0.2667352557182312, 0.4595336318016052, 0.3196713328361511, 0.25085586309432983, 0.22814612090587616, 0.3147577941417694, 0.28630006313323975, 0.27627748250961304, 0.23590412735939026, 0.22694183886051178, 0.3335072696208954, 0.25389108061790466, 0.3350723683834076, 0.25313007831573486, 0.26323628425598145, 0.5915067791938782, 0.3303638696670532, 0.32463037967681885, 0.24869249761104584, 0.3473799228668213, 0.23326250910758972, 0.2641940414905548, 0.27867966890335083, 0.24604496359825134, 0.24848681688308716, 0.23917071521282196, 0.2809028923511505, 0.22489294409751892, 0.5033338069915771, 0.2284201681613922, 0.35336554050445557, 0.18764746189117432, 0.252254843711853, 0.5548733472824097, 0.17544817924499512, 0.47728243470191956, 0.3471565842628479, 0.2961388826370239, 0.3330953121185303, 0.23825763165950775, 0.32189613580703735, 0.39240118861198425, 0.35793548822402954, 0.30276429653167725, 0.2778525650501251, 0.28258270025253296, 0.6098208427429199, 0.29543426632881165, 0.31356772780418396, 0.36283448338508606, 0.2784545421600342, 0.2998676300048828, 0.41757112741470337, 0.17961156368255615, 0.2460126280784607, 0.44636645913124084, 0.3180089294910431, 0.2853577136993408, 0.3194315433502197, 0.2644045352935791, 0.29524940252304077, 0.28046929836273193, 0.3319123685359955, 0.29893752932548523, 0.2681412696838379, 0.29141128063201904, 0.337361216545105
0.2919878661632538, 0.3217204809188843, 0.21231374144554138, 0, 0.269539475440979, 0.31663748621940613, 0.28190508484840393, 0.3353671133518219, 0.33763325214385986, 0.29778894782066345, 0.36329159140586853, 0.1775229573249817, 0.27654993534088135, 0.2642138600349426, 0.29618650674819946, 0.3504788279533386, 0.32968997955322266, 0.27459728717803955, 0.20463615655899048, 0.4237198829650879, 0.31315088272094727, 0.29139944911003113, 0.22495117783546448, 0.33301037549972534, 0.2975839674472809, 0.266117125749588, 0.31279456615448, 0.27673885226249695, 0.22781608998775482, 0.25972282886505127, 0.23079277575016022, 0.24043604731559753, 0.2812015414237976, 0.23535189032554626, 0.45984888076782227, 0.23661592602729797, 0.2564481198787689, 0.33513984084129333, 0.26125556230545044, 0.28406694531440735, 0.17896023392677307, 0.2634204030036926, 0.33797651529312134, 0.250649094581604, 0.4994525909423828, 0.3439180254936218, 0.3606002926826477, 0.20855866372585297, 0.2363739162683487, 0.22612254321575165, 0.3778020441532135, 0.34255272150039673, 0.19643574953079224, 0.2601684331893921, 0.21623247861862183, 0.4905884861946106, 0.2972134053707123, 0.3276100754737854, 0.32898446917533875, 0.15149922668933868, 0.5052646398544312, 0.29102444648742676, 0.41394925117492676, 0.26279693841934204, 0.28907206654548645, 0.32875174283981323, 0.27910155057907104, 0.23106437921524048, 0.2254846841096878, 0.26382508873939514, 0.25746220350265503, 0.24703972041606903, 0.21638625860214233, 0.3573612570762634, 0.481717973947525, 0.35283201932907104, 0.31514784693717957, 0.2492104172706604, 0.3336857557296753, 0.3075654208660126, 0.27496904134750366, 0.23682951927185059, 0.2882821261882782, 0.29445403814315796, 0.29279404878616333, 0.2686750292778015, 0.42204153537750244, 0.45167505741119385, 0.2644716501235962, 0.4164202809333801, 0.32858091592788696, 0.3112952411174774, 0.5062162280082703, 0.2952074408531189, 0.32805049419403076, 0.4231020212173462, 0.21967880427837372, 0.25353625416755676, 0.28880760073661804, 0.37299394607543945, 0.33752694725990295, 0.32836592197418213, 0.25132620334625244, 0.26437830924987793, 0.2878825068473816, 0.3577733039855957, 0.31657910346984863, 0.25358152389526367, 0.28836628794670105, 0.27289772033691406, 0.38513195514678955, 0.3221064805984497, 0.249475359916687, 0.20588365197181702, 0.3023611009120941, 0.2080771028995514, 0.303166002035141, 0.28850340843200684, 0.3084758520126343, 0.25265219807624817, 0.2168816179037094, 0.22915291786193848, 0.29123952984809875, 0.31083446741104126, 0.2566240131855011, 0.22112852334976196
0.3204927444458008, 0.33158519864082336, 0.27254265546798706, 0.2280026525259018, 0, 0.22622014582157135, 0.2667352557182312, 0.2055351734161377, 0.22621998190879822, 0.30597808957099915, 0.26422813534736633, 0.26421716809272766, 0.24074210226535797, 0.2421722710132599, 0.1960398405790329, 0.297512948513031, 0.22543390095233917, 0.23654581606388092, 0.22622014582157135, 0.2641999125480652, 0.21034090220928192, 0.2952152490615845, 0.2584306597709656, 0.2357144057750702, 0.20817427337169647, 0.29397308826446533, 0.23014193773269653, 0.21670426428318024, 0.23722177743911743, 0.22622013092041016, 0.3047207295894623, 0.25079312920570374, 0.26332324743270874, 0.2142605185508728, 0.19923123717308044, 0.22622014582157135, 0.2272896021604538, 0.2667352557182312, 0.27076756954193115, 0.24404245615005493, 0.12473201751708984, 0.28876835107803345, 0.2667335271835327, 0.24963949620723724, 0.22622014582157135, 0.26065224409103394, 0.2115403264760971, 0.200702503323555, 0.2824872136116028, 0.26672986149787903, 0.20895586907863617, 0.31273579597473145, 0.184996098279953, 0.19682270288467407, 0.22800466418266296, 0.19923128187656403, 0.24951857328414917, 0.27880075573921204, 0.3047344386577606, 0.264207661151886, 0.27239641547203064, 0.19923141598701477, 0.3047207295894623, 0.2866706848144531, 0.16042828559875488, 0.2559073567390442, 0.24605035781860352, 0.21004055440425873, 0.29983067512512207, 0.2460176944732666, 0.2563537359237671, 0.2653545141220093, 0.26161712408065796, 0.2814701199531555, 0.2636793255805969, 0.2486894577741623, 0.2142617106437683, 0.18069680035114288, 0.2212095707654953, 0.24868974089622498, 0.18441535532474518, 0.248326376080513, 0.3486335873603821, 0.3132724463939667, 0.2946942448616028, 0.2866707444190979, 0.2862560451030731, 0.23183105885982513, 0.25880032777786255, 0.2507798373699188, 0.22622014582157135, 0.30597880482673645, 0.21175594627857208, 0.21969006955623627, 0.23356476426124573, 0.20818763971328735, 0.26673516631126404, 0.22622014582157135, 0.21034090220928192, 0.2217063456773758, 0.21034088730812073, 0.1498047113418579, 0.2537434697151184, 0.2585524320602417, 0.2462947815656662, 0.18912804126739502, 0.3132716417312622, 0.20500904321670532, 0.19001908600330353, 0.2636793851852417, 0.29473644495010376, 0.2280067503452301, 0.2667352557182312, 0.20850875973701477, 0.24549052119255066, 0.22867009043693542, 0.2952234148979187, 0.29522716999053955, 0.21533939242362976, 0.2337576001882553, 0.19545342028141022, 0.30465078353881836, 0.20128914713859558, 0.2365563064813614, 0.21034090220928192, 0.2742632329463959
0.34671229124069214, 0.2821030616760254, 0.2124967724084854, 0.2965039014816284, 0.16292622685432434, 0, 0.22165900468826294, 0.208065003156662, 0.19922702014446259, 0.22564877569675446, 0.2585088610649109, 0.25525474548339844, 0.24548006057739258, 0.14574837684631348, 0.2571966350078583, 0.2505055069923401, 0.2436993569135666, 0.19078628718852997, 0.17519418895244598, 0.2216590791940689, 0.2859604060649872, 0.21639694273471832, 0.22951941192150116, 0.22915038466453552, 0.16239327192306519, 0.2879788875579834, 0.2507852017879486, 0.1815587431192398, 0.17800313234329224, 0.24708519876003265, 0.23972296714782715, 0.17299622297286987, 0.26643484830856323, 0.25471746921539307, 0.2216586321592331, 0.22165389358997345, 0.18738585710525513, 0.23972012102603912, 0.17514154314994812, 0.1633232980966568, 0.19473430514335632, 0.17320117354393005, 0.2663792669773102, 0.30863213539123535, 0.11641164124011993, 0.19930650293827057, 0.24815653264522552, 0.19204455614089966, 0.25550147891044617, 0.2689640522003174, 0.3062604069709778, 0.24406825006008148, 0.20963150262832642, 0.24856244027614594, 0.23661161959171295, 0.1272965371608734, 0.25200697779655457, 0.2314145565032959, 0.2428821623325348, 0.22446024417877197, 0.20222298800945282, 0.20426596701145172, 0.255161851644516, 0.24518288671970367, 0.20109307765960693, 0.21243563294410706, 0.19001707434654236, 0.3159940838813782, 0.1874772310256958, 0.3151922821998596, 0.2693864405155182, 0.30746161937713623, 0.24412281811237335, 0.28665024042129517, 0.23854437470436096, 0.16848494112491608, 0.2172626554965973, 0.1480080485343933, 0.21253272891044617, 0.23991045355796814, 0.15027594566345215, 0.15353062748908997, 0.2670871615409851, 0.244512677192688, 0.23720845580101013, 0.2284945696592331, 0.2485525757074356, 0.1735164225101471, 0.2585599422454834, 0.2420806586742401, 0.2173381745815277, 0.23282527923583984, 0.18107575178146362, 0.23971785604953766, 0.19674848020076752, 0.2476370632648468, 0.24617891013622284, 0.2691287100315094, 0.22289413213729858, 0.20351944863796234, 0.23974381387233734, 0.23836727440357208, 0.24427706003189087, 0.2272285670042038, 0.23581793904304504, 0.23359781503677368, 0.24657167494297028, 0.1754811406135559, 0.1630307137966156, 0.28806525468826294, 0.16376079618930817, 0.2118663340806961, 0.24821315705776215, 0.20177222788333893, 0.39219313859939575, 0.23159049451351166, 0.26025620102882385, 0.26717302203178406, 0.21437905728816986, 0.28684622049331665, 0.3127323389053345, 0.23712947964668274, 0.23701880872249603, 0.27835342288017273, 0.21265780925750732, 0.29074034094810486
0.2653125822544098, 0.28633031249046326, 0.2156752049922943, 0.27041080594062805, 0.2606108486652374, 0.2415584921836853, 0, 0.23045143485069275, 0.23477180302143097, 0.1911507546901703, 0.34295397996902466, 0.29385295510292053, 0.2097902148962021, 0.2509908378124237, 0.23671138286590576, 0.2631625831127167, 0.26058733463287354, 0.21523010730743408, 0.3157900273799896, 0.3047207295894623, 0.348129540681839, 0.28246206045150757, 0.18067288398742676, 0.256703644990921, 0.2807563841342926, 0.3103146255016327, 0.2399461567401886, 0.2097562700510025, 0.23994585871696472, 0.2521640956401825, 0.26063072681427, 0.26673367619514465, 0.23655644059181213, 0.23571589589118958, 0.24605035781860352, 0.2579757571220398, 0.23751136660575867, 0.2606305480003357, 0.28876835107803345, 0.29861587285995483, 0.2171676605939865, 0.32528308033943176, 0.2148531973361969, 0.26670950651168823, 0.2399452179670334, 0.30472204089164734, 0.35932862758636475, 0.3047207295894623, 0.23771128058433533, 0.24869772791862488, 0.20404726266860962, 0.20809578895568848, 0.2667348384857178, 0.2478163093328476, 0.21748612821102142, 0.2667352557182312, 0.2552396357059479, 0.3111124634742737, 0.2570574879646301, 0.3047207295894623, 0.26063036918640137, 0.26704543828964233, 0.26673293113708496, 0.3132725954055786, 0.295491099357605, 0.2727571725845337, 0.24605035781860352, 0.2108808308839798, 0.2379205971956253, 0.3136216700077057, 0.2701399624347687, 0.27424436807632446, 0.26617830991744995, 0.23704808950424194, 0.24605034291744232, 0.2486894577741623, 0.3071676194667816, 0.23791563510894775, 0.2606305480003357, 0.25136229395866394, 0.20014728605747223, 0.2642055153846741, 0.257304847240448, 0.25418993830680847, 0.27352190017700195, 0.2773205041885376, 0.21880799531936646, 0.2883058190345764, 0.21216364204883575, 0.18107721209526062, 0.27099430561065674, 0.3261907994747162, 0.2544129192829132, 0.3151714503765106, 0.20806536078453064, 0.25111788511276245, 0.28668493032455444, 0.17690488696098328, 0.22622014582157135, 0.2606304883956909, 0.208794966340065, 0.2664389908313751, 0.2897571921348572, 0.24222040176391602, 0.29522961378097534, 0.17439232766628265, 0.2439759522676468, 0.24350012838840485, 0.228072851896286, 0.21687230467796326, 0.3119308650493622, 0.26660752296447754, 0.3047207295894623, 0.22212539613246918, 0.29080283641815186, 0.23454858362674713, 0.21035096049308777, 0.2519521713256836, 0.22269436717033386, 0.22344328463077545, 0.21657459437847137, 0.295463502407074, 0.22472840547561646, 0.3041243851184845, 0.28876835107803345, 0.284139484167099
0.3051818609237671, 0.26428791880607605, 0.3132724463939667, 0.3057272732257843, 0.21907132863998413, 0.2537376582622528, 0.2667352557182312, 0, 0.2667352557182312, 0.2514823079109192, 0.26453179121017456, 0.28277072310447693, 0.2952266037464142, 0.30160802602767944, 0.2952266037464142, 0.2597092390060425, 0.29518812894821167, 0.28121525049209595, 0.24605035781860352, 0.2667352557182312, 0.16222748160362244, 0.2547115683555603, 0.2576051950454712, 0.2807663381099701, 0.24869439005851746, 0.2615872621536255, 0.28876835107803345, 0.2552576959133148, 0.21936757862567902, 0.2572411298751831, 0.26673656702041626, 0.2667352557182312, 0.29218488931655884, 0.26673388481140137, 0.24341273307800293, 0.24869272112846375, 0.2416197657585144, 0.2534032464027405, 0.3047173023223877, 0.3047207295894623, 0.23546522855758667, 0.2922089993953705, 0.304720938205719, 0.25102347135543823, 0.2667352557182312, 0.3047207295894623, 0.24550220370292664, 0.3047207295894623, 0.29522988200187683, 0.24869383871555328, 0.2667350769042969, 0.18654684722423553, 0.2667352557182312, 0.3524807095527649, 0.3047207295894623, 0.2507931590080261, 0.23053422570228577, 0.25724220275878906, 0.2952266037464142, 0.2667352557182312, 0.2667352557182312, 0.15239332616329193, 0.3047207295894623, 0.26420560479164124, 0.3225950002670288, 0.3047207295894623, 0.28876835107803345, 0.2521176040172577, 0.29996928572654724, 0.3047182857990265, 0.25723686814308167, 0.2639327645301819, 0.26391106843948364, 0.31325188279151917, 0.24605035781860352, 0.2667352557182312, 0.30472132563591003, 0.12520138919353485, 0.24605035781860352, 0.25087279081344604, 0.18037743866443634, 0.30362993478775024, 0.27783268690109253, 0.2952266037464142, 0.29617854952812195, 0.3003750741481781, 0.261439710855484, 0.208065003156662, 0.2572411298751831, 0.2887682318687439, 0.2667352557182312, 0.27062907814979553, 0.2080652117729187, 0.31594693660736084, 0.30946478247642517, 0.208065003156662, 0.3047207295894623, 0.2141558825969696, 0.2667352557182312, 0.23972254991531372, 0.208065003156662, 0.2667352557182312, 0.3047207295894623, 0.24799376726150513, 0.2952267825603485, 0.208065003156662, 0.3132724165916443, 0.302672803401947, 0.2667352557182312, 0.266853004693985, 0.2493664026260376, 0.25606754422187805, 0.3047207295894623, 0.3047206997871399, 0.20196014642715454, 0.24838849902153015, 0.3132794499397278, 0.3114283084869385, 0.2908010482788086, 0.2771798372268677, 0.27275732159614563, 0.3059479296207428, 0.23656897246837616, 0.2603297531604767, 0.18231312930583954, 0.3047844469547272
0.43745726346969604, 0.26328715682029724, 0.29522544145584106, 0.24875883758068085, 0.3042218089103699, 0.26326754689216614, 0.2682318687438965, 0.2883055508136749, 0, 0.29586029052734375, 0.23657354712486267, 0.3073159158229828, 0.3047207295894623, 0.3109111189842224, 0.32182490825653076, 0.263515830039978, 0.29123374819755554, 0.1985708326101303, 0.36283448338508606, 0.26673513650894165, 0.31510889530181885, 0.25826215744018555, 0.27349457144737244, 0.2159195989370346, 0.2507931590080261, 0.3462895452976227, 0.3104074001312256, 0.24596291780471802, 0.2706424295902252, 0.2667352557182312, 0.2883148193359375, 0.18107615411281586, 0.17411428689956665, 0.2548062801361084, 0.30990466475486755, 0.3844352066516876, 0.24160486459732056, 0.19216585159301758, 0.24605035781860352, 0.208065003156662, 0.21034088730812073, 0.27769529819488525, 0.372857928276062, 0.2667350769042969, 0.30120420455932617, 0.2460503727197647, 0.2718811333179474, 0.33333712816238403, 0.18023689091205597, 0.15914510190486908, 0.18935269117355347, 0.3501448631286621, 0.2813544273376465, 0.30485326051712036, 0.2638882100582123, 0.21853536367416382, 0.2541840672492981, 0.33481481671333313, 0.252716064453125, 0.19216583669185638, 0.3218809962272644, 0.2790002226829529, 0.20806138217449188, 0.28425687551498413, 0.31205087900161743, 0.3132721185684204, 0.2348833829164505, 0.29158836603164673, 0.27018168568611145, 0.2792614698410034, 0.277881383895874, 0.21244613826274872, 0.2624383568763733, 0.29522332549095154, 0.36283445358276367, 0.22964507341384888, 0.18445564806461334, 0.18022601306438446, 0.3042218089103699, 0.28883230686187744, 0.30421000719070435, 0.26673510670661926, 0.254075825214386, 0.3127462863922119, 0.21075759828090668, 0.3132723569869995, 0.19044935703277588, 0.407584547996521, 0.242710143327713, 0.4055826961994171, 0.2507932484149933, 0.28658390045166016, 0.3728375732898712, 0.2720324397087097, 0.24915802478790283, 0.32576456665992737, 0.2667352557182312, 0.30138254165649414, 0.2507931590080261, 0.39151376485824585, 0.3728369474411011, 0.19216591119766235, 0.3747103810310364, 0.2866706848144531, 0.29245784878730774, 0.32980412244796753, 0.31327176094055176, 0.3350825905799866, 0.24552421271800995, 0.32576483488082886, 0.23488156497478485, 0.23014093935489655, 0.2507932186126709, 0.2949129641056061, 0.3728375732898712, 0.2953103482723236, 0.2907291352748871, 0.23680666089057922, 0.23015980422496796, 0.2952214479446411, 0.23655427992343903, 0.2425459921360016, 0.23002316057682037, 0.2538505792617798, 0.25082719326019287, 0.28544071316719055
0.34538596868515015, 0.34907931089401245, 0.2773738503456116, 0.2631648778915405, 0.23319002985954285, 0.21117396652698517, 0.2137788087129593, 0.3775321841239929, 0.3418562114238739, 0, 0.1993924081325531, 0.23899923264980316, 0.21496249735355377, 0.21743106842041016, 0.2378912717103958, 0.33881455659866333, 0.2961139678955078, 0.22365649044513702, 0.2897140383720398, 0.29898595809936523, 0.25884872674942017, 0.3007034957408905, 0.22569352388381958, 0.27420052886009216, 0.212080180644989, 0.2549571990966797, 0.32149791717529297, 0.2618532180786133, 0.1979542374610901, 0.2521410584449768, 0.3155798614025116, 0.19685566425323486, 0.20158594846725464, 0.2684303820133209, 0.41286763548851013, 0.30520105361938477, 0.28359904885292053, 0.36805129051208496, 0.22747842967510223, 0.44767677783966064, 0.1905927211046219, 0.17748160660266876, 0.17524123191833496, 0.21195608377456665, 0.3276772201061249, 0.24879539012908936, 0.2631590962409973, 0.310676634311676, 0.23563788831233978, 0.2327902913093567, 0.265113890171051, 0.27900877594947815, 0.25546079874038696, 0.2633393406867981, 0.17645511031150818, 0.2711286246776581, 0.2511500418186188, 0.20711614191532135, 0.27621474862098694, 0.2507931590080261, 0.3277614414691925, 0.23246780037879944, 0.38090044260025024, 0.2961425185203552, 0.27909883856773376, 0.2327541559934616, 0.3064579367637634, 0.2819375693798065, 0.2874640226364136, 0.24212715029716492, 0.28036776185035706, 0.29355889558792114, 0.2705147862434387, 0.33998847007751465, 0.3505694270133972, 0.2612173855304718, 0.3283731937408447, 0.2133502960205078, 0.3524792194366455, 0.28834018111228943, 0.27732551097869873, 0.25742489099502563, 0.21957069635391235, 0.2681824862957001, 0.24307644367218018, 0.2245800495147705, 0.36153918504714966, 0.3116816282272339, 0.2666838765144348, 0.2511794865131378, 0.23273149132728577, 0.34686821699142456, 0.35631483793258667, 0.314652681350708, 0.36627641320228577, 0.30784881114959717, 0.21052010357379913, 0.34145116806030273, 0.30874738097190857, 0.33683764934539795, 0.30833888053894043, 0.28564608097076416, 0.29366374015808105, 0.1510828733444214, 0.32529371976852417, 0.38191092014312744, 0.274594247341156, 0.2431599646806717, 0.4108254909515381, 0.41050559282302856, 0.36956870555877686, 0.31795328855514526, 0.19831730425357819, 0.3162917494773865, 0.4599403440952301, 0.26154008507728577, 0.22126324474811554, 0.2611764371395111, 0.2741015553474426, 0.23449166119098663, 0.1961347609758377, 0.28908440470695496, 0.28109943866729736, 0.27929309010505676, 0.28769928216934204, 0.2474554479122162
0.3178538680076599, 0.2821215093135834, 0.20529396831989288, 0.27456194162368774, 0.22844752669334412, 0.3824736475944519, 0.2779560983181, 0.36300310492515564, 0.19864730536937714, 0.22992824018001556, 0, 0.23232203722000122, 0.2100035548210144, 0.2937888205051422, 0.2785787582397461, 0.21476763486862183, 0.29566967487335205, 0.2466161847114563, 0.23714126646518707, 0.30495235323905945, 0.2113434374332428, 0.23494817316532135, 0.28874000906944275, 0.2414054423570633, 0.25470584630966187, 0.29261454939842224, 0.2055911272764206, 0.2369713932275772, 0.2924674451351166, 0.2576018273830414, 0.2611721158027649, 0.24712340533733368, 0.2571205496788025, 0.3007242679595947, 0.24133658409118652, 0.27813607454299927, 0.17857487499713898, 0.26177045702934265, 0.22189341485500336, 0.25315698981285095, 0.20780988037586212, 0.13887271285057068, 0.25455254316329956, 0.37550002336502075, 0.3503583073616028, 0.3222856819629669, 0.311285138130188, 0.2823728322982788, 0.18944856524467468, 0.27016741037368774, 0.267919659614563, 0.29581043124198914, 0.24388837814331055, 0.36899542808532715, 0.23610827326774597, 0.2699904441833496, 0.20034648478031158, 0.27594614028930664, 0.32275885343551636, 0.25723329186439514, 0.4597321152687073, 0.38653022050857544, 0.2137778252363205, 0.2985188961029053, 0.25187140703201294, 0.3014541268348694, 0.2085675150156021, 0.24495448172092438, 0.2646618187427521, 0.2222936749458313, 0.24552418291568756, 0.23650090396404266, 0.19932016730308533, 0.25613337755203247, 0.3624923825263977, 0.2120799422264099, 0.1958850920200348, 0.27497684955596924, 0.2434491664171219, 0.27021440863609314, 0.223169207572937, 0.2281501442193985, 0.29228872060775757, 0.20574669539928436, 0.22077903151512146, 0.22953125834465027, 0.28141161799430847, 0.4239533543586731, 0.2532922625541687, 0.47845658659935, 0.29106348752975464, 0.3017823398113251, 0.2663484215736389, 0.31300729513168335, 0.39074674248695374, 0.25946134328842163, 0.38249439001083374, 0.2301321178674698, 0.3207443952560425, 0.31245508790016174, 0.27880018949508667, 0.3025816082954407, 0.1637171506881714, 0.17487239837646484, 0.23915591835975647, 0.5873225927352905, 0.26113882660865784, 0.22932168841362, 0.20820188522338867, 0.3437632918357849, 0.20443502068519592, 0.2967455983161926, 0.22755855321884155, 0.20638415217399597, 0.40587782859802246, 0.24740968644618988, 0.27697327733039856, 0.30008557438850403, 0.20451778173446655, 0.25536784529685974, 0.24594154953956604, 0.23388352990150452, 0.29379701614379883, 0.2636306583881378, 0.3017210066318512, 0.2393474280834198
0.2544308006763458, 0.29700762033462524, 0.2678782343864441, 0.22201184928417206, 0.18006694316864014, 0.2527562379837036, 0.2748227119445801, 0.23962971568107605, 0.22404249012470245, 0.2436293363571167, 0.2199510633945465, 0, 0.24249878525733948, 0.4575912356376648, 0.23861144483089447, 0.30156826972961426, 0.23302072286605835, 0.22969891130924225, 0.2553239166736603, 0.3565331697463989, 0.2223075032234192, 0.2803499698638916, 0.2949996888637543, 0.2529229521751404, 0.20437143743038177, 0.3178175389766693, 0.33862367272377014, 0.27687010169029236, 0.24819022417068481, 0.27759483456611633, 0.2120947390794754, 0.2396298050880432, 0.3487663269042969, 0.2518463730812073, 0.4175623655319214, 0.27998626232147217, 0.28972798585891724, 0.29330676794052124, 0.24818144738674164, 0.49350619316101074, 0.23882605135440826, 0.17923779785633087, 0.1435592770576477, 0.15821900963783264, 0.3770780861377716, 0.25080928206443787, 0.23624581098556519, 0.27710092067718506, 0.24268771708011627, 0.18264590203762054, 0.36363375186920166, 0.2690609097480774, 0.29633626341819763, 0.23853927850723267, 0.17053738236427307, 0.25800418853759766, 0.18410035967826843, 0.18844129145145416, 0.2843567728996277, 0.2914089560508728, 0.4692177474498749, 0.2135792225599289, 0.21138323843479156, 0.2596640884876251, 0.3534669876098633, 0.1927957534790039, 0.25142067670822144, 0.2872869074344635, 0.17374780774116516, 0.28557753562927246, 0.18949081003665924, 0.16676244139671326, 0.3219843804836273, 0.24846869707107544, 0.3665919303894043, 0.3122469484806061, 0.389066219329834, 0.2683016061782837, 0.24818143248558044, 0.2538129985332489, 0.2819332480430603, 0.22669506072998047, 0.18508587777614594, 0.19398267567157745, 0.2500096559524536, 0.19990192353725433, 0.1675085723400116, 0.36386561393737793, 0.21190465986728668, 0.4355243146419525, 0.2702082395553589, 0.2803291976451874, 0.32592493295669556, 0.2677449882030487, 0.327518105506897, 0.2894652485847473, 0.2827674150466919, 0.41060739755630493, 0.3012903034687042, 0.3526398539543152, 0.2902986407279968, 0.37707722187042236, 0.22795544564723969, 0.2001388669013977, 0.30386480689048767, 0.35420048236846924, 0.30337899923324585, 0.28932836651802063, 0.277096688747406, 0.19695112109184265, 0.2334965318441391, 0.2785789966583252, 0.23429837822914124, 0.2531532049179077, 0.3082907497882843, 0.24332544207572937, 0.31518492102622986, 0.3567727208137512, 0.25235116481781006, 0.273658812046051, 0.20701023936271667, 0.28136467933654785, 0.3473409414291382, 0.2856399416923523, 0.2082413285970688, 0.3293909728527069
0.3214743137359619, 0.2927383780479431, 0.23044876754283905, 0.29909390211105347, 0.1900191456079483, 0.21486200392246246, 0.2901729941368103, 0.5921186208724976, 0.26744934916496277, 0.2628142535686493, 0.28322699666023254, 0.29033902287483215, 0, 0.35405564308166504, 0.21739374101161957, 0.21238528192043304, 0.2860097289085388, 0.25975629687309265, 0.23830460011959076, 0.4347420334815979, 0.23768293857574463, 0.3038518726825714, 0.2589477300643921, 0.28189918398857117, 0.2486894577741623, 0.3048303723335266, 0.29260316491127014, 0.33541104197502136, 0.23278403282165527, 0.25635963678359985, 0.2526838183403015, 0.2747073471546173, 0.19030404090881348, 0.4056750535964966, 0.3770815134048462, 0.2719625234603882, 0.3818102180957794, 0.3787717819213867, 0.1922774463891983, 0.32977911829948425, 0.2152291238307953, 0.18606647849082947, 0.285332053899765, 0.31798139214515686, 0.3276634216308594, 0.30419930815696716, 0.25732657313346863, 0.40215712785720825, 0.28702282905578613, 0.33454370498657227, 0.3254168629646301, 0.2987525463104248, 0.27848002314567566, 0.3123857378959656, 0.254019558429718, 0.3130590319633484, 0.2757185101509094, 0.2490915209054947, 0.31039541959762573, 0.29141131043434143, 0.663277804851532, 0.3290971517562866, 0.290012001991272, 0.3099876046180725, 0.22358480095863342, 0.3292612135410309, 0.32193130254745483, 0.22727146744728088, 0.244271919131279, 0.30213841795921326, 0.3094058632850647, 0.2075919657945633, 0.25874075293540955, 0.3090311884880066, 0.35453206300735474, 0.41119563579559326, 0.3628343939781189, 0.2365507036447525, 0.2482464760541916, 0.3133048713207245, 0.2242039442062378, 0.2725268006324768, 0.23882099986076355, 0.33092793822288513, 0.2685072720050812, 0.28816190361976624, 0.38876277208328247, 0.4200628101825714, 0.3025520443916321, 0.36688876152038574, 0.29141131043434143, 0.3293314278125763, 0.3811293840408325, 0.2708321809768677, 0.3949640393257141, 0.43540245294570923, 0.31586337089538574, 0.24746523797512054, 0.2624439299106598, 0.3309206962585449, 0.3758206367492676, 0.37064242362976074, 0.31927186250686646, 0.21132579445838928, 0.2687997817993164, 0.39588984847068787, 0.31737446784973145, 0.3874058723449707, 0.45475274324417114, 0.4271315336227417, 0.4236593246459961, 0.32665500044822693, 0.24552491307258606, 0.23178549110889435, 0.4623025059700012, 0.24817784130573273, 0.3298535645008087, 0.3236273527145386, 0.25210437178611755, 0.2744777798652649, 0.19736331701278687, 0.29577702283859253, 0.2575666904449463, 0.31927192211151123, 0.27390632033348083, 0.3293866515159607
0.16760751605033875, 0.2822415232658386, 0.26774534583091736, 0.3583616018295288, 0.23451261222362518, 0.28063684701919556, 0.3494149148464203, 0.37830930948257446, 0.32089418172836304, 0.24625465273857117, 0.2512058615684509, 0.3656138777732849, 0.33244192600250244, 0, 0.26486870646476746, 0.2547709345817566, 0.2585756480693817, 0.2977573871612549, 0.4334731698036194, 0.44357001781463623, 0.27341023087501526, 0.44814974069595337, 0.3137073814868927, 0.357269823551178, 0.28126221895217896, 0.28000086545944214, 0.4698769450187683, 0.2584630250930786, 0.3707396388053894, 0.43480807542800903, 0.40618565678596497, 0.3771294355392456, 0.2421427220106125, 0.5061342716217041, 0.37416303157806396, 0.29061436653137207, 0.22507396340370178, 0.36858952045440674, 0.2489897608757019, 0.6197429895401001, 0.22790399193763733, 0.24364620447158813, 0.2597818374633789, 0.23179979622364044, 0.560947597026825, 0.46188148856163025, 0.49061840772628784, 0.32521530985832214, 0.24322959780693054, 0.28853970766067505, 0.32097679376602173, 0.3700132966041565, 0.3689514994621277, 0.35231590270996094, 0.32769399881362915, 0.39670562744140625, 0.1937323808670044, 0.19021570682525635, 0.2536969780921936, 0.35295605659484863, 0.427240252494812, 0.35819894075393677, 0.33058738708496094, 0.3026998043060303, 0.38737785816192627, 0.3329644501209259, 0.24451452493667603, 0.31385794281959534, 0.23857122659683228, 0.4044373035430908, 0.2936961054801941, 0.3968401551246643, 0.305429607629776, 0.3478132486343384, 0.5126054286956787, 0.312472403049469, 0.3088878393173218, 0.3516373038291931, 0.47881147265434265, 0.3180118799209595, 0.3162706196308136, 0.30671802163124084, 0.3197869658470154, 0.3118900656700134, 0.356599897146225, 0.25164154171943665, 0.3305797874927521, 0.31907889246940613, 0.2740132212638855, 0.4167715311050415, 0.35043856501579285, 0.25631457567214966, 0.5373461246490479, 0.34221869707107544, 0.3698830008506775, 0.48490431904792786, 0.2466307431459427, 0.28538450598716736, 0.6120262742042542, 0.28063637018203735, 0.4194750189781189, 0.2537234127521515, 0.28616201877593994, 0.2616281509399414, 0.32912078499794006, 0.5355042815208435, 0.2814998924732208, 0.2881709635257721, 0.29244500398635864, 0.3508996069431305, 0.3625931739807129, 0.2930629253387451, 0.26654165983200073, 0.28501367568969727, 0.4436984062194824, 0.4178318381309509, 0.26008880138397217, 0.3204790949821472, 0.2813411056995392, 0.3897969126701355, 0.3630174696445465, 0.40315893292427063, 0.2690536677837372, 0.4844014346599579, 0.3484581708908081, 0.3174293041229248
0.29419225454330444, 0.35279446840286255, 0.23290665447711945, 0.2685743570327759, 0.178276926279068, 0.3048695921897888, 0.24590715765953064, 0.2080642729997635, 0.26682958006858826, 0.23641647398471832, 0.4115299880504608, 0.2898830771446228, 0.29331982135772705, 0.2626703679561615, 0, 0.3466072082519531, 0.26533156633377075, 0.2455693781375885, 0.20098280906677246, 0.27145013213157654, 0.2672114372253418, 0.19787642359733582, 0.2697995901107788, 0.28047701716423035, 0.25143128633499146, 0.24992015957832336, 0.24212637543678284, 0.24777501821517944, 0.2666431665420532, 0.297268807888031, 0.304718017578125, 0.21063338220119476, 0.22806589305400848, 0.30052608251571655, 0.20839758217334747, 0.22894839942455292, 0.2735688388347626, 0.2635347545146942, 0.2456021010875702, 0.21233344078063965, 0.15566474199295044, 0.27413874864578247, 0.28418418765068054, 0.23594334721565247, 0.2769632935523987, 0.31229108572006226, 0.2563745379447937, 0.2486974447965622, 0.2901366651058197, 0.2579309046268463, 0.36762964725494385, 0.18888872861862183, 0.21083013713359833, 0.2536962926387787, 0.24879837036132812, 0.19747284054756165, 0.2323707789182663, 0.1846114695072174, 0.2839786410331726, 0.3047207295894623, 0.27716270089149475, 0.4409519135951996, 0.23230768740177155, 0.3030146062374115, 0.2508840560913086, 0.23265321552753448, 0.2307163029909134, 0.2734559178352356, 0.2812190353870392, 0.3266308307647705, 0.25601574778556824, 0.169889897108078, 0.22495736181735992, 0.27009159326553345, 0.23014093935489655, 0.22971633076667786, 0.23265321552753448, 0.23704057931900024, 0.25740641355514526, 0.2518596947193146, 0.23758526146411896, 0.25982773303985596, 0.25602757930755615, 0.32634371519088745, 0.23918330669403076, 0.199773371219635, 0.26810571551322937, 0.40598738193511963, 0.25264203548431396, 0.24420581758022308, 0.2507932186126709, 0.23501285910606384, 0.23488159477710724, 0.30262523889541626, 0.2739659547805786, 0.25371992588043213, 0.24732697010040283, 0.2508304715156555, 0.21484538912773132, 0.24916036427021027, 0.250865638256073, 0.30275610089302063, 0.2736959159374237, 0.27280908823013306, 0.2985655665397644, 0.254295289516449, 0.3054836094379425, 0.22934590280056, 0.23022377490997314, 0.24605035781860352, 0.2668992280960083, 0.2571454346179962, 0.28263261914253235, 0.3108927607536316, 0.2348751574754715, 0.28938794136047363, 0.3087117671966553, 0.3271670937538147, 0.2651233375072479, 0.2931467890739441, 0.25493115186691284, 0.26301825046539307, 0.29663848876953125, 0.232735276222229, 0.26402992010116577, 0.25891005992889404
0.21803681552410126, 0.24511826038360596, 0.14347752928733826, 0.3165798783302307, 0.20570598542690277, 0.35980379581451416, 0.24636197090148926, 0.2623165249824524, 0.20356550812721252, 0.19263066351413727, 0.17608468234539032, 0.2597329616546631, 0.27307799458503723, 0.3676820695400238, 0.18946214020252228, 0, 0.26804453134536743, 0.22660012543201447, 0.2885989546775818, 0.5019035935401917, 0.26552754640579224, 0.21770261228084564, 0.28765302896499634, 0.25180211663246155, 0.24936597049236298, 0.16596966981887817, 0.2426234781742096, 0.3164008855819702, 0.36650407314300537, 0.15766209363937378, 0.17955178022384644, 0.28404074907302856, 0.21857406198978424, 0.3198685348033905, 0.3072436451911926, 0.25074002146720886, 0.3167434334754944, 0.22916895151138306, 0.1920970380306244, 0.3327862620353699, 0.20258182287216187, 0.3010157644748688, 0.14886917173862457, 0.2350132167339325, 0.4241737127304077, 0.38119250535964966, 0.26998040080070496, 0.37455323338508606, 0.3149378299713135, 0.20204782485961914, 0.34151095151901245, 0.23648720979690552, 0.21775682270526886, 0.2716677188873291, 0.19789136946201324, 0.3266594111919403, 0.1625552475452423, 0.2950025200843811, 0.31505024433135986, 0.1840614229440689, 0.3628052771091461, 0.3095526099205017, 0.3611259460449219, 0.23155732452869415, 0.3362466096878052, 0.22321851551532745, 0.2383851557970047, 0.22912178933620453, 0.14733976125717163, 0.2226777821779251, 0.2821429669857025, 0.2103760987520218, 0.34226495027542114, 0.36226123571395874, 0.5990240573883057, 0.3072511553764343, 0.2710656523704529, 0.26630720496177673, 0.31096357107162476, 0.23025844991207123, 0.4391770362854004, 0.26284778118133545, 0.25936654210090637, 0.2533739507198334, 0.4803963005542755, 0.2334095537662506, 0.21137213706970215, 0.3285476863384247, 0.14329692721366882, 0.3492215871810913, 0.2726496160030365, 0.4011262059211731, 0.28164827823638916, 0.2749508023262024, 0.3126896321773529, 0.26499369740486145, 0.150771826505661, 0.3504992127418518, 0.33270055055618286, 0.33332717418670654, 0.2645452320575714, 0.2611513137817383, 0.22868973016738892, 0.2993202805519104, 0.19532620906829834, 0.3414706587791443, 0.26737552881240845, 0.350241482257843, 0.3031483292579651, 0.3002222180366516, 0.2372276484966278, 0.3314691185951233, 0.24811413884162903, 0.3459109663963318, 0.35875529050827026, 0.18675321340560913, 0.24716122448444366, 0.3646853566169739, 0.20094768702983856, 0.3082318902015686, 0.2815702259540558, 0.32760560512542725, 0.3082088828086853, 0.5149848461151123, 0.2905450761318207, 0.2342069447040558
0.3154466450214386, 0.2542062997817993, 0.3061504364013672, 0.241627499461174, 0.1733410656452179, 0.27550792694091797, 0.2710776925086975, 0.46755897998809814, 0.26896554231643677, 0.25170406699180603, 0.21137581765651703, 0.25158950686454773, 0.22153930366039276, 0.26946786046028137, 0.2240987867116928, 0.2529260218143463, 0, 0.25583571195602417, 0.2949225902557373, 0.49159935116767883, 0.23297549784183502, 0.2544461488723755, 0.2268160879611969, 0.36243993043899536, 0.284798264503479, 0.30754297971725464, 0.25349897146224976, 0.306504487991333, 0.3457435965538025, 0.2444024533033371, 0.2208295613527298, 0.30771905183792114, 0.13943494856357574, 0.3020833432674408, 0.2843404710292816, 0.288303941488266, 0.24136263132095337, 0.32484734058380127, 0.2524506151676178, 0.3850523829460144, 0.23929615318775177, 0.2486501932144165, 0.24360384047031403, 0.29710397124290466, 0.3124317228794098, 0.2491312325000763, 0.3417123854160309, 0.38964417576789856, 0.303521990776062, 0.24870949983596802, 0.47473233938217163, 0.1628524661064148, 0.33507025241851807, 0.2692807614803314, 0.2398766428232193, 0.2943897843360901, 0.2241295576095581, 0.22645264863967896, 0.25913485884666443, 0.2752858102321625, 0.502834677696228, 0.29500120878219604, 0.24276793003082275, 0.2455042600631714, 0.2707560360431671, 0.22490337491035461, 0.2933787703514099, 0.23650376498699188, 0.2759034037590027, 0.3566967844963074, 0.19787083566188812, 0.22412943840026855, 0.29725080728530884, 0.31856921315193176, 0.46322768926620483, 0.404056191444397, 0.3083750605583191, 0.21002912521362305, 0.3688093423843384, 0.24909378588199615, 0.1747230589389801, 0.2995922565460205, 0.22780680656433105, 0.2731851041316986, 0.2340375930070877, 0.23833608627319336, 0.1517965942621231, 0.4454222619533539, 0.20474907755851746, 0.3344285488128662, 0.2754504680633545, 0.28769659996032715, 0.4014197289943695, 0.35904449224472046, 0.48415133357048035, 0.33892327547073364, 0.1972927749156952, 0.32754385471343994, 0.250815212726593, 0.3456813395023346, 0.40708261728286743, 0.3589231073856354, 0.2482413798570633, 0.24178138375282288, 0.21334035694599152, 0.44803905487060547, 0.24820323288440704, 0.41406548023223877, 0.45382651686668396, 0.493252158164978, 0.2878577709197998, 0.4130156338214874, 0.2572411298751831, 0.1971425861120224, 0.31726735830307007, 0.26042771339416504, 0.23593612015247345, 0.2907034158706665, 0.2645306885242462, 0.16905862092971802, 0.16340039670467377, 0.2663496136665344, 0.25337427854537964, 0.21065828204154968, 0.3251834213733673, 0.2581738829612732
0.35471850633621216, 0.2907601594924927, 0.30547764897346497, 0.3123016953468323, 0.21486960351467133, 0.33479297161102295, 0.2011844962835312, 0.249475359916687, 0.29523488879203796, 0.21852315962314606, 0.25923821330070496, 0.1379414200782776, 0.21051451563835144, 0.2729341387748718, 0.21897973120212555, 0.29000574350357056, 0.25348949432373047, 0, 0.19838683307170868, 0.3054709732532501, 0.27531322836875916, 0.251613974571228, 0.28676295280456543, 0.3372837007045746, 0.2507084012031555, 0.24960821866989136, 0.1783050000667572, 0.3064087927341461, 0.23503746092319489, 0.2303755283355713, 0.29682016372680664, 0.1859341412782669, 0.2368340939283371, 0.15515057742595673, 0.2707591652870178, 0.2115650326013565, 0.3009997606277466, 0.2999763786792755, 0.20459413528442383, 0.23236843943595886, 0.106826551258564, 0.21672604978084564, 0.2915402054786682, 0.31804007291793823, 0.24134448170661926, 0.3877299129962921, 0.2545772194862366, 0.29523295164108276, 0.2427411526441574, 0.29044973850250244, 0.21197913587093353, 0.2787941098213196, 0.2621733546257019, 0.2937778830528259, 0.21372096240520477, 0.19226671755313873, 0.24860945343971252, 0.2608669400215149, 0.3173797130584717, 0.22603066265583038, 0.5650607347488403, 0.24431562423706055, 0.23291024565696716, 0.22944700717926025, 0.2488791048526764, 0.26963844895362854, 0.39792677760124207, 0.25500383973121643, 0.24558469653129578, 0.23178109526634216, 0.295281320810318, 0.2401653528213501, 0.20258010923862457, 0.3103456199169159, 0.1949106752872467, 0.19058485329151154, 0.2894451916217804, 0.13023531436920166, 0.2873803377151489, 0.2906995713710785, 0.26864737272262573, 0.3261023759841919, 0.2620084583759308, 0.29147887229919434, 0.3431505560874939, 0.3077221214771271, 0.29511380195617676, 0.43961042165756226, 0.2887434661388397, 0.37842124700546265, 0.2350585162639618, 0.30459630489349365, 0.2517526149749756, 0.3129860758781433, 0.3592910170555115, 0.2784528434276581, 0.24729909002780914, 0.29999327659606934, 0.2922840118408203, 0.306322306394577, 0.25321733951568604, 0.21274060010910034, 0.2964717149734497, 0.21746055781841278, 0.2918180227279663, 0.26738715171813965, 0.31736597418785095, 0.24815940856933594, 0.2280052900314331, 0.19394195079803467, 0.21507209539413452, 0.34090888500213623, 0.2952266037464142, 0.21154268085956573, 0.27625003457069397, 0.27301234006881714, 0.2696775197982788, 0.24964424967765808, 0.23046982288360596, 0.32849860191345215, 0.2767788767814636, 0.23972293734550476, 0.29200342297554016, 0.2567780017852783, 0.23479053378105164, 0.3122560977935791
0.23846231400966644, 0.285258024930954, 0.2951541543006897, 0.3266485631465912, 0.2216590791940689, 0.20219877362251282, 0.2507948577404022, 0.2486894577741623, 0.2556256055831909, 0.24622631072998047, 0.18624722957611084, 0.24231669306755066, 0.2952266037464142, 0.28114426136016846, 0.24595120549201965, 0.24561116099357605, 0.33290019631385803, 0.26296883821487427, 0, 0.2656446397304535, 0.26365193724632263, 0.22780285775661469, 0.24305814504623413, 0.23660486936569214, 0.24555371701717377, 0.36762839555740356, 0.2667352557182312, 0.15858152508735657, 0.25079259276390076, 0.14782921969890594, 0.2486894577741623, 0.2486894577741623, 0.2848905324935913, 0.2547755539417267, 0.2667352557182312, 0.24869424104690552, 0.2586069703102112, 0.26665693521499634, 0.2486894577741623, 0.2486894577741623, 0.19749005138874054, 0.26998308300971985, 0.30116337537765503, 0.2887684106826782, 0.2667352557182312, 0.25097838044166565, 0.2402942180633545, 0.2667352557182312, 0.3138318657875061, 0.2562897205352783, 0.26627376675605774, 0.25077611207962036, 0.2507932484149933, 0.2908191978931427, 0.29170703887939453, 0.2507931590080261, 0.24862198531627655, 0.31517356634140015, 0.29522809386253357, 0.20817866921424866, 0.2667352259159088, 0.23983533680438995, 0.2486894577741623, 0.26420509815216064, 0.2789934575557709, 0.2566714286804199, 0.2667352557182312, 0.2632729113101959, 0.21446165442466736, 0.29684826731681824, 0.26810193061828613, 0.2705117166042328, 0.2984461188316345, 0.32047319412231445, 0.2667352557182312, 0.23273208737373352, 0.2736020088195801, 0.19749125838279724, 0.24721470475196838, 0.23265990614891052, 0.22167319059371948, 0.2887653112411499, 0.31696271896362305, 0.2366437464952469, 0.259797066450119, 0.2980066239833832, 0.2960265874862671, 0.2507931590080261, 0.2284630388021469, 0.23971593379974365, 0.24868954718112946, 0.24157202243804932, 0.2667351961135864, 0.2763640880584717, 0.26664847135543823, 0.24277150630950928, 0.2667352557182312, 0.2667321264743805, 0.2667352557182312, 0.22144363820552826, 0.26648619771003723, 0.24868950247764587, 0.2866693139076233, 0.2866706848144531, 0.2883634567260742, 0.2547755539417267, 0.29517221450805664, 0.20806331932544708, 0.23281949758529663, 0.2486894577741623, 0.25582265853881836, 0.26646149158477783, 0.266636461019516, 0.24727877974510193, 0.2667352557182312, 0.2771040201187134, 0.29522258043289185, 0.3067139685153961, 0.2727324962615967, 0.29764145612716675, 0.25579607486724854, 0.23655545711517334, 0.26527613401412964, 0.3133064806461334, 0.24604947865009308, 0.27430790662765503
0.27163180708885193, 0.33125174045562744, 0.27412134408950806, 0.18760189414024353, 0.3104074001312256, 0.2641989290714264, 0.208065003156662, 0.24604448676109314, 0.3047207295894623, 0.29059579968452454, 0.31306588649749756, 0.21401356160640717, 0.18977555632591248, 0.3166414797306061, 0.246049165725708, 0.21512113511562347, 0.26623180508613586, 0.24868911504745483, 0.326291024684906, 0, 0.2613096833229065, 0.18847717344760895, 0.29581108689308167, 0.2537698447704315, 0.2507931590080261, 0.34607574343681335, 0.24605035781860352, 0.17858269810676575, 0.24605035781860352, 0.2593155801296234, 0.2667352557182312, 0.208065003156662, 0.3008352518081665, 0.2166166454553604, 0.2951425015926361, 0.19001911580562592, 0.23962970077991486, 0.2667352557182312, 0.2866706848144531, 0.2952266037464142, 0.23679108917713165, 0.2742078900337219, 0.3970610499382019, 0.3047207295894623, 0.24605035781860352, 0.24597956240177155, 0.2733631432056427, 0.24605035781860352, 0.23659732937812805, 0.2486894577741623, 0.26673102378845215, 0.37533777952194214, 0.2883055508136749, 0.28082576394081116, 0.24450960755348206, 0.2667352557182312, 0.29141131043434143, 0.27494877576828003, 0.2952266335487366, 0.2667349874973297, 0.24605035781860352, 0.1912037879228592, 0.23655632138252258, 0.3047207295894623, 0.32198792695999146, 0.31327009201049805, 0.23972022533416748, 0.3480640649795532, 0.25463995337486267, 0.2722321152687073, 0.31326717138290405, 0.3316918611526489, 0.332160621881485, 0.3673575520515442, 0.3303303122520447, 0.19634121656417847, 0.24605035781860352, 0.2516668140888214, 0.32018616795539856, 0.27068892121315, 0.208065003156662, 0.288790762424469, 0.2545720636844635, 0.28007104992866516, 0.2357054203748703, 0.29150092601776123, 0.2756490707397461, 0.3036941885948181, 0.16163727641105652, 0.22798360884189606, 0.3046698570251465, 0.3803788125514984, 0.3481289744377136, 0.30474504828453064, 0.28270334005355835, 0.28220075368881226, 0.31398576498031616, 0.2745670676231384, 0.27516970038414, 0.2667352557182312, 0.3331280052661896, 0.208065003156662, 0.2524576783180237, 0.29545602202415466, 0.3047207295894623, 0.29234492778778076, 0.3490111827850342, 0.28943780064582825, 0.2667352557182312, 0.208065003156662, 0.19001229107379913, 0.29350876808166504, 0.2486894577741623, 0.2460436224937439, 0.32649683952331543, 0.18697360157966614, 0.30958646535873413, 0.26952412724494934, 0.16782526671886444, 0.16140484809875488, 0.30083954334259033, 0.20601911842823029, 0.20444045960903168, 0.21430924534797668, 0.20217002928256989, 0.23094290494918823
0.3302850127220154, 0.250707745552063, 0.2956576347351074, 0.306061327457428, 0.4017999768257141, 0.20771826803684235, 0.2423018366098404, 0.2511688470840454, 0.2538142204284668, 0.37152960896492004, 0.29439789056777954, 0.24953661859035492, 0.38487663865089417, 0.21244077384471893, 0.35758310556411743, 0.2527628540992737, 0.33464059233665466, 0.39691370725631714, 0.39065471291542053, 0.33595073223114014, 0, 0.25833582878112793, 0.3467859923839569, 0.33231833577156067, 0.3847339153289795, 0.22355304658412933, 0.3821200430393219, 0.28701603412628174, 0.1585073471069336, 0.3036874234676361, 0.591994047164917, 0.3728375732898712, 0.3009501099586487, 0.2253197282552719, 0.3728359639644623, 0.24265974760055542, 0.27936461567878723, 0.3847365379333496, 0.3847362995147705, 0.3172571063041687, 0.24892927706241608, 0.23874804377555847, 0.19035270810127258, 0.28933146595954895, 0.30120426416397095, 0.2704005241394043, 0.2371383011341095, 0.27340978384017944, 0.37992537021636963, 0.28879499435424805, 0.2755226492881775, 0.1961534470319748, 0.3201029598712921, 0.2856408953666687, 0.3674502968788147, 0.2564806044101715, 0.16888315975666046, 0.28864967823028564, 0.2823667526245117, 0.24552421271800995, 0.25892725586891174, 0.4214901328086853, 0.37398481369018555, 0.3187485933303833, 0.2531362473964691, 0.2343217134475708, 0.2511593699455261, 0.23721517622470856, 0.34108036756515503, 0.22366872429847717, 0.24807921051979065, 0.3441065549850464, 0.27164745330810547, 0.27762821316719055, 0.3139967918395996, 0.3866300582885742, 0.3161834180355072, 0.1929876208305359, 0.2541055977344513, 0.24042995274066925, 0.21816280484199524, 0.4019894003868103, 0.3305301070213318, 0.2654736340045929, 0.2796604037284851, 0.23829464614391327, 0.47265011072158813, 0.24799948930740356, 0.2583414316177368, 0.44632744789123535, 0.21940314769744873, 0.2311895340681076, 0.3224942088127136, 0.33822786808013916, 0.3497769236564636, 0.23886820673942566, 0.37126827239990234, 0.3821179270744324, 0.2752014994621277, 0.3183445334434509, 0.3201406002044678, 0.35666489601135254, 0.32765015959739685, 0.2397119104862213, 0.24626462161540985, 0.2920960783958435, 0.1985713243484497, 0.25184619426727295, 0.37202391028404236, 0.4006723463535309, 0.29278433322906494, 0.43794307112693787, 0.30120420455932617, 0.32240697741508484, 0.31682807207107544, 0.24410144984722137, 0.24874314665794373, 0.23923969268798828, 0.20395152270793915, 0.19854871928691864, 0.3162967264652252, 0.2342143952846527, 0.2479175329208374, 0.2571697235107422, 0.3728375732898712, 0.320010244846344
0.2297034114599228, 0.23084144294261932, 0.33554941415786743, 0.24727030098438263, 0.2922312021255493, 0.18920069932937622, 0.3338680863380432, 0.4828060269355774, 0.26128143072128296, 0.2945398688316345, 0.3141530752182007, 0.19238287210464478, 0.19164274632930756, 0.3381290137767792, 0.22074107825756073, 0.24636387825012207, 0.24331150949001312, 0.31086552143096924, 0.2982383370399475, 0.4934072196483612, 0.23361827433109283, 0, 0.28422755002975464, 0.30666035413742065, 0.18721041083335876, 0.3607189655303955, 0.38411855697631836, 0.29951339960098267, 0.3628349304199219, 0.3435552716255188, 0.2956610918045044, 0.27708888053894043, 0.221359983086586, 0.3402557969093323, 0.31345370411872864, 0.3382108211517334, 0.3561890721321106, 0.5918606519699097, 0.303982138633728, 0.40427690744400024, 0.20454862713813782, 0.23602750897407532, 0.258224219083786, 0.4080844521522522, 0.37241220474243164, 0.3224727511405945, 0.32260116934776306, 0.3273773491382599, 0.2557077705860138, 0.22664153575897217, 0.31904569268226624, 0.18981893360614777, 0.22176015377044678, 0.4268866777420044, 0.30796870589256287, 0.2989961504936218, 0.15601271390914917, 0.17857587337493896, 0.21980814635753632, 0.27925553917884827, 0.5421541929244995, 0.3402823209762573, 0.37317946553230286, 0.2786756753921509, 0.26723095774650574, 0.19963639974594116, 0.47578537464141846, 0.24587470293045044, 0.2281348705291748, 0.192593514919281, 0.2206089049577713, 0.3058304488658905, 0.26244768500328064, 0.23090985417366028, 0.49350598454475403, 0.3376713991165161, 0.30382105708122253, 0.19601894915103912, 0.2989380657672882, 0.24468430876731873, 0.22519372403621674, 0.31507253646850586, 0.2889770269393921, 0.24207650125026703, 0.3234768509864807, 0.31612658500671387, 0.1970067322254181, 0.3848573565483093, 0.24372251331806183, 0.36434417963027954, 0.25437331199645996, 0.2703379988670349, 0.3371470272541046, 0.2915814220905304, 0.3765295147895813, 0.4071168899536133, 0.4159928858280182, 0.40378111600875854, 0.3453640341758728, 0.32766345143318176, 0.3503725826740265, 0.3276481032371521, 0.25554418563842773, 0.25479573011398315, 0.2164338082075119, 0.5696284770965576, 0.1879158616065979, 0.4778473973274231, 0.41636061668395996, 0.43037694692611694, 0.36910825967788696, 0.3628397583961487, 0.3374626636505127, 0.3376462459564209, 0.32005712389945984, 0.29223620891571045, 0.26868966221809387, 0.23564475774765015, 0.17852596938610077, 0.2689083516597748, 0.17828235030174255, 0.19997553527355194, 0.17594248056411743, 0.27084195613861084, 0.22708545625209808, 0.23681065440177917
0.39081621170043945, 0.25395888090133667, 0.23002801835536957, 0.20201699435710907, 0.244608536362648, 0.19403158128261566, 0.17357207834720612, 0.24893483519554138, 0.2115272879600525, 0.19552132487297058, 0.2522684931755066, 0.27182015776634216, 0.2530638873577118, 0.23195336759090424, 0.2785035967826843, 0.47345760464668274, 0.2038668841123581, 0.201552614569664, 0.24155974388122559, 0.21160832047462463, 0.30722126364707947, 0.23307007551193237, 0, 0.29534000158309937, 0.23410412669181824, 0.22591683268547058, 0.24466268718242645, 0.2857345640659332, 0.251260906457901, 0.2178291231393814, 0.2054261565208435, 0.22662949562072754, 0.2395401895046234, 0.10947487503290176, 0.23320333659648895, 0.18956078588962555, 0.16601413488388062, 0.2635505199432373, 0.25724104046821594, 0.2141588032245636, 0.14426034688949585, 0.2935726046562195, 0.23844298720359802, 0.2027343362569809, 0.2689097821712494, 0.16943706572055817, 0.28891611099243164, 0.2508035898208618, 0.3078950047492981, 0.2758445739746094, 0.2140713483095169, 0.25603529810905457, 0.2128492295742035, 0.2621825635433197, 0.22134748101234436, 0.26356106996536255, 0.2394806444644928, 0.30601316690444946, 0.29174214601516724, 0.24868963658809662, 0.35371142625808716, 0.2963612377643585, 0.1831483691930771, 0.24584466218948364, 0.2715533375740051, 0.2420433610677719, 0.2712947726249695, 0.16580627858638763, 0.24168694019317627, 0.24184131622314453, 0.17117740213871002, 0.200076162815094, 0.2243843674659729, 0.21954455971717834, 0.2514120638370514, 0.1630309671163559, 0.19644492864608765, 0.233675017952919, 0.2308344841003418, 0.241855651140213, 0.09020631015300751, 0.33730900287628174, 0.26668816804885864, 0.28532224893569946, 0.2792544662952423, 0.29299771785736084, 0.12330493330955505, 0.2930152118206024, 0.2260749340057373, 0.2732680141925812, 0.2786843180656433, 0.2642361521720886, 0.2839527130126953, 0.2243901640176773, 0.28416019678115845, 0.19024842977523804, 0.2080814242362976, 0.2681870758533478, 0.2505021095275879, 0.3352256119251251, 0.18116366863250732, 0.172089621424675, 0.2338651716709137, 0.24617604911327362, 0.2613309919834137, 0.2502487897872925, 0.3278525471687317, 0.30490821599960327, 0.2731838822364807, 0.22417306900024414, 0.22655849158763885, 0.272528737783432, 0.2486894577741623, 0.19311311841011047, 0.2948071360588074, 0.2503948211669922, 0.275611937046051, 0.26309970021247864, 0.27383074164390564, 0.31186240911483765, 0.1892494559288025, 0.2775990664958954, 0.3179974853992462, 0.24115514755249023, 0.31297028064727783, 0.25081372261047363
0.25124087929725647, 0.2713381052017212, 0.2546924650669098, 0.33099034428596497, 0.23161274194717407, 0.2528945803642273, 0.30895769596099854, 0.41428810358047485, 0.2834685742855072, 0.26266980171203613, 0.26446324586868286, 0.31459274888038635, 0.2884896695613861, 0.2990216016769409, 0.2367793172597885, 0.3674249053001404, 0.2570765018463135, 0.26053744554519653, 0.37269043922424316, 0.4474548399448395, 0.3261420428752899, 0.2616260051727295, 0.25681424140930176, 0, 0.2866706848144531, 0.35958683490753174, 0.36162227392196655, 0.33463960886001587, 0.4260752499103546, 0.5797956585884094, 0.1709355264902115, 0.32766562700271606, 0.2473437488079071, 0.2508085370063782, 0.2728329002857208, 0.2461150586605072, 0.25259292125701904, 0.3239254653453827, 0.28475263714790344, 0.4623023271560669, 0.2274855077266693, 0.24996531009674072, 0.15959982573986053, 0.26747187972068787, 0.41772085428237915, 0.312587171792984, 0.3601439893245697, 0.43868857622146606, 0.19874338805675507, 0.28465163707733154, 0.4387059211730957, 0.22771143913269043, 0.313124418258667, 0.16017043590545654, 0.24725160002708435, 0.3311314582824707, 0.24417659640312195, 0.13458378612995148, 0.29385197162628174, 0.3262832760810852, 0.5361210703849792, 0.2582111656665802, 0.31961050629615784, 0.24849170446395874, 0.38398629426956177, 0.274897038936615, 0.4396366477012634, 0.2846069037914276, 0.3347839117050171, 0.3304387629032135, 0.27775663137435913, 0.2912592589855194, 0.24918626248836517, 0.34094512462615967, 0.35749709606170654, 0.2946900427341461, 0.28956377506256104, 0.2263951450586319, 0.33476728200912476, 0.2486853003501892, 0.31088224053382874, 0.32751378417015076, 0.28038290143013, 0.27060553431510925, 0.2752225995063782, 0.2772381901741028, 0.22049595415592194, 0.4199903607368469, 0.2828492522239685, 0.35564175248146057, 0.26983407139778137, 0.339404821395874, 0.3899199962615967, 0.31828445196151733, 0.4156543016433716, 0.3697899878025055, 0.6549637317657471, 0.3451690673828125, 0.29403409361839294, 0.3683463931083679, 0.40758460760116577, 0.3982274532318115, 0.25718414783477783, 0.2866774797439575, 0.24790039658546448, 0.369487464427948, 0.26719433069229126, 0.47330886125564575, 0.4149444103240967, 0.5697999596595764, 0.279657244682312, 0.5346580743789673, 0.19859984517097473, 0.2882060408592224, 0.44002005457878113, 0.3384016156196594, 0.3592342138290405, 0.31539759039878845, 0.3576505780220032, 0.30086684226989746, 0.23966659605503082, 0.3021799921989441, 0.2942812740802765, 0.266893595457077, 0.2727549970149994, 0.26604700088500977
0.30141428112983704, 0.2460499256849289, 0.24605035781860352, 0.20806384086608887, 0.19216583669185638, 0.13362470269203186, 0.2883167564868927, 0.2777642607688904, 0.21216221153736115, 0.190016508102417, 0.17303617298603058, 0.2055351734161377, 0.22800466418266296, 0.2543368935585022, 0.24605035781860352, 0.21613837778568268, 0.23132644593715668, 0.24605035781860352, 0.3276634216308594, 0.3847464621067047, 0.27769526839256287, 0.26611199975013733, 0.3284406065940857, 0.24605035781860352, 0, 0.20749518275260925, 0.24605035781860352, 0.243974506855011, 0.24605035781860352, 0.1883511245250702, 0.208065003156662, 0.2883053421974182, 0.17412327229976654, 0.1979876011610031, 0.36906763911247253, 0.19216583669185638, 0.295879065990448, 0.2078227698802948, 0.17419150471687317, 0.45127275586128235, 0.2473558634519577, 0.22800466418266296, 0.19698846340179443, 0.23014093935489655, 0.390964537858963, 0.22215180099010468, 0.2359173744916916, 0.23014093935489655, 0.2080649584531784, 0.19017335772514343, 0.4559462070465088, 0.2608680725097656, 0.17439888417720795, 0.16948607563972473, 0.19216583669185638, 0.3074403405189514, 0.18663111329078674, 0.2528935372829437, 0.30947238206863403, 0.19001908600330353, 0.4563695192337036, 0.2507931590080261, 0.34219610691070557, 0.20806501805782318, 0.26309049129486084, 0.2669316530227661, 0.23700807988643646, 0.16303083300590515, 0.19221581518650055, 0.19016575813293457, 0.2667332589626312, 0.2951408922672272, 0.23488186299800873, 0.2667352557182312, 0.311322420835495, 0.3728375732898712, 0.19216980040073395, 0.22622014582157135, 0.2883049547672272, 0.20446857810020447, 0.21208050847053528, 0.1675497591495514, 0.28350934386253357, 0.208065003156662, 0.27322643995285034, 0.2283858209848404, 0.2114061415195465, 0.3728375732898712, 0.22290541231632233, 0.45060402154922485, 0.17410489916801453, 0.25079596042633057, 0.37283754348754883, 0.245536670088768, 0.44643670320510864, 0.36277902126312256, 0.3136258125305176, 0.2926133871078491, 0.19215764105319977, 0.1896561086177826, 0.37283390760421753, 0.2770966589450836, 0.1900741159915924, 0.2088986486196518, 0.20806461572647095, 0.2897983491420746, 0.2667352557182312, 0.30120420455932617, 0.28096508979797363, 0.36283472180366516, 0.1741148680448532, 0.42212140560150146, 0.208065003156662, 0.35687971115112305, 0.30508410930633545, 0.19008544087409973, 0.24467486143112183, 0.1900191605091095, 0.17493592202663422, 0.3047207295894623, 0.208065003156662, 0.2667352557182312, 0.22747835516929626, 0.22800466418266296, 0.25379204750061035, 0.1926327347755432
0.2818916440010071, 0.33113059401512146, 0.274832546710968, 0.23537972569465637, 0.4113213121891022, 0.18320997059345245, 0.32608020305633545, 0.2673307955265045, 0.2716571092605591, 0.25876301527023315, 0.4268055260181427, 0.2457045614719391, 0.30285966396331787, 0.21571514010429382, 0.21825240552425385, 0.18207810819149017, 0.395751953125, 0.2701716125011444, 0.3245115876197815, 0.2728785276412964, 0.29424962401390076, 0.33411359786987305, 0.19845466315746307, 0.3296646177768707, 0.2748126983642578, 0, 0.2717105746269226, 0.1831178367137909, 0.20390257239341736, 0.23927558958530426, 0.22274141013622284, 0.2229788601398468, 0.21272306144237518, 0.3592511713504791, 0.24898147583007812, 0.2555588185787201, 0.2539159059524536, 0.31002938747406006, 0.25783735513687134, 0.25588977336883545, 0.15366818010807037, 0.3084636926651001, 0.18090412020683289, 0.2667572796344757, 0.17604029178619385, 0.27955010533332825, 0.26812541484832764, 0.2373310774564743, 0.2728661596775055, 0.27126067876815796, 0.20897763967514038, 0.2200051099061966, 0.23205409944057465, 0.16906660795211792, 0.21632714569568634, 0.24770532548427582, 0.24698905646800995, 0.3488779664039612, 0.31602776050567627, 0.24544073641300201, 0.22444063425064087, 0.24116086959838867, 0.25662219524383545, 0.2735837697982788, 0.3516935110092163, 0.25640392303466797, 0.31144988536834717, 0.2606618404388428, 0.2996901273727417, 0.39114731550216675, 0.22755242884159088, 0.2412695735692978, 0.264755517244339, 0.28396475315093994, 0.24565531313419342, 0.2526586651802063, 0.30170175433158875, 0.10828103125095367, 0.24800530076026917, 0.296780526638031, 0.1882534921169281, 0.2843731939792633, 0.24493691325187683, 0.28131309151649475, 0.25355982780456543, 0.30476367473602295, 0.29748499393463135, 0.17839650809764862, 0.25373736023902893, 0.25451087951660156, 0.2743074893951416, 0.30089497566223145, 0.2561939060688019, 0.27259331941604614, 0.30146563053131104, 0.2942899763584137, 0.4105488359928131, 0.204605832695961, 0.23131880164146423, 0.3693298101425171, 0.2521197497844696, 0.28559350967407227, 0.322160929441452, 0.2591392695903778, 0.34076932072639465, 0.2279643565416336, 0.20287275314331055, 0.34809231758117676, 0.23890021443367004, 0.32247328758239746, 0.2158500701189041, 0.37167227268218994, 0.251555860042572, 0.2930983901023865, 0.20999398827552795, 0.2830572724342346, 0.26612070202827454, 0.22865493595600128, 0.21319060027599335, 0.2871982753276825, 0.25520727038383484, 0.4019308090209961, 0.3943943977355957, 0.3709601163864136, 0.24406185746192932, 0.27086445689201355
0.33254796266555786, 0.27103281021118164, 0.2952268421649933, 0.29073086380958557, 0.19001899659633636, 0.24617913365364075, 0.2667352259159088, 0.24552421271800995, 0.22622014582157135, 0.28643375635147095, 0.1953492909669876, 0.2858165502548218, 0.25878387689590454, 0.17183038592338562, 0.22004176676273346, 0.29630956053733826, 0.2646130323410034, 0.22748859226703644, 0.24552422761917114, 0.26673731207847595, 0.2270052582025528, 0.25471144914627075, 0.2104913592338562, 0.27273809909820557, 0.30311861634254456, 0.2512637674808502, 0, 0.23871970176696777, 0.14951038360595703, 0.2166164517402649, 0.2486894577741623, 0.259817898273468, 0.2316824495792389, 0.21427278220653534, 0.22340644896030426, 0.2667352259159088, 0.1569029986858368, 0.26202550530433655, 0.2667352557182312, 0.20535874366760254, 0.12476528435945511, 0.23014096915721893, 0.25020739436149597, 0.25079336762428284, 0.2667352557182312, 0.2511763274669647, 0.23559415340423584, 0.20574645698070526, 0.24489881098270416, 0.23736606538295746, 0.2460494339466095, 0.23390989005565643, 0.2547755837440491, 0.2029370367527008, 0.24604880809783936, 0.2101730853319168, 0.24883107841014862, 0.2286265343427658, 0.29248160123825073, 0.3047207295894623, 0.23899681866168976, 0.2643882632255554, 0.16755035519599915, 0.29522669315338135, 0.268499493598938, 0.2365710586309433, 0.25083863735198975, 0.25325995683670044, 0.24425625801086426, 0.3309178948402405, 0.2968689203262329, 0.22525091469287872, 0.27290934324264526, 0.29526787996292114, 0.24551627039909363, 0.208065003156662, 0.20838139951229095, 0.12520131468772888, 0.2667352557182312, 0.1984270066022873, 0.26326969265937805, 0.2642055153846741, 0.26939207315444946, 0.2547059655189514, 0.23658186197280884, 0.24409517645835876, 0.23625287413597107, 0.23487958312034607, 0.23615580797195435, 0.17108160257339478, 0.25078287720680237, 0.2865990996360779, 0.1961056888103485, 0.2773270606994629, 0.23139706254005432, 0.26143887639045715, 0.2080649733543396, 0.2055351883172989, 0.2667351961135864, 0.21461069583892822, 0.2080632746219635, 0.20807060599327087, 0.18749260902404785, 0.22505506873130798, 0.26535123586654663, 0.31108808517456055, 0.2952378988265991, 0.25154635310173035, 0.24552418291568756, 0.25407323241233826, 0.26669350266456604, 0.19216583669185638, 0.2507931590080261, 0.22800466418266296, 0.36217397451400757, 0.19246269762516022, 0.2304379642009735, 0.27140378952026367, 0.22154057025909424, 0.23730690777301788, 0.21576231718063354, 0.27961039543151855, 0.22405143082141876, 0.2951880991458893, 0.2667352557182312, 0.21658742427825928
0.2965637743473053, 0.23328080773353577, 0.23837237060070038, 0.22375768423080444, 0.5295813679695129, 0.2849021553993225, 0.3315722942352295, 0.3628635108470917, 0.36384397745132446, 0.41317787766456604, 0.3963571786880493, 0.33736273646354675, 0.31965383887290955, 0.26042792201042175, 0.32031285762786865, 0.08455733954906464, 0.30575042963027954, 0.42277637124061584, 0.22795246541500092, 0.4572998881340027, 0.3140387535095215, 0.2243451178073883, 0.3672950863838196, 0.3164352774620056, 0.4038557708263397, 0.4080650210380554, 0.3327663540840149, 0, 0.409809947013855, 0.3099519908428192, 0.2903079390525818, 0.2850041389465332, 0.17343194782733917, 0.32373276352882385, 0.36587196588516235, 0.25434762239456177, 0.2922302484512329, 0.4239889085292816, 0.3179517388343811, 0.45325231552124023, 0.3008611798286438, 0.6657637357711792, 0.3724740147590637, 0.3173654079437256, 0.383103609085083, 0.34674787521362305, 0.3300265669822693, 0.4382466673851013, 0.2714129090309143, 0.25455862283706665, 0.38145166635513306, 0.2207520306110382, 0.28679215908050537, 0.2891826629638672, 0.23403014242649078, 0.31998690962791443, 0.2527347803115845, 0.41816258430480957, 0.19689060747623444, 0.30049043893814087, 0.43579915165901184, 0.5452219247817993, 0.31941911578178406, 0.26150622963905334, 0.23959021270275116, 0.2171255648136139, 0.4395941495895386, 0.2157510668039322, 0.24210718274116516, 0.34617486596107483, 0.3271722197532654, 0.24405713379383087, 0.21727915108203888, 0.2584269642829895, 0.34516093134880066, 0.5108518600463867, 0.48517918586730957, 0.23779624700546265, 0.34374046325683594, 0.2697439193725586, 0.3591858148574829, 0.340066522359848, 0.3089228868484497, 0.30403217673301697, 0.14379972219467163, 0.36183562874794006, 0.39172202348709106, 0.4350586235523224, 0.2845615744590759, 0.45728927850723267, 0.22342827916145325, 0.22956138849258423, 0.35710451006889343, 0.42458903789520264, 0.48777472972869873, 0.37724533677101135, 0.429639995098114, 0.2578420639038086, 0.21143609285354614, 0.2885873019695282, 0.4266044795513153, 0.40419667959213257, 0.32465240359306335, 0.34790152311325073, 0.28273510932922363, 0.31869497895240784, 0.3075636029243469, 0.2970486879348755, 0.5552355051040649, 0.38163405656814575, 0.37286797165870667, 0.4011446237564087, 0.42690879106521606, 0.337182879447937, 0.2435186505317688, 0.21165254712104797, 0.17654761672019958, 0.26736778020858765, 0.261442095041275, 0.49316510558128357, 0.24653677642345428, 0.3072667121887207, 0.23705406486988068, 0.2967304587364197, 0.29470860958099365, 0.3295656740665436
0.2606377601623535, 0.32742393016815186, 0.2842196226119995, 0.24533861875534058, 0.1891290545463562, 0.22953064739704132, 0.2667352557182312, 0.1675497442483902, 0.2507932782173157, 0.2780895531177521, 0.20486757159233093, 0.2947642207145691, 0.22800463438034058, 0.1868145614862442, 0.32069551944732666, 0.2584027945995331, 0.3145316243171692, 0.2457168698310852, 0.2519243657588959, 0.26429909467697144, 0.27790236473083496, 0.2869270145893097, 0.20826676487922668, 0.2510240972042084, 0.2866712808609009, 0.29588595032691956, 0.20080851018428802, 0.26949089765548706, 0, 0.2460315227508545, 0.22622942924499512, 0.23972006142139435, 0.24570569396018982, 0.2702306807041168, 0.24583755433559418, 0.2667352557182312, 0.23487049341201782, 0.2667352855205536, 0.2866706848144531, 0.19066904485225677, 0.22082751989364624, 0.2190599888563156, 0.2502681612968445, 0.2553173005580902, 0.24165254831314087, 0.2776663899421692, 0.2312299907207489, 0.2055201232433319, 0.27939915657043457, 0.25251543521881104, 0.23010258376598358, 0.2089935839176178, 0.23972012102603912, 0.3192158341407776, 0.24600423872470856, 0.1833379715681076, 0.2397157996892929, 0.28764790296554565, 0.2945309579372406, 0.24868950247764587, 0.24012193083763123, 0.2460891604423523, 0.2282995581626892, 0.2000405341386795, 0.2996842563152313, 0.2949572205543518, 0.27285677194595337, 0.2736178934574127, 0.3065633177757263, 0.24284395575523376, 0.2861037850379944, 0.36363187432289124, 0.3601948320865631, 0.26893529295921326, 0.24605035781860352, 0.19527441263198853, 0.23014095425605774, 0.1324344128370285, 0.26673442125320435, 0.26146021485328674, 0.20409519970417023, 0.2536342442035675, 0.3469052314758301, 0.3326859176158905, 0.2975808382034302, 0.27615630626678467, 0.20448608696460724, 0.18115097284317017, 0.26264774799346924, 0.2614680528640747, 0.2507932782173157, 0.28961023688316345, 0.20766417682170868, 0.2784249186515808, 0.2448590248823166, 0.208065003156662, 0.23036152124404907, 0.2938182055950165, 0.2667352557182312, 0.25344017148017883, 0.19074545800685883, 0.19216954708099365, 0.31763169169425964, 0.2736998200416565, 0.21621188521385193, 0.36283448338508606, 0.33833062648773193, 0.2451252043247223, 0.20739388465881348, 0.19096601009368896, 0.20506128668785095, 0.23013386130332947, 0.28876835107803345, 0.20696412026882172, 0.36283326148986816, 0.23968392610549927, 0.2127927988767624, 0.24923075735569, 0.18620586395263672, 0.26357391476631165, 0.21148855984210968, 0.3059825599193573, 0.3497181534767151, 0.2952292859554291, 0.2507931590080261, 0.2704332768917084
0.18656115233898163, 0.2711954116821289, 0.23921214044094086, 0.2225305140018463, 0.25935325026512146, 0.2699480652809143, 0.2592315673828125, 0.2641548216342926, 0.2336415797472, 0.2915857434272766, 0.3215574622154236, 0.2690848410129547, 0.2508040964603424, 0.26681068539619446, 0.2419305443763733, 0.30059099197387695, 0.31923359632492065, 0.21253839135169983, 0.29234910011291504, 0.19611677527427673, 0.27504074573516846, 0.27521735429763794, 0.22427500784397125, 0.302639901638031, 0.24861852824687958, 0.3211139440536499, 0.2363763004541397, 0.17642618715763092, 0.2544701099395752, 0, 0.2801249325275421, 0.2543857991695404, 0.1476595252752304, 0.2733675539493561, 0.27175799012184143, 0.27242568135261536, 0.2071084827184677, 0.1438433825969696, 0.24605035781860352, 0.1886075735092163, 0.10941435396671295, 0.28055500984191895, 0.2984212338924408, 0.21558095514774323, 0.3261702358722687, 0.2731260061264038, 0.2222176343202591, 0.202882781624794, 0.2691233456134796, 0.23287421464920044, 0.2211724817752838, 0.2544553577899933, 0.2564345896244049, 0.23172253370285034, 0.181076318025589, 0.19151130318641663, 0.2507926821708679, 0.28006792068481445, 0.23331144452095032, 0.2507931590080261, 0.23535794019699097, 0.2819306552410126, 0.1774103045463562, 0.22938776016235352, 0.25605282187461853, 0.2667357623577118, 0.23014093935489655, 0.2598785161972046, 0.28415849804878235, 0.29119494557380676, 0.2613072693347931, 0.2472662627696991, 0.24996940791606903, 0.327837198972702, 0.3083486258983612, 0.2543710768222809, 0.21644337475299835, 0.1277218461036682, 0.26429152488708496, 0.2872721552848816, 0.23559926450252533, 0.2543611526489258, 0.2487756907939911, 0.2374991774559021, 0.24636247754096985, 0.2851059138774872, 0.24856558442115784, 0.2370084971189499, 0.24867984652519226, 0.2280045598745346, 0.2486894577741623, 0.25640764832496643, 0.29618456959724426, 0.27793654799461365, 0.2816983163356781, 0.16798914968967438, 0.22967231273651123, 0.29500383138656616, 0.249698206782341, 0.2155809998512268, 0.2742990255355835, 0.18775397539138794, 0.3075534999370575, 0.22248955070972443, 0.3050963878631592, 0.31175827980041504, 0.26927220821380615, 0.2740405797958374, 0.17410771548748016, 0.2770965099334717, 0.20500889420509338, 0.2526809275150299, 0.23273316025733948, 0.3308582901954651, 0.31598708033561707, 0.27580130100250244, 0.20365095138549805, 0.25089555978775024, 0.30116286873817444, 0.2855931222438812, 0.3213861882686615, 0.2638532519340515, 0.24874621629714966, 0.313119113445282, 0.2075052112340927, 0.23580080270767212
0.3362550735473633, 0.23016342520713806, 0.3118903338909149, 0.2952304780483246, 0.19216986000537872, 0.21989555656909943, 0.2547755539417267, 0.208065003156662, 0.2667350769042969, 0.3132738769054413, 0.29149627685546875, 0.3155214190483093, 0.23127958178520203, 0.3003911077976227, 0.20271055400371552, 0.2518020272254944, 0.24696579575538635, 0.2793254852294922, 0.208065003156662, 0.266465961933136, 0.2690395414829254, 0.29522639513015747, 0.20963922142982483, 0.21310584247112274, 0.24870097637176514, 0.21250484883785248, 0.24605035781860352, 0.2992217540740967, 0.19221945106983185, 0.2572411298751831, 0, 0.25562548637390137, 0.23629328608512878, 0.25477561354637146, 0.1946583390235901, 0.2616783678531647, 0.2336314469575882, 0.2667607069015503, 0.2217211127281189, 0.19069896638393402, 0.11988276243209839, 0.24605035781860352, 0.30522477626800537, 0.25128963589668274, 0.19088499248027802, 0.2572396695613861, 0.26472368836402893, 0.2383735030889511, 0.2792612910270691, 0.2486894577741623, 0.20776358246803284, 0.2061096727848053, 0.22551552951335907, 0.22705291211605072, 0.22800515592098236, 0.2507931590080261, 0.24834978580474854, 0.31685489416122437, 0.3169911503791809, 0.2486894577741623, 0.3728361129760742, 0.25079309940338135, 0.19005517661571503, 0.30388158559799194, 0.3094756603240967, 0.2752569317817688, 0.19216583669185638, 0.24661490321159363, 0.3349580466747284, 0.2526313066482544, 0.2513419985771179, 0.27387019991874695, 0.27944961190223694, 0.19652168452739716, 0.2883048951625824, 0.16303029656410217, 0.208065003156662, 0.20105691254138947, 0.18499501049518585, 0.2486894577741623, 0.2715098559856415, 0.2667352557182312, 0.273935467004776, 0.29518669843673706, 0.23655635118484497, 0.2762666344642639, 0.1964665800333023, 0.3651171326637268, 0.28112056851387024, 0.19222424924373627, 0.26601338386535645, 0.28673070669174194, 0.19685949385166168, 0.2507946789264679, 0.24572210013866425, 0.27025964856147766, 0.24605035781860352, 0.20806774497032166, 0.21034088730812073, 0.32893580198287964, 0.21490183472633362, 0.208065003156662, 0.23655632138252258, 0.22800466418266296, 0.2952254116535187, 0.4397962689399719, 0.28317883610725403, 0.24033719301223755, 0.19001908600330353, 0.24134458601474762, 0.26673680543899536, 0.20806501805782318, 0.2486894577741623, 0.20805251598358154, 0.36283448338508606, 0.3070542514324188, 0.2574264407157898, 0.29623866081237793, 0.22309546172618866, 0.3008509874343872, 0.2034769207239151, 0.31325632333755493, 0.3252332806587219, 0.3131810426712036, 0.277084082365036, 0.2723754346370697
0.2705964744091034, 0.27222394943237305, 0.25471144914627075, 0.2690576910972595, 0.18965701758861542, 0.258078932762146, 0.3044382929801941, 0.24605035781860352, 0.27275732159614563, 0.29512155055999756, 0.21060483157634735, 0.33341169357299805, 0.27597326040267944, 0.24532778561115265, 0.23655875027179718, 0.21493218839168549, 0.33267301321029663, 0.18933238089084625, 0.32018616795539856, 0.3132724463939667, 0.29226818680763245, 0.257057249546051, 0.196162611246109, 0.29057440161705017, 0.3047207295894623, 0.32382649183273315, 0.24605035781860352, 0.21906737983226776, 0.2055351734161377, 0.23491449654102325, 0.2581023871898651, 0, 0.23012582957744598, 0.31327134370803833, 0.24604816734790802, 0.2752869129180908, 0.266079843044281, 0.22622013092041016, 0.3047207295894623, 0.3132724165916443, 0.15029269456863403, 0.3047207295894623, 0.25705060362815857, 0.28891342878341675, 0.2356538474559784, 0.3047207295894623, 0.23067685961723328, 0.2055351734161377, 0.3091590404510498, 0.257778137922287, 0.29861652851104736, 0.31346502900123596, 0.29366809129714966, 0.22276312112808228, 0.24605035781860352, 0.208065003156662, 0.24868950247764587, 0.33795252442359924, 0.29520130157470703, 0.3047207295894623, 0.20806525647640228, 0.26525309681892395, 0.246072918176651, 0.2642055153846741, 0.27092570066452026, 0.2642055153846741, 0.24605035781860352, 0.19095702469348907, 0.28048592805862427, 0.31602752208709717, 0.30747148394584656, 0.23532363772392273, 0.3415104150772095, 0.33101126551628113, 0.21408696472644806, 0.2460465431213379, 0.21408696472644806, 0.15300634503364563, 0.22784648835659027, 0.2151925265789032, 0.27541762590408325, 0.2642055153846741, 0.30472075939178467, 0.2547115385532379, 0.2952336370944977, 0.28833308815956116, 0.2603088915348053, 0.24605035781860352, 0.22724561393260956, 0.20553621649742126, 0.26843538880348206, 0.3006036877632141, 0.2530443072319031, 0.2848316729068756, 0.2087980955839157, 0.21051177382469177, 0.3047207295894623, 0.1994485855102539, 0.22011514008045197, 0.304230660200119, 0.20906099677085876, 0.23076078295707703, 0.28656506538391113, 0.22116847336292267, 0.28667059540748596, 0.21229691803455353, 0.2952260673046112, 0.2437264323234558, 0.24605035781860352, 0.24849727749824524, 0.2667368948459625, 0.23973821103572845, 0.3047207295894623, 0.24605031311511993, 0.3461698293685913, 0.2560112178325653, 0.24349769949913025, 0.28662431240081787, 0.2866707444190979, 0.2901197373867035, 0.24317222833633423, 0.2866547703742981, 0.2354745864868164, 0.30050304532051086, 0.22621992230415344, 0.2942412793636322
0.37978506088256836, 0.324210524559021, 0.2302178591489792, 0.24915091693401337, 0.1896560788154602, 0.3365710377693176, 0.24580088257789612, 0.3325454592704773, 0.1986166089773178, 0.1911296397447586, 0.2782653570175171, 0.25599268078804016, 0.26752644777297974, 0.24938125908374786, 0.27279263734817505, 0.3165472149848938, 0.26156559586524963, 0.2561188340187073, 0.24499540030956268, 0.208065003156662, 0.24832655489444733, 0.17266055941581726, 0.22731900215148926, 0.29170453548431396, 0.16761218011379242, 0.24263644218444824, 0.2555970847606659, 0.2307831048965454, 0.2190907597541809, 0.21662095189094543, 0.2549252212047577, 0.24299442768096924, 0, 0.2878102660179138, 0.24577945470809937, 0.27417129278182983, 0.24147312343120575, 0.24609749019145966, 0.2728564739227295, 0.24605032801628113, 0.19760581851005554, 0.18135806918144226, 0.2138582020998001, 0.29226043820381165, 0.36283448338508606, 0.22553476691246033, 0.24867850542068481, 0.2881075441837311, 0.26784250140190125, 0.2902647852897644, 0.339474618434906, 0.2776239514350891, 0.3234090805053711, 0.2112736701965332, 0.26023298501968384, 0.2951425015926361, 0.25470465421676636, 0.1936558187007904, 0.32167112827301025, 0.25009822845458984, 0.36875730752944946, 0.2830303907394409, 0.21631862223148346, 0.21912164986133575, 0.27482661604881287, 0.24668338894844055, 0.24605035781860352, 0.25012820959091187, 0.2923402190208435, 0.26534396409988403, 0.2512260377407074, 0.36079925298690796, 0.27989161014556885, 0.2885405123233795, 0.2455240786075592, 0.21181166172027588, 0.24360819160938263, 0.14053988456726074, 0.19673477113246918, 0.23684662580490112, 0.21170462667942047, 0.25661420822143555, 0.29276585578918457, 0.23014158010482788, 0.2817496657371521, 0.2724166810512543, 0.2965362071990967, 0.36283403635025024, 0.21799400448799133, 0.3626789450645447, 0.2625700831413269, 0.36242589354515076, 0.26074180006980896, 0.24788571894168854, 0.30369511246681213, 0.24048349261283875, 0.2546001672744751, 0.3009793162345886, 0.25030362606048584, 0.3078334331512451, 0.2080649733543396, 0.2839813232421875, 0.2188567817211151, 0.23927105963230133, 0.2776859998703003, 0.20835033059120178, 0.2305406928062439, 0.2586768865585327, 0.24605035781860352, 0.28578054904937744, 0.2595960795879364, 0.3550984859466553, 0.208065003156662, 0.3095136284828186, 0.2951425015926361, 0.3024890124797821, 0.2264740914106369, 0.2751176059246063, 0.20320165157318115, 0.22419473528862, 0.2317969799041748, 0.3225228488445282, 0.2596748173236847, 0.29205524921417236, 0.2103409469127655, 0.23182553052902222
0.22386378049850464, 0.22387512028217316, 0.21641987562179565, 0.2537369132041931, 0.3643970787525177, 0.39177972078323364, 0.27242642641067505, 0.3080897033214569, 0.2606332302093506, 0.22552208602428436, 0.30033671855926514, 0.17063497006893158, 0.3151088058948517, 0.23732152581214905, 0.28655773401260376, 0.27818563580513, 0.27835461497306824, 0.30805259943008423, 0.42731189727783203, 0.24605035781860352, 0.2714877426624298, 0.16153813898563385, 0.25047147274017334, 0.22789153456687927, 0.2327321469783783, 0.27976542711257935, 0.4502643942832947, 0.28545019030570984, 0.45636919140815735, 0.2664026916027069, 0.3264968693256378, 0.27925679087638855, 0.32198256254196167, 0, 0.36283448338508606, 0.2883055508136749, 0.2330494523048401, 0.25079286098480225, 0.24414080381393433, 0.2952265441417694, 0.2072054147720337, 0.20660518109798431, 0.3258121907711029, 0.30527275800704956, 0.44636648893356323, 0.3505942225456238, 0.26483795046806335, 0.5688089728355408, 0.35598698258399963, 0.21455179154872894, 0.22189368307590485, 0.3090372085571289, 0.32104989886283875, 0.2050660103559494, 0.29184186458587646, 0.19216583669185638, 0.17675219476222992, 0.3242770731449127, 0.28499388694763184, 0.19216583669185638, 0.23090335726737976, 0.254434198141098, 0.21463759243488312, 0.23069077730178833, 0.4135585129261017, 0.27370890974998474, 0.21907153725624084, 0.1194259524345398, 0.2122717797756195, 0.25723057985305786, 0.43340635299682617, 0.32570093870162964, 0.22630906105041504, 0.2321448028087616, 0.3497557044029236, 0.21173731982707977, 0.23994548618793488, 0.16821525990962982, 0.36956024169921875, 0.2913416624069214, 0.440010666847229, 0.1921667456626892, 0.38436615467071533, 0.3141326904296875, 0.3878316879272461, 0.23454535007476807, 0.22056373953819275, 0.3422061800956726, 0.21714134514331818, 0.33406683802604675, 0.20882700383663177, 0.25826722383499146, 0.20879697799682617, 0.23271635174751282, 0.2956538200378418, 0.28830552101135254, 0.2747022807598114, 0.3346638083457947, 0.2883056402206421, 0.29643335938453674, 0.2951423227787018, 0.2019880712032318, 0.30949175357818604, 0.2165306657552719, 0.24634596705436707, 0.36283448338508606, 0.16802066564559937, 0.3068827688694, 0.20811405777931213, 0.32596826553344727, 0.1824156790971756, 0.2298104465007782, 0.2486894577741623, 0.325814425945282, 0.3265150785446167, 0.3083561062812805, 0.21032992005348206, 0.2894311547279358, 0.2580322027206421, 0.23709242045879364, 0.16624495387077332, 0.26252615451812744, 0.14218035340309143, 0.28737229108810425, 0.22165945172309875, 0.22151868045330048
0.33359867334365845, 0.26723161339759827, 0.29529011249542236, 0.33795398473739624, 0.16258388757705688, 0.2612718641757965, 0.24743972718715668, 0.2739391028881073, 0.3047207295894623, 0.29197800159454346, 0.23660266399383545, 0.1878112405538559, 0.2866706848144531, 0.3022691309452057, 0.27236461639404297, 0.33239495754241943, 0.28347718715667725, 0.27320608496665955, 0.2835085690021515, 0.24869003891944885, 0.3010358214378357, 0.2952262759208679, 0.19676004350185394, 0.2390526682138443, 0.2486894577741623, 0.22554899752140045, 0.24605034291744232, 0.2280302792787552, 0.24605035781860352, 0.20815925300121307, 0.26471036672592163, 0.2486894577741623, 0.21558065712451935, 0.2667352557182312, 0, 0.2486894577741623, 0.2754473090171814, 0.2507931590080261, 0.2866706848144531, 0.2866706848144531, 0.23546522855758667, 0.2888439893722534, 0.34531083703041077, 0.240747332572937, 0.3046428859233856, 0.288768470287323, 0.2534630298614502, 0.3047206997871399, 0.28116631507873535, 0.2486894577741623, 0.2866602838039398, 0.25254666805267334, 0.23103709518909454, 0.26393187046051025, 0.22802728414535522, 0.2507931590080261, 0.23466156423091888, 0.3309912383556366, 0.33795177936553955, 0.2486894577741623, 0.2887618839740753, 0.18103501200675964, 0.2576528489589691, 0.24615925550460815, 0.33115482330322266, 0.2952266037464142, 0.2614322900772095, 0.22096771001815796, 0.29263320565223694, 0.3064020276069641, 0.2867341637611389, 0.23301103711128235, 0.2518652081489563, 0.30413246154785156, 0.16774296760559082, 0.2486894577741623, 0.3047207295894623, 0.17599698901176453, 0.2461194097995758, 0.291411429643631, 0.23183640837669373, 0.3132627308368683, 0.3241160809993744, 0.22467699646949768, 0.25951388478279114, 0.31351780891418457, 0.27184930443763733, 0.20814011991024017, 0.27403753995895386, 0.2120797485113144, 0.2866706848144531, 0.3359302282333374, 0.19116705656051636, 0.2887624204158783, 0.2667352557182312, 0.2486894577741623, 0.2667352557182312, 0.24868950247764587, 0.20812994241714478, 0.24467743933200836, 0.208065003156662, 0.2723124027252197, 0.3047107458114624, 0.24505555629730225, 0.28801459074020386, 0.22747841477394104, 0.2952285408973694, 0.24565866589546204, 0.24889256060123444, 0.24868950247764587, 0.24868948757648468, 0.2510979473590851, 0.2486894577741623, 0.2803737223148346, 0.32783472537994385, 0.28190094232559204, 0.29295188188552856, 0.33246910572052, 0.29522693157196045, 0.24230793118476868, 0.2335107922554016, 0.33098793029785156, 0.2527503967285156, 0.327376127243042, 0.3019134998321533, 0.2952266037464142
0.18157288432121277, 0.2728746235370636, 0.29522615671157837, 0.3309914171695709, 0.30378109216690063, 0.2639678716659546, 0.2667352557182312, 0.21210511028766632, 0.2606305480003357, 0.27530574798583984, 0.22255000472068787, 0.3065236210823059, 0.3047207295894623, 0.2790912091732025, 0.2365562915802002, 0.20147374272346497, 0.2572411894798279, 0.18115109205245972, 0.29712867736816406, 0.3047207295894623, 0.29706597328186035, 0.268134206533432, 0.1378287971019745, 0.2789807915687561, 0.2642055153846741, 0.42327880859375, 0.32018616795539856, 0.21891605854034424, 0.24605025351047516, 0.26130950450897217, 0.33137694001197815, 0.2547755539417267, 0.25113779306411743, 0.26332730054855347, 0.2667352557182312, 0, 0.22681528329849243, 0.2606305480003357, 0.3047207295894623, 0.2667352557182312, 0.14414507150650024, 0.28615307807922363, 0.38337910175323486, 0.3047181963920593, 0.208065003156662, 0.28877419233322144, 0.30841320753097534, 0.32416895031929016, 0.2304229736328125, 0.2572411298751831, 0.2275451123714447, 0.1972869634628296, 0.34087109565734863, 0.2732700705528259, 0.19857092201709747, 0.208065003156662, 0.24499545991420746, 0.2573171555995941, 0.2752629518508911, 0.2667352557182312, 0.2399454563856125, 0.24774891138076782, 0.2400120347738266, 0.30623796582221985, 0.3089866042137146, 0.275287002325058, 0.23014092445373535, 0.171088308095932, 0.2592889070510864, 0.31511956453323364, 0.26362210512161255, 0.23728692531585693, 0.22738784551620483, 0.30727601051330566, 0.2883055508136749, 0.19001908600330353, 0.24917028844356537, 0.18075117468833923, 0.3345540165901184, 0.28515303134918213, 0.30429208278656006, 0.3071238398551941, 0.2750873267650604, 0.2571975588798523, 0.25726643204689026, 0.25602370500564575, 0.19820448756217957, 0.3331280052661896, 0.24266880750656128, 0.22404631972312927, 0.22622014582157135, 0.28089603781700134, 0.30369386076927185, 0.2550450563430786, 0.20879696309566498, 0.3451969623565674, 0.2845545709133148, 0.16144481301307678, 0.2606305480003357, 0.3408663868904114, 0.29263585805892944, 0.2667352557182312, 0.2572292387485504, 0.25760114192962646, 0.28667280077934265, 0.20809513330459595, 0.2950749397277832, 0.20258675515651703, 0.2667352557182312, 0.21661660075187683, 0.26673224568367004, 0.23014093935489655, 0.2486894577741623, 0.208065003156662, 0.32649683952331543, 0.26171600818634033, 0.25730100274086, 0.24837535619735718, 0.28878673911094666, 0.29522669315338135, 0.2359534502029419, 0.25052371621131897, 0.2365492880344391, 0.31327158212661743, 0.22622014582157135, 0.24590934813022614
0.18557628989219666, 0.15535153448581696, 0.1820864975452423, 0.29466763138771057, 0.2496826946735382, 0.2832918167114258, 0.3091335892677307, 0.22800351679325104, 0.24682767689228058, 0.27210164070129395, 0.26326102018356323, 0.21192072331905365, 0.2404370903968811, 0.1295311003923416, 0.2779950797557831, 0.2522455155849457, 0.21308569610118866, 0.2970021963119507, 0.24605026841163635, 0.33098822832107544, 0.22111545503139496, 0.24180403351783752, 0.11780611425638199, 0.19428394734859467, 0.24222522974014282, 0.38624781370162964, 0.2545120120048523, 0.25220581889152527, 0.29301917552948, 0.21400821208953857, 0.2845022976398468, 0.26643091440200806, 0.25954094529151917, 0.28656548261642456, 0.2563599944114685, 0.3117234408855438, 0, 0.20790648460388184, 0.21817666292190552, 0.3189246952533722, 0.23147276043891907, 0.2742288410663605, 0.23067842423915863, 0.29546433687210083, 0.19601202011108398, 0.16837473213672638, 0.28784888982772827, 0.29902273416519165, 0.27441713213920593, 0.2733961343765259, 0.2592298984527588, 0.2633862793445587, 0.2490532100200653, 0.20474010705947876, 0.17386773228645325, 0.2952021658420563, 0.21781693398952484, 0.3010745048522949, 0.22950363159179688, 0.28338196873664856, 0.26211968064308167, 0.2444295585155487, 0.28449106216430664, 0.16888631880283356, 0.36334264278411865, 0.15670117735862732, 0.24811087548732758, 0.26102760434150696, 0.24630306661128998, 0.2780705690383911, 0.27139392495155334, 0.33482420444488525, 0.2762249708175659, 0.31738442182540894, 0.2459755390882492, 0.2947028875350952, 0.2873000502586365, 0.19909431040287018, 0.22770750522613525, 0.19926384091377258, 0.24732685089111328, 0.30983224511146545, 0.2952439785003662, 0.2296024113893509, 0.32751592993736267, 0.3106857240200043, 0.20322537422180176, 0.2616722285747528, 0.18426240980625153, 0.2541285753250122, 0.2719131112098694, 0.23958303034305573, 0.2481691986322403, 0.2799723148345947, 0.31154298782348633, 0.23361268639564514, 0.3319956064224243, 0.23424501717090607, 0.32023492455482483, 0.24974298477172852, 0.22866438329219818, 0.3312452435493469, 0.2619313597679138, 0.22202052175998688, 0.15492136776447296, 0.2284332513809204, 0.3096347451210022, 0.3492589592933655, 0.2482757717370987, 0.2857744097709656, 0.28946778178215027, 0.31811919808387756, 0.2140367180109024, 0.21057219803333282, 0.2822345495223999, 0.1498783826828003, 0.3400287628173828, 0.1832689344882965, 0.20347541570663452, 0.25425535440444946, 0.12789879739284515, 0.1724417805671692, 0.2578811049461365, 0.2667158544063568, 0.2100486159324646, 0.1388777494430542
0.4471479654312134, 0.23019108176231384, 0.24876238405704498, 0.24522410333156586, 0.34086015820503235, 0.22813352942466736, 0.2667347192764282, 0.23013967275619507, 0.3047207295894623, 0.2371971607208252, 0.293134868144989, 0.2576782703399658, 0.27418002486228943, 0.31754207611083984, 0.1987726241350174, 0.19948424398899078, 0.2572445869445801, 0.20698519051074982, 0.2954673171043396, 0.2080642580986023, 0.16056400537490845, 0.307375967502594, 0.2564302086830139, 0.24494774639606476, 0.28508460521698, 0.22029531002044678, 0.24560996890068054, 0.1832110583782196, 0.326291024684906, 0.13809236884117126, 0.2486894577741623, 0.19216583669185638, 0.25061702728271484, 0.25957733392715454, 0.20858155190944672, 0.2486894577741623, 0.21764568984508514, 0, 0.28876835107803345, 0.19216594099998474, 0.13948248326778412, 0.30472058057785034, 0.37209489941596985, 0.28876757621765137, 0.1675497442483902, 0.27584871649742126, 0.25502249598503113, 0.24605035781860352, 0.22400858998298645, 0.2486894577741623, 0.2187938392162323, 0.3118269741535187, 0.25079429149627686, 0.1968439519405365, 0.24868930876255035, 0.19216583669185638, 0.24868953227996826, 0.2637512981891632, 0.25725120306015015, 0.2327321618795395, 0.208065003156662, 0.23975391685962677, 0.20798204839229584, 0.24615955352783203, 0.33279848098754883, 0.20837216079235077, 0.2508161962032318, 0.25724145770072937, 0.2572312653064728, 0.30488067865371704, 0.24074381589889526, 0.22802768647670746, 0.29095497727394104, 0.31404396891593933, 0.38473665714263916, 0.17410467565059662, 0.23027898371219635, 0.19844309985637665, 0.3007085919380188, 0.2292897254228592, 0.22285793721675873, 0.25320687890052795, 0.2486894577741623, 0.2572411298751831, 0.26313599944114685, 0.2699420750141144, 0.2535780966281891, 0.365322470664978, 0.23016498982906342, 0.27694588899612427, 0.2505606412887573, 0.28988486528396606, 0.208065003156662, 0.27932208776474, 0.21492516994476318, 0.27026739716529846, 0.2667352557182312, 0.23001694679260254, 0.21796438097953796, 0.28585559129714966, 0.3023460805416107, 0.24868860840797424, 0.245242640376091, 0.2486894577741623, 0.29523777961730957, 0.3042621910572052, 0.29512685537338257, 0.23990435898303986, 0.24869009852409363, 0.1903657615184784, 0.192169189453125, 0.1980099380016327, 0.2507931590080261, 0.19922202825546265, 0.3782500624656677, 0.2851017117500305, 0.2572900652885437, 0.2749040126800537, 0.2895881235599518, 0.2572424113750458, 0.20350868999958038, 0.25722938776016235, 0.23836562037467957, 0.29520708322525024, 0.2486894577741623, 0.2467670738697052
0.2734745144844055, 0.2867785096168518, 0.22800467908382416, 0.2047189623117447, 0.23014090955257416, 0.20817427337169647, 0.383542537689209, 0.3150835633277893, 0.2667354643344879, 0.29846346378326416, 0.24656715989112854, 0.2929610311985016, 0.2603670656681061, 0.26648837327957153, 0.2280043065547943, 0.2590900659561157, 0.2789640724658966, 0.25949791073799133, 0.2951425015926361, 0.27711230516433716, 0.27769529819488525, 0.29687565565109253, 0.22190046310424805, 0.24605010449886322, 0.2486894577741623, 0.5081971883773804, 0.3262892961502075, 0.2712092101573944, 0.24605035781860352, 0.19857092201709747, 0.219061478972435, 0.208065003156662, 0.2486877739429474, 0.2752869129180908, 0.36283448338508606, 0.21661655604839325, 0.4175706207752228, 0.24595695734024048, 0, 0.21490183472633362, 0.12520138919353485, 0.2486894577741623, 0.2460346221923828, 0.27070745825767517, 0.2365814447402954, 0.2486894577741623, 0.30443060398101807, 0.15805566310882568, 0.24605035781860352, 0.2667352557182312, 0.208065003156662, 0.2749635577201843, 0.20806358754634857, 0.297457218170166, 0.245991051197052, 0.1922774463891983, 0.3047207295894623, 0.2835083305835724, 0.2667352557182312, 0.19001908600330353, 0.42884349822998047, 0.2686436176300049, 0.2770967185497284, 0.2324298918247223, 0.28667283058166504, 0.3047207295894623, 0.19001048803329468, 0.17230966687202454, 0.24868960678577423, 0.304699182510376, 0.2857626676559448, 0.22800466418266296, 0.2823486924171448, 0.3047264516353607, 0.32980406284332275, 0.208065003156662, 0.20879653096199036, 0.234771728515625, 0.2055351734161377, 0.24664586782455444, 0.12828034162521362, 0.2462046891450882, 0.2683697044849396, 0.22802387177944183, 0.2365562915802002, 0.2706966996192932, 0.2623361647129059, 0.4400092363357544, 0.2525641918182373, 0.35014283657073975, 0.2486894577741623, 0.30472075939178467, 0.37877047061920166, 0.2888202369213104, 0.314936101436615, 0.27430853247642517, 0.24605035781860352, 0.20806384086608887, 0.208065003156662, 0.2607561945915222, 0.27709710597991943, 0.27781450748443604, 0.24055215716362, 0.219912588596344, 0.27448928356170654, 0.28928887844085693, 0.304523766040802, 0.34961816668510437, 0.3077206611633301, 0.32576483488082886, 0.24393127858638763, 0.27723848819732666, 0.2486894577741623, 0.30834153294563293, 0.3628365993499756, 0.2777059078216553, 0.25427180528640747, 0.21906153857707977, 0.2176782190799713, 0.2914426922798157, 0.22800439596176147, 0.30450767278671265, 0.23812991380691528, 0.3047207295894623, 0.3047206401824951, 0.273027241230011
0.4475395977497101, 0.24875900149345398, 0.2957706153392792, 0.2905222773551941, 0.19216583669185638, 0.2707098126411438, 0.18850187957286835, 0.3331280052661896, 0.24605035781860352, 0.2781684398651123, 0.2615729570388794, 0.25664806365966797, 0.2581655979156494, 0.3704823851585388, 0.3225906789302826, 0.294118732213974, 0.3595806360244751, 0.3959639072418213, 0.3481285572052002, 0.23656204342842102, 0.20598764717578888, 0.28072652220726013, 0.2964867651462555, 0.3181329071521759, 0.25079336762428284, 0.2893690764904022, 0.19216609001159668, 0.22694522142410278, 0.219318225979805, 0.22653214633464813, 0.24605035781860352, 0.20698200166225433, 0.21558062732219696, 0.24291737377643585, 0.2149018943309784, 0.21661660075187683, 0.4010002017021179, 0.208065003156662, 0.3040744960308075, 0, 0.12473201751708984, 0.21558065712451935, 0.18144913017749786, 0.28523939847946167, 0.2528872489929199, 0.21551747620105743, 0.29236549139022827, 0.19825686514377594, 0.2752839922904968, 0.25084707140922546, 0.19021224975585938, 0.32562267780303955, 0.208065003156662, 0.29884979128837585, 0.19217969477176666, 0.2168179303407669, 0.24661271274089813, 0.2667756676673889, 0.23058733344078064, 0.28876835107803345, 0.25083813071250916, 0.22215577960014343, 0.24124981462955475, 0.23755434155464172, 0.3394288420677185, 0.2667352557182312, 0.27568602561950684, 0.2541900873184204, 0.2497463971376419, 0.25101786851882935, 0.3126111924648285, 0.1611083745956421, 0.2597470283508301, 0.25121188163757324, 0.2528872489929199, 0.19001908600330353, 0.2469482123851776, 0.12731382250785828, 0.24604971706867218, 0.24241381883621216, 0.1743008941411972, 0.30463072657585144, 0.15805640816688538, 0.25723615288734436, 0.2752874493598938, 0.36942949891090393, 0.22085651755332947, 0.3943944275379181, 0.2486894428730011, 0.20482932031154633, 0.2266789972782135, 0.25798049569129944, 0.24605035781860352, 0.2887967824935913, 0.2432999610900879, 0.30897656083106995, 0.26676684617996216, 0.3011642396450043, 0.17799916863441467, 0.23014093935489655, 0.23485799133777618, 0.23014138638973236, 0.2502720057964325, 0.2893233299255371, 0.3047209084033966, 0.18962058424949646, 0.2846096158027649, 0.384637713432312, 0.19197344779968262, 0.19001908600330353, 0.22064383327960968, 0.2440136820077896, 0.2486894577741623, 0.21957790851593018, 0.36283448338508606, 0.24068759381771088, 0.2677288353443146, 0.3071123957633972, 0.3024708032608032, 0.27592647075653076, 0.2872759699821472, 0.2585313320159912, 0.22975990176200867, 0.2770533859729767, 0.2519369125366211, 0.24253162741661072
0.20731817185878754, 0.24272142350673676, 0.32690301537513733, 0.2804526090621948, 0.27772387862205505, 0.2368154078722, 0.295879065990448, 0.2559245526790619, 0.31120648980140686, 0.24564674496650696, 0.3175259232521057, 0.30901041626930237, 0.24690908193588257, 0.24963589012622833, 0.31550514698028564, 0.17055639624595642, 0.24191653728485107, 0.3637259006500244, 0.26338496804237366, 0.295879065990448, 0.16285936534404755, 0.1832895129919052, 0.2511909008026123, 0.3378492593765259, 0.3266417384147644, 0.3420686721801758, 0.3139360249042511, 0.22108806669712067, 0.2507447898387909, 0.26069149374961853, 0.2958794832229614, 0.26661425828933716, 0.23415225744247437, 0.3728375732898712, 0.295879065990448, 0.295879065990448, 0.2859566807746887, 0.295879065990448, 0.2813071310520172, 0.2751401662826538, 0, 0.41955339908599854, 0.3691090941429138, 0.28336653113365173, 0.2577552795410156, 0.3266694247722626, 0.18503062427043915, 0.2813107669353485, 0.3263571858406067, 0.2813071608543396, 0.1821211278438568, 0.2839619517326355, 0.29576683044433594, 0.22396299242973328, 0.28114834427833557, 0.2847694754600525, 0.25070786476135254, 0.3194449841976166, 0.32692569494247437, 0.2813071310520172, 0.26661425828933716, 0.1611177623271942, 0.275202214717865, 0.3265150487422943, 0.25875532627105713, 0.3266802728176117, 0.2847464680671692, 0.13418182730674744, 0.31010010838508606, 0.22124788165092468, 0.3115023672580719, 0.18326514959335327, 0.2614470422267914, 0.19454804062843323, 0.28327709436416626, 0.2734776437282562, 0.27788469195365906, 0.24841955304145813, 0.2577562928199768, 0.18180876970291138, 0.26148441433906555, 0.22889667749404907, 0.24318325519561768, 0.33649441599845886, 0.3276623785495758, 0.22030018270015717, 0.3324028253555298, 0.2522713243961334, 0.31240567564964294, 0.23604869842529297, 0.3266802430152893, 0.2777838110923767, 0.2573494017124176, 0.26661527156829834, 0.27392685413360596, 0.29587867856025696, 0.2925717830657959, 0.2822854816913605, 0.26850783824920654, 0.26661425828933716, 0.2633820176124573, 0.25775521993637085, 0.3086511790752411, 0.24689579010009766, 0.3267001807689667, 0.26338496804237366, 0.32667988538742065, 0.2488248497247696, 0.29586732387542725, 0.295879065990448, 0.29587918519973755, 0.2872116267681122, 0.3266802430152893, 0.24309676885604858, 0.26338499784469604, 0.28705155849456787, 0.35087472200393677, 0.325581431388855, 0.1774097979068756, 0.24309389293193817, 0.22028566896915436, 0.3305644392967224, 0.30187690258026123, 0.19031381607055664, 0.17410323023796082, 0.2752538025379181
0.3402794599533081, 0.28589150309562683, 0.22414690256118774, 0.18101845681667328, 0.24762187898159027, 0.2969587743282318, 0.25938916206359863, 0.4175736904144287, 0.21032336354255676, 0.23260557651519775, 0.20742639899253845, 0.2572028636932373, 0.19001908600330353, 0.356295108795166, 0.23014111816883087, 0.2509846091270447, 0.24947325885295868, 0.2881395220756531, 0.24698024988174438, 0.20806516706943512, 0.1970645785331726, 0.26303040981292725, 0.32512518763542175, 0.22882075607776642, 0.17410467565059662, 0.3546733856201172, 0.208065003156662, 0.3029460906982422, 0.2055245041847229, 0.19857092201709747, 0.208065003156662, 0.21028301119804382, 0.19360248744487762, 0.2347712516784668, 0.2576756179332733, 0.2139376997947693, 0.27926334738731384, 0.217051163315773, 0.19001908600330353, 0.208065003156662, 0.1953153759241104, 0, 0.21124212443828583, 0.2486894577741623, 0.208065003156662, 0.2167689949274063, 0.2547382414340973, 0.14980413019657135, 0.28459668159484863, 0.30947232246398926, 0.3090238571166992, 0.23687350749969482, 0.2667352557182312, 0.20767292380332947, 0.2445635199546814, 0.19444411993026733, 0.2507931590080261, 0.25141623616218567, 0.309471994638443, 0.208065003156662, 0.3943944275379181, 0.2587329149246216, 0.208065003156662, 0.2835100293159485, 0.21248982846736908, 0.250696063041687, 0.1921694278717041, 0.18151140213012695, 0.25441431999206543, 0.25717732310295105, 0.25721099972724915, 0.3112061619758606, 0.25640809535980225, 0.293379008769989, 0.253704309463501, 0.24552421271800995, 0.2593899071216583, 0.234771728515625, 0.208065003156662, 0.2326531708240509, 0.30189624428749084, 0.16760748624801636, 0.19967937469482422, 0.2119358330965042, 0.25398361682891846, 0.2644656002521515, 0.27614057064056396, 0.4075815677642822, 0.23265336453914642, 0.208065003156662, 0.21034090220928192, 0.2967637777328491, 0.2576756179332733, 0.2707591652870178, 0.4400104284286499, 0.38236576318740845, 0.1900191307067871, 0.29684072732925415, 0.22622013092041016, 0.2507931590080261, 0.2576686143875122, 0.20881645381450653, 0.19083577394485474, 0.23256315290927887, 0.2866525948047638, 0.3725777268409729, 0.2667350471019745, 0.41295573115348816, 0.2523610591888428, 0.2968495786190033, 0.18948018550872803, 0.28874334692955017, 0.2507931590080261, 0.19857092201709747, 0.36283448338508606, 0.15675342082977295, 0.2047061175107956, 0.24480095505714417, 0.17410534620285034, 0.23265913128852844, 0.44451969861984253, 0.23908460140228271, 0.22811895608901978, 0.18141233921051025, 0.25076261162757874, 0.2120799720287323
0.2944737672805786, 0.23361818492412567, 0.2633032500743866, 0.34537118673324585, 0.2078971415758133, 0.26923269033432007, 0.22602489590644836, 0.20806752145290375, 0.25492849946022034, 0.28118079900741577, 0.20156638324260712, 0.3061387240886688, 0.22569911181926727, 0.2002812772989273, 0.20193655788898468, 0.19179539382457733, 0.2777272164821625, 0.43616151809692383, 0.28373366594314575, 0.27340155839920044, 0.2670159935951233, 0.205936998128891, 0.25138232111930847, 0.23937936127185822, 0.15167061984539032, 0.2372589409351349, 0.276078999042511, 0.21412625908851624, 0.15920390188694, 0.27432018518447876, 0.2668057382106781, 0.26348820328712463, 0.1995532363653183, 0.23983676731586456, 0.3030664324760437, 0.2667349576950073, 0.18794208765029907, 0.18218110501766205, 0.2945731282234192, 0.2786003351211548, 0.1247289702296257, 0.28835517168045044, 0, 0.25703102350234985, 0.26667729020118713, 0.26344770193099976, 0.2384689301252365, 0.26673799753189087, 0.251434326171875, 0.2667641341686249, 0.20717662572860718, 0.24925397336483002, 0.22074782848358154, 0.2703418433666229, 0.20895084738731384, 0.18913304805755615, 0.2754347622394562, 0.2650758922100067, 0.3064503073692322, 0.1516730785369873, 0.33192431926727295, 0.2394290417432785, 0.25564008951187134, 0.2716169059276581, 0.2597302794456482, 0.2630910277366638, 0.19861625134944916, 0.2307383418083191, 0.2767671048641205, 0.23938171565532684, 0.2510388195514679, 0.35374945402145386, 0.37500208616256714, 0.23927435278892517, 0.28795480728149414, 0.2507931590080261, 0.23929323256015778, 0.199196919798851, 0.25737014412879944, 0.16867095232009888, 0.25018322467803955, 0.2266034483909607, 0.20820209383964539, 0.31451231241226196, 0.29526257514953613, 0.2375377118587494, 0.2135602831840515, 0.24179333448410034, 0.24892103672027588, 0.27242761850357056, 0.2296454906463623, 0.29240894317626953, 0.19203467667102814, 0.3050929009914398, 0.3541797399520874, 0.26336297392845154, 0.2082635909318924, 0.24680133163928986, 0.2106247991323471, 0.25889089703559875, 0.26673179864883423, 0.25075021386146545, 0.22843287885189056, 0.2293739914894104, 0.27258944511413574, 0.23529662191867828, 0.2313176542520523, 0.2919377088546753, 0.2081180214881897, 0.208065003156662, 0.2595252990722656, 0.3252277374267578, 0.2667347490787506, 0.2147899568080902, 0.2752808630466461, 0.2160840630531311, 0.2355390340089798, 0.2613982856273651, 0.2969810962677002, 0.26651236414909363, 0.25601935386657715, 0.2298164963722229, 0.2780517041683197, 0.21962861716747284, 0.22622045874595642, 0.24769540131092072
0.40080922842025757, 0.273621141910553, 0.2400151938199997, 0.3229384422302246, 0.2572615146636963, 0.24719855189323425, 0.24582523107528687, 0.4400104284286499, 0.20822013914585114, 0.33477067947387695, 0.23622651398181915, 0.2680135667324066, 0.32063058018684387, 0.3426957130432129, 0.29119613766670227, 0.3062728941440582, 0.28188276290893555, 0.22672653198242188, 0.354239821434021, 0.31365904211997986, 0.2674514353275299, 0.30950960516929626, 0.219637930393219, 0.2647435665130615, 0.19207745790481567, 0.15908846259117126, 0.21503496170043945, 0.21533730626106262, 0.2667369246482849, 0.24606844782829285, 0.246050626039505, 0.20294418931007385, 0.2668147385120392, 0.2550947070121765, 0.24342159926891327, 0.25288674235343933, 0.4462525248527527, 0.19650287926197052, 0.2933265268802643, 0.30120354890823364, 0.25179818272590637, 0.24575859308242798, 0.27468395233154297, 0, 0.2519918382167816, 0.2430993616580963, 0.2785037159919739, 0.2140928953886032, 0.2895893454551697, 0.25083863735198975, 0.34877699613571167, 0.20037789642810822, 0.3921016454696655, 0.24111777544021606, 0.2596883177757263, 0.3885933756828308, 0.20400473475456238, 0.2888779044151306, 0.32219672203063965, 0.3359512686729431, 0.2933472692966461, 0.3038017451763153, 0.3847362995147705, 0.32628580927848816, 0.3784598708152771, 0.28787630796432495, 0.44636648893356323, 0.28907907009124756, 0.3499026298522949, 0.3507216274738312, 0.274012953042984, 0.2113192230463028, 0.28108805418014526, 0.3380398750305176, 0.44636642932891846, 0.3628314435482025, 0.1650533825159073, 0.2347719818353653, 0.2123720794916153, 0.2619498670101166, 0.21952784061431885, 0.20806081593036652, 0.24607399106025696, 0.21993857622146606, 0.2647000253200531, 0.2730869948863983, 0.19674620032310486, 0.4332006871700287, 0.2984047830104828, 0.24603547155857086, 0.208065003156662, 0.32473456859588623, 0.39526528120040894, 0.26600196957588196, 0.43515437841415405, 0.29229316115379333, 0.22984732687473297, 0.29714035987854004, 0.17438575625419617, 0.24505774676799774, 0.292344868183136, 0.302853524684906, 0.2855794429779053, 0.22132299840450287, 0.2963992655277252, 0.33206307888031006, 0.2773277163505554, 0.41611695289611816, 0.4360753297805786, 0.2926364243030548, 0.36265090107917786, 0.4175480008125305, 0.24605035781860352, 0.39136072993278503, 0.43539321422576904, 0.32013174891471863, 0.282888799905777, 0.2753496766090393, 0.19152666628360748, 0.2806236445903778, 0.2594468891620636, 0.34981343150138855, 0.25670742988586426, 0.29652923345565796, 0.2667352557182312, 0.2753691077232361
0.22078648209571838, 0.26816511154174805, 0.24678552150726318, 0.25148823857307434, 0.25942736864089966, 0.2042360007762909, 0.2507931590080261, 0.19001908600330353, 0.27769649028778076, 0.24875618517398834, 0.2685445547103882, 0.3132742643356323, 0.2813612222671509, 0.21601741015911102, 0.19009467959403992, 0.2768993377685547, 0.2922397255897522, 0.22792576253414154, 0.208065003156662, 0.26520437002182007, 0.24709269404411316, 0.27420786023139954, 0.18006685376167297, 0.2857586145401001, 0.2507931590080261, 0.37367019057273865, 0.23019133508205414, 0.14963805675506592, 0.23015648126602173, 0.2667352557182312, 0.2667352259159088, 0.2507931590080261, 0.25079452991485596, 0.2667369246482849, 0.2507931590080261, 0.2486894577741623, 0.21682295203208923, 0.2507929801940918, 0.23273219168186188, 0.23442336916923523, 0.13429753482341766, 0.30370229482650757, 0.3835422992706299, 0.2216591238975525, 0, 0.21559393405914307, 0.1855120062828064, 0.21949350833892822, 0.2707591652870178, 0.30947190523147583, 0.2121126353740692, 0.328607976436615, 0.2507937252521515, 0.21293534338474274, 0.2301405519247055, 0.23972010612487793, 0.23935626447200775, 0.31437599658966064, 0.2572411298751831, 0.2667110860347748, 0.2507931590080261, 0.22374165058135986, 0.22537539899349213, 0.2486894577741623, 0.2954699993133545, 0.20817427337169647, 0.30386921763420105, 0.20830988883972168, 0.2753511071205139, 0.31288787722587585, 0.2651069760322571, 0.29569852352142334, 0.25783252716064453, 0.28603917360305786, 0.24552421271800995, 0.25079312920570374, 0.28876835107803345, 0.1526738405227661, 0.2507931590080261, 0.20779922604560852, 0.2705736458301544, 0.2667352557182312, 0.24136152863502502, 0.24615876376628876, 0.2951916754245758, 0.28574037551879883, 0.20497526228427887, 0.23012861609458923, 0.2486894577741623, 0.16247102618217468, 0.2486894577741623, 0.28642818331718445, 0.20798921585083008, 0.27769935131073, 0.2508198022842407, 0.3285839557647705, 0.27528688311576843, 0.19216583669185638, 0.22098268568515778, 0.2776948809623718, 0.19216583669185638, 0.26673007011413574, 0.22979635000228882, 0.23505009710788727, 0.3037685751914978, 0.20526045560836792, 0.2667387127876282, 0.31709906458854675, 0.2327321320772171, 0.2667352557182312, 0.2169748842716217, 0.23295137286186218, 0.2486894577741623, 0.23757949471473694, 0.36283448338508606, 0.2560712695121765, 0.24945896863937378, 0.24868951737880707, 0.19600412249565125, 0.282748281955719, 0.20412710309028625, 0.33264029026031494, 0.28574085235595703, 0.1977163702249527, 0.2667352557182312, 0.2866706848144531
0.21836990118026733, 0.22704507410526276, 0.18302185833454132, 0.27926531434059143, 0.37283748388290405, 0.18633252382278442, 0.3098852336406708, 0.36283445358276367, 0.2667352557182312, 0.23443478345870972, 0.23608669638633728, 0.36514872312545776, 0.24354736506938934, 0.23786421120166779, 0.1595229208469391, 0.2633688747882843, 0.24142372608184814, 0.4481658339500427, 0.30492153763771057, 0.24403813481330872, 0.2606416940689087, 0.28117212653160095, 0.22810161113739014, 0.1964380443096161, 0.1896561086177826, 0.2746315002441406, 0.32575923204421997, 0.18557290732860565, 0.3124210238456726, 0.21009020507335663, 0.3147887587547302, 0.19216616451740265, 0.26247385144233704, 0.2977812886238098, 0.32980337738990784, 0.30977877974510193, 0.1594492644071579, 0.3256346583366394, 0.22801357507705688, 0.3098899722099304, 0.21034090220928192, 0.304291695356369, 0.3391088843345642, 0.19541142880916595, 0.21490180492401123, 0, 0.24469543993473053, 0.33300256729125977, 0.22700761258602142, 0.1659563183784485, 0.18008719384670258, 0.23881247639656067, 0.30956780910491943, 0.20351816713809967, 0.2629415988922119, 0.22380892932415009, 0.23108166456222534, 0.2525027394294739, 0.2752813994884491, 0.1921658217906952, 0.3411281108856201, 0.36792242527008057, 0.2952478229999542, 0.17446458339691162, 0.30540359020233154, 0.234771728515625, 0.3764299750328064, 0.2914319634437561, 0.27768474817276, 0.26295486092567444, 0.3485284447669983, 0.366385817527771, 0.23028230667114258, 0.2762110233306885, 0.36339226365089417, 0.31118836998939514, 0.27883100509643555, 0.1520787626504898, 0.3234971761703491, 0.20485541224479675, 0.25068268179893494, 0.2120010107755661, 0.23602545261383057, 0.2855978310108185, 0.17725017666816711, 0.2262144237756729, 0.31218647956848145, 0.3220125734806061, 0.2445399910211563, 0.3532397449016571, 0.25079309940338135, 0.24868535995483398, 0.3944045305252075, 0.27018874883651733, 0.4904547333717346, 0.31332069635391235, 0.255361407995224, 0.19216589629650116, 0.2700055241584778, 0.34209001064300537, 0.35663411021232605, 0.3376889228820801, 0.28958046436309814, 0.19312934577465057, 0.2181483954191208, 0.33162835240364075, 0.243272602558136, 0.2563439607620239, 0.32514822483062744, 0.2825923562049866, 0.26905012130737305, 0.23743131756782532, 0.203936368227005, 0.25352975726127625, 0.36283448338508606, 0.26382437348365784, 0.2491369992494583, 0.6382334232330322, 0.21022199094295502, 0.20443129539489746, 0.2348019778728485, 0.23710894584655762, 0.2641003429889679, 0.209824338555336, 0.20407937467098236, 0.2683529853820801
0.17262579500675201, 0.3500399589538574, 0.26743555068969727, 0.27547359466552734, 0.318337082862854, 0.2536725401878357, 0.22616757452487946, 0.2773300111293793, 0.26276832818984985, 0.24714425206184387, 0.21298916637897491, 0.22742733359336853, 0.29566043615341187, 0.28403031826019287, 0.25845715403556824, 0.2102394849061966, 0.3332619071006775, 0.339985191822052, 0.27816343307495117, 0.3412362337112427, 0.23814474046230316, 0.22208909690380096, 0.27027368545532227, 0.3765644431114197, 0.3112073838710785, 0.18590906262397766, 0.3783363699913025, 0.2604329586029053, 0.12790238857269287, 0.274847149848938, 0.407584547996521, 0.26815372705459595, 0.24951401352882385, 0.2421582043170929, 0.30429089069366455, 0.24385695159435272, 0.3083655536174774, 0.2894878685474396, 0.3725605607032776, 0.3139251470565796, 0.19923138618469238, 0.25632551312446594, 0.3263481855392456, 0.27911192178726196, 0.29863405227661133, 0.3025798201560974, 0, 0.2508868873119354, 0.37741920351982117, 0.2167445570230484, 0.3109903335571289, 0.2412334680557251, 0.2749628722667694, 0.339803546667099, 0.32742634415626526, 0.30276891589164734, 0.2947494685649872, 0.3894040584564209, 0.2606801390647888, 0.23874180018901825, 0.2745625674724579, 0.3381655812263489, 0.28786134719848633, 0.234275683760643, 0.2524987459182739, 0.25772812962532043, 0.2823244333267212, 0.27227717638015747, 0.3643188178539276, 0.3225943446159363, 0.28255927562713623, 0.26927196979522705, 0.3010951280593872, 0.26415255665779114, 0.2688537836074829, 0.30507364869117737, 0.29897046089172363, 0.18947866559028625, 0.2930701971054077, 0.2877318263053894, 0.2647591531276703, 0.3236616253852844, 0.32376205921173096, 0.2593870460987091, 0.29285728931427, 0.2523342967033386, 0.309167742729187, 0.3090684711933136, 0.41708505153656006, 0.27077364921569824, 0.20221059024333954, 0.19891566038131714, 0.31203097105026245, 0.36041945219039917, 0.3051460385322571, 0.24589049816131592, 0.2312983274459839, 0.3117370903491974, 0.14605647325515747, 0.19269885122776031, 0.2903478443622589, 0.342609167098999, 0.23475079238414764, 0.23930267989635468, 0.29187774658203125, 0.3205468952655792, 0.2623819410800934, 0.3619438111782074, 0.3644757866859436, 0.32980412244796753, 0.27616870403289795, 0.3023814558982849, 0.27242642641067505, 0.36579304933547974, 0.2734828293323517, 0.2531278729438782, 0.2938535809516907, 0.33230555057525635, 0.3968348205089569, 0.3110595941543579, 0.4140663743019104, 0.29022887349128723, 0.24973000586032867, 0.24715283513069153, 0.3064483404159546, 0.24813424050807953
0.2658289968967438, 0.34208744764328003, 0.2341567873954773, 0.26215168833732605, 0.22711561620235443, 0.22368256747722626, 0.1921660155057907, 0.2080649733543396, 0.23972006142139435, 0.23860964179039001, 0.20566874742507935, 0.30128899216651917, 0.30153971910476685, 0.11874653398990631, 0.25459912419319153, 0.3153320848941803, 0.27593037486076355, 0.19861984252929688, 0.22858896851539612, 0.30947238206863403, 0.26524513959884644, 0.30472153425216675, 0.21562524139881134, 0.2594660520553589, 0.22622011601924896, 0.31158575415611267, 0.23014023900032043, 0.25833630561828613, 0.219061940908432, 0.2935083508491516, 0.28902119398117065, 0.24263766407966614, 0.2486894577741623, 0.3048325181007385, 0.24552421271800995, 0.256282776594162, 0.24152971804141998, 0.22907543182373047, 0.2507931590080261, 0.26673516631126404, 0.11040730774402618, 0.25079473853111267, 0.2440108358860016, 0.23444171249866486, 0.1969490498304367, 0.20812895894050598, 0.20362290740013123, 0, 0.2920616865158081, 0.25079596042633057, 0.2303617298603058, 0.2691193222999573, 0.2303454726934433, 0.22806181013584137, 0.24552421271800995, 0.23972006142139435, 0.2366657853126526, 0.3699231743812561, 0.26728397607803345, 0.24605035781860352, 0.24428898096084595, 0.2216682881116867, 0.18208381533622742, 0.3866707682609558, 0.2876487970352173, 0.2688812017440796, 0.28249552845954895, 0.28751319646835327, 0.278674453496933, 0.3083488345146179, 0.3601747751235962, 0.3185541033744812, 0.31426501274108887, 0.3113655149936676, 0.263621985912323, 0.22964507341384888, 0.28353652358055115, 0.09883539378643036, 0.18107615411281586, 0.3599286377429962, 0.23972032964229584, 0.2507931590080261, 0.30419468879699707, 0.31326547265052795, 0.29620808362960815, 0.3133056163787842, 0.24987274408340454, 0.24675379693508148, 0.3061775863170624, 0.2040925920009613, 0.2507931590080261, 0.2362479567527771, 0.22380857169628143, 0.2881240248680115, 0.22296616435050964, 0.20091307163238525, 0.2667352855205536, 0.29625505208969116, 0.22633250057697296, 0.19923123717308044, 0.22944653034210205, 0.19216583669185638, 0.2507936358451843, 0.2486894577741623, 0.30471691489219666, 0.33680617809295654, 0.30108022689819336, 0.3632568120956421, 0.21933744847774506, 0.208065003156662, 0.1921440064907074, 0.19216564297676086, 0.2652760148048401, 0.22634267807006836, 0.36283448338508606, 0.30332767963409424, 0.3050330877304077, 0.34261512756347656, 0.20123054087162018, 0.3130936622619629, 0.2114696204662323, 0.3132723569869995, 0.27007752656936646, 0.3008389472961426, 0.2667352557182312, 0.330940842628479
0.2953740060329437, 0.2382318377494812, 0.31190183758735657, 0.1865539401769638, 0.23994536697864532, 0.3690260648727417, 0.24523524940013885, 0.23994649946689606, 0.31169164180755615, 0.2516942024230957, 0.2749119997024536, 0.268052339553833, 0.3119189441204071, 0.29318588972091675, 0.18686789274215698, 0.4636610448360443, 0.2826584577560425, 0.27723056077957153, 0.29758936166763306, 0.31520262360572815, 0.3574364185333252, 0.21771569550037384, 0.22487780451774597, 0.27824726700782776, 0.28723159432411194, 0.3381965756416321, 0.2470274567604065, 0.4443063735961914, 0.2594591975212097, 0.2571644186973572, 0.24856358766555786, 0.2366652488708496, 0.2535383999347687, 0.2533259093761444, 0.25458618998527527, 0.21678656339645386, 0.36495241522789, 0.2731103301048279, 0.24597112834453583, 0.24005666375160217, 0.17986057698726654, 0.24849727749824524, 0.3088773190975189, 0.2575697898864746, 0.25061261653900146, 0.33956173062324524, 0.41290217638015747, 0.30326637625694275, 0, 0.2568654716014862, 0.23787012696266174, 0.20851683616638184, 0.24275097250938416, 0.3427702784538269, 0.21949724853038788, 0.23014099895954132, 0.2172941118478775, 0.25984299182891846, 0.3043519854545593, 0.24605035781860352, 0.316007524728775, 0.39081642031669617, 0.24855244159698486, 0.24692946672439575, 0.27901166677474976, 0.2999774217605591, 0.2143581211566925, 0.23598289489746094, 0.3020186126232147, 0.301643431186676, 0.24784985184669495, 0.18155546486377716, 0.20204830169677734, 0.33439579606056213, 0.3481288552284241, 0.19001908600330353, 0.2278955727815628, 0.30469009280204773, 0.2373799830675125, 0.301772803068161, 0.29114750027656555, 0.24226440489292145, 0.2154148519039154, 0.3356385827064514, 0.31515195965766907, 0.27285143733024597, 0.11181578785181046, 0.4333644509315491, 0.27153581380844116, 0.8493567705154419, 0.24880647659301758, 0.3038458824157715, 0.4836660325527191, 0.29453045129776, 0.2676461637020111, 0.22730182111263275, 0.2724611163139343, 0.22296355664730072, 0.24272595345973969, 0.39353710412979126, 0.25145095586776733, 0.20802664756774902, 0.2528536021709442, 0.32885223627090454, 0.3453318476676941, 0.5874854326248169, 0.3437827229499817, 0.3168410658836365, 0.27320966124534607, 0.25231170654296875, 0.41889309883117676, 0.35300037264823914, 0.24605035781860352, 0.2889243960380554, 0.25348618626594543, 0.31642332673072815, 0.28680139780044556, 0.28943368792533875, 0.2848523259162903, 0.25121986865997314, 0.20311343669891357, 0.2940731644630432, 0.27630871534347534, 0.26039788126945496, 0.3083246946334839, 0.2730933129787445
0.33705851435661316, 0.23958876729011536, 0.29840147495269775, 0.2745975852012634, 0.39602383971214294, 0.15864047408103943, 0.24605035781860352, 0.24604910612106323, 0.22887752950191498, 0.29352259635925293, 0.22396525740623474, 0.22020775079727173, 0.2399470955133438, 0.29067477583885193, 0.23378987610340118, 0.29364562034606934, 0.26551780104637146, 0.3462638854980469, 0.3331280052661896, 0.24339164793491364, 0.2667238712310791, 0.31180110573768616, 0.23283183574676514, 0.24428316950798035, 0.2866660952568054, 0.3276844024658203, 0.23014093935489655, 0.36165279150009155, 0.28350502252578735, 0.25724121928215027, 0.2399459183216095, 0.23009034991264343, 0.1747112274169922, 0.3047209084033966, 0.25237980484962463, 0.24605035781860352, 0.28546595573425293, 0.24434000253677368, 0.23986999690532684, 0.2453734129667282, 0.15026098489761353, 0.24605035781860352, 0.26554983854293823, 0.27286094427108765, 0.24313710629940033, 0.22971408069133759, 0.2990240752696991, 0.2654619514942169, 0.2942407429218292, 0, 0.21343263983726501, 0.2604900002479553, 0.2399144470691681, 0.2001582235097885, 0.22203442454338074, 0.1498085856437683, 0.2888904809951782, 0.2083558291196823, 0.2641264796257019, 0.2399454116821289, 0.22800466418266296, 0.2165747582912445, 0.21490168571472168, 0.2689725160598755, 0.2486831694841385, 0.20817427337169647, 0.2263018786907196, 0.203342467546463, 0.22531327605247498, 0.2259882688522339, 0.2285814732313156, 0.21755842864513397, 0.3160210847854614, 0.29691728949546814, 0.23766382038593292, 0.23009666800498962, 0.21906153857707977, 0.21271057426929474, 0.23014099895954132, 0.251395046710968, 0.23967312276363373, 0.22134317457675934, 0.20566284656524658, 0.2400110363960266, 0.2607836127281189, 0.2628017067909241, 0.3127824366092682, 0.27978193759918213, 0.3247915208339691, 0.4111131429672241, 0.21022753417491913, 0.2385520488023758, 0.23220203816890717, 0.2995683550834656, 0.27949410676956177, 0.24678240716457367, 0.22390742599964142, 0.3090496063232422, 0.25912463665008545, 0.2364456206560135, 0.23700807988643646, 0.23939187824726105, 0.3561753034591675, 0.22892381250858307, 0.2648896276950836, 0.2788469195365906, 0.25474870204925537, 0.23970410227775574, 0.23994548618793488, 0.24605035781860352, 0.23839028179645538, 0.31937485933303833, 0.3047207295894623, 0.38596439361572266, 0.4018673896789551, 0.23398981988430023, 0.23760667443275452, 0.23074021935462952, 0.22097741067409515, 0.2572580873966217, 0.1875036656856537, 0.2984082102775574, 0.2790165841579437, 0.297795832157135, 0.2642055153846741, 0.3292282223701477
0.16983544826507568, 0.2710249423980713, 0.31972193717956543, 0.30007052421569824, 0.15165317058563232, 0.22354695200920105, 0.2660173773765564, 0.19003482162952423, 0.21672604978084564, 0.28029441833496094, 0.28057825565338135, 0.28555330634117126, 0.30417513847351074, 0.27997735142707825, 0.30946123600006104, 0.3517475426197052, 0.31517893075942993, 0.27915942668914795, 0.208065003156662, 0.19930638372898102, 0.1701185554265976, 0.3035641312599182, 0.23930323123931885, 0.3203461766242981, 0.2486894428730011, 0.30507850646972656, 0.20167939364910126, 0.18563349545001984, 0.17270180583000183, 0.22504249215126038, 0.2667352557182312, 0.2667352557182312, 0.226212739944458, 0.2572469413280487, 0.2234519124031067, 0.2571735978126526, 0.25234442949295044, 0.20011678338050842, 0.2286612093448639, 0.2460501343011856, 0.11504685133695602, 0.2922689914703369, 0.2694471776485443, 0.23365181684494019, 0.1580573320388794, 0.2081720530986786, 0.13962751626968384, 0.1761014461517334, 0.29971814155578613, 0.2617890238761902, 0, 0.2456914484500885, 0.21051181852817535, 0.2124882936477661, 0.28876376152038574, 0.19001907110214233, 0.2854151129722595, 0.301175057888031, 0.3465956449508667, 0.3004342317581177, 0.22342753410339355, 0.10680601745843887, 0.18386970460414886, 0.30481722950935364, 0.30347463488578796, 0.21886183321475983, 0.21814873814582825, 0.2821642756462097, 0.2330935150384903, 0.2713033854961395, 0.27086368203163147, 0.2990376949310303, 0.24349603056907654, 0.34089547395706177, 0.2803531289100647, 0.19001910090446472, 0.19571344554424286, 0.17650067806243896, 0.16999545693397522, 0.19937966763973236, 0.27230536937713623, 0.24846455454826355, 0.26673638820648193, 0.25584447383880615, 0.228964164853096, 0.2674953043460846, 0.32079461216926575, 0.4151219427585602, 0.2611622214317322, 0.2736338973045349, 0.2667251229286194, 0.30798226594924927, 0.22345352172851562, 0.23598957061767578, 0.2576756179332733, 0.29234910011291504, 0.3047223687171936, 0.16754083335399628, 0.22866639494895935, 0.21672631800174713, 0.20314262807369232, 0.19720688462257385, 0.29597634077072144, 0.3034207224845886, 0.304080069065094, 0.28064218163490295, 0.31787407398223877, 0.3011487126350403, 0.19614924490451813, 0.2080649882555008, 0.15798744559288025, 0.2823314070701599, 0.23992937803268433, 0.2301812320947647, 0.2546270787715912, 0.3247299790382385, 0.27521389722824097, 0.2906981110572815, 0.26845383644104004, 0.2903802990913391, 0.30945903062820435, 0.29179075360298157, 0.2879076600074768, 0.3041682243347168, 0.12692514061927795, 0.32330334186553955
0.40337252616882324, 0.14897258579730988, 0.24906805157661438, 0.33889907598495483, 0.38551270961761475, 0.34182459115982056, 0.24286143481731415, 0.27984997630119324, 0.18303050100803375, 0.25153982639312744, 0.2923969626426697, 0.3004865050315857, 0.2587429881095886, 0.2332550436258316, 0.25769928097724915, 0.24679997563362122, 0.20123696327209473, 0.24242040514945984, 0.2098383754491806, 0.15355458855628967, 0.4250802993774414, 0.2489631623029709, 0.24759601056575775, 0.20986033976078033, 0.19863812625408173, 0.23185807466506958, 0.19946907460689545, 0.3890332579612732, 0.34837812185287476, 0.1875462532043457, 0.22536920011043549, 0.27257901430130005, 0.23988310992717743, 0.2200421243906021, 0.24157258868217468, 0.286480188369751, 0.24924811720848083, 0.23278024792671204, 0.2269487977027893, 0.1391000747680664, 0.2461659014225006, 0.28172746300697327, 0.25583741068840027, 0.27125704288482666, 0.28959256410598755, 0.39783215522766113, 0.4969695210456848, 0.262555867433548, 0.23081602156162262, 0.2051944136619568, 0.16386371850967407, 0, 0.1486930549144745, 0.33703699707984924, 0.16034135222434998, 0.22027646005153656, 0.274081826210022, 0.26576608419418335, 0.2973869740962982, 0.27703365683555603, 0.1441260576248169, 0.24063582718372345, 0.22527341544628143, 0.22444429993629456, 0.2690690755844116, 0.24868804216384888, 0.20607702434062958, 0.2673887610435486, 0.3515576422214508, 0.19584940373897552, 0.22915691137313843, 0.3084462881088257, 0.35577890276908875, 0.29990634322166443, 0.3017822504043579, 0.2587307095527649, 0.27109888195991516, 0.24213919043540955, 0.24639981985092163, 0.2418769896030426, 0.40138840675354004, 0.23075059056282043, 0.23584984242916107, 0.26695889234542847, 0.18063439428806305, 0.27686432003974915, 0.15227733552455902, 0.25539496541023254, 0.1778254508972168, 0.22695495188236237, 0.23277410864830017, 0.21782565116882324, 0.2126876711845398, 0.33248135447502136, 0.2512876093387604, 0.14477995038032532, 0.2591233253479004, 0.22062934935092926, 0.1740826815366745, 0.3069939613342285, 0.22027021646499634, 0.26258012652397156, 0.26943546533584595, 0.21465663611888885, 0.24045759439468384, 0.2763245105743408, 0.22165103256702423, 0.17367777228355408, 0.24253115057945251, 0.24763143062591553, 0.24627377092838287, 0.2251581847667694, 0.20649969577789307, 0.35153254866600037, 0.3253258466720581, 0.18246425688266754, 0.2647871971130371, 0.2519625127315521, 0.2890053987503052, 0.2191154658794403, 0.2584342658519745, 0.2912065088748932, 0.3463771343231201, 0.20358097553253174, 0.21416763961315155, 0.23770414292812347
0.17069122195243835, 0.13268525898456573, 0.2769606113433838, 0.2541300654411316, 0.3098474144935608, 0.25152158737182617, 0.3469758629798889, 0.22800466418266296, 0.22622014582157135, 0.09598438441753387, 0.31548598408699036, 0.25852569937705994, 0.23753143846988678, 0.2439092993736267, 0.2648807764053345, 0.24599993228912354, 0.0956716239452362, 0.2953980267047882, 0.2883187234401703, 0.2667352557182312, 0.19037185609340668, 0.32159286737442017, 0.41982755064964294, 0.355771005153656, 0.2327321320772171, 0.2639405429363251, 0.24605034291744232, 0.17141491174697876, 0.1802900731563568, 0.2572489380836487, 0.2572411298751831, 0.2507931590080261, 0.1701759546995163, 0.27528679370880127, 0.20500902831554413, 0.26673242449760437, 0.2500954270362854, 0.2507857084274292, 0.28667014837265015, 0.2667352557182312, 0.19102069735527039, 0.21558070182800293, 0.36640530824661255, 0.2327321320772171, 0.266735315322876, 0.2244659662246704, 0.29962924122810364, 0.21485263109207153, 0.21049781143665314, 0.1749686300754547, 0.27177220582962036, 0.2727169990539551, 0, 0.24450461566448212, 0.23060117661952972, 0.2507931590080261, 0.19003184139728546, 0.2909710109233856, 0.25522804260253906, 0.21207991242408752, 0.2667352557182312, 0.23373287916183472, 0.1992053985595703, 0.20556384325027466, 0.2202969342470169, 0.2081758826971054, 0.25079306960105896, 0.29824456572532654, 0.35925424098968506, 0.21667970716953278, 0.3311683237552643, 0.22910267114639282, 0.20972932875156403, 0.18924599885940552, 0.1675497591495514, 0.2507931590080261, 0.2752869129180908, 0.19749005138874054, 0.34694376587867737, 0.1900603473186493, 0.22166138887405396, 0.21034012734889984, 0.2658040225505829, 0.26134172081947327, 0.23656640946865082, 0.24642737209796906, 0.25447919964790344, 0.208065003156662, 0.24667894840240479, 0.23497897386550903, 0.20817427337169647, 0.1799054741859436, 0.2080649733543396, 0.2400776445865631, 0.2606334388256073, 0.26088714599609375, 0.2647438049316406, 0.23477143049240112, 0.2347712367773056, 0.23661285638809204, 0.208065003156662, 0.24266378581523895, 0.2847042381763458, 0.17563818395137787, 0.24750050902366638, 0.1647520661354065, 0.266023188829422, 0.3177204132080078, 0.2486894577741623, 0.20875635743141174, 0.2261860966682434, 0.22166690230369568, 0.2486894577741623, 0.21208176016807556, 0.30120420455932617, 0.23537486791610718, 0.33532649278640747, 0.218879833817482, 0.13933616876602173, 0.13841378688812256, 0.2282552570104599, 0.2162654548883438, 0.2258981615304947, 0.18362390995025635, 0.11864932626485825, 0.1420350968837738
0.270611047744751, 0.23358498513698578, 0.2504836916923523, 0.18124404549598694, 0.32975465059280396, 0.37892061471939087, 0.3059055209159851, 0.2905380427837372, 0.2976611852645874, 0.3046136498451233, 0.29620134830474854, 0.32739347219467163, 0.36121273040771484, 0.18889975547790527, 0.25692301988601685, 0.21350739896297455, 0.39775192737579346, 0.351196825504303, 0.2821980118751526, 0.22062356770038605, 0.43227463960647583, 0.2979850471019745, 0.20734238624572754, 0.28994643688201904, 0.20602403581142426, 0.3602091670036316, 0.33654582500457764, 0.3943086266517639, 0.46762365102767944, 0.19588695466518402, 0.26358866691589355, 0.30308037996292114, 0.3428333103656769, 0.12200671434402466, 0.2729158103466034, 0.290524959564209, 0.14651039242744446, 0.25296902656555176, 0.32310253381729126, 0.20757655799388885, 0.15250542759895325, 0.26345396041870117, 0.26353543996810913, 0.30231955647468567, 0.25181588530540466, 0.26939165592193604, 0.43243902921676636, 0.26000308990478516, 0.3211404085159302, 0.31445378065109253, 0.4707035422325134, 0.3024680018424988, 0.22012656927108765, 0, 0.2570178508758545, 0.2634543776512146, 0.27819499373435974, 0.34603559970855713, 0.3730018138885498, 0.35869359970092773, 0.2044144719839096, 0.3524262309074402, 0.28725680708885193, 0.3213815987110138, 0.4238326847553253, 0.27416855096817017, 0.31912484765052795, 0.21817848086357117, 0.23646484315395355, 0.3488384485244751, 0.2730589509010315, 0.2592810094356537, 0.3990733027458191, 0.4087250828742981, 0.2680657207965851, 0.25783202052116394, 0.24703237414360046, 0.25183218717575073, 0.31395870447158813, 0.2609706223011017, 0.2603394687175751, 0.2525905966758728, 0.3095596730709076, 0.26126396656036377, 0.4011957049369812, 0.32533887028694153, 0.2461397349834442, 0.2592846155166626, 0.23068681359291077, 0.3248501420021057, 0.27410900592803955, 0.2529125511646271, 0.2510552406311035, 0.29818761348724365, 0.256896048784256, 0.20337478816509247, 0.32996273040771484, 0.308805376291275, 0.2904427945613861, 0.31644147634506226, 0.25651055574417114, 0.25282204151153564, 0.2603885233402252, 0.2583954334259033, 0.3092864751815796, 0.29236558079719543, 0.3614359498023987, 0.2896413803100586, 0.2001713514328003, 0.2542317509651184, 0.23728124797344208, 0.35519975423812866, 0.20319348573684692, 0.35265210270881653, 0.2962726056575775, 0.2282622754573822, 0.2732122242450714, 0.2350611835718155, 0.3312511444091797, 0.21453239023685455, 0.20467467606067657, 0.27250298857688904, 0.3326652944087982, 0.300192266702652, 0.2831256687641144, 0.2646964490413666
0.2833567261695862, 0.191544771194458, 0.2571909427642822, 0.3240327537059784, 0.20809179544448853, 0.2652404308319092, 0.19179874658584595, 0.19001908600330353, 0.24870461225509644, 0.2531358003616333, 0.1890912503004074, 0.26491621136665344, 0.23193466663360596, 0.38978850841522217, 0.2151188999414444, 0.3545404374599457, 0.17275968194007874, 0.31047138571739197, 0.22402594983577728, 0.2915509343147278, 0.3227286636829376, 0.23466309905052185, 0.1865556538105011, 0.2080364227294922, 0.2386375069618225, 0.48010343313217163, 0.2460503727197647, 0.2770887017250061, 0.24601393938064575, 0.20817755162715912, 0.24605035781860352, 0.24868959188461304, 0.2827746868133545, 0.2669317126274109, 0.19001908600330353, 0.2667131721973419, 0.3286086916923523, 0.29250457882881165, 0.2486894577741623, 0.2541870176792145, 0.12367836385965347, 0.24263522028923035, 0.2901812791824341, 0.31299740076065063, 0.17033953964710236, 0.2507932484149933, 0.2651185393333435, 0.2171468585729599, 0.20513415336608887, 0.19137698411941528, 0.18146750330924988, 0.22463016211986542, 0.2496972382068634, 0.14474427700042725, 0, 0.1336277425289154, 0.2361748069524765, 0.26035141944885254, 0.35723385214805603, 0.2668880820274353, 0.2343306839466095, 0.2923293709754944, 0.2266693413257599, 0.2846372425556183, 0.32008785009384155, 0.2804926633834839, 0.21347995102405548, 0.23014776408672333, 0.21488429605960846, 0.35569727420806885, 0.2320561558008194, 0.2136516124010086, 0.22121785581111908, 0.26304763555526733, 0.28830486536026, 0.16349837183952332, 0.2544551193714142, 0.23100611567497253, 0.2579951286315918, 0.25632408261299133, 0.2508581876754761, 0.2639107406139374, 0.266703724861145, 0.26637473702430725, 0.23579026758670807, 0.23427346348762512, 0.27881211042404175, 0.49105483293533325, 0.24258731305599213, 0.3258550763130188, 0.1923043429851532, 0.25367632508277893, 0.23278403282165527, 0.29157572984695435, 0.3040429353713989, 0.18391427397727966, 0.23192137479782104, 0.16144385933876038, 0.25632184743881226, 0.33555883169174194, 0.19216583669185638, 0.1900191307067871, 0.28870534896850586, 0.2565162777900696, 0.27107709646224976, 0.2447899580001831, 0.31386104226112366, 0.245985209941864, 0.22800466418266296, 0.22800466418266296, 0.2463197410106659, 0.2080649882555008, 0.28667065501213074, 0.23012769222259521, 0.383542537689209, 0.27138715982437134, 0.24964793026447296, 0.2869093120098114, 0.18890953063964844, 0.28643080592155457, 0.23396271467208862, 0.24372009932994843, 0.2455357015132904, 0.2947588562965393, 0.2458733171224594, 0.2880295217037201
0.11646438390016556, 0.2562847137451172, 0.23030713200569153, 0.12150197476148605, 0.1896561086177826, 0.18618813157081604, 0.2080649733543396, 0.22795186936855316, 0.24926835298538208, 0.13468477129936218, 0.288813054561615, 0.1311679482460022, 0.18767747282981873, 0.22474369406700134, 0.2130361795425415, 0.29760828614234924, 0.27419203519821167, 0.26404014229774475, 0.42713141441345215, 0.24869304895401, 0.12232106178998947, 0.2082091122865677, 0.21498537063598633, 0.2582840323448181, 0.1922951638698578, 0.25145280361175537, 0.17161928117275238, 0.24288621544837952, 0.17764326930046082, 0.2199292629957199, 0.22680595517158508, 0.2866706848144531, 0.2822389006614685, 0.3126402199268341, 0.20500904321670532, 0.2667326331138611, 0.22821052372455597, 0.22533118724822998, 0.27070727944374084, 0.18973125517368317, 0.1871432065963745, 0.2697942554950714, 0.2356797158718109, 0.26628533005714417, 0.18748939037322998, 0.24615974724292755, 0.2977905869483948, 0.20553061366081238, 0.29522618651390076, 0.2327321320772171, 0.28667062520980835, 0.25657710433006287, 0.24544697999954224, 0.29335007071495056, 0.230097234249115, 0, 0.23273281753063202, 0.2858888804912567, 0.2325553148984909, 0.27070823311805725, 0.22800466418266296, 0.25047096610069275, 0.19589099287986755, 0.3042004108428955, 0.25979262590408325, 0.21672604978084564, 0.2327326238155365, 0.21898122131824493, 0.2496233433485031, 0.23241230845451355, 0.2335396409034729, 0.2472878247499466, 0.22633539140224457, 0.2320367395877838, 0.2055351734161377, 0.18748939037322998, 0.2055351734161377, 0.2299973964691162, 0.19943022727966309, 0.20880158245563507, 0.1812397539615631, 0.20802925527095795, 0.23301543295383453, 0.26402726769447327, 0.2107517421245575, 0.27427035570144653, 0.22834448516368866, 0.22748233377933502, 0.1899946630001068, 0.18138420581817627, 0.20817427337169647, 0.2982114255428314, 0.22800511121749878, 0.2759087085723877, 0.208065003156662, 0.19001905620098114, 0.25523504614830017, 0.1890036016702652, 0.21062131226062775, 0.24222154915332794, 0.18730641901493073, 0.21205326914787292, 0.260510116815567, 0.18356387317180634, 0.285756379365921, 0.31163090467453003, 0.28309938311576843, 0.27106374502182007, 0.24869441986083984, 0.2486904114484787, 0.1377815306186676, 0.2279834896326065, 0.27070727944374084, 0.19001464545726776, 0.35669323801994324, 0.1807507872581482, 0.20154821872711182, 0.2628677785396576, 0.12520533800125122, 0.1290728747844696, 0.23710764944553375, 0.19588637351989746, 0.20038211345672607, 0.2560679614543915, 0.1311122179031372, 0.2566699683666229
0.3017355799674988, 0.2260313630104065, 0.22930149734020233, 0.2485058605670929, 0.44772225618362427, 0.20687855780124664, 0.31702256202697754, 0.5625501275062561, 0.22096365690231323, 0.29452773928642273, 0.20353367924690247, 0.22333066165447235, 0.26283401250839233, 0.3257143497467041, 0.26411959528923035, 0.36519643664360046, 0.22695498168468475, 0.25645971298217773, 0.29740530252456665, 0.25279441475868225, 0.2484099417924881, 0.2591713070869446, 0.23007962107658386, 0.24197526276111603, 0.24605035781860352, 0.4552076458930969, 0.5814536809921265, 0.29304957389831543, 0.3333289623260498, 0.3860650956630707, 0.32009801268577576, 0.3331280052661896, 0.2239910364151001, 0.23579689860343933, 0.5011882781982422, 0.44636642932891846, 0.4100780785083771, 0.38439637422561646, 0.48570266366004944, 0.20669732987880707, 0.22284334897994995, 0.39014559984207153, 0.35310062766075134, 0.2625732719898224, 0.34661394357681274, 0.256972074508667, 0.4785435199737549, 0.44636639952659607, 0.24735517799854279, 0.2572411000728607, 0.3271239697933197, 0.22899505496025085, 0.2601988911628723, 0.2329840362071991, 0.237213596701622, 0.45634984970092773, 0, 0.24326927959918976, 0.27774542570114136, 0.44636648893356323, 0.5220975875854492, 0.2946748733520508, 0.32072335481643677, 0.2429514229297638, 0.2699723243713379, 0.2347627431154251, 0.3509970009326935, 0.2840334475040436, 0.24726232886314392, 0.3078623414039612, 0.2577623426914215, 0.28172728419303894, 0.20132705569267273, 0.24061761796474457, 0.4472440481185913, 0.45837968587875366, 0.3836728632450104, 0.10829043388366699, 0.6141706705093384, 0.2730098068714142, 0.663371205329895, 0.2407090812921524, 0.32320746779441833, 0.24849767982959747, 0.29823464155197144, 0.2339886873960495, 0.24010784924030304, 0.570142388343811, 0.2146289050579071, 0.510560154914856, 0.26546114683151245, 0.2581891715526581, 0.4471021890640259, 0.41382530331611633, 0.36385682225227356, 0.44659557938575745, 0.2788248062133789, 0.24934718012809753, 0.25066620111465454, 0.29398706555366516, 0.41428810358047485, 0.3787188231945038, 0.20621643960475922, 0.3118691146373749, 0.28913938999176025, 0.3847454786300659, 0.30656546354293823, 0.36571794748306274, 0.44636648893356323, 0.32955822348594666, 0.2532033920288086, 0.3510158956050873, 0.24605035781860352, 0.3773932456970215, 0.44636639952659607, 0.27229076623916626, 0.22119306027889252, 0.242303267121315, 0.236088365316391, 0.2508971691131592, 0.23175375163555145, 0.26919645071029663, 0.3238065242767334, 0.26101475954055786, 0.2775731682777405, 0.21664702892303467
0.29271048307418823, 0.28718113899230957, 0.2703200876712799, 0.20713205635547638, 0.2708718180656433, 0.31163686513900757, 0.2607370615005493, 0.3934170603752136, 0.24656017124652863, 0.23118586838245392, 0.21035298705101013, 0.18716472387313843, 0.2452661544084549, 0.25639647245407104, 0.22922660410404205, 0.4681532084941864, 0.20447376370429993, 0.294179230928421, 0.3189155161380768, 0.2920615077018738, 0.40228328108787537, 0.28278979659080505, 0.1994759738445282, 0.2598825693130493, 0.3047207295894623, 0.37084710597991943, 0.3122640550136566, 0.24322867393493652, 0.3689674735069275, 0.3282226622104645, 0.31440550088882446, 0.24605728685855865, 0.20237579941749573, 0.40644723176956177, 0.27413010597229004, 0.2543293535709381, 0.34805113077163696, 0.28132957220077515, 0.20806020498275757, 0.3013383448123932, 0.24999310076236725, 0.33282670378685, 0.22363047301769257, 0.2893918454647064, 0.33478936553001404, 0.5103012919425964, 0.3696301281452179, 0.3121580183506012, 0.2518129050731659, 0.2615666389465332, 0.37511759996414185, 0.3265341520309448, 0.28521308302879333, 0.2582034766674042, 0.2431151270866394, 0.3118688464164734, 0.3152489960193634, 0, 0.3525058627128601, 0.3047207295894623, 0.6133006811141968, 0.38245558738708496, 0.2549164593219757, 0.2677546739578247, 0.2658946216106415, 0.2842957079410553, 0.24955549836158752, 0.22441664338111877, 0.22313818335533142, 0.3266272246837616, 0.22485682368278503, 0.28572940826416016, 0.22467446327209473, 0.37575024366378784, 0.6095449328422546, 0.24601681530475616, 0.30630743503570557, 0.25155094265937805, 0.330644428730011, 0.2642345428466797, 0.43265825510025024, 0.250181645154953, 0.2580748200416565, 0.2685176730155945, 0.25256386399269104, 0.26951414346694946, 0.2217383086681366, 0.3559548854827881, 0.22400669753551483, 0.441902220249176, 0.27246302366256714, 0.2729606330394745, 0.2974051535129547, 0.29869604110717773, 0.3274286389350891, 0.2615149915218353, 0.2690652310848236, 0.3281402885913849, 0.3692130446434021, 0.46337273716926575, 0.2205689698457718, 0.3346039950847626, 0.3366577625274658, 0.2733383774757385, 0.31651806831359863, 0.3494604825973511, 0.251104474067688, 0.24286200106143951, 0.24605031311511993, 0.24601542949676514, 0.5402053594589233, 0.4365009069442749, 0.3132692873477936, 0.3099881410598755, 0.6259172558784485, 0.30223143100738525, 0.33007290959358215, 0.2415550947189331, 0.2664269804954529, 0.2918418347835541, 0.31385958194732666, 0.3320060074329376, 0.3408159613609314, 0.36194148659706116, 0.3107084631919861, 0.35241934657096863
0.4719170033931732, 0.25441572070121765, 0.2429826557636261, 0.3325769007205963, 0.2433931529521942, 0.244689479470253, 0.3981320261955261, 0.3036954998970032, 0.29984965920448303, 0.3252214789390564, 0.38289737701416016, 0.2722313702106476, 0.19087539613246918, 0.31129932403564453, 0.2895109951496124, 0.20752787590026855, 0.27964720129966736, 0.3674924969673157, 0.32231682538986206, 0.4425935745239258, 0.25950440764427185, 0.26914888620376587, 0.3874590992927551, 0.29667186737060547, 0.22800464928150177, 0.3665255308151245, 0.4023401141166687, 0.33972060680389404, 0.6102593541145325, 0.3067639172077179, 0.2975901663303375, 0.25530126690864563, 0.31595391035079956, 0.3180290758609772, 0.27762848138809204, 0.5650718212127686, 0.2988739311695099, 0.3356318771839142, 0.36283448338508606, 0.3141305148601532, 0.29312047362327576, 0.2743712067604065, 0.34629958868026733, 0.731108546257019, 0.43539321422576904, 0.37700706720352173, 0.28447914123535156, 0.37994664907455444, 0.30240291357040405, 0.15807031095027924, 1.1234278678894043, 0.20957055687904358, 0.3302992582321167, 0.28058111667633057, 0.20518968999385834, 0.4247027635574341, 0.23660103976726532, 0.31872865557670593, 0, 0.32955822348594666, 0.7881867289543152, 0.3992862403392792, 0.2529054284095764, 0.28641337156295776, 0.26012328267097473, 0.22497130930423737, 0.36841797828674316, 0.2370934784412384, 0.20161917805671692, 0.2572992742061615, 0.2504417598247528, 0.32297956943511963, 0.2160312533378601, 0.2311185747385025, 0.37787970900535583, 0.3897455334663391, 0.2752869129180908, 0.3328242301940918, 0.2166166603565216, 0.1649971753358841, 0.39184051752090454, 0.2460508644580841, 0.2747476100921631, 0.24472741782665253, 0.31138813495635986, 0.42984795570373535, 0.43969956040382385, 0.3985653519630432, 0.24245929718017578, 0.4483158588409424, 0.2033296525478363, 0.2866360545158386, 0.378787636756897, 0.3523450493812561, 0.5898808836936951, 0.499488890171051, 0.38698810338974, 0.2886950969696045, 0.2741805613040924, 0.4622785747051239, 0.335048645734787, 0.4399200677871704, 0.25727105140686035, 0.24235999584197998, 0.24687105417251587, 0.6515473127365112, 0.24211303889751434, 0.3435957431793213, 0.3346264660358429, 0.31718337535858154, 0.35490354895591736, 0.594670295715332, 0.24547390639781952, 0.3359566330909729, 0.36353081464767456, 0.21815969049930573, 0.35529714822769165, 0.23700235784053802, 0.3751761019229889, 0.275540292263031, 0.2556034028530121, 0.23341120779514313, 0.22117923200130463, 0.22623895108699799, 0.2563589811325073, 0.2382926046848297
0.29740381240844727, 0.25738897919654846, 0.22801071405410767, 0.25966864824295044, 0.3104074001312256, 0.23191162943840027, 0.208065003156662, 0.3150825500488281, 0.3047207295894623, 0.2654638886451721, 0.19000424444675446, 0.22801297903060913, 0.22800466418266296, 0.2773238718509674, 0.22800466418266296, 0.25480806827545166, 0.3130795657634735, 0.21906128525733948, 0.2544809579849243, 0.2770966589450836, 0.3047207295894623, 0.2452412098646164, 0.24605035781860352, 0.2888202369213104, 0.2866706848144531, 0.2940424084663391, 0.24605035781860352, 0.31545817852020264, 0.32627153396606445, 0.26060619950294495, 0.24605035781860352, 0.2883055508136749, 0.19216609001159668, 0.2486894577741623, 0.32576483488082886, 0.208065003156662, 0.41757112741470337, 0.2301398515701294, 0.22800466418266296, 0.19216583669185638, 0.13150379061698914, 0.22800466418266296, 0.20431560277938843, 0.25079333782196045, 0.19001908600330353, 0.23273210227489471, 0.27769526839256287, 0.208065003156662, 0.2866706848144531, 0.2327321320772171, 0.18922226130962372, 0.2500607967376709, 0.208065003156662, 0.1920098066329956, 0.21563445031642914, 0.1741047352552414, 0.2667352557182312, 0.2529139518737793, 0.2486894428730011, 0, 0.208065003156662, 0.2507931590080261, 0.19001908600330353, 0.22711536288261414, 0.2866706848144531, 0.2486894577741623, 0.19216595590114594, 0.21300487220287323, 0.2216590791940689, 0.2630445957183838, 0.22708559036254883, 0.1874893754720688, 0.31340259313583374, 0.2687298059463501, 0.2951425015926361, 0.19202999770641327, 0.24605035781860352, 0.22622014582157135, 0.2667352557182312, 0.2507932484149933, 0.1795303225517273, 0.2667352557182312, 0.19001908600330353, 0.22800466418266296, 0.27008897066116333, 0.22800466418266296, 0.16475632786750793, 0.36283448338508606, 0.22166481614112854, 0.45636945962905884, 0.2327321320772171, 0.24149584770202637, 0.29515397548675537, 0.2667345404624939, 0.2957027554512024, 0.2923465073108673, 0.24577397108078003, 0.1675497591495514, 0.2667352557182312, 0.26684120297431946, 0.1969539076089859, 0.19902658462524414, 0.2866706848144531, 0.27070727944374084, 0.27471357583999634, 0.36283448338508606, 0.22800494730472565, 0.2740405797958374, 0.19001908600330353, 0.19001919031143188, 0.208065003156662, 0.27926403284072876, 0.2667352557182312, 0.23014093935489655, 0.3331280052661896, 0.27176961302757263, 0.28665465116500854, 0.21239155530929565, 0.18748939037322998, 0.2866706848144531, 0.22494864463806152, 0.28575634956359863, 0.2923171818256378, 0.23655632138252258, 0.26136845350265503, 0.2866706848144531
0.26751288771629333, 0.24476934969425201, 0.27876120805740356, 0.15531010925769806, 0.36565452814102173, 0.19669926166534424, 0.2487391084432602, 0.19857092201709747, 0.2642061114311218, 0.2265131175518036, 0.23355598747730255, 0.22443975508213043, 0.19623631238937378, 0.2846810817718506, 0.2893597185611725, 0.2951868772506714, 0.23802055418491364, 0.2943055033683777, 0.3215135335922241, 0.2752789556980133, 0.24937963485717773, 0.236313596367836, 0.19059796631336212, 0.29661279916763306, 0.2081788331270218, 0.3469168245792389, 0.24606123566627502, 0.10247664153575897, 0.22241516411304474, 0.28033366799354553, 0.2671390175819397, 0.2486894577741623, 0.28278541564941406, 0.27526330947875977, 0.28281843662261963, 0.24688825011253357, 0.24818238615989685, 0.3047207295894623, 0.2952266037464142, 0.2952266037464142, 0.23546522855758667, 0.2776767611503601, 0.4559139013290405, 0.2455647587776184, 0.2642488479614258, 0.1832345426082611, 0.24539504945278168, 0.2820253074169159, 0.32464301586151123, 0.27254995703697205, 0.3047228455543518, 0.32567107677459717, 0.32576483488082886, 0.21181893348693848, 0.30445897579193115, 0.208065003156662, 0.24454866349697113, 0.30573633313179016, 0.2818998098373413, 0.2952266335487366, 0, 0.17998087406158447, 0.221849262714386, 0.2532384991645813, 0.2925049662590027, 0.23474347591400146, 0.3379526734352112, 0.24752043187618256, 0.3839273154735565, 0.3440554141998291, 0.33094319701194763, 0.32167506217956543, 0.2573356032371521, 0.3520994782447815, 0.38970518112182617, 0.1555941253900528, 0.2546021044254303, 0.1502600461244583, 0.28577572107315063, 0.314338743686676, 0.24695199728012085, 0.2599965035915375, 0.2752869725227356, 0.27929672598838806, 0.27339208126068115, 0.32012394070625305, 0.2875470519065857, 0.4623025059700012, 0.26932385563850403, 0.17745807766914368, 0.313271701335907, 0.23169781267642975, 0.2546028196811676, 0.28596949577331543, 0.2593904435634613, 0.31691834330558777, 0.3225770592689514, 0.16854247450828552, 0.2621399760246277, 0.28858888149261475, 0.3721282482147217, 0.2752445340156555, 0.2763805389404297, 0.24221807718276978, 0.332198828458786, 0.3315189480781555, 0.33597639203071594, 0.29779815673828125, 0.2486894577741623, 0.26673510670661926, 0.19026720523834229, 0.2663576602935791, 0.3047207295894623, 0.29521191120147705, 0.37877047061920166, 0.16523918509483337, 0.2645951807498932, 0.36662572622299194, 0.21580179035663605, 0.1589726358652115, 0.31265419721603394, 0.16593468189239502, 0.21764470636844635, 0.27728182077407837, 0.17258791625499725, 0.3029373586177826
0.11706244945526123, 0.29446694254875183, 0.24838115274906158, 0.4216099977493286, 0.2428811490535736, 0.21014364063739777, 0.32582396268844604, 0.29784080386161804, 0.20440252125263214, 0.32411831617355347, 0.45759493112564087, 0.4645470976829529, 0.43154051899909973, 0.3215845823287964, 0.31133878231048584, 0.25439703464508057, 0.4009695053100586, 0.29451173543930054, 0.3495652675628662, 0.2978174388408661, 0.3149229884147644, 0.3904871344566345, 0.38709890842437744, 0.41005468368530273, 0.2519558370113373, 0.21564748883247375, 0.24899832904338837, 0.17824658751487732, 0.16071316599845886, 0.19516807794570923, 0.20556162297725677, 0.31102079153060913, 0.3049149215221405, 0.24328488111495972, 0.37621524930000305, 0.2902831733226776, 0.35739755630493164, 0.3859943151473999, 0.37241458892822266, 0.2977859377861023, 0.25321856141090393, 0.17923428118228912, 0.2400696724653244, 0.2509387135505676, 0.32725733518600464, 0.20931501686573029, 0.24274934828281403, 0.2304764986038208, 0.2895142138004303, 0.2832678258419037, 0.368423730134964, 0.24866794049739838, 0.31846535205841064, 0.15068021416664124, 0.3343300223350525, 0.2857801914215088, 0.19960086047649384, 0.274864137172699, 0.37561172246932983, 0.2947081923484802, 0.2506949305534363, 0, 0.30900630354881287, 0.37396299839019775, 0.41448110342025757, 0.2650633156299591, 0.3986341059207916, 0.29179438948631287, 0.33390238881111145, 0.298004150390625, 0.358683705329895, 0.3316977024078369, 0.276231586933136, 0.287787526845932, 0.36283448338508606, 0.28924036026000977, 0.3039838373661041, 0.31919050216674805, 0.2896036207675934, 0.2588009238243103, 0.16728927195072174, 0.4946918189525604, 0.502384603023529, 0.32717204093933105, 0.3048256039619446, 0.35037755966186523, 0.17077989876270294, 0.3167499601840973, 0.23504243791103363, 0.2678111791610718, 0.28185832500457764, 0.24676848948001862, 0.3725847601890564, 0.22349397838115692, 0.30168259143829346, 0.3513460159301758, 0.44083353877067566, 0.2872002124786377, 0.3434160649776459, 0.2612193822860718, 0.28928738832473755, 0.3012247383594513, 0.29849016666412354, 0.23701061308383942, 0.25757741928100586, 0.27693116664886475, 0.33992236852645874, 0.3866596221923828, 0.2985576391220093, 0.2892894744873047, 0.3094150722026825, 0.393115758895874, 0.14980413019657135, 0.3228735029697418, 0.2850398123264313, 0.29002708196640015, 0.3571457266807556, 0.2838864326477051, 0.321401447057724, 0.37294095754623413, 0.4874243438243866, 0.43370428681373596, 0.3754085302352905, 0.3081131875514984, 0.25459831953048706, 0.4260895550251007
0.23782046139240265, 0.29956477880477905, 0.30472418665885925, 0.20758922398090363, 0.19222795963287354, 0.20827357470989227, 0.20806625485420227, 0.24604329466819763, 0.3314807415008545, 0.24869659543037415, 0.3498806953430176, 0.28461503982543945, 0.29160112142562866, 0.22549550235271454, 0.24198925495147705, 0.27961188554763794, 0.3279038965702057, 0.2646499276161194, 0.24605035781860352, 0.30947238206863403, 0.1528799682855606, 0.2989349067211151, 0.3312825560569763, 0.2733456790447235, 0.22621960937976837, 0.25723403692245483, 0.2675206959247589, 0.27825939655303955, 0.22626928985118866, 0.20896616578102112, 0.28876882791519165, 0.19216583669185638, 0.3046199083328247, 0.30947232246398926, 0.2888202667236328, 0.2600046992301941, 0.23243603110313416, 0.19231738150119781, 0.2912476062774658, 0.27071765065193176, 0.19745677709579468, 0.2922654449939728, 0.2188558280467987, 0.27039873600006104, 0.25083863735198975, 0.28648799657821655, 0.2491072565317154, 0.2642055153846741, 0.3560106158256531, 0.2415156066417694, 0.2301383912563324, 0.26373469829559326, 0.2424776703119278, 0.26498115062713623, 0.27285677194595337, 0.2892032563686371, 0.29350876808166504, 0.24724362790584564, 0.3034169673919678, 0.23143713176250458, 0.28586670756340027, 0.23148730397224426, 0, 0.2690167725086212, 0.2404845803976059, 0.24832642078399658, 0.2507931590080261, 0.3118949830532074, 0.33777427673339844, 0.2709066867828369, 0.33096426725387573, 0.1967593878507614, 0.28005731105804443, 0.2288924604654312, 0.2888202369213104, 0.2507931590080261, 0.266032338142395, 0.16425642371177673, 0.19112229347229004, 0.20754298567771912, 0.2739867568016052, 0.28044527769088745, 0.23477184772491455, 0.2783564627170563, 0.2309429794549942, 0.2918083965778351, 0.2365567684173584, 0.25056153535842896, 0.21043480932712555, 0.22800011932849884, 0.26673468947410583, 0.2396920770406723, 0.27281078696250916, 0.3014069199562073, 0.23488157987594604, 0.25904664397239685, 0.3139888644218445, 0.21519821882247925, 0.2926291525363922, 0.22167173027992249, 0.27285677194595337, 0.25081324577331543, 0.24720622599124908, 0.24832643568515778, 0.3047237694263458, 0.25487789511680603, 0.29225674271583557, 0.3026742935180664, 0.2507931590080261, 0.208065003156662, 0.2301420271396637, 0.21207977831363678, 0.2667352259159088, 0.2301533967256546, 0.36430537700653076, 0.2472364753484726, 0.30510473251342773, 0.19874587655067444, 0.25785714387893677, 0.25150373578071594, 0.26334038376808167, 0.29222017526626587, 0.2330101579427719, 0.29952940344810486, 0.28724631667137146, 0.24776336550712585
0.22675316035747528, 0.2454470843076706, 0.2986248731613159, 0.2726699411869049, 0.26784548163414, 0.4212433695793152, 0.19001804292201996, 0.36501196026802063, 0.3078736662864685, 0.1838214099407196, 0.29603540897369385, 0.324098140001297, 0.31960687041282654, 0.24161694943904877, 0.17024002969264984, 0.38275671005249023, 0.2733667492866516, 0.29230552911758423, 0.3721003532409668, 0.30771905183792114, 0.3242754340171814, 0.309004008769989, 0.25734996795654297, 0.28806671500205994, 0.2327321320772171, 0.5570663213729858, 0.27811339497566223, 0.301113486289978, 0.22965246438980103, 0.2357349991798401, 0.24839331209659576, 0.21159882843494415, 0.22137640416622162, 0.26928186416625977, 0.32816073298454285, 0.27149316668510437, 0.3843385577201843, 0.24442049860954285, 0.16209568083286285, 0.23233599960803986, 0.22473177313804626, 0.25724107027053833, 0.2305808961391449, 0.18919025361537933, 0.30771902203559875, 0.21159903705120087, 0.26760128140449524, 0.34710317850112915, 0.23820756375789642, 0.28593340516090393, 0.4111892580986023, 0.21230508387088776, 0.2654993534088135, 0.13519644737243652, 0.22467508912086487, 0.29358845949172974, 0.20080673694610596, 0.22963006794452667, 0.3288607597351074, 0.2614322900772095, 0.3483651280403137, 0.3433387875556946, 0.2935846447944641, 0, 0.3104548752307892, 0.2913946509361267, 0.19372546672821045, 0.2638673186302185, 0.22420720756053925, 0.26776546239852905, 0.28923696279525757, 0.2632260322570801, 0.2734818458557129, 0.2995426058769226, 0.3728376626968384, 0.28822553157806396, 0.2284519523382187, 0.22240343689918518, 0.26997828483581543, 0.23476526141166687, 0.39368748664855957, 0.20818322896957397, 0.17454874515533447, 0.29448220133781433, 0.26921164989471436, 0.2655625343322754, 0.25093334913253784, 0.37276044487953186, 0.24269334971904755, 0.23665457963943481, 0.2486894279718399, 0.22407689690589905, 0.3277166485786438, 0.3016570806503296, 0.32775813341140747, 0.29659566283226013, 0.2952270805835724, 0.24767228960990906, 0.23273226618766785, 0.30636271834373474, 0.2902581989765167, 0.19117048382759094, 0.26406145095825195, 0.24615982174873352, 0.2603779435157776, 0.31161099672317505, 0.33226823806762695, 0.21753093600273132, 0.2006620615720749, 0.2197376787662506, 0.3276357054710388, 0.3030662536621094, 0.22800466418266296, 0.1921617090702057, 0.4615304470062256, 0.28465133905410767, 0.2653071880340576, 0.2943667769432068, 0.21172460913658142, 0.2492995709180832, 0.1865025758743286, 0.3616255521774292, 0.2801479399204254, 0.2819005250930786, 0.20817427337169647, 0.3352887034416199
0.19160881638526917, 0.2537927031517029, 0.24355998635292053, 0.2182072550058365, 0.24409697949886322, 0.21751777827739716, 0.33871033787727356, 0.4237006902694702, 0.29205867648124695, 0.18721812963485718, 0.1686885505914688, 0.30048274993896484, 0.18179172277450562, 0.22444605827331543, 0.24296016991138458, 0.20673735439777374, 0.45565295219421387, 0.2781311273574829, 0.3345264196395874, 0.5672459602355957, 0.22861231863498688, 0.2800042927265167, 0.3629917502403259, 0.4625716507434845, 0.2654595971107483, 0.3931658864021301, 0.3898524045944214, 0.24807380139827728, 0.2820591330528259, 0.25321468710899353, 0.4590868055820465, 0.32888758182525635, 0.36475348472595215, 0.355834424495697, 0.36354130506515503, 0.29432177543640137, 0.2922539710998535, 0.4622914493083954, 0.28881099820137024, 0.25067055225372314, 0.26887574791908264, 0.21211783587932587, 0.17931051552295685, 0.3062528967857361, 0.3436005413532257, 0.3240235447883606, 0.2927874028682709, 0.1733025461435318, 0.2802557945251465, 0.18913087248802185, 0.4798153340816498, 0.27515512704849243, 0.16678264737129211, 0.2596309781074524, 0.19283299148082733, 0.3161987066268921, 0.26693275570869446, 0.3325248956680298, 0.31326645612716675, 0.21441031992435455, 0.431053102016449, 0.22602063417434692, 0.22437524795532227, 0.28875911235809326, 0, 0.202855184674263, 0.4913298487663269, 0.2255493551492691, 0.17425982654094696, 0.20826804637908936, 0.15622158348560333, 0.32399988174438477, 0.24762828648090363, 0.24581904709339142, 0.4347645044326782, 0.29215019941329956, 0.2648426294326782, 0.30329594016075134, 0.3336900472640991, 0.24571889638900757, 0.3265340328216553, 0.27545440196990967, 0.25776997208595276, 0.2701297402381897, 0.20290443301200867, 0.19985656440258026, 0.2628971040248871, 0.7006733417510986, 0.20612464845180511, 0.3795619010925293, 0.276898592710495, 0.2349793016910553, 0.39576011896133423, 0.2715539038181305, 0.5681621432304382, 0.26290345191955566, 0.2940658628940582, 0.2851525545120239, 0.19968761503696442, 0.35057827830314636, 0.32197439670562744, 0.4053783416748047, 0.2822217345237732, 0.17254549264907837, 0.20290400087833405, 0.5015549659729004, 0.28768858313560486, 0.3219650685787201, 0.46230143308639526, 0.3236250877380371, 0.30861279368400574, 0.2866307497024536, 0.242994487285614, 0.29521414637565613, 0.42022064328193665, 0.1677098572254181, 0.22896327078342438, 0.22592568397521973, 0.1637570559978485, 0.26148754358291626, 0.3242102861404419, 0.16973698139190674, 0.2897539734840393, 0.29804685711860657, 0.269408643245697, 0.24520432949066162
0.3794752061367035, 0.2534550726413727, 0.2311360388994217, 0.23600877821445465, 0.27242645621299744, 0.26190611720085144, 0.2571548819541931, 0.27926331758499146, 0.28830569982528687, 0.3255119323730469, 0.2967510521411896, 0.20423060655593872, 0.24435126781463623, 0.2764343023300171, 0.24020007252693176, 0.344634473323822, 0.3132660984992981, 0.26729822158813477, 0.3376665711402893, 0.41119563579559326, 0.2507931590080261, 0.2998751103878021, 0.22481241822242737, 0.2551591694355011, 0.22800466418266296, 0.2696549594402313, 0.4561702609062195, 0.2704364061355591, 0.325763076543808, 0.2776532769203186, 0.3256681263446808, 0.2792621850967407, 0.18304452300071716, 0.2495138943195343, 0.27753761410713196, 0.30771902203559875, 0.3110412061214447, 0.34575551748275757, 0.23484143614768982, 0.277942955493927, 0.2981736660003662, 0.24605035781860352, 0.20405156910419464, 0.23014093935489655, 0.42249196767807007, 0.2806517779827118, 0.3242841362953186, 0.3258466124534607, 0.22698819637298584, 0.22165828943252563, 0.3111565113067627, 0.32585301995277405, 0.20304962992668152, 0.17351604998111725, 0.22931219637393951, 0.33784741163253784, 0.23681530356407166, 0.21721220016479492, 0.2604479491710663, 0.19216583669185638, 0.37896728515625, 0.31313008069992065, 0.4502640962600708, 0.22189059853553772, 0.23559516668319702, 0, 0.2371576726436615, 0.2039656937122345, 0.18286055326461792, 0.19907087087631226, 0.2660059332847595, 0.19664627313613892, 0.25854575634002686, 0.26304471492767334, 0.37283754348754883, 0.30103135108947754, 0.29982638359069824, 0.2887663245201111, 0.36278000473976135, 0.23192481696605682, 0.23014093935489655, 0.30054327845573425, 0.2287364900112152, 0.22800466418266296, 0.23655495047569275, 0.22800585627555847, 0.20743431150913239, 0.42328941822052, 0.24875542521476746, 0.3729819059371948, 0.2177838236093521, 0.3228362500667572, 0.3728375732898712, 0.2676239013671875, 0.40758466720581055, 0.33038589358329773, 0.33312803506851196, 0.31804710626602173, 0.27242642641067505, 0.30988579988479614, 0.3728375732898712, 0.42216604948043823, 0.32982128858566284, 0.22800466418266296, 0.228000670671463, 0.31175827980041504, 0.2859654426574707, 0.28835827112197876, 0.21351921558380127, 0.19703400135040283, 0.32247260212898254, 0.369964063167572, 0.23014093935489655, 0.45026206970214844, 0.45636945962905884, 0.18707431852817535, 0.1875043362379074, 0.22191014885902405, 0.22107245028018951, 0.20726627111434937, 0.2508145272731781, 0.19381847977638245, 0.19026052951812744, 0.18768346309661865, 0.24605035781860352, 0.22025933861732483
0.4546617269515991, 0.2950313687324524, 0.22415225207805634, 0.2685202658176422, 0.24605035781860352, 0.2486894577741623, 0.21661660075187683, 0.2528872489929199, 0.2055351734161377, 0.25244423747062683, 0.24132202565670013, 0.21701930463314056, 0.3112405240535736, 0.19799327850341797, 0.25819987058639526, 0.2791522145271301, 0.33791017532348633, 0.2958988547325134, 0.24605035781860352, 0.2055351734161377, 0.16365474462509155, 0.21559204161167145, 0.24493013322353363, 0.3156103193759918, 0.25535765290260315, 0.4350535571575165, 0.23519015312194824, 0.32696297764778137, 0.24478067457675934, 0.208065003156662, 0.20553721487522125, 0.21661660075187683, 0.33650586009025574, 0.21408696472644806, 0.1829383373260498, 0.2546021044254303, 0.27940964698791504, 0.20806750655174255, 0.2459995448589325, 0.2055351734161377, 0.2773300111293793, 0.2667352557182312, 0.2722228169441223, 0.2667740285396576, 0.2166162133216858, 0.21034090220928192, 0.2676003575325012, 0.21408309042453766, 0.25444406270980835, 0.2647091746330261, 0.2568604052066803, 0.24775424599647522, 0.2752869129180908, 0.28070446848869324, 0.21408696472644806, 0.14980410039424896, 0.22622010111808777, 0.26908040046691895, 0.2465343177318573, 0.2546021044254303, 0.1985711008310318, 0.26672521233558655, 0.17623591423034668, 0.23237474262714386, 0.3109334409236908, 0.23364663124084473, 0, 0.23685318231582642, 0.2740820050239563, 0.3405493199825287, 0.25035324692726135, 0.18565204739570618, 0.29788869619369507, 0.3042847514152527, 0.298366516828537, 0.1675497591495514, 0.15805566310882568, 0.27275732159614563, 0.20557282865047455, 0.30682939291000366, 0.2667352259159088, 0.3047207295894623, 0.2541501820087433, 0.33242088556289673, 0.2793254852294922, 0.3166227340698242, 0.321169912815094, 0.3823928236961365, 0.2704186737537384, 0.19857804477214813, 0.2642055153846741, 0.28507715463638306, 0.2234588861465454, 0.24345991015434265, 0.24492624402046204, 0.31752899289131165, 0.24605035781860352, 0.196041077375412, 0.2347717434167862, 0.22619953751564026, 0.2614389955997467, 0.28870731592178345, 0.3047207295894623, 0.2667352557182312, 0.28638768196105957, 0.33461523056030273, 0.29275399446487427, 0.3272743225097656, 0.16754981875419617, 0.21408696472644806, 0.18748939037322998, 0.25089460611343384, 0.2667352557182312, 0.28118306398391724, 0.3481290340423584, 0.24629008769989014, 0.22605179250240326, 0.2693225145339966, 0.29561853408813477, 0.27412915229797363, 0.24604365229606628, 0.24715152382850647, 0.23586124181747437, 0.3409028649330139, 0.2667352557182312, 0.31996744871139526
0.17808614671230316, 0.19231441617012024, 0.19119387865066528, 0.38040539622306824, 0.2698136270046234, 0.2975667715072632, 0.28795650601387024, 0.19234809279441833, 0.2973906993865967, 0.24139508605003357, 0.17787757515907288, 0.27683454751968384, 0.14888209104537964, 0.20052221417427063, 0.3732687830924988, 0.15979677438735962, 0.27300140261650085, 0.24578258395195007, 0.2638590335845947, 0.41160619258880615, 0.3327109217643738, 0.24552293121814728, 0.20009483397006989, 0.25094908475875854, 0.1874435842037201, 0.3762637972831726, 0.26200738549232483, 0.2930205762386322, 0.2203795164823532, 0.2319832444190979, 0.248284250497818, 0.2163008749485016, 0.24319501221179962, 0.2288879156112671, 0.2383541762828827, 0.29961442947387695, 0.1871843785047531, 0.24960342049598694, 0.13209831714630127, 0.24226441979408264, 0.16563299298286438, 0.18749307096004486, 0.282140851020813, 0.27479466795921326, 0.23754450678825378, 0.3592399060726166, 0.32219603657722473, 0.23278014361858368, 0.2243395894765854, 0.2227434664964676, 0.43283721804618835, 0.2741371691226959, 0.24358008801937103, 0.18569469451904297, 0.14856092631816864, 0.22204159200191498, 0.20726488530635834, 0.17557759582996368, 0.271361768245697, 0.22289112210273743, 0.3508879542350769, 0.45315372943878174, 0.2671490013599396, 0.2782456874847412, 0.2261972576379776, 0.22980359196662903, 0.2566524147987366, 0, 0.21150369942188263, 0.16683882474899292, 0.2639995813369751, 0.30535709857940674, 0.2745850682258606, 0.2614023983478546, 0.2855716347694397, 0.28700822591781616, 0.23533397912979126, 0.2533413767814636, 0.3270711302757263, 0.2099234014749527, 0.26347747445106506, 0.16243164241313934, 0.21626856923103333, 0.18468345701694489, 0.15046873688697815, 0.23964957892894745, 0.44424936175346375, 0.4905194640159607, 0.10858169943094254, 0.3360302448272705, 0.23393648862838745, 0.2226012498140335, 0.3092307448387146, 0.28249573707580566, 0.38289955258369446, 0.2650764286518097, 0.31486383080482483, 0.1810600459575653, 0.28757917881011963, 0.17580139636993408, 0.2975288927555084, 0.19267785549163818, 0.20074023306369781, 0.20030808448791504, 0.1800953447818756, 0.27607429027557373, 0.17783570289611816, 0.312261164188385, 0.18923118710517883, 0.2540993392467499, 0.2356673926115036, 0.2754409909248352, 0.316678524017334, 0.16441239416599274, 0.29625052213668823, 0.22388947010040283, 0.18316809833049774, 0.27090978622436523, 0.16889706254005432, 0.23665934801101685, 0.14822909235954285, 0.22360466420650482, 0.24925708770751953, 0.2583174705505371, 0.28407740592956543, 0.26545366644859314
0.37726861238479614, 0.23473826050758362, 0.20769567787647247, 0.35812026262283325, 0.2943013310432434, 0.34355849027633667, 0.25490978360176086, 0.2795896530151367, 0.27559179067611694, 0.3008580803871155, 0.29632577300071716, 0.1862434595823288, 0.2173645943403244, 0.2505898177623749, 0.2128589004278183, 0.2539106607437134, 0.23034486174583435, 0.3001534938812256, 0.35660821199417114, 0.5574374198913574, 0.36713922023773193, 0.16802707314491272, 0.18850384652614594, 0.17744037508964539, 0.3132057189941406, 0.40440648794174194, 0.28179749846458435, 0.3848235607147217, 0.6409263610839844, 0.2719692587852478, 0.28591519594192505, 0.2574397921562195, 0.2736406624317169, 0.27119123935699463, 0.25132033228874207, 0.1775532364845276, 0.6842955350875854, 0.43549108505249023, 0.24315288662910461, 0.3326975703239441, 0.1918950080871582, 0.3037533164024353, 0.23862555623054504, 0.6625561714172363, 0.3548644483089447, 0.5094343423843384, 0.4068027138710022, 0.36837106943130493, 0.2116386592388153, 0.21271750330924988, 0.340603232383728, 0.219436377286911, 0.33244118094444275, 0.21066924929618835, 0.18235361576080322, 0.5177286863327026, 0.23659636080265045, 0.20005124807357788, 0.25957995653152466, 0.29570046067237854, 0.6145944595336914, 0.3755994439125061, 0.3754812479019165, 0.22860734164714813, 0.29774680733680725, 0.20534656941890717, 0.3270433247089386, 0.25882062315940857, 0, 0.20725931227207184, 0.22198741137981415, 0.22030490636825562, 0.3427445888519287, 0.28122976422309875, 0.6459022760391235, 0.30739378929138184, 0.49339285492897034, 0.24964499473571777, 0.7441807389259338, 0.22192934155464172, 0.328432559967041, 0.22428005933761597, 0.2420596182346344, 0.23161685466766357, 0.21464833617210388, 0.18622592091560364, 0.18628552556037903, 0.7484679222106934, 0.1952477991580963, 0.39098089933395386, 0.18809927999973297, 0.19934937357902527, 0.48880597949028015, 0.2998389005661011, 0.390749990940094, 0.26979860663414, 0.4730808436870575, 0.2944676876068115, 0.5206490159034729, 0.28160566091537476, 0.5143190026283264, 0.29133298993110657, 0.32481908798217773, 0.22864001989364624, 0.17767009139060974, 0.22832807898521423, 0.17282894253730774, 0.20935861766338348, 0.24661242961883545, 0.21481887996196747, 0.38313615322113037, 0.4446192979812622, 0.4855262339115143, 0.6373502016067505, 0.3010125756263733, 0.14505907893180847, 0.22624680399894714, 0.21694454550743103, 0.19681359827518463, 0.32446548342704773, 0.21646006405353546, 0.2098710536956787, 0.2517872452735901, 0.23287440836429596, 0.4295453429222107, 0.26459062099456787
0.21553276479244232, 0.2779120206832886, 0.2460443377494812, 0.20358163118362427, 0.19002984464168549, 0.32508161664009094, 0.2790411710739136, 0.48154085874557495, 0.27933067083358765, 0.16741538047790527, 0.2052277773618698, 0.24489806592464447, 0.26139840483665466, 0.3111642003059387, 0.2729959785938263, 0.2125464826822281, 0.2637602388858795, 0.24116389453411102, 0.24567770957946777, 0.41375911235809326, 0.29346925020217896, 0.3032746911048889, 0.4089966416358948, 0.28319787979125977, 0.2459067851305008, 0.3503565192222595, 0.1967250108718872, 0.3267408609390259, 0.2958538234233856, 0.30693063139915466, 0.2999519407749176, 0.30267462134361267, 0.18275299668312073, 0.2960692048072815, 0.35821008682250977, 0.2830916941165924, 0.23339727520942688, 0.3138272166252136, 0.19736188650131226, 0.25267669558525085, 0.2621711194515228, 0.2427590936422348, 0.27389582991600037, 0.2948378026485443, 0.4223729372024536, 0.3219623565673828, 0.3495354652404785, 0.35231971740722656, 0.24463540315628052, 0.20143622159957886, 0.4880836308002472, 0.2640201449394226, 0.29306861758232117, 0.17554789781570435, 0.2825348973274231, 0.29560619592666626, 0.28085586428642273, 0.2514563202857971, 0.36660194396972656, 0.2909347712993622, 0.42541202902793884, 0.36815381050109863, 0.3849453926086426, 0.29567256569862366, 0.22400148212909698, 0.2925439774990082, 0.3306125998497009, 0.2138015329837799, 0.251671701669693, 0, 0.27581220865249634, 0.1728130280971527, 0.2315872460603714, 0.3348383605480194, 0.413554310798645, 0.2616315186023712, 0.23384961485862732, 0.2726561427116394, 0.2787347435951233, 0.3111715614795685, 0.3380949795246124, 0.2292361855506897, 0.2524591088294983, 0.25155380368232727, 0.22340969741344452, 0.2649955451488495, 0.36226314306259155, 0.35442814230918884, 0.2838728427886963, 0.6033819913864136, 0.29350876808166504, 0.32674065232276917, 0.36084961891174316, 0.28308364748954773, 0.460280179977417, 0.4214437007904053, 0.2908814549446106, 0.21608392894268036, 0.20359179377555847, 0.3882890045642853, 0.3398746848106384, 0.35862696170806885, 0.25278717279434204, 0.16752396523952484, 0.22067411243915558, 0.6488834619522095, 0.2578893005847931, 0.3853217363357544, 0.3279435932636261, 0.3726488947868347, 0.3094262480735779, 0.32543545961380005, 0.2050090730190277, 0.22704744338989258, 0.3197057247161865, 0.24821068346500397, 0.2516646981239319, 0.30250489711761475, 0.22011059522628784, 0.30663833022117615, 0.2748422622680664, 0.27382808923721313, 0.2426435351371765, 0.30376240611076355, 0.260711133480072, 0.20284812152385712
0.3827259838581085, 0.30559930205345154, 0.2558002173900604, 0.2858048975467682, 0.26198679208755493, 0.3641330599784851, 0.2703186869621277, 0.29377681016921997, 0.353019118309021, 0.29498088359832764, 0.2590203881263733, 0.15363021194934845, 0.2080775946378708, 0.2805945575237274, 0.42320019006729126, 0.1880197823047638, 0.2655854821205139, 0.37341567873954773, 0.2328953593969345, 0.4024084806442261, 0.22213061153888702, 0.20548926293849945, 0.4470137357711792, 0.2866725027561188, 0.22803598642349243, 0.36945080757141113, 0.34086012840270996, 0.2711344063282013, 0.2297104150056839, 0.29475247859954834, 0.21727241575717926, 0.2951366901397705, 0.4231072962284088, 0.5336984395980835, 0.2791307866573334, 0.30957451462745667, 0.28891947865486145, 0.3033493161201477, 0.2519245147705078, 0.29029637575149536, 0.16941800713539124, 0.190124049782753, 0.23751361668109894, 0.3044448792934418, 0.42140626907348633, 0.3513665795326233, 0.2843582332134247, 0.3797528147697449, 0.30229586362838745, 0.21618390083312988, 0.2639308273792267, 0.2082711011171341, 0.30507463216781616, 0.31960663199424744, 0.2744388282299042, 0.22102761268615723, 0.24936163425445557, 0.28686386346817017, 0.21084082126617432, 0.3560130298137665, 0.346068799495697, 0.39344027638435364, 0.2326202541589737, 0.3022488057613373, 0.20197081565856934, 0.26809313893318176, 0.30422243475914, 0.3573864996433258, 0.22411949932575226, 0.284475713968277, 0, 0.33238980174064636, 0.4165162444114685, 0.28063833713531494, 0.299432635307312, 0.3728373050689697, 0.25055357813835144, 0.22222156822681427, 0.28089913725852966, 0.22513850033283234, 0.325728178024292, 0.28825700283050537, 0.2897052764892578, 0.2051168531179428, 0.25318363308906555, 0.3378489315509796, 0.2125902771949768, 0.38958796858787537, 0.22064487636089325, 0.37928062677383423, 0.23087406158447266, 0.28006961941719055, 0.2461920827627182, 0.31439200043678284, 0.3539466857910156, 0.22487406432628632, 0.29576557874679565, 0.21092621982097626, 0.24912846088409424, 0.32461869716644287, 0.2851954996585846, 0.23634177446365356, 0.23601292073726654, 0.17742154002189636, 0.22620300948619843, 0.36632201075553894, 0.265998899936676, 0.29303035140037537, 0.2582201361656189, 0.34836941957473755, 0.31254687905311584, 0.4168040454387665, 0.26673534512519836, 0.4284423589706421, 0.3075214624404907, 0.18914330005645752, 0.2695993185043335, 0.28143930435180664, 0.2729189693927765, 0.23184093832969666, 0.30835068225860596, 0.2655803859233856, 0.24078476428985596, 0.21264486014842987, 0.39187926054000854, 0.24078762531280518
0.24609677493572235, 0.29400306940078735, 0.23529314994812012, 0.27032455801963806, 0.2850164771080017, 0.26440927386283875, 0.22666555643081665, 0.16331623494625092, 0.31485554575920105, 0.29136914014816284, 0.23472478985786438, 0.263414204120636, 0.2021384835243225, 0.2767241895198822, 0.20569021999835968, 0.21950381994247437, 0.23608332872390747, 0.19851680099964142, 0.24963706731796265, 0.435425341129303, 0.25123655796051025, 0.4060594439506531, 0.2659962773323059, 0.337091326713562, 0.28667062520980835, 0.36665260791778564, 0.19051814079284668, 0.33778995275497437, 0.2894289493560791, 0.24980829656124115, 0.30304816365242004, 0.28916865587234497, 0.2744308412075043, 0.2343360036611557, 0.256996214389801, 0.2953314185142517, 0.25927114486694336, 0.2793954014778137, 0.29140231013298035, 0.2299499660730362, 0.11483432352542877, 0.18119758367538452, 0.2513384521007538, 0.31455743312835693, 0.3041731119155884, 0.2457258701324463, 0.15475571155548096, 0.24868366122245789, 0.29432275891304016, 0.22511979937553406, 0.24213068187236786, 0.2649933099746704, 0.2208394855260849, 0.1875654011964798, 0.20633846521377563, 0.21278807520866394, 0.29049408435821533, 0.28699877858161926, 0.266217440366745, 0.24786269664764404, 0.45449739694595337, 0.28667646646499634, 0.2113586813211441, 0.2892621159553528, 0.2286827266216278, 0.30983787775039673, 0.1699632704257965, 0.297132670879364, 0.24814294278621674, 0.24885323643684387, 0.25727370381355286, 0, 0.27712172269821167, 0.3245237469673157, 0.24641704559326172, 0.18043598532676697, 0.2507931888103485, 0.2522772550582886, 0.27549290657043457, 0.27075764536857605, 0.3184104263782501, 0.22126197814941406, 0.285516619682312, 0.22170232236385345, 0.22855670750141144, 0.23071825504302979, 0.2821439206600189, 0.38466277718544006, 0.25920119881629944, 0.33182474970817566, 0.29125767946243286, 0.28341004252433777, 0.362468421459198, 0.310299813747406, 0.3625496029853821, 0.2547658681869507, 0.17769059538841248, 0.26395344734191895, 0.2989727258682251, 0.2742345929145813, 0.2518142759799957, 0.18390914797782898, 0.23885978758335114, 0.22980839014053345, 0.28454968333244324, 0.26604458689689636, 0.2754391133785248, 0.22611922025680542, 0.23885944485664368, 0.19063717126846313, 0.302123486995697, 0.2591400444507599, 0.23273733258247375, 0.19673658907413483, 0.26076725125312805, 0.2488340139389038, 0.2703258693218231, 0.299847811460495, 0.23710224032402039, 0.28938332200050354, 0.28429749608039856, 0.28515613079071045, 0.2931739389896393, 0.20177868008613586, 0.22622013092041016, 0.217307910323143
0.2049589455127716, 0.32239383459091187, 0.16825886070728302, 0.2804317772388458, 0.19224146008491516, 0.28587478399276733, 0.2597724199295044, 0.33402761816978455, 0.2874707579612732, 0.21342907845973969, 0.33457282185554504, 0.2779842019081116, 0.22775331139564514, 0.2455565631389618, 0.30452919006347656, 0.4673330783843994, 0.3056643605232239, 0.2437642216682434, 0.23517443239688873, 0.5063169002532959, 0.2836460471153259, 0.2907295823097229, 0.3809763789176941, 0.3114660680294037, 0.26422491669654846, 0.3170740008354187, 0.4520445466041565, 0.3528560400009155, 0.4211340844631195, 0.40311843156814575, 0.2725607752799988, 0.27231699228286743, 0.3080741763114929, 0.2771473526954651, 0.28532874584198, 0.22261834144592285, 0.3135232925415039, 0.2712331712245941, 0.44635841250419617, 0.49664974212646484, 0.22736592590808868, 0.3125821053981781, 0.25529927015304565, 0.2703104317188263, 0.5918556451797485, 0.36517298221588135, 0.365985631942749, 0.4853241741657257, 0.32173651456832886, 0.2579152584075928, 0.36953097581863403, 0.22305481135845184, 0.2197076976299286, 0.17938177287578583, 0.29424721002578735, 0.5041474103927612, 0.32990097999572754, 0.31014472246170044, 0.3082265555858612, 0.24299442768096924, 0.6742044687271118, 0.34064772725105286, 0.4514867663383484, 0.29555776715278625, 0.2444676160812378, 0.3388160765171051, 0.48484283685684204, 0.30227771401405334, 0.22361470758914948, 0.2564984858036041, 0.3104429841041565, 0.2369949370622635, 0, 0.2439279854297638, 0.4231598377227783, 0.28810325264930725, 0.3310621380805969, 0.29613006114959717, 0.26200035214424133, 0.31445086002349854, 0.32619786262512207, 0.4907462000846863, 0.2177891880273819, 0.31174033880233765, 0.3410928249359131, 0.3154680132865906, 0.2991587221622467, 0.534651517868042, 0.25957757234573364, 0.4747268855571747, 0.26007071137428284, 0.2071729302406311, 0.6007668972015381, 0.26322394609451294, 0.5714379549026489, 0.3890286386013031, 0.23894713819026947, 0.21016429364681244, 0.4042850136756897, 0.4502614438533783, 0.47314414381980896, 0.5283977389335632, 0.35452836751937866, 0.3057662844657898, 0.31414633989334106, 0.47902777791023254, 0.28236404061317444, 0.21205146610736847, 0.2766962945461273, 0.29156723618507385, 0.4198044538497925, 0.3446224331855774, 0.44636642932891846, 0.28754034638404846, 0.34048891067504883, 0.266081303358078, 0.2702028453350067, 0.315072238445282, 0.25257638096809387, 0.34130775928497314, 0.24831703305244446, 0.24039751291275024, 0.3371955156326294, 0.3407270312309265, 0.281595379114151, 0.39868900179862976
0.4491456151008606, 0.23394526541233063, 0.23298831284046173, 0.4559061527252197, 0.23268115520477295, 0.2573340833187103, 0.2568390369415283, 0.2813195288181305, 0.2331196665763855, 0.25843480229377747, 0.29893240332603455, 0.26092052459716797, 0.26728734374046326, 0.21165552735328674, 0.22901734709739685, 0.19495052099227905, 0.30555564165115356, 0.25842076539993286, 0.2765614688396454, 0.4712701737880707, 0.36286601424217224, 0.28314992785453796, 0.3287082016468048, 0.2755890190601349, 0.2280881255865097, 0.2432803213596344, 0.3037598729133606, 0.205133855342865, 0.3814653754234314, 0.2420850247144699, 0.26206010580062866, 0.2956497073173523, 0.22160528600215912, 0.2774384021759033, 0.2826653718948364, 0.26020604372024536, 0.25440919399261475, 0.37950631976127625, 0.2535855770111084, 0.4327355623245239, 0.2258101850748062, 0.23876307904720306, 0.2734929919242859, 0.5566422939300537, 0.40754562616348267, 0.37446093559265137, 0.39843469858169556, 0.4740566611289978, 0.21055535972118378, 0.21466729044914246, 0.34390580654144287, 0.2543698251247406, 0.2471746802330017, 0.23089812695980072, 0.27291667461395264, 0.3613434433937073, 0.2862820625305176, 0.2137102484703064, 0.29925239086151123, 0.28233855962753296, 0.5575159788131714, 0.4197509288787842, 0.4562462866306305, 0.2595308721065521, 0.3339027762413025, 0.33183056116104126, 0.4235924482345581, 0.2435600608587265, 0.20867952704429626, 0.28253623843193054, 0.3016647696495056, 0.286878377199173, 0.278164803981781, 0, 0.39378541707992554, 0.33019667863845825, 0.2702799141407013, 0.21160876750946045, 0.24445712566375732, 0.2592211663722992, 0.3563506007194519, 0.3023063540458679, 0.17969399690628052, 0.28229662775993347, 0.22603097558021545, 0.2575729191303253, 0.24287301301956177, 0.47038534283638, 0.2037208527326584, 0.6677342653274536, 0.25012505054473877, 0.252778023481369, 0.35676729679107666, 0.2878910303115845, 0.38180702924728394, 0.3592383563518524, 0.30921998620033264, 0.2289796620607376, 0.373250275850296, 0.41869738698005676, 0.3022412955760956, 0.4154936969280243, 0.3514275550842285, 0.25298821926116943, 0.22715122997760773, 0.48303356766700745, 0.2593632638454437, 0.3067396879196167, 0.2858273386955261, 0.24339386820793152, 0.2533131241798401, 0.6651753187179565, 0.28350967168807983, 0.32179370522499084, 0.4072539210319519, 0.2865006625652313, 0.2353895604610443, 0.2567870616912842, 0.18261557817459106, 0.25583311915397644, 0.2894137501716614, 0.2531561553478241, 0.28451719880104065, 0.26307472586631775, 0.3354661762714386, 0.35065212845802307
0.25343912839889526, 0.24897845089435577, 0.3526092767715454, 0.17799493670463562, 0.2507931590080261, 0.24569693207740784, 0.2507931590080261, 0.2667352557182312, 0.2667352557182312, 0.3019157648086548, 0.3211442232131958, 0.2504386901855469, 0.21332192420959473, 0.19706211984157562, 0.272745281457901, 0.24955439567565918, 0.20194418728351593, 0.41668033599853516, 0.26673561334609985, 0.2667352557182312, 0.27270135283470154, 0.2653043866157532, 0.24956898391246796, 0.19519011676311493, 0.2507931590080261, 0.3225451707839966, 0.3044205904006958, 0.21248294413089752, 0.28876909613609314, 0.2516668140888214, 0.2667352557182312, 0.240005224943161, 0.3527598977088928, 0.26673534512519836, 0.2507931590080261, 0.2667238116264343, 0.24435241520404816, 0.2507931590080261, 0.2741549611091614, 0.2507932484149933, 0.18152664601802826, 0.2826818525791168, 0.30078405141830444, 0.2667351961135864, 0.2507931590080261, 0.3047207295894623, 0.33548247814178467, 0.2905009090900421, 0.2952266037464142, 0.2643888294696808, 0.2776962220668793, 0.22997431457042694, 0.24467743933200836, 0.29754894971847534, 0.29226458072662354, 0.2507931590080261, 0.2667352557182312, 0.27528661489486694, 0.24973493814468384, 0.3047177493572235, 0.2507919371128082, 0.24870070815086365, 0.28055495023727417, 0.23364663124084473, 0.3614886999130249, 0.23517026007175446, 0.28876835107803345, 0.25031107664108276, 0.2542950510978699, 0.40684565901756287, 0.31432315707206726, 0.22192595899105072, 0.2985890507698059, 0.27954569458961487, 0, 0.2507931590080261, 0.29329174757003784, 0.17505154013633728, 0.24467743933200836, 0.29527488350868225, 0.2157210111618042, 0.23717030882835388, 0.2752864956855774, 0.2946206331253052, 0.29911184310913086, 0.3314831852912903, 0.16139455139636993, 0.25058212876319885, 0.19862551987171173, 0.23565231263637543, 0.22622014582157135, 0.2490914762020111, 0.2606305480003357, 0.27062997221946716, 0.30947238206863403, 0.26062411069869995, 0.3047192096710205, 0.27528682351112366, 0.2666199803352356, 0.233604297041893, 0.24467743933200836, 0.24687422811985016, 0.3208646774291992, 0.24617184698581696, 0.29287487268447876, 0.26673343777656555, 0.31327250599861145, 0.2437262237071991, 0.2333429753780365, 0.2667352557182312, 0.2507931590080261, 0.28841495513916016, 0.2667352557182312, 0.2990404963493347, 0.2606305480003357, 0.30525779724121094, 0.27258017659187317, 0.412850558757782, 0.18681520223617554, 0.29787397384643555, 0.2968853712081909, 0.3354973793029785, 0.2647635042667389, 0.19624730944633484, 0.15026794373989105, 0.2828831970691681
0.25260934233665466, 0.2986367642879486, 0.208205908536911, 0.2973976731300354, 0.2449820339679718, 0.26420530676841736, 0.2667352557182312, 0.208065003156662, 0.2642055153846741, 0.2265816181898117, 0.2263253927230835, 0.28655725717544556, 0.3047207295894623, 0.3131681978702545, 0.2057461440563202, 0.25587227940559387, 0.3132535517215729, 0.26662012934684753, 0.1761014610528946, 0.3047207295894623, 0.16361255943775177, 0.2347274273633957, 0.2335294932126999, 0.3028974235057831, 0.2667352557182312, 0.20123916864395142, 0.23014093935489655, 0.17794640362262726, 0.20553526282310486, 0.21381644904613495, 0.24832643568515778, 0.23519352078437805, 0.27769535779953003, 0.23100611567497253, 0.24605035781860352, 0.208065003156662, 0.22026222944259644, 0.248326376080513, 0.3047207295894623, 0.2948801815509796, 0.15026098489761353, 0.28876835107803345, 0.2387615591287613, 0.2667352557182312, 0.2055351734161377, 0.23588640987873077, 0.2479478120803833, 0.27726274728775024, 0.2917459011077881, 0.226220041513443, 0.24605035781860352, 0.28892841935157776, 0.16755510866641998, 0.350239098072052, 0.1576240360736847, 0.19279348850250244, 0.2689940631389618, 0.299977570772171, 0.30946582555770874, 0.26420560479164124, 0.23972006142139435, 0.2776958644390106, 0.18748939037322998, 0.2642055153846741, 0.25010088086128235, 0.26420706510543823, 0.2887665629386902, 0.296713650226593, 0.2790350914001465, 0.1829858422279358, 0.24866296350955963, 0.2624838352203369, 0.25096672773361206, 0.22002622485160828, 0.24605035781860352, 0, 0.24605035781860352, 0.15026098489761353, 0.16873183846473694, 0.22603203356266022, 0.2460501492023468, 0.2642054855823517, 0.27219802141189575, 0.2325976938009262, 0.31327247619628906, 0.2081671506166458, 0.21189109981060028, 0.24605035781860352, 0.20817427337169647, 0.17854644358158112, 0.2637626528739929, 0.25949954986572266, 0.20822517573833466, 0.2595553994178772, 0.25084617733955383, 0.32550153136253357, 0.3132724463939667, 0.2055351734161377, 0.22622014582157135, 0.21566787362098694, 0.24605010449886322, 0.30466362833976746, 0.2833443880081177, 0.2642055153846741, 0.2642053961753845, 0.1647520661354065, 0.2547156512737274, 0.3847362995147705, 0.2667352557182312, 0.208065003156662, 0.22893056273460388, 0.2773588299751282, 0.3047207295894623, 0.2460494339466095, 0.3847362995147705, 0.2572699785232544, 0.2921713888645172, 0.2654639780521393, 0.21672603487968445, 0.23477178812026978, 0.25053706765174866, 0.22639860212802887, 0.26753464341163635, 0.25471144914627075, 0.23375612497329712, 0.2572411298751831
0.12746527791023254, 0.20380346477031708, 0.2058165967464447, 0.20817311108112335, 0.26831668615341187, 0.20764809846878052, 0.2146100401878357, 0.2239987850189209, 0.26136642694473267, 0.19743552803993225, 0.2510075867176056, 0.31915199756622314, 0.28484684228897095, 0.23163633048534393, 0.2007901817560196, 0.19639985263347626, 0.25744426250457764, 0.35916078090667725, 0.28824514150619507, 0.24868951737880707, 0.2510805130004883, 0.268134206533432, 0.23878934979438782, 0.35272902250289917, 0.23273241519927979, 0.3498212695121765, 0.22800466418266296, 0.2683151364326477, 0.23170286417007446, 0.260649710893631, 0.2486894577741623, 0.19163891673088074, 0.19854925572872162, 0.26673558354377747, 0.19005802273750305, 0.24835070967674255, 0.19911444187164307, 0.23676925897598267, 0.2866706848144531, 0.22163739800453186, 0.18152883648872375, 0.2278338223695755, 0.30974331498146057, 0.2507931590080261, 0.19856995344161987, 0.2532823383808136, 0.24682925641536713, 0.2365548461675644, 0.25232642889022827, 0.254180908203125, 0.23253752291202545, 0.30255037546157837, 0.2492639422416687, 0.2635171711444855, 0.2740156054496765, 0.1741046905517578, 0.24096012115478516, 0.2832036018371582, 0.2891240119934082, 0.2486894577741623, 0.19018009305000305, 0.24840737879276276, 0.19246676564216614, 0.22798945009708405, 0.2856992483139038, 0.21643008291721344, 0.21682047843933105, 0.22132320702075958, 0.2803903818130493, 0.23687317967414856, 0.23281969130039215, 0.25314879417419434, 0.2696594297885895, 0.2973529100418091, 0.30492138862609863, 0.17410467565059662, 0, 0.22114302217960358, 0.19001908600330353, 0.2949258089065552, 0.226493701338768, 0.2655515670776367, 0.2142508327960968, 0.2572411298751831, 0.2301081418991089, 0.2548043727874756, 0.20007430016994476, 0.27010414004325867, 0.24191364645957947, 0.3104647397994995, 0.2486894577741623, 0.17553085088729858, 0.19715934991836548, 0.28921496868133545, 0.2504669725894928, 0.2674850821495056, 0.2757176160812378, 0.15805557370185852, 0.21672040224075317, 0.21458908915519714, 0.18721693754196167, 0.2486894577741623, 0.2866707146167755, 0.2484755963087082, 0.2867206037044525, 0.28904739022254944, 0.30479997396469116, 0.3906713128089905, 0.2327321320772171, 0.20811723172664642, 0.2572137713432312, 0.19216583669185638, 0.2486894577741623, 0.3088203966617584, 0.3276640474796295, 0.2167929708957672, 0.24059593677520752, 0.27349650859832764, 0.25610944628715515, 0.25841012597084045, 0.23655636608600616, 0.2241164892911911, 0.21392016112804413, 0.2827741801738739, 0.24868936836719513, 0.2750719487667084
0.07819682359695435, 0.1795882284641266, 0.28351396322250366, 0.28887030482292175, 0.32016438245773315, 0.2639932632446289, 0.295879065990448, 0.2813071310520172, 0.27603623270988464, 0.2474624067544937, 0.27598726749420166, 0.20544157922267914, 0.22079434990882874, 0.2852514386177063, 0.3188537061214447, 0.2903594374656677, 0.2834247648715973, 0.34793323278427124, 0.26338496804237366, 0.3376665711402893, 0.25596776604652405, 0.2090534269809723, 0.29121342301368713, 0.2533949911594391, 0.2439865618944168, 0.3266589045524597, 0.45617127418518066, 0.2823026180267334, 0.3469487428665161, 0.1509251594543457, 0.3376665711402893, 0.24731023609638214, 0.2412850707769394, 0.33219239115715027, 0.295879065990448, 0.295879065990448, 0.337017297744751, 0.3728375732898712, 0.24309222400188446, 0.24664545059204102, 0.19793744385242462, 0.29734769463539124, 0.5683819055557251, 0.24309222400188446, 0.2577577531337738, 0.19069679081439972, 0.20074790716171265, 0.21847592294216156, 0.28181523084640503, 0.2813071310520172, 0.2202494889497757, 0.25133708119392395, 0.2577552795410156, 0.2232360541820526, 0.32428839802742004, 0.295879065990448, 0.28271129727363586, 0.4129534959793091, 0.26076745986938477, 0.24664555490016937, 0.33766627311706543, 0.14606790244579315, 0.23293913900852203, 0.3369022607803345, 0.29014861583709717, 0.27478209137916565, 0.250111848115921, 0.1853245049715042, 0.1989433914422989, 0.2583053708076477, 0.5274019241333008, 0.3825543224811554, 0.21570661664009094, 0.3891444802284241, 0.28327709436416626, 0.2813071310520172, 0.25541001558303833, 0, 0.28977420926094055, 0.1902439296245575, 0.20155759155750275, 0.2612173855304718, 0.3057381212711334, 0.331417053937912, 0.3344074487686157, 0.2220643013715744, 0.19852888584136963, 0.2577558159828186, 0.16249488294124603, 0.2061576396226883, 0.24664555490016937, 0.16771185398101807, 0.25550270080566406, 0.3177317976951599, 0.3724082112312317, 0.29586687684059143, 0.3238239586353302, 0.2306586056947708, 0.30045124888420105, 0.25766298174858093, 0.2577552795410156, 0.24054066836833954, 0.28340235352516174, 0.2849002778530121, 0.23781801760196686, 0.26338496804237366, 0.4952404201030731, 0.222804993391037, 0.24384793639183044, 0.29588091373443604, 0.24079249799251556, 0.24767084419727325, 0.14700210094451904, 0.2681717276573181, 0.22286972403526306, 0.21139630675315857, 0.3148813247680664, 0.4882142245769501, 0.2281816601753235, 0.3145841956138611, 0.3370024859905243, 0.2454911321401596, 0.5157952308654785, 0.2164749950170517, 0.15956804156303406, 0.38195890188217163
0.32770103216171265, 0.22410154342651367, 0.25723177194595337, 0.2059994339942932, 0.30988579988479614, 0.24216748774051666, 0.26496464014053345, 0.2280050665140152, 0.2266695648431778, 0.2574971616268158, 0.2715321183204651, 0.29634398221969604, 0.27607405185699463, 0.1288670003414154, 0.2304680049419403, 0.2988332211971283, 0.3132193982601166, 0.33754563331604004, 0.1759674847126007, 0.2667352557182312, 0.27373629808425903, 0.2806547284126282, 0.38271641731262207, 0.31573861837387085, 0.2327321320772171, 0.2926557660102844, 0.24544361233711243, 0.1361406147480011, 0.24605035781860352, 0.25725170969963074, 0.2667352557182312, 0.25079119205474854, 0.13222400844097137, 0.2667352557182312, 0.19216583669185638, 0.25525057315826416, 0.2413432002067566, 0.2507934868335724, 0.27070727944374084, 0.2667352557182312, 0.18151643872261047, 0.21775320172309875, 0.3831927478313446, 0.28876787424087524, 0.2667352557182312, 0.2336415797472, 0.28653353452682495, 0.2055351734161377, 0.23700031638145447, 0.20741067826747894, 0.23262856900691986, 0.19523471593856812, 0.23887531459331512, 0.2553526759147644, 0.21767838299274445, 0.2490820586681366, 0.2572411298751831, 0.2855634093284607, 0.2742510735988617, 0.22800466418266296, 0.22779381275177002, 0.2216586470603943, 0.2486894577741623, 0.19744081795215607, 0.1783018410205841, 0.30163609981536865, 0.29350876808166504, 0.31231755018234253, 0.28043854236602783, 0.2101225107908249, 0.2989804744720459, 0.3157649040222168, 0.2499372661113739, 0.24620814621448517, 0.208065003156662, 0.2327321320772171, 0.24604752659797668, 0.18558087944984436, 0, 0.3582807779312134, 0.16488397121429443, 0.22622014582157135, 0.2365563064813614, 0.19823729991912842, 0.23655660450458527, 0.22884535789489746, 0.25387269258499146, 0.192160502076149, 0.2231908142566681, 0.15168455243110657, 0.19229543209075928, 0.19978801906108856, 0.24605035781860352, 0.20489808917045593, 0.2667837142944336, 0.2667352557182312, 0.2875758409500122, 0.22934584319591522, 0.22605346143245697, 0.2560621500015259, 0.16753363609313965, 0.2425798624753952, 0.31469547748565674, 0.2706857919692993, 0.27651724219322205, 0.15167061984539032, 0.2555983066558838, 0.26337599754333496, 0.25079110264778137, 0.2667352557182312, 0.22637300193309784, 0.18235352635383606, 0.27070727944374084, 0.22800466418266296, 0.24865734577178955, 0.19513238966464996, 0.20507359504699707, 0.31839513778686523, 0.2098066508769989, 0.18579238653182983, 0.33015748858451843, 0.2049649953842163, 0.1717715561389923, 0.22520996630191803, 0.09583402425050735, 0.2519252598285675
0.23891426622867584, 0.313542902469635, 0.25631821155548096, 0.23992910981178284, 0.44636330008506775, 0.25204500555992126, 0.23201756179332733, 0.4015119671821594, 0.2695266902446747, 0.28358906507492065, 0.26681944727897644, 0.2694668769836426, 0.20525513589382172, 0.20598584413528442, 0.3261569142341614, 0.3607531785964966, 0.3051859736442566, 0.2228458821773529, 0.34023332595825195, 0.4499361515045166, 0.45964550971984863, 0.31023433804512024, 0.3008454740047455, 0.29282814264297485, 0.24605035781860352, 0.24807624518871307, 0.17930158972740173, 0.3770379424095154, 0.6094794869422913, 0.239018052816391, 0.3258224129676819, 0.1903877556324005, 0.22516992688179016, 0.22854237258434296, 0.24680855870246887, 0.24691817164421082, 0.5196336507797241, 0.38436537981033325, 0.3395135998725891, 0.31585705280303955, 0.2228555828332901, 0.20626713335514069, 0.23391348123550415, 0.23642882704734802, 0.2933761477470398, 0.3392537534236908, 0.3569108247756958, 0.4767508804798126, 0.2369016855955124, 0.2884560525417328, 0.3335654139518738, 0.2750711739063263, 0.2045174092054367, 0.4528694748878479, 0.23178669810295105, 0.24061626195907593, 0.23168978095054626, 0.31612884998321533, 0.2888028025627136, 0.22402532398700714, 0.5289667844772339, 0.39543068408966064, 0.31534236669540405, 0.21118421852588654, 0.22419969737529755, 0.2866706848144531, 0.339526891708374, 0.1677018404006958, 0.22859948873519897, 0.21721622347831726, 0.25324878096580505, 0.32927313446998596, 0.28373974561691284, 0.328460693359375, 0.5916792154312134, 0.27184057235717773, 0.37388670444488525, 0.10585889965295792, 0.3104727864265442, 0, 0.25624632835388184, 0.2857680022716522, 0.20737305283546448, 0.22624671459197998, 0.2651093602180481, 0.28053176403045654, 0.3178599774837494, 0.4490758776664734, 0.2600785195827484, 0.5877755880355835, 0.24605028331279755, 0.2976827323436737, 0.43661391735076904, 0.2662067413330078, 0.40384912490844727, 0.37612777948379517, 0.3331269919872284, 0.3365423083305359, 0.38993486762046814, 0.3415791988372803, 0.31114259362220764, 0.22467230260372162, 0.26535284519195557, 0.2865065634250641, 0.27329570055007935, 0.36038070917129517, 0.25207793712615967, 0.2801659405231476, 0.23128429055213928, 0.3352452516555786, 0.2897394895553589, 0.34539055824279785, 0.2429986447095871, 0.32583338022232056, 0.36674046516418457, 0.2845717668533325, 0.18685153126716614, 0.30056536197662354, 0.3025439381599426, 0.2730899751186371, 0.20948576927185059, 0.21610452234745026, 0.23840774595737457, 0.2654654085636139, 0.257671058177948, 0.29339906573295593
0.39469558000564575, 0.2520071864128113, 0.20702078938484192, 0.33305200934410095, 0.1785956621170044, 0.2175854593515396, 0.268993616104126, 0.19492429494857788, 0.21526513993740082, 0.25074243545532227, 0.3014446794986725, 0.2788016200065613, 0.26594844460487366, 0.1949026733636856, 0.24436572194099426, 0.26551389694213867, 0.2584492862224579, 0.3627901077270508, 0.20532062649726868, 0.2667351961135864, 0.23575137555599213, 0.1925567090511322, 0.255365252494812, 0.21133297681808472, 0.2658003270626068, 0.2619219422340393, 0.17878864705562592, 0.19179239869117737, 0.22632917761802673, 0.2549108862876892, 0.2055373340845108, 0.1645268201828003, 0.22640278935432434, 0.22615860402584076, 0.2225608378648758, 0.2667345702648163, 0.218568816781044, 0.182184636592865, 0.21859875321388245, 0.2081586718559265, 0.20600777864456177, 0.21359753608703613, 0.24895888566970825, 0.2672351896762848, 0.2020675241947174, 0.21814270317554474, 0.25157368183135986, 0.22627153992652893, 0.2422211766242981, 0.2947141230106354, 0.23708988726139069, 0.2830754816532135, 0.21427468955516815, 0.1594313681125641, 0.3173123598098755, 0.14945514500141144, 0.2895241975784302, 0.27309003472328186, 0.3184092044830322, 0.2356390655040741, 0.2667144238948822, 0.20157018303871155, 0.15116621553897858, 0.2381674349308014, 0.2897128760814667, 0.26420560479164124, 0.22323939204216003, 0.27087342739105225, 0.41451603174209595, 0.28120896220207214, 0.3142539858818054, 0.4526045322418213, 0.30038192868232727, 0.38297632336616516, 0.2055351734161377, 0.2507931590080261, 0.22622016072273254, 0.0801449716091156, 0.1666906625032425, 0.27707406878471375, 0, 0.1825360506772995, 0.25202706456184387, 0.2318422496318817, 0.30114102363586426, 0.34062474966049194, 0.3297404944896698, 0.20877283811569214, 0.24927765130996704, 0.12569984793663025, 0.24832630157470703, 0.309713214635849, 0.26346707344055176, 0.23014724254608154, 0.19216781854629517, 0.17619264125823975, 0.2536274492740631, 0.22603951394557953, 0.1785365492105484, 0.23719164729118347, 0.1797783076763153, 0.23334252834320068, 0.24517357349395752, 0.23885002732276917, 0.2884460985660553, 0.18633921444416046, 0.31369748711586, 0.2677837312221527, 0.18419696390628815, 0.2096261978149414, 0.18503901362419128, 0.20146797597408295, 0.24624964594841003, 0.15980611741542816, 0.17438656091690063, 0.25829431414604187, 0.24911797046661377, 0.3231627345085144, 0.339120477437973, 0.30040639638900757, 0.28826630115509033, 0.3488886058330536, 0.30449166893959045, 0.3209439218044281, 0.22638806700706482, 0.3911970257759094
0.1647438406944275, 0.2925189435482025, 0.2905152440071106, 0.2523549795150757, 0.19216541945934296, 0.23272541165351868, 0.1735886037349701, 0.34126436710357666, 0.2507955729961395, 0.2290763407945633, 0.21044644713401794, 0.25305965542793274, 0.2797025442123413, 0.22250649333000183, 0.1943390965461731, 0.2459128350019455, 0.2080688178539276, 0.23747004568576813, 0.27709653973579407, 0.21490180492401123, 0.2483210265636444, 0.285139262676239, 0.23039481043815613, 0.24769940972328186, 0.2327321320772171, 0.2756724953651428, 0.19216583669185638, 0.24745957553386688, 0.22415250539779663, 0.1751006841659546, 0.19001908600330353, 0.17410467565059662, 0.2606329619884491, 0.26673510670661926, 0.2770966589450836, 0.2486894577741623, 0.31240203976631165, 0.207964226603508, 0.19001901149749756, 0.20787952840328217, 0.2208261489868164, 0.1814773678779602, 0.21910971403121948, 0.23273061215877533, 0.30771902203559875, 0.21450288593769073, 0.24671363830566406, 0.2769213318824768, 0.21181821823120117, 0.1777571737766266, 0.31121575832366943, 0.16302938759326935, 0.30988579988479614, 0.19258832931518555, 0.2120429277420044, 0.22964484989643097, 0.16848723590373993, 0.23836494982242584, 0.29954490065574646, 0.17410467565059662, 0.4138701558113098, 0.21160349249839783, 0.18014805018901825, 0.227635458111763, 0.2511453628540039, 0.27070727944374084, 0.19001908600330353, 0.2447236329317093, 0.24828755855560303, 0.32555076479911804, 0.2510441243648529, 0.2000800371170044, 0.29724839329719543, 0.3121855854988098, 0.31392502784729004, 0.2543710768222809, 0.19881001114845276, 0.1979377269744873, 0.29358580708503723, 0.2208891212940216, 0.25230467319488525, 0, 0.1915329247713089, 0.24868911504745483, 0.26033422350883484, 0.2327333241701126, 0.19279223680496216, 0.3728375732898712, 0.23350679874420166, 0.32780686020851135, 0.2327321320772171, 0.30253952741622925, 0.360167920589447, 0.17490321397781372, 0.32335907220840454, 0.31392499804496765, 0.21999210119247437, 0.3046034574508667, 0.21014519035816193, 0.21221312880516052, 0.33765196800231934, 0.277212917804718, 0.1900457739830017, 0.21822451055049896, 0.26141929626464844, 0.3106194734573364, 0.28378137946128845, 0.3624720573425293, 0.2543710768222809, 0.32544904947280884, 0.1741042286157608, 0.29602861404418945, 0.2327321320772171, 0.31494057178497314, 0.2792612314224243, 0.32509341835975647, 0.231562539935112, 0.26748090982437134, 0.22703324258327484, 0.27231043577194214, 0.2269137054681778, 0.29511505365371704, 0.20394645631313324, 0.2762337625026703, 0.2084496021270752, 0.22709183394908905
0.2457195222377777, 0.24692383408546448, 0.31208479404449463, 0.22182275354862213, 0.35099953413009644, 0.2761649489402771, 0.2927911877632141, 0.24605035781860352, 0.294138103723526, 0.24658958613872528, 0.33239102363586426, 0.2258041352033615, 0.23837041854858398, 0.18920789659023285, 0.30826547741889954, 0.38342028856277466, 0.20958776772022247, 0.20961494743824005, 0.254467248916626, 0.2707591652870178, 0.3067587614059448, 0.2671995162963867, 0.21418774127960205, 0.27056270837783813, 0.3046218752861023, 0.21208791434764862, 0.2414540946483612, 0.37937337160110474, 0.4280334711074829, 0.26918232440948486, 0.30220460891723633, 0.2449987679719925, 0.251900315284729, 0.2667354643344879, 0.303064227104187, 0.28871244192123413, 0.4764978885650635, 0.1826101839542389, 0.2912757992744446, 0.22187958657741547, 0.15026098489761353, 0.3043876886367798, 0.29804739356040955, 0.30754128098487854, 0.24605035781860352, 0.2696598172187805, 0.32352906465530396, 0.2831432521343231, 0.3352896571159363, 0.2887663245201111, 0.2888202667236328, 0.24888326227664948, 0.2507931590080261, 0.43839263916015625, 0.22967368364334106, 0.22921010851860046, 0.26674526929855347, 0.3721871078014374, 0.25079435110092163, 0.3047207295894623, 0.24581661820411682, 0.33118870854377747, 0.23014065623283386, 0.2649513781070709, 0.25351482629776, 0.28667086362838745, 0.21216411888599396, 0.22697199881076813, 0.2838791012763977, 0.32304647564888, 0.2829587757587433, 0.27016279101371765, 0.20767328143119812, 0.2879079580307007, 0.23022693395614624, 0.19216583669185638, 0.3047207295894623, 0.18714842200279236, 0.24604174494743347, 0.29615288972854614, 0.2155291587114334, 0.28884539008140564, 0, 0.29838716983795166, 0.24887384474277496, 0.26060324907302856, 0.2487727701663971, 0.2797839939594269, 0.2475791573524475, 0.22966203093528748, 0.28541621565818787, 0.27931082248687744, 0.2303602248430252, 0.30155521631240845, 0.24524489045143127, 0.22402435541152954, 0.2986164391040802, 0.3111412525177002, 0.28876835107803345, 0.3375239670276642, 0.23014093935489655, 0.2460494339466095, 0.3247862160205841, 0.30752426385879517, 0.2952350378036499, 0.39969438314437866, 0.29517921805381775, 0.23458178341388702, 0.26673978567123413, 0.2543104588985443, 0.23014092445373535, 0.34584057331085205, 0.3047207295894623, 0.35017168521881104, 0.3918641209602356, 0.2858693599700928, 0.2548636794090271, 0.30726563930511475, 0.20814034342765808, 0.2964189946651459, 0.2063245177268982, 0.27192825078964233, 0.2680099904537201, 0.2476755529642105, 0.2642055153846741, 0.25728800892829895
0.3368770480155945, 0.29150664806365967, 0.26918214559555054, 0.250342458486557, 0.27242642641067505, 0.2917323708534241, 0.19151410460472107, 0.22800466418266296, 0.19001908600330353, 0.2562096416950226, 0.22928620874881744, 0.31443601846694946, 0.26543325185775757, 0.26715850830078125, 0.25825634598731995, 0.3408236503601074, 0.2703266441822052, 0.22428451478481293, 0.2599364221096039, 0.32972848415374756, 0.2887686789035797, 0.2949826419353485, 0.28286001086235046, 0.34961551427841187, 0.2857707738876343, 0.6176307797431946, 0.16298937797546387, 0.24577778577804565, 0.24605213105678558, 0.1498415619134903, 0.19001926481723785, 0.19216583669185638, 0.24678243696689606, 0.2508127689361572, 0.1923195719718933, 0.30771905183792114, 0.3139376640319824, 0.21490977704524994, 0.19001908600330353, 0.24551978707313538, 0.12524095177650452, 0.1921658217906952, 0.2714654803276062, 0.2828221917152405, 0.16314318776130676, 0.31862181425094604, 0.3048337996006012, 0.28350743651390076, 0.27839088439941406, 0.2849764823913574, 0.2660880386829376, 0.2358323335647583, 0.25955358147621155, 0.24244917929172516, 0.2666863799095154, 0.18912273645401, 0.2850954532623291, 0.20992125570774078, 0.3313957452774048, 0.23278403282165527, 0.2925977110862732, 0.29844406247138977, 0.18785713613033295, 0.22190344333648682, 0.3347800672054291, 0.2425798624753952, 0.19216583669185638, 0.25553420186042786, 0.2856476902961731, 0.23328280448913574, 0.2349664866924286, 0.22022821009159088, 0.2519811689853668, 0.2976660430431366, 0.3276634216308594, 0.16304397583007812, 0.20806503295898438, 0.2480189949274063, 0.22800466418266296, 0.2272070348262787, 0.19762618839740753, 0.24505829811096191, 0.3033073842525482, 0, 0.1924925595521927, 0.18759490549564362, 0.4168483018875122, 0.4264221489429474, 0.2537855803966522, 0.38221538066864014, 0.2784205377101898, 0.2515110969543457, 0.2702620029449463, 0.24606716632843018, 0.6075210571289062, 0.20625485479831696, 0.2770947217941284, 0.19311419129371643, 0.2581201493740082, 0.30771902203559875, 0.2523523271083832, 0.2478787899017334, 0.19020603597164154, 0.22909250855445862, 0.28983670473098755, 0.2770894169807434, 0.3054933547973633, 0.2592528164386749, 0.19767865538597107, 0.2702532112598419, 0.22860318422317505, 0.360085666179657, 0.22800466418266296, 0.24173806607723236, 0.3724181652069092, 0.2755882143974304, 0.3411242365837097, 0.27370989322662354, 0.29093268513679504, 0.28707942366600037, 0.24144308269023895, 0.2979034185409546, 0.2430615872144699, 0.28643888235092163, 0.22461551427841187, 0.24573376774787903
0.3318794369697571, 0.3347291648387909, 0.29926973581314087, 0.23576204478740692, 0.2146753966808319, 0.25323545932769775, 0.22790679335594177, 0.24989250302314758, 0.2572413384914398, 0.35385197401046753, 0.14699910581111908, 0.3066261410713196, 0.33787858486175537, 0.35689103603363037, 0.24809826910495758, 0.47422340512275696, 0.21210452914237976, 0.19339965283870697, 0.25961071252822876, 0.29723531007766724, 0.25185835361480713, 0.3059944212436676, 0.2815439701080322, 0.21618399024009705, 0.2868060767650604, 0.3293522000312805, 0.2546018660068512, 0.2536832094192505, 0.2238573282957077, 0.2590811848640442, 0.3378295302391052, 0.2460503876209259, 0.21297279000282288, 0.26836511492729187, 0.27390608191490173, 0.2866671085357666, 0.2498759925365448, 0.3147922158241272, 0.2593860626220703, 0.2828838527202606, 0.15564268827438354, 0.26522061228752136, 0.20397841930389404, 0.30554717779159546, 0.2737107574939728, 0.27048707008361816, 0.3802609443664551, 0.26683509349823, 0.26807478070259094, 0.2995985150337219, 0.2530456781387329, 0.2839895784854889, 0.295021653175354, 0.27829569578170776, 0.2517222762107849, 0.21042820811271667, 0.29218655824661255, 0.23092021048069, 0.3599511981010437, 0.2888202369213104, 0.26903173327445984, 0.29195985198020935, 0.23433569073677063, 0.3390969932079315, 0.3646168112754822, 0.289116233587265, 0.27098405361175537, 0.2350938320159912, 0.23977738618850708, 0.27450594305992126, 0.2371518313884735, 0.22678272426128387, 0.2727832496166229, 0.26991790533065796, 0.27294686436653137, 0.22804957628250122, 0.3130384087562561, 0.24627304077148438, 0.27528753876686096, 0.2502286732196808, 0.2402334213256836, 0.34681135416030884, 0.3037832975387573, 0.29468974471092224, 0, 0.2428482323884964, 0.26495349407196045, 0.3653606176376343, 0.25771382451057434, 0.33756476640701294, 0.29559269547462463, 0.3387810289859772, 0.35252732038497925, 0.25552019476890564, 0.32871657609939575, 0.21913382411003113, 0.23654970526695251, 0.2754818797111511, 0.2504028081893921, 0.39033472537994385, 0.24608390033245087, 0.20940178632736206, 0.2902354300022125, 0.28013065457344055, 0.2614004909992218, 0.4603259563446045, 0.3162265419960022, 0.3146864175796509, 0.28672733902931213, 0.33451762795448303, 0.24806776642799377, 0.4242703914642334, 0.2572411596775055, 0.28556692600250244, 0.29081210494041443, 0.2626068890094757, 0.2575805187225342, 0.2821025550365448, 0.2805975079536438, 0.31308528780937195, 0.18135082721710205, 0.31561848521232605, 0.30515238642692566, 0.29351744055747986, 0.3047475516796112, 0.286837100982666
0.3315347731113434, 0.2649364173412323, 0.2902831733226776, 0.24420061707496643, 0.2080649733543396, 0.24316228926181793, 0.2806124687194824, 0.36297377943992615, 0.19004379212856293, 0.2641300559043884, 0.3012639880180359, 0.24818938970565796, 0.26720961928367615, 0.251309335231781, 0.20200271904468536, 0.33651798963546753, 0.23713845014572144, 0.2692769169807434, 0.34441089630126953, 0.5041080713272095, 0.37384670972824097, 0.2726133465766907, 0.22115570306777954, 0.22928836941719055, 0.21286989748477936, 0.17576518654823303, 0.2439953237771988, 0.22814616560935974, 0.19217178225517273, 0.22066175937652588, 0.2888208329677582, 0.23963820934295654, 0.19179491698741913, 0.25744789838790894, 0.2387121468782425, 0.41487568616867065, 0.39001572132110596, 0.2576557993888855, 0.20500929653644562, 0.2629988491535187, 0.22235096991062164, 0.20327691733837128, 0.27082908153533936, 0.23560674488544464, 0.4175712466239929, 0.3904975354671478, 0.2763509154319763, 0.32037508487701416, 0.24381643533706665, 0.3192576467990875, 0.1908322423696518, 0.17977839708328247, 0.257730096578598, 0.13616019487380981, 0.1690603345632553, 0.36550307273864746, 0.2764827609062195, 0.22652950882911682, 0.2992916703224182, 0.24552422761917114, 0.4176190495491028, 0.42968302965164185, 0.24551372230052948, 0.22993016242980957, 0.31339359283447266, 0.28667348623275757, 0.2664652168750763, 0.19956935942173004, 0.2716616690158844, 0.21189714968204498, 0.21643175184726715, 0.34212353825569153, 0.2152264565229416, 0.23444415628910065, 0.41760414838790894, 0.30596792697906494, 0.2629709243774414, 0.2858528792858124, 0.2852493226528168, 0.24491001665592194, 0.2442813664674759, 0.26434653997421265, 0.23348495364189148, 0.2518407106399536, 0.1892976313829422, 0, 0.261718213558197, 0.44557368755340576, 0.2541196644306183, 0.38701319694519043, 0.23889487981796265, 0.2938900887966156, 0.3385595679283142, 0.30289915204048157, 0.4599257707595825, 0.2502423822879791, 0.29197564721107483, 0.29901444911956787, 0.29856961965560913, 0.3141171336174011, 0.40758389234542847, 0.26987582445144653, 0.31290721893310547, 0.25459998846054077, 0.30702558159828186, 0.3307444453239441, 0.29384562373161316, 0.3058745563030243, 0.2666315734386444, 0.3136223256587982, 0.2765653431415558, 0.2492973804473877, 0.24605001509189606, 0.2734799385070801, 0.3916681706905365, 0.25539863109588623, 0.3118267059326172, 0.27492210268974304, 0.18921616673469543, 0.2998599112033844, 0.20188744366168976, 0.27578526735305786, 0.2609230577945709, 0.27035412192344666, 0.20816068351268768, 0.27442318201065063
0.12326417863368988, 0.2678261995315552, 0.2431684136390686, 0.2842058539390564, 0.20050638914108276, 0.40713146328926086, 0.24754223227500916, 0.29279035329818726, 0.24723440408706665, 0.23944398760795593, 0.21230097115039825, 0.2079080194234848, 0.290436327457428, 0.1815982609987259, 0.3544269800186157, 0.12165728956460953, 0.20976746082305908, 0.26332178711891174, 0.3088376224040985, 0.32359498739242554, 0.30442920327186584, 0.2560076117515564, 0.21613189578056335, 0.2762805223464966, 0.25186726450920105, 0.1667400598526001, 0.3940424919128418, 0.2554929256439209, 0.199334979057312, 0.17147979140281677, 0.3175547122955322, 0.3243687152862549, 0.2068629115819931, 0.28092166781425476, 0.3281511962413788, 0.1516822725534439, 0.164886474609375, 0.1953394114971161, 0.25555214285850525, 0.35679230093955994, 0.2755410671234131, 0.22787006199359894, 0.2543433904647827, 0.2569734752178192, 0.21686901152133942, 0.20997120440006256, 0.20667649805545807, 0.2105855494737625, 0.24615386128425598, 0.22169579565525055, 0.28219717741012573, 0.14480476081371307, 0.18713176250457764, 0.08355273306369781, 0.2242339551448822, 0.24115422368049622, 0.1818433254957199, 0.18401101231575012, 0.2150457203388214, 0.16594037413597107, 0.32984164357185364, 0.17973119020462036, 0.2734265625476837, 0.19555626809597015, 0.3475886285305023, 0.19943374395370483, 0.2117478996515274, 0.24930037558078766, 0.19938042759895325, 0.2491292953491211, 0.22923988103866577, 0.26286277174949646, 0.3567419648170471, 0.3320172429084778, 0.31594833731651306, 0.27759960293769836, 0.21879127621650696, 0.2840707302093506, 0.4905727207660675, 0.25817158818244934, 0.39887046813964844, 0.1291564404964447, 0.13953045010566711, 0.27954500913619995, 0.27883172035217285, 0.17815116047859192, 0, 0.4694451093673706, 0.2228182554244995, 0.23171056807041168, 0.21711653470993042, 0.22257879376411438, 0.3900846838951111, 0.2551617920398712, 0.3701521158218384, 0.32632580399513245, 0.21454991400241852, 0.23205363750457764, 0.23401020467281342, 0.11670033633708954, 0.18947014212608337, 0.16462793946266174, 0.2259952574968338, 0.29676565527915955, 0.17341403663158417, 0.3267378509044647, 0.3176369369029999, 0.35956069827079773, 0.3151901960372925, 0.298954576253891, 0.1843850463628769, 0.22752775251865387, 0.18104207515716553, 0.18941040337085724, 0.46887853741645813, 0.2683154344558716, 0.23350559175014496, 0.2571725845336914, 0.208202064037323, 0.27023565769195557, 0.2711263597011566, 0.2839655876159668, 0.15497539937496185, 0.24172663688659668, 0.2891101837158203, 0.22379498183727264
0.2985646724700928, 0.2955072820186615, 0.14679037034511566, 0.25838175415992737, 0.28876835107803345, 0.25468721985816956, 0.2572411298751831, 0.29676592350006104, 0.2642055153846741, 0.1396980583667755, 0.20957355201244354, 0.1702677309513092, 0.19629135727882385, 0.1661408543586731, 0.3309110403060913, 0.35521429777145386, 0.1592661738395691, 0.32423409819602966, 0.29206132888793945, 0.2572411298751831, 0.10807930678129196, 0.27391016483306885, 0.3065811097621918, 0.27094709873199463, 0.2545562982559204, 0.2539525032043457, 0.3042081594467163, 0.13459333777427673, 0.26423749327659607, 0.24234628677368164, 0.28876835107803345, 0.29710617661476135, 0.30082711577415466, 0.27523577213287354, 0.3132724463939667, 0.2572411298751831, 0.2999957799911499, 0.3021048307418823, 0.29226887226104736, 0.29522719979286194, 0.23546522855758667, 0.29132962226867676, 0.2939453423023224, 0.2816374599933624, 0.272757351398468, 0.24230808019638062, 0.15205413103103638, 0.27275732159614563, 0.28772833943367004, 0.2572411298751831, 0.289203941822052, 0.23436583578586578, 0.2752869129180908, 0.2867918610572815, 0.2384391576051712, 0.2667352557182312, 0.2314334362745285, 0.3136630058288574, 0.23033484816551208, 0.3047056794166565, 0.27528640627861023, 0.13869377970695496, 0.2807657718658447, 0.2716675400733948, 0.1671498715877533, 0.15580500662326813, 0.3047207295894623, 0.29720810055732727, 0.3088899254798889, 0.28723883628845215, 0.2727111577987671, 0.3420281410217285, 0.2437385469675064, 0.2902413010597229, 0.21408696472644806, 0.2667352557182312, 0.3122920095920563, 0.2440314143896103, 0.2642098069190979, 0.29484856128692627, 0.28675198554992676, 0.24951454997062683, 0.2980499565601349, 0.25471144914627075, 0.31377190351486206, 0.2842292785644531, 0.11452270299196243, 0, 0.26432710886001587, 0.22002670168876648, 0.30325669050216675, 0.2571878135204315, 0.2546021044254303, 0.2516501843929291, 0.2667437493801117, 0.25138381123542786, 0.275310218334198, 0.26482126116752625, 0.2733280658721924, 0.30145177245140076, 0.24605035781860352, 0.2629100978374481, 0.2961348295211792, 0.2081781029701233, 0.3300739526748657, 0.2752869129180908, 0.3248148560523987, 0.28259187936782837, 0.2752869725227356, 0.2752869129180908, 0.2613489627838135, 0.22182723879814148, 0.30472052097320557, 0.2952266037464142, 0.30987226963043213, 0.1766246110200882, 0.29370349645614624, 0.26303941011428833, 0.1791020929813385, 0.1982344537973404, 0.27678751945495605, 0.140616312623024, 0.2626233994960785, 0.22042472660541534, 0.21981723606586456, 0.24476146697998047
0.35555142164230347, 0.17418408393859863, 0.1590590924024582, 0.2795572280883789, 0.37119027972221375, 0.20501840114593506, 0.35146427154541016, 0.36283448338508606, 0.44636642932891846, 0.23867443203926086, 0.18478891253471375, 0.2561438977718353, 0.24018239974975586, 0.3285254240036011, 0.3569805920124054, 0.23020514845848083, 0.2373955398797989, 0.2837073504924774, 0.30899250507354736, 0.5003136396408081, 0.40312448143959045, 0.2167237102985382, 0.238555908203125, 0.2594294250011444, 0.18748939037322998, 0.4362770915031433, 0.36283445358276367, 0.2986566424369812, 0.36454159021377563, 0.3646475672721863, 0.24339303374290466, 0.25626906752586365, 0.2698266804218292, 0.30988219380378723, 0.3405628204345703, 0.3096611499786377, 0.3903770446777344, 0.3577348291873932, 0.2740437984466553, 0.3921409845352173, 0.15286432206630707, 0.26721954345703125, 0.38056325912475586, 0.22507663071155548, 0.4461192488670349, 0.5083238482475281, 0.43543651700019836, 0.435327410697937, 0.19285061955451965, 0.16600756347179413, 0.40413913130760193, 0.22302740812301636, 0.27367740869522095, 0.38068145513534546, 0.2756037414073944, 0.45635735988616943, 0.1818549931049347, 0.16457779705524445, 0.18010589480400085, 0.21184587478637695, 0.3294261693954468, 0.29386210441589355, 0.4373149871826172, 0.30955368280410767, 0.49244770407676697, 0.15620183944702148, 0.36207032203674316, 0.13380855321884155, 0.14344288408756256, 0.21020559966564178, 0.22974750399589539, 0.31943485140800476, 0.25751054286956787, 0.15505391359329224, 0.40295514464378357, 0.33766618371009827, 0.2963511347770691, 0.3255876898765564, 0.2887197732925415, 0.15358148515224457, 0.288607656955719, 0.4195716977119446, 0.15373942255973816, 0.21584148705005646, 0.2748018503189087, 0.17412637174129486, 0.2605806887149811, 0.528840184211731, 0, 0.4336759150028229, 0.23672130703926086, 0.25723329186439514, 0.40418893098831177, 0.4203353822231293, 0.5094823241233826, 0.29640355706214905, 0.46191298961639404, 0.2798202931880951, 0.1906481683254242, 0.3476504981517792, 0.4911126494407654, 0.4753807485103607, 0.22384563088417053, 0.18695694208145142, 0.20836296677589417, 0.5696843862533569, 0.2438555508852005, 0.29636457562446594, 0.364862859249115, 0.33818960189819336, 0.33346304297447205, 0.571733295917511, 0.45634520053863525, 0.3470362424850464, 0.44636648893356323, 0.16640228033065796, 0.24811962246894836, 0.20157916843891144, 0.13683271408081055, 0.21774142980575562, 0.13968387246131897, 0.19069118797779083, 0.2089853137731552, 0.25187790393829346, 0.2636793255805969, 0.2653525173664093
0.3190386891365051, 0.3200848698616028, 0.24206630885601044, 0.27251920104026794, 0.2470996081829071, 0.19069024920463562, 0.21268554031848907, 0.15167061984539032, 0.2238827496767044, 0.27186188101768494, 0.3602876663208008, 0.29237616062164307, 0.2919827699661255, 0.26398468017578125, 0.22723841667175293, 0.39655178785324097, 0.3054199516773224, 0.2799532115459442, 0.18696311116218567, 0.24308708310127258, 0.3062608242034912, 0.15862461924552917, 0.47517305612564087, 0.3882369101047516, 0.20832616090774536, 0.3644542694091797, 0.28315478563308716, 0.1329212486743927, 0.24061086773872375, 0.26062774658203125, 0.22622013092041016, 0.24593085050582886, 0.26637446880340576, 0.2669585347175598, 0.20817427337169647, 0.26673510670661926, 0.3012135326862335, 0.25079506635665894, 0.2865421175956726, 0.20632602274417877, 0.19749005138874054, 0.2866706848144531, 0.23169779777526855, 0.28877249360084534, 0.1895476132631302, 0.24724581837654114, 0.2674403190612793, 0.24615974724292755, 0.2923358976840973, 0.2507931590080261, 0.2436067759990692, 0.24734090268611908, 0.21033509075641632, 0.2508496344089508, 0.26534557342529297, 0.23942184448242188, 0.22018983960151672, 0.21630005538463593, 0.31804072856903076, 0.1922951638698578, 0.24187085032463074, 0.3314792215824127, 0.2670048177242279, 0.2928536832332611, 0.31311190128326416, 0.2326192557811737, 0.28404828906059265, 0.3062029182910919, 0.24949046969413757, 0.28113114833831787, 0.26679378747940063, 0.34791380167007446, 0.3168964982032776, 0.3171765208244324, 0.14980413019657135, 0.2449382245540619, 0.22610601782798767, 0.19105055928230286, 0.19923123717308044, 0.2865578234195709, 0.20529863238334656, 0.2507932186126709, 0.3363144099712372, 0.3049171566963196, 0.26106390357017517, 0.20173808932304382, 0.24425458908081055, 0.19215252995491028, 0.24520903825759888, 0, 0.24972593784332275, 0.2713479697704315, 0.22153083980083466, 0.2863444685935974, 0.2239547222852707, 0.18763932585716248, 0.3048431873321533, 0.1816386878490448, 0.20879989862442017, 0.24114589393138885, 0.18784742057323456, 0.2210961878299713, 0.3429555296897888, 0.24868987500667572, 0.3624427318572998, 0.19214530289173126, 0.2525513470172882, 0.2564721405506134, 0.1950407177209854, 0.1900203824043274, 0.21455541253089905, 0.25079259276390076, 0.2807456851005554, 0.2610347867012024, 0.2740396559238434, 0.3710261583328247, 0.40780243277549744, 0.2905140817165375, 0.23727558553218842, 0.21777155995368958, 0.31029635667800903, 0.33963191509246826, 0.3207673728466034, 0.24100086092948914, 0.2667352557182312, 0.3287596106529236
0.3527441918849945, 0.2016817331314087, 0.24590468406677246, 0.2806098163127899, 0.3648034930229187, 0.18762429058551788, 0.19003826379776, 0.36283448338508606, 0.24552421271800995, 0.18965716660022736, 0.18582767248153687, 0.2667352855205536, 0.24604931473731995, 0.38063135743141174, 0.205942302942276, 0.2512470483779907, 0.26508283615112305, 0.38711822032928467, 0.36283448338508606, 0.327663391828537, 0.22622014582157135, 0.22913482785224915, 0.2926105856895447, 0.23032039403915405, 0.2055351734161377, 0.34051018953323364, 0.4101695716381073, 0.2698856592178345, 0.3835323452949524, 0.2080792635679245, 0.2080700546503067, 0.2724262475967407, 0.23010240495204926, 0.24513281881809235, 0.36283448338508606, 0.18107615411281586, 0.38631266355514526, 0.3873399496078491, 0.19001908600330353, 0.3104074001312256, 0.16529908776283264, 0.20741447806358337, 0.22681689262390137, 0.24605031311511993, 0.44636648893356323, 0.1960136592388153, 0.2712970972061157, 0.36283448338508606, 0.18382520973682404, 0.19216448068618774, 0.32763737440109253, 0.26774922013282776, 0.18790793418884277, 0.2818807065486908, 0.17288066446781158, 0.3644998073577881, 0.19959582388401031, 0.24604445695877075, 0.260936439037323, 0.20806501805782318, 0.41428810358047485, 0.33111315965652466, 0.3728375732898712, 0.208065003156662, 0.3705098032951355, 0.20527376234531403, 0.23701417446136475, 0.16694580018520355, 0.22172711789608002, 0.2302398979663849, 0.25879937410354614, 0.22561399638652802, 0.24235209822654724, 0.2431182861328125, 0.37249231338500977, 0.18791301548480988, 0.19903139770030975, 0.22573120892047882, 0.268158882856369, 0.24868936836719513, 0.23811350762844086, 0.2302580177783966, 0.22747373580932617, 0.208065003156662, 0.23655317723751068, 0.22692285478115082, 0.1917399913072586, 0.44903504848480225, 0.20102792978286743, 0.4451599717140198, 0, 0.21772663295269012, 0.37283754348754883, 0.2835097014904022, 0.44636648893356323, 0.3641965985298157, 0.362834632396698, 0.2366369068622589, 0.20778104662895203, 0.2898513376712799, 0.32649919390678406, 0.3380596339702606, 0.24364063143730164, 0.20730015635490417, 0.304720401763916, 0.3667471408843994, 0.33091074228286743, 0.27405405044555664, 0.2793183922767639, 0.21490183472633362, 0.37275010347366333, 0.456369549036026, 0.24605035781860352, 0.450264036655426, 0.3354269862174988, 0.2038974165916443, 0.19807247817516327, 0.22762006521224976, 0.18020498752593994, 0.24622860550880432, 0.14930836856365204, 0.2262207418680191, 0.2055523842573166, 0.19368354976177216, 0.2667352557182312, 0.24524138867855072
0.4002585709095001, 0.21470244228839874, 0.24310344457626343, 0.3637222945690155, 0.6046563386917114, 0.3528240919113159, 0.2906132638454437, 0.46227705478668213, 0.515661358833313, 0.2864154875278473, 0.28265923261642456, 0.2144431322813034, 0.23414483666419983, 0.22847917675971985, 0.39687854051589966, 0.21529033780097961, 0.25857967138290405, 0.35902369022369385, 0.31534361839294434, 0.38904523849487305, 0.38750219345092773, 0.27972477674484253, 0.2554272711277008, 0.33663493394851685, 0.22800466418266296, 0.3593765199184418, 0.6178195476531982, 0.34467726945877075, 0.3734687566757202, 0.3228517174720764, 0.2962619364261627, 0.4193629026412964, 0.5468292236328125, 0.21071448922157288, 0.21357393264770508, 0.46218568086624146, 0.31852811574935913, 0.29672971367836, 0.23484192788600922, 0.3397386074066162, 0.27400699257850647, 0.19423101842403412, 0.266204297542572, 0.3984468877315521, 0.445856511592865, 0.38608354330062866, 0.3634282946586609, 0.45274490118026733, 0.22684866189956665, 0.24248038232326508, 0.6303244829177856, 0.23978464305400848, 0.22835500538349152, 0.3624172508716583, 0.19047127664089203, 0.36678367853164673, 0.23709894716739655, 0.18794265389442444, 0.24648670852184296, 0.20557554066181183, 0.39414718747138977, 0.34126758575439453, 0.38741427659988403, 0.2961525022983551, 0.36327165365219116, 0.1953054815530777, 0.5203355550765991, 0.2660236954689026, 0.21619099378585815, 0.22075241804122925, 0.2587607204914093, 0.27813035249710083, 0.30216798186302185, 0.3024143576622009, 0.6002069711685181, 0.2645757496356964, 0.30790653824806213, 0.3197435438632965, 0.19614660739898682, 0.19811855256557465, 0.28294944763183594, 0.4001849293708801, 0.20464174449443817, 0.2274368852376938, 0.30100008845329285, 0.24919453263282776, 0.42386752367019653, 0.653317391872406, 0.24860933423042297, 0.48432084918022156, 0.23188763856887817, 0, 0.5696757435798645, 0.7182126641273499, 0.5402170419692993, 0.2988815903663635, 0.5080593824386597, 0.18474213778972626, 0.22504077851772308, 0.3839512765407562, 0.4358859062194824, 0.44682928919792175, 0.32151615619659424, 0.2451120913028717, 0.24035784602165222, 0.4886145293712616, 0.25442567467689514, 0.31942522525787354, 0.27931416034698486, 0.3968760073184967, 0.37666672468185425, 0.46356889605522156, 0.22939246892929077, 0.5230083465576172, 0.3576367497444153, 0.2846405506134033, 0.28684473037719727, 0.1632717400789261, 0.20333947241306305, 0.20686617493629456, 0.20715589821338654, 0.271630197763443, 0.2252679467201233, 0.23735879361629486, 0.3847429156303406, 0.22378821671009064
0.1984419971704483, 0.2692258656024933, 0.3037492334842682, 0.21698212623596191, 0.3047177791595459, 0.22011448442935944, 0.2667352557182312, 0.2952266037464142, 0.3047206997871399, 0.25252869725227356, 0.3144177198410034, 0.1955411732196808, 0.2153317928314209, 0.334816575050354, 0.24169616401195526, 0.3865375816822052, 0.3323364853858948, 0.26582181453704834, 0.2486894577741623, 0.2667352557182312, 0.2012413740158081, 0.277616411447525, 0.29428577423095703, 0.2663319408893585, 0.30415380001068115, 0.2970454692840576, 0.30472075939178467, 0.2387123554944992, 0.24731077253818512, 0.27528637647628784, 0.3047204911708832, 0.2667228579521179, 0.28307467699050903, 0.31327149271965027, 0.3047207295894623, 0.2486894577741623, 0.3165290653705597, 0.2667352557182312, 0.2827741801738739, 0.24605035781860352, 0.21950183808803558, 0.2922690212726593, 0.31050941348075867, 0.276307076215744, 0.3047207295894623, 0.2827741801738739, 0.20990698039531708, 0.21408696472644806, 0.31623753905296326, 0.313067764043808, 0.28636634349823, 0.17941680550575256, 0.2667352557182312, 0.2484472692012787, 0.2458750307559967, 0.2507931590080261, 0.26565253734588623, 0.30001509189605713, 0.2963775396347046, 0.2952266037464142, 0.2667444050312042, 0.2095034122467041, 0.2707274258136749, 0.2924284040927887, 0.2496681958436966, 0.2603546380996704, 0.2667352557182312, 0.31870779395103455, 0.3694305419921875, 0.3080788850784302, 0.38489556312561035, 0.2739100754261017, 0.1931149661540985, 0.32696011662483215, 0.20526745915412903, 0.3047207295894623, 0.3047207295894623, 0.19064894318580627, 0.23899874091148376, 0.23246635496616364, 0.26536861062049866, 0.29512375593185425, 0.295338898897171, 0.3527408540248871, 0.2952578067779541, 0.309784471988678, 0.2912029027938843, 0.20812849700450897, 0.2130838930606842, 0.24598069489002228, 0.26767903566360474, 0.34778928756713867, 0, 0.30472254753112793, 0.3094724416732788, 0.2855076789855957, 0.3045995831489563, 0.26751387119293213, 0.2673083543777466, 0.2866706848144531, 0.24605035781860352, 0.2572411298751831, 0.29522445797920227, 0.2617824971675873, 0.27786368131637573, 0.26390522718429565, 0.35962897539138794, 0.40061813592910767, 0.2486894577741623, 0.26587843894958496, 0.2540866434574127, 0.25085005164146423, 0.3047207295894623, 0.2869543135166168, 0.32575690746307373, 0.24295562505722046, 0.3705978989601135, 0.32358065247535706, 0.19013148546218872, 0.22809696197509766, 0.29346469044685364, 0.3091431260108948, 0.217321515083313, 0.18209759891033173, 0.17324373126029968, 0.3132251501083374
0.3695053458213806, 0.29763999581336975, 0.2539551556110382, 0.2913058400154114, 0.3943493068218231, 0.1769101917743683, 0.26025983691215515, 0.5909171104431152, 0.2148945927619934, 0.24909791350364685, 0.3369584083557129, 0.2952612638473511, 0.2734988331794739, 0.3239968717098236, 0.3359689712524414, 0.3144264817237854, 0.5031641721725464, 0.337876558303833, 0.39899682998657227, 0.4400104284286499, 0.3234094977378845, 0.3039575219154358, 0.31415754556655884, 0.3781830370426178, 0.28875964879989624, 0.3564005494117737, 0.32562875747680664, 0.42023786902427673, 0.1528819501399994, 0.2098250687122345, 0.23833492398262024, 0.20981228351593018, 0.2159065306186676, 0.23799140751361847, 0.17799225449562073, 0.3540771007537842, 0.33029863238334656, 0.18299444019794464, 0.24534590542316437, 0.40881454944610596, 0.23136024177074432, 0.23957577347755432, 0.23224277794361115, 0.23342473804950714, 0.17438659071922302, 0.2614074945449829, 0.29460978507995605, 0.20315802097320557, 0.25587713718414307, 0.30344146490097046, 0.378598153591156, 0.2501921057701111, 0.1987336426973343, 0.22754022479057312, 0.29223906993865967, 0.21745920181274414, 0.28030768036842346, 0.3453499674797058, 0.29637452960014343, 0.20806503295898438, 0.3821714520454407, 0.22672541439533234, 0.32174015045166016, 0.3048935830593109, 0.3845159113407135, 0.23473189771175385, 0.24933890998363495, 0.24700579047203064, 0.264954537153244, 0.2702009081840515, 0.29102823138237, 0.3321671783924103, 0.33785292506217957, 0.32593125104904175, 0.38117316365242004, 0.248179629445076, 0.25121843814849854, 0.2262209802865982, 0.14057371020317078, 0.2852393686771393, 0.19113093614578247, 0.189642071723938, 0.2825528383255005, 0.23734964430332184, 0.33319300413131714, 0.29801127314567566, 0.242737278342247, 0.3748616576194763, 0.3046039044857025, 0.20637305080890656, 0.2667352557182312, 0.28122204542160034, 0.2940092086791992, 0, 0.4509458541870117, 0.4927569627761841, 0.24518942832946777, 0.2948163151741028, 0.1676746904850006, 0.2663109004497528, 0.24182695150375366, 0.32927244901657104, 0.22744832932949066, 0.2751178741455078, 0.2709214985370636, 0.3570708632469177, 0.27317923307418823, 0.3428943157196045, 0.36283159255981445, 0.36283451318740845, 0.3084193170070648, 0.36438068747520447, 0.3047207295894623, 0.24670039117336273, 0.3628278076648712, 0.2174893021583557, 0.3181115984916687, 0.35268598794937134, 0.2962082326412201, 0.3334689438343048, 0.491722971200943, 0.33142709732055664, 0.2803494334220886, 0.25532326102256775, 0.2667378783226013, 0.28985318541526794
0.2614873945713043, 0.26440221071243286, 0.22391784191131592, 0.2537032961845398, 0.28883981704711914, 0.23537319898605347, 0.24605485796928406, 0.2546021640300751, 0.30494576692581177, 0.1778191477060318, 0.19227680563926697, 0.20522791147232056, 0.19471997022628784, 0.27169525623321533, 0.33303824067115784, 0.3441857695579529, 0.18155431747436523, 0.30458688735961914, 0.2546021044254303, 0.2671054005622864, 0.2808946371078491, 0.3099142611026764, 0.21268461644649506, 0.201236292719841, 0.2516668140888214, 0.36305224895477295, 0.3160291612148285, 0.24081291258335114, 0.27343273162841797, 0.28541943430900574, 0.3047206997871399, 0.3132724463939667, 0.15029790997505188, 0.2752869725227356, 0.2546018660068512, 0.30990874767303467, 0.19742964208126068, 0.2667351961135864, 0.3132724463939667, 0.30525684356689453, 0.19749483466148376, 0.2922689914703369, 0.27069559693336487, 0.28076332807540894, 0.2546021044254303, 0.27472689747810364, 0.19883958995342255, 0.31327247619628906, 0.3132954239845276, 0.27641400694847107, 0.2859654426574707, 0.3616679906845093, 0.3555254340171814, 0.25091466307640076, 0.2887854278087616, 0.2667448818683624, 0.3019091486930847, 0.31036806106567383, 0.19547560811042786, 0.3132724463939667, 0.3047313988208771, 0.2795388996601105, 0.25723883509635925, 0.3072587549686432, 0.31570562720298767, 0.27275732159614563, 0.3047207295894623, 0.216525599360466, 0.26310303807258606, 0.26135945320129395, 0.27806565165519714, 0.33238211274147034, 0.21425677835941315, 0.15895718336105347, 0.24337637424468994, 0.25082218647003174, 0.3132724463939667, 0.27701759338378906, 0.326291024684906, 0.2507716417312622, 0.23789727687835693, 0.3047356605529785, 0.2572532594203949, 0.31301823258399963, 0.229812890291214, 0.2774914801120758, 0.16845868527889252, 0.2546021044254303, 0.27720656991004944, 0.21375666558742523, 0.3047207295894623, 0.3070359528064728, 0.2546021044254303, 0.32598254084587097, 0, 0.251259446144104, 0.3047305643558502, 0.264217346906662, 0.27530035376548767, 0.2868231236934662, 0.25455689430236816, 0.3125741183757782, 0.3191291093826294, 0.2606782019138336, 0.2983349561691284, 0.2518046200275421, 0.30315256118774414, 0.3358261287212372, 0.3132716119289398, 0.3132723569869995, 0.21879392862319946, 0.2677621841430664, 0.2867663502693176, 0.3043731451034546, 0.383542537689209, 0.2495800107717514, 0.24564778804779053, 0.2932506203651428, 0.15064960718154907, 0.1810162514448166, 0.31333601474761963, 0.20103904604911804, 0.2735758125782013, 0.19921675324440002, 0.2758229374885559, 0.29534822702407837
0.21498560905456543, 0.24912260472774506, 0.22332508862018585, 0.21294429898262024, 0.23014020919799805, 0.20792031288146973, 0.24467743933200836, 0.28912124037742615, 0.3132677674293518, 0.15545721352100372, 0.2965036928653717, 0.15489095449447632, 0.3090716600418091, 0.2650441825389862, 0.2398081123828888, 0.28433528542518616, 0.29921117424964905, 0.2868594825267792, 0.21661660075187683, 0.2667352855205536, 0.151432067155838, 0.2672446072101593, 0.3918548822402954, 0.2575342655181885, 0.24852079153060913, 0.28446799516677856, 0.3047207295894623, 0.13953164219856262, 0.2460513710975647, 0.20918726921081543, 0.3047778904438019, 0.2667352557182312, 0.2827737629413605, 0.2752869129180908, 0.2667352557182312, 0.26665198802948, 0.23566313087940216, 0.2751726508140564, 0.27435392141342163, 0.28667259216308594, 0.23546522855758667, 0.285792738199234, 0.3823279142379761, 0.1860518902540207, 0.2752869129180908, 0.2337397187948227, 0.2796586751937866, 0.3132723569869995, 0.23674750328063965, 0.24980919063091278, 0.2660883069038391, 0.2650854289531708, 0.2507931590080261, 0.21400906145572662, 0.28788506984710693, 0.2507931590080261, 0.24869057536125183, 0.3129305839538574, 0.3736085593700409, 0.2486894577741623, 0.2667352557182312, 0.12716439366340637, 0.25723910331726074, 0.2902306616306305, 0.3237994909286499, 0.27275732159614563, 0.2914077639579773, 0.26683178544044495, 0.3144846260547638, 0.27825692296028137, 0.4388003349304199, 0.252530038356781, 0.2904612421989441, 0.2690466642379761, 0.208065003156662, 0.2507931590080261, 0.3132724463939667, 0.20605631172657013, 0.22752676904201508, 0.28606903553009033, 0.232798770070076, 0.2887687683105469, 0.21762967109680176, 0.236556276679039, 0.23612351715564728, 0.3550114631652832, 0.23984956741333008, 0.26676324009895325, 0.2571386992931366, 0.2216590791940689, 0.3047207295894623, 0.23266148567199707, 0.2752867639064789, 0.28443947434425354, 0.3106807470321655, 0, 0.32254087924957275, 0.21408666670322418, 0.2748240530490875, 0.2715938687324524, 0.20806482434272766, 0.2629447877407074, 0.22404585778713226, 0.2615954279899597, 0.28217512369155884, 0.21184122562408447, 0.36337512731552124, 0.2403057962656021, 0.24889765679836273, 0.2572411298751831, 0.2572386562824249, 0.26303842663764954, 0.16216544806957245, 0.2866707444190979, 0.29758933186531067, 0.318123996257782, 0.24851125478744507, 0.3217915892601013, 0.17645439505577087, 0.23289372026920319, 0.3010736405849457, 0.3067256212234497, 0.19047170877456665, 0.19624556601047516, 0.17204400897026062, 0.2944173812866211
0.30487528443336487, 0.27417635917663574, 0.31806427240371704, 0.3261018693447113, 0.22901487350463867, 0.2570931613445282, 0.30415409803390503, 0.282837837934494, 0.26686227321624756, 0.34769681096076965, 0.2454177290201187, 0.31813931465148926, 0.24870207905769348, 0.26540011167526245, 0.327450692653656, 0.31609395146369934, 0.2541826367378235, 0.2461833655834198, 0.3676025867462158, 0.35019737482070923, 0.2923646569252014, 0.3047388792037964, 0.3053666055202484, 0.3062610328197479, 0.2667296826839447, 0.29427510499954224, 0.2667352557182312, 0.31486988067626953, 0.2887701988220215, 0.2681993544101715, 0.3132662773132324, 0.3041829466819763, 0.3299751877784729, 0.2660820782184601, 0.3043462932109833, 0.249871164560318, 0.3306484520435333, 0.2545732259750366, 0.2507931590080261, 0.30399417877197266, 0.20177853107452393, 0.2872363030910492, 0.2771114706993103, 0.2487003356218338, 0.32576483488082886, 0.266716331243515, 0.2553860545158386, 0.26673537492752075, 0.2886641323566437, 0.3180385231971741, 0.208007350564003, 0.26010972261428833, 0.3574957847595215, 0.3334050476551056, 0.30847230553627014, 0.23394912481307983, 0.27356451749801636, 0.3616514205932617, 0.3095201849937439, 0.2667352557182312, 0.43487173318862915, 0.24602699279785156, 0.39286646246910095, 0.34752357006073, 0.2855181396007538, 0.3111889958381653, 0.2752869129180908, 0.2198808491230011, 0.3110172748565674, 0.2510475814342499, 0.24768036603927612, 0.2914470434188843, 0.3083308935165405, 0.35776621103286743, 0.3051181733608246, 0.2670683264732361, 0.2752869725227356, 0.25732657313346863, 0.3323885202407837, 0.27523037791252136, 0.32734692096710205, 0.3047192096710205, 0.27528703212738037, 0.3132725656032562, 0.3214433193206787, 0.25491803884506226, 0.367493212223053, 0.31833189725875854, 0.2667425572872162, 0.19313985109329224, 0.2507932186126709, 0.3353951573371887, 0.32576483488082886, 0.3081534802913666, 0.4352618157863617, 0.32576483488082886, 0, 0.21661660075187683, 0.26671794056892395, 0.28583329916000366, 0.3987615704536438, 0.31274649500846863, 0.3047603666782379, 0.3046949505805969, 0.3018322288990021, 0.4175814390182495, 0.3084842264652252, 0.37731242179870605, 0.304101824760437, 0.31229501962661743, 0.28138428926467896, 0.26673781871795654, 0.30348044633865356, 0.2795655429363251, 0.36276084184646606, 0.3197309970855713, 0.2962336838245392, 0.31071069836616516, 0.286793053150177, 0.30475789308547974, 0.20175287127494812, 0.2398127168416977, 0.31348705291748047, 0.30948370695114136, 0.3047207295894623, 0.27041929960250854
0.33243149518966675, 0.24082252383232117, 0.24464446306228638, 0.2894397974014282, 0.1811184138059616, 0.19917646050453186, 0.21929647028446198, 0.27270013093948364, 0.2922549247741699, 0.28836867213249207, 0.19118794798851013, 0.24323496222496033, 0.28571638464927673, 0.30194124579429626, 0.22513645887374878, 0.21704600751399994, 0.31553179025650024, 0.18634149432182312, 0.20806458592414856, 0.23972254991531372, 0.1791611909866333, 0.2527211904525757, 0.28835684061050415, 0.17463617026805878, 0.2327321618795395, 0.2477298527956009, 0.1815989464521408, 0.19555962085723877, 0.27626022696495056, 0.1526326686143875, 0.2667351961135864, 0.2216590791940689, 0.22716546058654785, 0.2486894577741623, 0.2793446183204651, 0.2342076599597931, 0.15008506178855896, 0.24833214282989502, 0.2487093210220337, 0.233583003282547, 0.15659646689891815, 0.26673510670661926, 0.2460523098707199, 0.2776953876018524, 0.2487156093120575, 0.24889160692691803, 0.2896242141723633, 0.2342497557401657, 0.25740113854408264, 0.2081942856311798, 0.17267006635665894, 0.2704087495803833, 0.283789724111557, 0.3204439878463745, 0.2611038386821747, 0.19907695055007935, 0.24863946437835693, 0.3035067617893219, 0.34421372413635254, 0.2327321320772171, 0.22158294916152954, 0.20728066563606262, 0.23333436250686646, 0.24679332971572876, 0.30181294679641724, 0.20817434787750244, 0.28243565559387207, 0.17267169058322906, 0.19472593069076538, 0.2964683473110199, 0.2556123733520508, 0.3309744596481323, 0.2595905661582947, 0.28443869948387146, 0.208065003156662, 0.2216590791940689, 0.24938030540943146, 0.09004668146371841, 0.2605053186416626, 0.2493775337934494, 0.19664689898490906, 0.2645235061645508, 0.2572408616542816, 0.23786243796348572, 0.23143918812274933, 0.272914320230484, 0.22924166917800903, 0.24328336119651794, 0.2121570110321045, 0.19084244966506958, 0.23627562820911407, 0.24135957658290863, 0.19001908600330353, 0.27643853425979614, 0.18107648193836212, 0.22648069262504578, 0.2667011320590973, 0, 0.23273126780986786, 0.22166122496128082, 0.18612807989120483, 0.2486894577741623, 0.2866767644882202, 0.23380541801452637, 0.2770012319087982, 0.3657296895980835, 0.27393829822540283, 0.2010059803724289, 0.22177040576934814, 0.2486894577741623, 0.20980370044708252, 0.2824367880821228, 0.22165919840335846, 0.20723280310630798, 0.32576489448547363, 0.27548468112945557, 0.2479550689458847, 0.2486376017332077, 0.27675822377204895, 0.2816907465457916, 0.21664711833000183, 0.2682868242263794, 0.2875085175037384, 0.3386726975440979, 0.18977536261081696, 0.25734591484069824
0.1722174882888794, 0.28290894627571106, 0.2708304524421692, 0.258648157119751, 0.3376654386520386, 0.19312448799610138, 0.27058547735214233, 0.23484143614768982, 0.1971263736486435, 0.2624114751815796, 0.29028457403182983, 0.2827373147010803, 0.22485697269439697, 0.32393354177474976, 0.4898853898048401, 0.3011060953140259, 0.26800623536109924, 0.30400288105010986, 0.44636648893356323, 0.19216583669185638, 0.248836949467659, 0.2302040308713913, 0.39669132232666016, 0.2278113216161728, 0.23273222148418427, 0.34266746044158936, 0.31642913818359375, 0.28932201862335205, 0.3262518346309662, 0.2519541382789612, 0.20288610458374023, 0.16303029656410217, 0.21554844081401825, 0.26707184314727783, 0.3724965453147888, 0.19001908600330353, 0.2733962833881378, 0.208110049366951, 0.21558065712451935, 0.2118442952632904, 0.10300060361623764, 0.2190762162208557, 0.3424840271472931, 0.2727811932563782, 0.23014093935489655, 0.2155781239271164, 0.20655380189418793, 0.23014093935489655, 0.29500678181648254, 0.2659275531768799, 0.21978847682476044, 0.29910317063331604, 0.19214455783367157, 0.2761087715625763, 0.1990661919116974, 0.19216583669185638, 0.24798434972763062, 0.3875061273574829, 0.34627485275268555, 0.23842096328735352, 0.1921779215335846, 0.22166243195533752, 0.22708602249622345, 0.26469045877456665, 0.260200560092926, 0.2892545461654663, 0.2728527784347534, 0.2302054464817047, 0.41109299659729004, 0.3088003695011139, 0.2883055806159973, 0.2830330431461334, 0.2495945692062378, 0.3382497727870941, 0.2951120436191559, 0.19001910090446472, 0.2294035404920578, 0.17523671686649323, 0.2501077950000763, 0.3623131513595581, 0.15958210825920105, 0.1721268892288208, 0.2327534407377243, 0.2069982886314392, 0.2366797924041748, 0.37610602378845215, 0.21998083591461182, 0.2951194643974304, 0.2700003385543823, 0.3651009202003479, 0.24868817627429962, 0.24663777649402618, 0.19686053693294525, 0.30773836374282837, 0.20879699289798737, 0.2702677547931671, 0.26136448979377747, 0.2925862967967987, 0, 0.11642447859048843, 0.18097686767578125, 0.2404448240995407, 0.30761125683784485, 0.20817497372627258, 0.21559235453605652, 0.31392496824264526, 0.2304905205965042, 0.3391214609146118, 0.17410555481910706, 0.17836079001426697, 0.17410391569137573, 0.21350939571857452, 0.2748265862464905, 0.21068988740444183, 0.3566931188106537, 0.21725592017173767, 0.23664464056491852, 0.30767491459846497, 0.21560156345367432, 0.29483917355537415, 0.19636119902133942, 0.3059837818145752, 0.25446951389312744, 0.295258104801178, 0.270707368850708, 0.3428875803947449
0.3296418786048889, 0.20885521173477173, 0.2952190935611725, 0.3050194978713989, 0.15167061984539032, 0.21061861515045166, 0.26672977209091187, 0.1743866503238678, 0.22622014582157135, 0.26667118072509766, 0.33088797330856323, 0.30121999979019165, 0.2952386736869812, 0.32973426580429077, 0.21727068722248077, 0.3189772963523865, 0.2828575074672699, 0.32553890347480774, 0.18696311116218567, 0.2667352557182312, 0.26310765743255615, 0.3147810697555542, 0.17737863957881927, 0.29219868779182434, 0.21034090220928192, 0.36704564094543457, 0.2297547161579132, 0.15399610996246338, 0.2188606709241867, 0.21638429164886475, 0.2667351961135864, 0.2507951855659485, 0.2487044781446457, 0.22098186612129211, 0.17075040936470032, 0.2547755539417267, 0.20652849972248077, 0.21034619212150574, 0.22934333980083466, 0.23214100301265717, 0.1953153759241104, 0.19915349781513214, 0.17636297643184662, 0.2647552192211151, 0.15167061984539032, 0.22628825902938843, 0.20423857867717743, 0.13498589396476746, 0.27029240131378174, 0.2524757981300354, 0.2286902517080307, 0.2998584508895874, 0.15285946428775787, 0.19346192479133606, 0.20119547843933105, 0.19166085124015808, 0.33103030920028687, 0.2536848187446594, 0.23377841711044312, 0.2667352557182312, 0.20769228041172028, 0.23171620070934296, 0.19958510994911194, 0.24869024753570557, 0.32279378175735474, 0.2752869725227356, 0.18100492656230927, 0.1929103285074234, 0.2830343544483185, 0.2934105694293976, 0.2832956910133362, 0.2784219980239868, 0.2926914095878601, 0.3472311794757843, 0.1582464873790741, 0.22964507341384888, 0.16155362129211426, 0.21027500927448273, 0.15048064291477203, 0.2571675479412079, 0.152319997549057, 0.15704050660133362, 0.23501622676849365, 0.2367810159921646, 0.24372559785842896, 0.2571997344493866, 0.2111409604549408, 0.20602788031101227, 0.26274919509887695, 0.19541068375110626, 0.2507801055908203, 0.28708186745643616, 0.19902315735816956, 0.231646329164505, 0.23488157987594604, 0.21159930527210236, 0.24596403539180756, 0.21237201988697052, 0.18020986020565033, 0, 0.15850746631622314, 0.2617318034172058, 0.24868956208229065, 0.2642051577568054, 0.28682103753089905, 0.23143357038497925, 0.30472078919410706, 0.3026603162288666, 0.2110276073217392, 0.2873615026473999, 0.2667350471019745, 0.20457836985588074, 0.26641231775283813, 0.19000917673110962, 0.3054543733596802, 0.3185611367225647, 0.2759767770767212, 0.3799031376838684, 0.2665543258190155, 0.33114609122276306, 0.25797897577285767, 0.2572436034679413, 0.1729951798915863, 0.28245729207992554, 0.24744254350662231, 0.27527984976768494
0.24382038414478302, 0.23338063061237335, 0.2741909623146057, 0.23890210688114166, 0.23013760149478912, 0.20631879568099976, 0.2507674992084503, 0.2902364134788513, 0.30471816658973694, 0.184180349111557, 0.2952427268028259, 0.19359679520130157, 0.29511508345603943, 0.1623539924621582, 0.29861485958099365, 0.2472318559885025, 0.2391696721315384, 0.2903098464012146, 0.1933189183473587, 0.2667352557182312, 0.19420841336250305, 0.29058825969696045, 0.2385002225637436, 0.2685739994049072, 0.2327321320772171, 0.24755962193012238, 0.2922688126564026, 0.21322208642959595, 0.2032911479473114, 0.2551015317440033, 0.28876835107803345, 0.2507856488227844, 0.2746758460998535, 0.2752869129180908, 0.2507935166358948, 0.2486894577741623, 0.2871723771095276, 0.2507931590080261, 0.2742078900337219, 0.2866706848144531, 0.1817663013935089, 0.2922689914703369, 0.2986162602901459, 0.27630549669265747, 0.3047207295894623, 0.2917519509792328, 0.299142062664032, 0.2642055153846741, 0.2951062321662903, 0.2692740559577942, 0.23278172314167023, 0.2709431052207947, 0.24467743933200836, 0.252297043800354, 0.2521727681159973, 0.2507924437522888, 0.26598218083381653, 0.31328487396240234, 0.3132588267326355, 0.288768470287323, 0.3047207295894623, 0.1606435328722, 0.29138678312301636, 0.30472415685653687, 0.2950268089771271, 0.2727561891078949, 0.2508058547973633, 0.2763708233833313, 0.3109602630138397, 0.29550284147262573, 0.2951810956001282, 0.20999787747859955, 0.2774544060230255, 0.3165367841720581, 0.2507931590080261, 0.2507931590080261, 0.3046635389328003, 0.22375141084194183, 0.28265249729156494, 0.216725692152977, 0.2402752935886383, 0.28876882791519165, 0.27505746483802795, 0.25034862756729126, 0.29522794485092163, 0.29617932438850403, 0.26493263244628906, 0.24605034291744232, 0.20123562216758728, 0.20634695887565613, 0.28876835107803345, 0.3111790418624878, 0.24605035781860352, 0.27632883191108704, 0.26560723781585693, 0.2655532956123352, 0.30472075939178467, 0.297909140586853, 0.23468178510665894, 0.27284547686576843, 0, 0.2644471526145935, 0.3023224472999573, 0.2546757161617279, 0.27330973744392395, 0.2586720585823059, 0.2998284101486206, 0.25774550437927246, 0.24783630669116974, 0.2667352557182312, 0.2507871687412262, 0.24723485112190247, 0.2866706848144531, 0.2866706848144531, 0.30998387932777405, 0.28300726413726807, 0.2937254309654236, 0.2890741229057312, 0.28276926279067993, 0.29306668043136597, 0.2366456240415573, 0.2925180196762085, 0.207752987742424, 0.28277409076690674, 0.28666895627975464, 0.30165380239486694
0.21356149017810822, 0.29547005891799927, 0.3115762174129486, 0.30971330404281616, 0.23014093935489655, 0.22621941566467285, 0.23014093935489655, 0.23655632138252258, 0.3045283257961273, 0.28390276432037354, 0.25404900312423706, 0.19658441841602325, 0.3051976263523102, 0.285722017288208, 0.2239578813314438, 0.29474979639053345, 0.3103291988372803, 0.19887004792690277, 0.2165847271680832, 0.20806583762168884, 0.20795713365077972, 0.28022128343582153, 0.21760118007659912, 0.275390088558197, 0.24904103577136993, 0.5703166723251343, 0.24605035781860352, 0.2826921343803406, 0.24597938358783722, 0.1606469303369522, 0.2922689914703369, 0.26673516631126404, 0.24219748377799988, 0.2752869129180908, 0.28830549120903015, 0.2486894577741623, 0.282659649848938, 0.20806501805782318, 0.3132724463939667, 0.208065003156662, 0.23546522855758667, 0.3047207295894623, 0.22801168262958527, 0.2507931590080261, 0.2293720692396164, 0.2470209002494812, 0.3066635727882385, 0.2707712650299072, 0.3200165033340454, 0.30947205424308777, 0.2866707444190979, 0.2778446674346924, 0.2667352557182312, 0.18510061502456665, 0.29363560676574707, 0.20806488394737244, 0.26102936267852783, 0.4027556777000427, 0.30459076166152954, 0.3047207295894623, 0.208065003156662, 0.13787409663200378, 0.208065003156662, 0.3017611503601074, 0.33601292967796326, 0.2460503727197647, 0.24605035781860352, 0.29324883222579956, 0.3080534040927887, 0.309787392616272, 0.3130640983581543, 0.25412440299987793, 0.3437117636203766, 0.33378463983535767, 0.28550755977630615, 0.2015334516763687, 0.24592627584934235, 0.2642055153846741, 0.27051106095314026, 0.22991706430912018, 0.2487454116344452, 0.3047207295894623, 0.2572411298751831, 0.24603143334388733, 0.23060360550880432, 0.2741418778896332, 0.28356942534446716, 0.2906678020954132, 0.2541680932044983, 0.1874893307685852, 0.2866774797439575, 0.3057706654071808, 0.3036941885948181, 0.3047984838485718, 0.21490192413330078, 0.27601373195648193, 0.3003745973110199, 0.24605035781860352, 0.27520349621772766, 0.24870139360427856, 0.208065003156662, 0, 0.2866664528846741, 0.2642054855823517, 0.3044603765010834, 0.3297806978225708, 0.2816316485404968, 0.3637188673019409, 0.19072724878787994, 0.208065003156662, 0.2365563064813614, 0.28565916419029236, 0.2667352557182312, 0.246049165725708, 0.29514116048812866, 0.3151015639305115, 0.28763699531555176, 0.2828002870082855, 0.2300308495759964, 0.3202393352985382, 0.19611865282058716, 0.32148927450180054, 0.3232797682285309, 0.2934363782405853, 0.2667352557182312, 0.31516188383102417
0.3115919530391693, 0.19244858622550964, 0.24601030349731445, 0.231519877910614, 0.2459922879934311, 0.2362569272518158, 0.21076032519340515, 0.23701536655426025, 0.2667351961135864, 0.29332756996154785, 0.24187959730625153, 0.24843841791152954, 0.23942320048809052, 0.22520776093006134, 0.23735150694847107, 0.22237993776798248, 0.25058814883232117, 0.2367485910654068, 0.19685491919517517, 0.29513484239578247, 0.26717081665992737, 0.2871622145175934, 0.2370447814464569, 0.24632060527801514, 0.2951127588748932, 0.2712400555610657, 0.22605924308300018, 0.29940149188041687, 0.25705525279045105, 0.2377648800611496, 0.24605044722557068, 0.24439582228660583, 0.19109614193439484, 0.2667348384857178, 0.1942739486694336, 0.3180367350578308, 0.30377131700515747, 0.2833988070487976, 0.2667352557182312, 0.30419355630874634, 0.1795208603143692, 0.29385805130004883, 0.29264533519744873, 0.19274163246154785, 0.20500805974006653, 0.3308723270893097, 0.3314306139945984, 0.24551784992218018, 0.23032119870185852, 0.28667426109313965, 0.3011897802352905, 0.26590636372566223, 0.22062115371227264, 0.20663847029209137, 0.26546844840049744, 0.1928124725818634, 0.28765547275543213, 0.2572071850299835, 0.3047838807106018, 0.208065003156662, 0.33882075548171997, 0.3421907424926758, 0.18907059729099274, 0.2706286311149597, 0.31781435012817383, 0.30023863911628723, 0.24601133167743683, 0.23127330839633942, 0.28691375255584717, 0.22905561327934265, 0.27194875478744507, 0.2849174439907074, 0.2696133553981781, 0.2956986427307129, 0.33391880989074707, 0.18157103657722473, 0.1995546817779541, 0.18905946612358093, 0.2667352557182312, 0.24883151054382324, 0.21846060454845428, 0.2653590440750122, 0.2666845917701721, 0.23656514286994934, 0.23170068860054016, 0.22156184911727905, 0.2958701550960541, 0.33292901515960693, 0.2630302608013153, 0.2789466381072998, 0.2667267322540283, 0.26041561365127563, 0.27240315079689026, 0.25271371006965637, 0.4075844883918762, 0.23537573218345642, 0.2091742306947708, 0.24556595087051392, 0.2507931590080261, 0.31234899163246155, 0.22329050302505493, 0.2781769633293152, 0, 0.22892789542675018, 0.26729005575180054, 0.2823129892349243, 0.27532100677490234, 0.26608386635780334, 0.2460179626941681, 0.24605044722557068, 0.2919614613056183, 0.3257654905319214, 0.24605035781860352, 0.2519909739494324, 0.2523616552352905, 0.2334328293800354, 0.2886473536491394, 0.1940467357635498, 0.23618273437023163, 0.21376658976078033, 0.22032491862773895, 0.27687889337539673, 0.23815269768238068, 0.3136364817619324, 0.3047046661376953, 0.25403642654418945
0.2776411771774292, 0.25898081064224243, 0.22509153187274933, 0.3074301481246948, 0.19216091930866241, 0.20804962515830994, 0.1816047579050064, 0.45636945962905884, 0.2888202369213104, 0.14506348967552185, 0.23133237659931183, 0.20461411774158478, 0.19127272069454193, 0.36621496081352234, 0.246277317404747, 0.23545581102371216, 0.26813048124313354, 0.18130528926849365, 0.4563606381416321, 0.4074465036392212, 0.2667352259159088, 0.23421365022659302, 0.37968143820762634, 0.22848759591579437, 0.24605035781860352, 0.29566502571105957, 0.20791953802108765, 0.2885151207447052, 0.19216583669185638, 0.2937716543674469, 0.208065003156662, 0.15850746631622314, 0.21663330495357513, 0.19871029257774353, 0.23700807988643646, 0.2721348702907562, 0.27039802074432373, 0.19902268052101135, 0.14134499430656433, 0.19216874241828918, 0.18906304240226746, 0.1675497591495514, 0.22991357743740082, 0.24546337127685547, 0.42946648597717285, 0.195011705160141, 0.3160407543182373, 0.3257647156715393, 0.2736956775188446, 0.19185736775398254, 0.3728383779525757, 0.25015518069267273, 0.1839713305234909, 0.22646461427211761, 0.31085506081581116, 0.3112073540687561, 0.2280004620552063, 0.20277352631092072, 0.23463377356529236, 0.15167061984539032, 0.440673291683197, 0.30201539397239685, 0.27916795015335083, 0.27285677194595337, 0.2689695954322815, 0.24827201664447784, 0.19216583669185638, 0.1357164978981018, 0.288915753364563, 0.1772972047328949, 0.20821812748908997, 0.29674163460731506, 0.211644247174263, 0.294600248336792, 0.4087027311325073, 0.19902269542217255, 0.22964507341384888, 0.2483264058828354, 0.207410991191864, 0.19216766953468323, 0.22497838735580444, 0.19870492815971375, 0.1922868937253952, 0.2888202369213104, 0.21570686995983124, 0.2425801008939743, 0.3318704664707184, 0.44416940212249756, 0.23014093935489655, 0.4400104284286499, 0.1516711413860321, 0.23017792403697968, 0.40215083956718445, 0.2851867377758026, 0.4742199778556824, 0.2781292498111725, 0.34458351135253906, 0.23700807988643646, 0.2507931590080261, 0.2575473189353943, 0.3720625042915344, 0.1915528029203415, 0.2479342520236969, 0, 0.30342739820480347, 0.48407861590385437, 0.25087615847587585, 0.4542946219444275, 0.4563692808151245, 0.45636945962905884, 0.23697003722190857, 0.21490907669067383, 0.208065003156662, 0.44637566804885864, 0.45981118083000183, 0.23726612329483032, 0.2103600800037384, 0.27138516306877136, 0.24995772540569305, 0.25989681482315063, 0.3266412317752838, 0.21518903970718384, 0.21714730560779572, 0.21033941209316254, 0.2667359709739685, 0.21277569234371185
0.3361382782459259, 0.24423852562904358, 0.23785151541233063, 0.27058857679367065, 0.22610369324684143, 0.22523736953735352, 0.2790156304836273, 0.5921184420585632, 0.2907339036464691, 0.16532564163208008, 0.2144772857427597, 0.2573336362838745, 0.19998617470264435, 0.2544603943824768, 0.2271806001663208, 0.22582513093948364, 0.27346524596214294, 0.2637934684753418, 0.4463561177253723, 0.4475676715373993, 0.27321043610572815, 0.24856449663639069, 0.22615671157836914, 0.3175826370716095, 0.19007912278175354, 0.23677308857440948, 0.31164777278900146, 0.2865370512008667, 0.26873883605003357, 0.19896362721920013, 0.2904297709465027, 0.2800019085407257, 0.2415969967842102, 0.2352599799633026, 0.5921183824539185, 0.4400104284286499, 0.3420517146587372, 0.30210915207862854, 0.2546193301677704, 0.4042917788028717, 0.234771728515625, 0.32576483488082886, 0.22630634903907776, 0.28922802209854126, 0.4579069912433624, 0.33723485469818115, 0.3437444865703583, 0.3262649476528168, 0.26544657349586487, 0.19440007209777832, 0.3359508514404297, 0.28087565302848816, 0.2902500033378601, 0.2408393919467926, 0.27254393696784973, 0.4391544461250305, 0.23662203550338745, 0.2647196054458618, 0.2887953519821167, 0.2730816602706909, 0.5002658367156982, 0.28011366724967957, 0.36283448338508606, 0.2842354476451874, 0.2275465428829193, 0.3333069086074829, 0.2733532190322876, 0.2744673490524292, 0.29224124550819397, 0.25258007645606995, 0.158071830868721, 0.2799023687839508, 0.17776824533939362, 0.2751990556716919, 0.3849184513092041, 0.3804013431072235, 0.3507058918476105, 0.2696838974952698, 0.38842594623565674, 0.2051122784614563, 0.27414900064468384, 0.2649227976799011, 0.25098997354507446, 0.25084424018859863, 0.2549549341201782, 0.2077448070049286, 0.24408957362174988, 0.44903504848480225, 0.2866884469985962, 0.3933078646659851, 0.2882906496524811, 0.2792120575904846, 0.374794065952301, 0.3237937390804291, 0.38677650690078735, 0.3316083252429962, 0.44001007080078125, 0.39526981115341187, 0.22965891659259796, 0.44345778226852417, 0.4075833261013031, 0.364115446805954, 0.2888491153717041, 0.2543235421180725, 0, 0.3738149404525757, 0.20143452286720276, 0.4511309862136841, 0.5921186208724976, 0.3136221468448639, 0.20436060428619385, 0.5812393426895142, 0.24552421271800995, 0.36051464080810547, 0.4401397705078125, 0.27743932604789734, 0.2665081322193146, 0.22116246819496155, 0.18721333146095276, 0.3379376232624054, 0.2326289862394333, 0.29896214604377747, 0.24903933703899384, 0.2678024172782898, 0.30272626876831055, 0.27639973163604736
0.265689879655838, 0.18753497302532196, 0.29223954677581787, 0.243056058883667, 0.22359581291675568, 0.19315265119075775, 0.21554331481456757, 0.282805860042572, 0.3047207295894623, 0.23519408702850342, 0.20630386471748352, 0.17320363223552704, 0.2749457061290741, 0.2302173376083374, 0.3063531517982483, 0.2261616587638855, 0.19941280782222748, 0.2915051579475403, 0.2667352557182312, 0.2667364478111267, 0.14983513951301575, 0.28309857845306396, 0.2231704592704773, 0.20297975838184357, 0.2335933893918991, 0.22947947680950165, 0.2922620475292206, 0.1662403643131256, 0.2922690510749817, 0.16083091497421265, 0.2893665134906769, 0.24853548407554626, 0.3644815683364868, 0.25170499086380005, 0.24868132174015045, 0.23011693358421326, 0.31799107789993286, 0.23972126841545105, 0.26537007093429565, 0.27601417899131775, 0.2354636788368225, 0.21656855940818787, 0.3381642699241638, 0.2681952118873596, 0.2805558145046234, 0.27630549669265747, 0.24616307020187378, 0.29982003569602966, 0.33149197697639465, 0.25724083185195923, 0.27672573924064636, 0.2602093815803528, 0.24467743933200836, 0.3402297794818878, 0.29500526189804077, 0.2507931590080261, 0.15086878836154938, 0.35306984186172485, 0.33384740352630615, 0.2486894577741623, 0.19407306611537933, 0.1444435566663742, 0.3129422068595886, 0.3034259080886841, 0.37248510122299194, 0.3047207295894623, 0.23386089503765106, 0.43632954359054565, 0.2571639120578766, 0.21498532593250275, 0.284066379070282, 0.2960933446884155, 0.1897367388010025, 0.30026158690452576, 0.25982847809791565, 0.2216590791940689, 0.2422398030757904, 0.2128554880619049, 0.23139388859272003, 0.3330044746398926, 0.20015878975391388, 0.26669591665267944, 0.25724321603775024, 0.23520851135253906, 0.3151477575302124, 0.21690921485424042, 0.1442558467388153, 0.3046378791332245, 0.20343893766403198, 0.24834226071834564, 0.22622008621692657, 0.29400938749313354, 0.2815765142440796, 0.2112760692834854, 0.26057103276252747, 0.2842402458190918, 0.31318768858909607, 0.2595733106136322, 0.250774621963501, 0.20817427337169647, 0.24388621747493744, 0.26063042879104614, 0.25477588176727295, 0.29000720381736755, 0.298362135887146, 0, 0.30424168705940247, 0.20554959774017334, 0.2266143560409546, 0.2584230303764343, 0.242579847574234, 0.2777807116508484, 0.17258791625499725, 0.2667352557182312, 0.23994286358356476, 0.32341429591178894, 0.33584916591644287, 0.31662458181381226, 0.1434229463338852, 0.237000972032547, 0.2698436975479126, 0.2834926247596741, 0.2961273491382599, 0.14170227944850922, 0.2578040063381195, 0.24205338954925537
0.2436605840921402, 0.2518885135650635, 0.1993323713541031, 0.23982885479927063, 0.28070497512817383, 0.5442686080932617, 0.2453392744064331, 0.3890800476074219, 0.23657622933387756, 0.1564176231622696, 0.18118098378181458, 0.1371244341135025, 0.15879949927330017, 0.2906275689601898, 0.18458835780620575, 0.23436696827411652, 0.2757500410079956, 0.20934809744358063, 0.25397875905036926, 0.4309413433074951, 0.2757452428340912, 0.25101426243782043, 0.2589151859283447, 0.3279879689216614, 0.22800466418266296, 0.2874472737312317, 0.22813650965690613, 0.25221991539001465, 0.2960691452026367, 0.3386789560317993, 0.2888125479221344, 0.23962973058223724, 0.2831980288028717, 0.24253128468990326, 0.2576417028903961, 0.24819353222846985, 0.25759607553482056, 0.25768083333969116, 0.21490183472633362, 0.39794155955314636, 0.18057098984718323, 0.2425207644701004, 0.22109372913837433, 0.25082406401634216, 0.32661253213882446, 0.29917576909065247, 0.2606470584869385, 0.32315102219581604, 0.27843260765075684, 0.2660963833332062, 0.2648524045944214, 0.25295862555503845, 0.31611108779907227, 0.2860705554485321, 0.26236647367477417, 0.26597848534584045, 0.2219545543193817, 0.26423004269599915, 0.2531736195087433, 0.2871692180633545, 0.4274839460849762, 0.42892444133758545, 0.1988839954137802, 0.2647605240345001, 0.23401039838790894, 0.3153482675552368, 0.3351304829120636, 0.19239184260368347, 0.2809896469116211, 0.19778187572956085, 0.2720167338848114, 0.2672235071659088, 0.24267010390758514, 0.29432713985443115, 0.4175712466239929, 0.1923702359199524, 0.2965073585510254, 0.23491434752941132, 0.3306509554386139, 0.23414382338523865, 0.2272539585828781, 0.32922860980033875, 0.23341135680675507, 0.2668161392211914, 0.2934707999229431, 0.21125760674476624, 0.19611985981464386, 0.377404123544693, 0.29967284202575684, 0.39812755584716797, 0.31291306018829346, 0.34789007902145386, 0.3066962957382202, 0.2980371117591858, 0.6517906188964844, 0.23323693871498108, 0.33097872138023376, 0.25833994150161743, 0.2795020043849945, 0.3163464069366455, 0.3025563061237335, 0.26777756214141846, 0.2657099962234497, 0.2628501355648041, 0.25536516308784485, 0.5875406861305237, 0, 0.3331390619277954, 0.2937847971916199, 0.2871609926223755, 0.25310763716697693, 0.43997806310653687, 0.3257310390472412, 0.2939283847808838, 0.3040047287940979, 0.20940090715885162, 0.2511262893676758, 0.22817616164684296, 0.2618352174758911, 0.2968904674053192, 0.22485707700252533, 0.29375767707824707, 0.23442141711711884, 0.3014887273311615, 0.2080712765455246, 0.27943718433380127
0.18955643475055695, 0.2545152008533478, 0.31306192278862, 0.26337555050849915, 0.21546447277069092, 0.2504023313522339, 0.23972012102603912, 0.2322179526090622, 0.25811344385147095, 0.2816987633705139, 0.25142768025398254, 0.28721150755882263, 0.3124818801879883, 0.28083834052085876, 0.2569868862628937, 0.2559037208557129, 0.3127326965332031, 0.3125353455543518, 0.262912392616272, 0.23451542854309082, 0.2618672847747803, 0.32072970271110535, 0.3158032298088074, 0.30257007479667664, 0.2326165735721588, 0.2620105743408203, 0.2595556080341339, 0.2550010681152344, 0.2573072910308838, 0.22159522771835327, 0.23832350969314575, 0.2216590791940689, 0.21682099997997284, 0.2507122755050659, 0.2398635745048523, 0.25076818466186523, 0.192344531416893, 0.23972012102603912, 0.24892693758010864, 0.24745534360408783, 0.23544836044311523, 0.2742074728012085, 0.2987225353717804, 0.1919478178024292, 0.27769502997398376, 0.24791407585144043, 0.302961528301239, 0.28876811265945435, 0.25038665533065796, 0.2487085461616516, 0.2489098757505417, 0.19827118515968323, 0.23970778286457062, 0.20757408440113068, 0.2866896688938141, 0.23972010612487793, 0.28833135962486267, 0.2725051939487457, 0.3135744035243988, 0.2887316942214966, 0.15317678451538086, 0.23129621148109436, 0.26992613077163696, 0.28874993324279785, 0.3159964084625244, 0.23017674684524536, 0.23972012102603912, 0.2745155394077301, 0.25598224997520447, 0.3171120285987854, 0.2618976831436157, 0.23906458914279938, 0.2546864151954651, 0.2895144522190094, 0.23972006142139435, 0.2216590791940689, 0.27769526839256287, 0.2488168329000473, 0.25955966114997864, 0.22600537538528442, 0.22160334885120392, 0.2973339259624481, 0.2888445556163788, 0.22859513759613037, 0.2691175639629364, 0.27397459745407104, 0.27960002422332764, 0.28876835107803345, 0.29387107491493225, 0.2730349898338318, 0.2507930397987366, 0.2846260666847229, 0.25118663907051086, 0.31030094623565674, 0.2507931888103485, 0.23162603378295898, 0.2667461633682251, 0.28265172243118286, 0.24553640186786652, 0.2355429232120514, 0.2507931590080261, 0.2542346119880676, 0.21577294170856476, 0.2642059922218323, 0.30355119705200195, 0.2507931590080261, 0.3058299720287323, 0, 0.23273302614688873, 0.2507931590080261, 0.1533919870853424, 0.25079551339149475, 0.17439377307891846, 0.22827115654945374, 0.24467743933200836, 0.31876954436302185, 0.2251318097114563, 0.2751981317996979, 0.2756856083869934, 0.25728893280029297, 0.26741304993629456, 0.3059815466403961, 0.27698349952697754, 0.3082597851753235, 0.12475457787513733, 0.30684149265289307
0.3524749279022217, 0.23015913367271423, 0.2572411298751831, 0.32338815927505493, 0.2667308449745178, 0.21941253542900085, 0.2667352557182312, 0.24605035781860352, 0.2667352557182312, 0.257241815328598, 0.2682877480983734, 0.1962272673845291, 0.2952266037464142, 0.30601757764816284, 0.2952096462249756, 0.24016954004764557, 0.2701553702354431, 0.25724104046821594, 0.2883055508136749, 0.2667352557182312, 0.17467188835144043, 0.2681289613246918, 0.2574974298477173, 0.2952287197113037, 0.24874038994312286, 0.2712715268135071, 0.23014196753501892, 0.18206672370433807, 0.24605035781860352, 0.21834540367126465, 0.26673489809036255, 0.1900750994682312, 0.2953622341156006, 0.26111626625061035, 0.208065003156662, 0.2667351961135864, 0.24758654832839966, 0.2507931590080261, 0.3047207295894623, 0.3047207295894623, 0.12473201751708984, 0.28876835107803345, 0.3846732974052429, 0.27630549669265747, 0.20806501805782318, 0.28876835107803345, 0.16480499505996704, 0.2275375872850418, 0.23334969580173492, 0.2463778257369995, 0.25530338287353516, 0.29314109683036804, 0.2606305480003357, 0.27582797408103943, 0.2866706848144531, 0.19216583669185638, 0.2486894577741623, 0.25732532143592834, 0.29337286949157715, 0.2486894577741623, 0.208065003156662, 0.15179821848869324, 0.19856896996498108, 0.28667956590652466, 0.3378772735595703, 0.25724124908447266, 0.27769526839256287, 0.2707207500934601, 0.30634695291519165, 0.28432291746139526, 0.22922232747077942, 0.21255996823310852, 0.28870221972465515, 0.29522690176963806, 0.2890375852584839, 0.19001908600330353, 0.22489169239997864, 0.19270014762878418, 0.24779030680656433, 0.2572259306907654, 0.23005734384059906, 0.3047207295894623, 0.2572411298751831, 0.23015901446342468, 0.313175767660141, 0.29467689990997314, 0.19372989237308502, 0.21490183472633362, 0.24868813157081604, 0.23014093935489655, 0.24868401885032654, 0.30271703004837036, 0.21735012531280518, 0.2656834125518799, 0.208065003156662, 0.26424017548561096, 0.27458080649375916, 0.20626713335514069, 0.22706091403961182, 0.2507931590080261, 0.21490183472633362, 0.2667342722415924, 0.25716719031333923, 0.24615974724292755, 0.3047207295894623, 0.1715889275074005, 0.2952241599559784, 0.3373454213142395, 0, 0.20788249373435974, 0.19001908600330353, 0.2920926809310913, 0.3047207295894623, 0.22800606489181519, 0.32649683952331543, 0.3212898075580597, 0.2868051826953888, 0.2652167081832886, 0.2866706848144531, 0.254711389541626, 0.2764526307582855, 0.2947773039340973, 0.2866009473800659, 0.27145612239837646, 0.16226357221603394, 0.2952266037464142
0.2789487838745117, 0.27528712153434753, 0.275287002325058, 0.2903116047382355, 0.2507931590080261, 0.26673316955566406, 0.2507931590080261, 0.19001908600330353, 0.2486894577741623, 0.2671889662742615, 0.2486926019191742, 0.299624502658844, 0.2671925723552704, 0.25916963815689087, 0.25724121928215027, 0.2842155694961548, 0.2572462260723114, 0.22404369711875916, 0.2883054316043854, 0.2486894577741623, 0.1893032044172287, 0.2952266037464142, 0.29862433671951294, 0.2952309548854828, 0.232732355594635, 0.2941288352012634, 0.28876835107803345, 0.14878973364830017, 0.23015549778938293, 0.2571863830089569, 0.3047207295894623, 0.2486894577741623, 0.31601062417030334, 0.2752869129180908, 0.20806501805782318, 0.2486894577741623, 0.26034265756607056, 0.2667352557182312, 0.28612974286079407, 0.25598493218421936, 0.23546522855758667, 0.3047207295894623, 0.2536442279815674, 0.3160269558429718, 0.19172193109989166, 0.2507930099964142, 0.1526738405227661, 0.2667359411716461, 0.2667352557182312, 0.2486894577741623, 0.2866021394729614, 0.32657819986343384, 0.2667352557182312, 0.331345796585083, 0.24868956208229065, 0.2486962378025055, 0.23947623372077942, 0.2574918270111084, 0.2726481258869171, 0.28435298800468445, 0.208065003156662, 0.23957650363445282, 0.2572339177131653, 0.3035130500793457, 0.3474476933479309, 0.26673516631126404, 0.2887675166130066, 0.2541057765483856, 0.22161732614040375, 0.2887926995754242, 0.2572411298751831, 0.2674870193004608, 0.2475975751876831, 0.2771610617637634, 0.208065003156662, 0.19001907110214233, 0.2667352557182312, 0.1526738405227661, 0.2667352557182312, 0.25074875354766846, 0.2811434268951416, 0.2667352557182312, 0.2752869725227356, 0.2486894577741623, 0.2752833962440491, 0.2572411894798279, 0.2533680498600006, 0.208065003156662, 0.2486894577741623, 0.19000214338302612, 0.2667352557182312, 0.24868950247764587, 0.21859955787658691, 0.2643885016441345, 0.2667352557182312, 0.19008727371692657, 0.2667352557182312, 0.2164861261844635, 0.24871785938739777, 0.2486894577741623, 0.208065003156662, 0.26673251390457153, 0.24260185658931732, 0.2766968011856079, 0.3047076463699341, 0.208065003156662, 0.2952266037464142, 0.3847362995147705, 0.24860027432441711, 0, 0.2328227460384369, 0.2661556601524353, 0.2866706848144531, 0.23014099895954132, 0.44636648893356323, 0.3047112822532654, 0.29382944107055664, 0.23368529975414276, 0.28675171732902527, 0.2572675943374634, 0.2765257656574249, 0.3132724463939667, 0.3151051998138428, 0.2952266037464142, 0.3105335831642151, 0.28135228157043457
0.19197075068950653, 0.2639804780483246, 0.30156129598617554, 0.29951876401901245, 0.20173226296901703, 0.2234601080417633, 0.2667354941368103, 0.24849727749824524, 0.3047214150428772, 0.23064833879470825, 0.3981245756149292, 0.3079555928707123, 0.2675160765647888, 0.16856355965137482, 0.24657872319221497, 0.26291424036026, 0.30346518754959106, 0.2564032971858978, 0.33440858125686646, 0.27528703212738037, 0.31516072154045105, 0.29681938886642456, 0.20624910295009613, 0.3576601445674896, 0.21508708596229553, 0.2974061667919159, 0.2301347702741623, 0.25155991315841675, 0.2055823653936386, 0.18517614901065826, 0.3689148426055908, 0.20806416869163513, 0.24310964345932007, 0.24221181869506836, 0.3259463906288147, 0.24733750522136688, 0.20002351701259613, 0.2667415142059326, 0.3047196865081787, 0.2309543490409851, 0.13469742238521576, 0.28265249729156494, 0.32974928617477417, 0.2668846845626831, 0.2055351734161377, 0.2304256707429886, 0.24983175098896027, 0.2306516468524933, 0.301749587059021, 0.2585129737854004, 0.28876829147338867, 0.3572145104408264, 0.19282716512680054, 0.23811233043670654, 0.21670091152191162, 0.15168818831443787, 0.26891228556632996, 0.28174322843551636, 0.31435656547546387, 0.2887672781944275, 0.28876781463623047, 0.26047155261039734, 0.24195042252540588, 0.3079146146774292, 0.30592507123947144, 0.2167261689901352, 0.288612961769104, 0.2906269431114197, 0.2690238952636719, 0.38587695360183716, 0.3663845658302307, 0.30920931696891785, 0.23860067129135132, 0.2836779057979584, 0.2461370825767517, 0.28350967168807983, 0.22473010420799255, 0.22725307941436768, 0.22490406036376953, 0.2646835446357727, 0.18012724816799164, 0.1968154013156891, 0.2359418123960495, 0.23308920860290527, 0.2625272274017334, 0.2591994106769562, 0.20088432729244232, 0.24607399106025696, 0.3304121494293213, 0.22858229279518127, 0.3047207295894623, 0.27247223258018494, 0.24605035781860352, 0.30882805585861206, 0.23488155007362366, 0.2821865677833557, 0.2462054193019867, 0.2225179523229599, 0.2281510978937149, 0.248497873544693, 0.24684683978557587, 0.2545968294143677, 0.30001628398895264, 0.287136971950531, 0.2862800359725952, 0.1921658217906952, 0.3556475043296814, 0.40067166090011597, 0.2667351961135864, 0.20806503295898438, 0, 0.23026421666145325, 0.2671346366405487, 0.22245129942893982, 0.3032534718513489, 0.22873447835445404, 0.31118863821029663, 0.3722741901874542, 0.276601105928421, 0.2740759551525116, 0.2647117078304291, 0.28932684659957886, 0.34520280361175537, 0.28457796573638916, 0.10375896841287613, 0.30477961897850037
0.2659219801425934, 0.30138206481933594, 0.30571824312210083, 0.29620325565338135, 0.3047207295894623, 0.27258601784706116, 0.25392434000968933, 0.24605035781860352, 0.24292150139808655, 0.2918033003807068, 0.25286686420440674, 0.2991785705089569, 0.2791433036327362, 0.23971286416053772, 0.3207562565803528, 0.3253379464149475, 0.3048098087310791, 0.29424452781677246, 0.44636279344558716, 0.21261554956436157, 0.2766018807888031, 0.29123061895370483, 0.18793487548828125, 0.31228649616241455, 0.3047207295894623, 0.33069688081741333, 0.29565390944480896, 0.20462077856063843, 0.2499580979347229, 0.2327495962381363, 0.30472618341445923, 0.2135571986436844, 0.2972918152809143, 0.26791346073150635, 0.24604934453964233, 0.326294481754303, 0.3413552939891815, 0.24581633508205414, 0.30469948053359985, 0.25460153818130493, 0.23679277300834656, 0.3047206401824951, 0.2124585211277008, 0.30474159121513367, 0.26932188868522644, 0.26658734679222107, 0.31535640358924866, 0.26420265436172485, 0.30601784586906433, 0.3151089549064636, 0.24205408990383148, 0.2639179527759552, 0.25198784470558167, 0.2592773139476776, 0.24605360627174377, 0.32321542501449585, 0.3047906458377838, 0.2648550271987915, 0.26968279480934143, 0.2642055153846741, 0.6128580570220947, 0.21864281594753265, 0.2055363804101944, 0.23413901031017303, 0.31356561183929443, 0.2922689914703369, 0.287678599357605, 0.22614553570747375, 0.28215736150741577, 0.3024785816669464, 0.2910988926887512, 0.24391484260559082, 0.2549610733985901, 0.30074191093444824, 0.3588531017303467, 0.24299436807632446, 0.21124190092086792, 0.23679137229919434, 0.32804200053215027, 0.2923439145088196, 0.24838146567344666, 0.3047209084033966, 0.25421541929244995, 0.2923005223274231, 0.3408830165863037, 0.2933386564254761, 0.27175721526145935, 0.38473623991012573, 0.288768470287323, 0.32604047656059265, 0.26444220542907715, 0.22938048839569092, 0.2519916296005249, 0.2880867123603821, 0.48529618978500366, 0.4194822609424591, 0.3418695330619812, 0.30305618047714233, 0.2641910910606384, 0.2055520862340927, 0.24310067296028137, 0.24299442768096924, 0.29306426644325256, 0.2950793206691742, 0.30491429567337036, 0.38473623991012573, 0.30499279499053955, 0.34266623854637146, 0.24618348479270935, 0.383542537689209, 0.22630365192890167, 0, 0.2667352557182312, 0.24615077674388885, 0.44636648893356323, 0.21617746353149414, 0.2533308267593384, 0.2490389347076416, 0.2915761470794678, 0.2755289375782013, 0.24001005291938782, 0.2870563268661499, 0.1925630122423172, 0.3014662265777588, 0.29058724641799927, 0.20455361902713776
0.39103299379348755, 0.21160735189914703, 0.2460407316684723, 0.20806510746479034, 0.24605035781860352, 0.19001828134059906, 0.2883055508136749, 0.41119563579559326, 0.28350967168807983, 0.25174480676651, 0.19482333958148956, 0.2866706848144531, 0.3047207295894623, 0.33393099904060364, 0.28350967168807983, 0.3132731318473816, 0.20806601643562317, 0.208065003156662, 0.44518041610717773, 0.4623022675514221, 0.27769526839256287, 0.26522985100746155, 0.31183120608329773, 0.24605035781860352, 0.208065003156662, 0.41245967149734497, 0.24777834117412567, 0.3061305284500122, 0.29415079951286316, 0.27456679940223694, 0.24605035781860352, 0.36283448338508606, 0.2280684858560562, 0.4271315336227417, 0.44636648893356323, 0.3288879990577698, 0.3725773096084595, 0.2740405797958374, 0.22800466418266296, 0.35283201932907104, 0.2642055153846741, 0.22800466418266296, 0.23014093935489655, 0.2667296528816223, 0.44636648893356323, 0.18686425685882568, 0.2832958996295929, 0.2528872489929199, 0.21661636233329773, 0.2540726661682129, 0.34963613748550415, 0.239969402551651, 0.5527063608169556, 0.20610591769218445, 0.32576483488082886, 0.36283448338508606, 0.20849667489528656, 0.383542537689209, 0.2866706848144531, 0.44636648893356323, 0.5921186208724976, 0.26103878021240234, 0.41119563579559326, 0.24552474915981293, 0.24273820221424103, 0.20553521811962128, 0.35283201932907104, 0.2116277515888214, 0.3034849464893341, 0.23014110326766968, 0.2811705768108368, 0.21320174634456635, 0.2667352557182312, 0.2667352557182312, 0.3721168637275696, 0.36283448338508606, 0.34835565090179443, 0.18905721604824066, 0.44636648893356323, 0.2507931590080261, 0.14980846643447876, 0.208065003156662, 0.41119563579559326, 0.208065003156662, 0.24605035781860352, 0.2602200210094452, 0.22671011090278625, 0.3725777268409729, 0.2486894577741623, 0.5496369004249573, 0.21642442047595978, 0.3039613962173462, 0.46230244636535645, 0.23239301145076752, 0.43538278341293335, 0.3181435465812683, 0.4623025059700012, 0.3847362995147705, 0.21239635348320007, 0.24605035781860352, 0.44636648893356323, 0.36283448338508606, 0.2282063364982605, 0.23014390468597412, 0.3047207295894623, 0.41056275367736816, 0.2667352557182312, 0.33206239342689514, 0.36283448338508606, 0.44000881910324097, 0.4561903476715088, 0.44636648893356323, 0, 0.41119563579559326, 0.44636648893356323, 0.30472081899642944, 0.24605046212673187, 0.2925090789794922, 0.26673391461372375, 0.30482590198516846, 0.25460195541381836, 0.3047207295894623, 0.3182268440723419, 0.26886752247810364, 0.3047207295894623, 0.2667352557182312
0.2709329128265381, 0.25473132729530334, 0.2731201946735382, 0.27902451157569885, 0.2486894428730011, 0.21672677993774414, 0.2557145953178406, 0.208065003156662, 0.2572411298751831, 0.23975610733032227, 0.17865696549415588, 0.25266024470329285, 0.26143205165863037, 0.28946661949157715, 0.28822001814842224, 0.2655036747455597, 0.2248956561088562, 0.23728640377521515, 0.24868929386138916, 0.23278063535690308, 0.20733784139156342, 0.22320455312728882, 0.24621272087097168, 0.2646044194698334, 0.1922951638698578, 0.22474882006645203, 0.2667352557182312, 0.18196597695350647, 0.2667352557182312, 0.2365211844444275, 0.2487078309059143, 0.2508523464202881, 0.21919377148151398, 0.2572411298751831, 0.2572411298751831, 0.2517409324645996, 0.36701297760009766, 0.2696187198162079, 0.20819658041000366, 0.234771728515625, 0.17277808487415314, 0.2500684857368469, 0.2516336441040039, 0.21895252168178558, 0.21672604978084564, 0.21675367653369904, 0.2486739605665207, 0.2572411298751831, 0.28664344549179077, 0.19229485094547272, 0.23530589044094086, 0.25186780095100403, 0.22011514008045197, 0.23445741832256317, 0.2472265362739563, 0.19229523837566376, 0.2514197528362274, 0.2791614234447479, 0.29159969091415405, 0.2667352557182312, 0.20548610389232635, 0.2354118525981903, 0.19856831431388855, 0.2887713611125946, 0.24323219060897827, 0.26419851183891296, 0.25088709592819214, 0.23174621164798737, 0.3197958171367645, 0.210505872964859, 0.19833722710609436, 0.20206181704998016, 0.28377094864845276, 0.2746425271034241, 0.19001908600330353, 0.232731893658638, 0.2639504075050354, 0.16795015335083008, 0.25113645195961, 0.2015647292137146, 0.20057758688926697, 0.24467743933200836, 0.2303438037633896, 0.28666895627975464, 0.2866770625114441, 0.2880231738090515, 0.2799120843410492, 0.39190882444381714, 0.20161572098731995, 0.17605121433734894, 0.19229650497436523, 0.2555168867111206, 0.22347763180732727, 0.28820013999938965, 0.19902269542217255, 0.20185734331607819, 0.2507932484149933, 0.22105035185813904, 0.21074816584587097, 0.257230281829834, 0.20196014642715454, 0.19100511074066162, 0.27942705154418945, 0.2708282470703125, 0.28666773438453674, 0.2018069624900818, 0.24844767153263092, 0.19429911673069, 0.22761034965515137, 0.208065003156662, 0.24868759512901306, 0.18137383460998535, 0.2486894577741623, 0, 0.20879292488098145, 0.2867680490016937, 0.27026164531707764, 0.2508675158023834, 0.2370791882276535, 0.25301501154899597, 0.20496825873851776, 0.2404087334871292, 0.27459922432899475, 0.25230443477630615, 0.21034090220928192, 0.23601949214935303
0.26170241832733154, 0.29556339979171753, 0.313271164894104, 0.286197304725647, 0.2499057650566101, 0.22622014582157135, 0.2667083144187927, 0.2572411298751831, 0.2667352557182312, 0.24845372140407562, 0.2598540186882019, 0.21115772426128387, 0.3047207295894623, 0.25433531403541565, 0.2592487335205078, 0.2987365126609802, 0.32988882064819336, 0.25634995102882385, 0.2667352557182312, 0.2667352557182312, 0.20509320497512817, 0.26723092794418335, 0.2959568500518799, 0.3191750943660736, 0.25079306960105896, 0.36476731300354004, 0.288768470287323, 0.18872998654842377, 0.2870931923389435, 0.17370235919952393, 0.2667352557182312, 0.23202742636203766, 0.29222041368484497, 0.2752864956855774, 0.26673462986946106, 0.24878805875778198, 0.26673752069473267, 0.2667352557182312, 0.2981685400009155, 0.3047207295894623, 0.18557216227054596, 0.2742078900337219, 0.3981782793998718, 0.2486991286277771, 0.2667352557182312, 0.3124547004699707, 0.25624513626098633, 0.2667352557182312, 0.3125815987586975, 0.24869142472743988, 0.23971980810165405, 0.28832608461380005, 0.22006453573703766, 0.22480721771717072, 0.2490706741809845, 0.2667352557182312, 0.24868905544281006, 0.33719199895858765, 0.30472952127456665, 0.2667352557182312, 0.2667352557182312, 0.24256391823291779, 0.2572411298751831, 0.30464696884155273, 0.266759991645813, 0.22622066736221313, 0.3047207295894623, 0.3093879222869873, 0.2765585482120514, 0.29475051164627075, 0.251359224319458, 0.27775639295578003, 0.28270798921585083, 0.32251596450805664, 0.2667352557182312, 0.2507931590080261, 0.25078287720680237, 0.14921411871910095, 0.2326531708240509, 0.2480328381061554, 0.26143258810043335, 0.2698209881782532, 0.2752869129180908, 0.32565054297447205, 0.2929442822933197, 0.2741234302520752, 0.21655040979385376, 0.2667352557182312, 0.2486894577741623, 0.27925679087638855, 0.2667352557182312, 0.2866562008857727, 0.2667352557182312, 0.30315712094306946, 0.26673460006713867, 0.2667352557182312, 0.2752808928489685, 0.2667352557182312, 0.24870210886001587, 0.2507931590080261, 0.2667352557182312, 0.2752869129180908, 0.3046185374259949, 0.23991933465003967, 0.30472302436828613, 0.23887591063976288, 0.32149583101272583, 0.27223116159439087, 0.24809831380844116, 0.2667352557182312, 0.2508068382740021, 0.3094477653503418, 0.18022653460502625, 0.30036723613739014, 0, 0.29589587450027466, 0.29418057203292847, 0.2952514886856079, 0.2923004627227783, 0.30083534121513367, 0.3143808841705322, 0.25501519441604614, 0.31524449586868286, 0.30083605647087097, 0.15267351269721985, 0.2827678322792053
0.22919431328773499, 0.33010366559028625, 0.2994908392429352, 0.2275640070438385, 0.1944650560617447, 0.25714901089668274, 0.31597191095352173, 0.41104456782341003, 0.29681676626205444, 0.1853947937488556, 0.1731509119272232, 0.23907309770584106, 0.21129460632801056, 0.3129153251647949, 0.3111873269081116, 0.15946166217327118, 0.4702446460723877, 0.19924971461296082, 0.3013285994529724, 0.6558742523193359, 0.2964930534362793, 0.330686092376709, 0.34514036774635315, 0.40239590406417847, 0.24605031311511993, 0.2751440405845642, 0.5005024671554565, 0.2514790892601013, 0.21998877823352814, 0.35748618841171265, 0.29529106616973877, 0.2347014993429184, 0.23366931080818176, 0.2578217387199402, 0.24475200474262238, 0.26681146025657654, 0.2612898647785187, 0.566299319267273, 0.2320849597454071, 0.4334943890571594, 0.19229257106781006, 0.18981723487377167, 0.30031293630599976, 0.24184048175811768, 0.4172506332397461, 0.25210434198379517, 0.2939770221710205, 0.3848270773887634, 0.23700065910816193, 0.2518802881240845, 0.563789427280426, 0.22346334159374237, 0.23725947737693787, 0.27722764015197754, 0.22817295789718628, 0.31344228982925415, 0.29438045620918274, 0.2545646131038666, 0.2942804992198944, 0.3211415112018585, 0.509994387626648, 0.33602607250213623, 0.34835684299468994, 0.2561950981616974, 0.1891980767250061, 0.3150058090686798, 0.40179601311683655, 0.2187192142009735, 0.22527022659778595, 0.2085413932800293, 0.138005793094635, 0.25474435091018677, 0.22412164509296417, 0.2997586131095886, 0.41951802372932434, 0.32226458191871643, 0.35016489028930664, 0.1852264553308487, 0.2470034509897232, 0.3214218020439148, 0.3497997522354126, 0.2158970683813095, 0.16707150638103485, 0.22942957282066345, 0.21534892916679382, 0.17800067365169525, 0.2888255715370178, 0.4822695255279541, 0.30589908361434937, 0.3967258334159851, 0.22965796291828156, 0.3138415813446045, 0.46830716729164124, 0.3350335955619812, 0.5389739274978638, 0.47220444679260254, 0.3845575451850891, 0.4122907817363739, 0.13437670469284058, 0.3827750086784363, 0.4367663264274597, 0.5620964765548706, 0.2794228494167328, 0.19891174137592316, 0.251405268907547, 0.46422675251960754, 0.27585187554359436, 0.3031863570213318, 0.4396079182624817, 0.36252254247665405, 0.3043524920940399, 0.4436725080013275, 0.2717459201812744, 0.32840657234191895, 0.45302194356918335, 0, 0.27260687947273254, 0.2852475941181183, 0.15937422215938568, 0.2804599106311798, 0.2527352273464203, 0.25525936484336853, 0.22332626581192017, 0.21579097211360931, 0.221058651804924, 0.17119497060775757
0.3156810998916626, 0.3015348017215729, 0.23912261426448822, 0.24803678691387177, 0.4044068455696106, 0.3056173324584961, 0.2168000340461731, 0.5905319452285767, 0.35368210077285767, 0.27185311913490295, 0.22481852769851685, 0.2703375220298767, 0.2991524636745453, 0.2996978461742401, 0.2921856641769409, 0.371542751789093, 0.2698497176170349, 0.24752624332904816, 0.39563339948654175, 0.444898784160614, 0.2797914445400238, 0.3159565329551697, 0.27271267771720886, 0.28216788172721863, 0.19001908600330353, 0.273926705121994, 0.34050655364990234, 0.21574833989143372, 0.23581595718860626, 0.19972051680088043, 0.3163876235485077, 0.269783079624176, 0.24779753386974335, 0.2812316417694092, 0.3701246976852417, 0.3257681429386139, 0.13137857615947723, 0.5848707556724548, 0.2882978618144989, 0.495108425617218, 0.1830012947320938, 0.17875058948993683, 0.21586471796035767, 0.4577084183692932, 0.3641282320022583, 0.20787905156612396, 0.25677770376205444, 0.2458331286907196, 0.2712593078613281, 0.29332825541496277, 0.32774418592453003, 0.2777637839317322, 0.2491924911737442, 0.27988138794898987, 0.25424447655677795, 0.21380499005317688, 0.29423943161964417, 0.2504357099533081, 0.32370832562446594, 0.308826208114624, 0.3988684415817261, 0.3004564046859741, 0.3452918529510498, 0.270185649394989, 0.30885207653045654, 0.2916921377182007, 0.1902848482131958, 0.23246526718139648, 0.23992511630058289, 0.24109342694282532, 0.3524578809738159, 0.26493048667907715, 0.2386130392551422, 0.28824812173843384, 0.4026373624801636, 0.25433847308158875, 0.29068687558174133, 0.23009732365608215, 0.3127428889274597, 0.27393627166748047, 0.21686914563179016, 0.26570117473602295, 0.27222391963005066, 0.27058520913124084, 0.3020641505718231, 0.2494605928659439, 0.27683913707733154, 0.44858866930007935, 0.2638113498687744, 0.38775455951690674, 0.2527002990245819, 0.25654879212379456, 0.37385982275009155, 0.22502030432224274, 0.3654150366783142, 0.40517592430114746, 0.19265465438365936, 0.23148113489151, 0.2507154941558838, 0.37823063135147095, 0.3879581689834595, 0.30070605874061584, 0.2745640277862549, 0.1993873566389084, 0.2546533942222595, 0.3124709725379944, 0.2525518834590912, 0.2690209746360779, 0.28640156984329224, 0.32929283380508423, 0.6736912727355957, 0.30254238843917847, 0.23604974150657654, 0.22234314680099487, 0.4442548155784607, 0.3001905679702759, 0, 0.2511039972305298, 0.27793776988983154, 0.32335999608039856, 0.24920660257339478, 0.2875281274318695, 0.29861488938331604, 0.3093394339084625, 0.1896573007106781, 0.19571946561336517
0.44739675521850586, 0.2837975323200226, 0.2539654076099396, 0.25434038043022156, 0.23716777563095093, 0.23224800825119019, 0.2035222053527832, 0.343563437461853, 0.22332842648029327, 0.2280036360025406, 0.24923273921012878, 0.20507648587226868, 0.23099584877490997, 0.24347999691963196, 0.2246437519788742, 0.43316298723220825, 0.22419701516628265, 0.17971062660217285, 0.28240108489990234, 0.35080480575561523, 0.32501840591430664, 0.2142719328403473, 0.2442850023508072, 0.2334115207195282, 0.22800466418266296, 0.2113921344280243, 0.19615933299064636, 0.21157437562942505, 0.17078256607055664, 0.2828134596347809, 0.18728429079055786, 0.23285222053527832, 0.2563771605491638, 0.275736540555954, 0.22867059707641602, 0.2127610594034195, 0.30958086252212524, 0.220957413315773, 0.14980408549308777, 0.27687957882881165, 0.13351774215698242, 0.23470482230186462, 0.25118130445480347, 0.2986094355583191, 0.27025094628334045, 0.3863371014595032, 0.35629802942276, 0.3062211871147156, 0.24859850108623505, 0.24621835350990295, 0.2946735918521881, 0.25583961606025696, 0.22776684165000916, 0.1943145990371704, 0.24187976121902466, 0.23580490052700043, 0.25940239429473877, 0.36390286684036255, 0.26480036973953247, 0.24865558743476868, 0.43087857961654663, 0.3034222424030304, 0.22600412368774414, 0.2365589141845703, 0.29093021154403687, 0.291416198015213, 0.24632036685943604, 0.1889278143644333, 0.2270844429731369, 0.22293885052204132, 0.30755841732025146, 0.2856198847293854, 0.16086865961551666, 0.2299266755580902, 0.3509204685688019, 0.19819550216197968, 0.32641786336898804, 0.21589773893356323, 0.23417997360229492, 0.2254849076271057, 0.2057918757200241, 0.2678363025188446, 0.2486884742975235, 0.35394424200057983, 0.25623220205307007, 0.21678410470485687, 0.27629774808883667, 0.41239115595817566, 0.20603574812412262, 0.5973241329193115, 0.2914111614227295, 0.26950013637542725, 0.3153967559337616, 0.3737967014312744, 0.2804625630378723, 0.23063425719738007, 0.2688486874103546, 0.1700371950864792, 0.2725064754486084, 0.4145772159099579, 0.28226107358932495, 0.23424580693244934, 0.27532732486724854, 0.26980137825012207, 0.26839780807495117, 0.3791600167751312, 0.29732072353363037, 0.2550508975982666, 0.23213385045528412, 0.19354231655597687, 0.29400506615638733, 0.2905600666999817, 0.24604982137680054, 0.23331966996192932, 0.43808406591415405, 0.248211070895195, 0.3178427815437317, 0, 0.24983777105808258, 0.24833932518959045, 0.23446886241436005, 0.31383442878723145, 0.27979016304016113, 0.23423714935779572, 0.22892150282859802, 0.27263742685317993
0.23518654704093933, 0.2603195607662201, 0.25492891669273376, 0.2417510449886322, 0.19216635823249817, 0.1884036660194397, 0.2095927596092224, 0.44636645913124084, 0.21366803348064423, 0.2507129907608032, 0.2900237441062927, 0.17347267270088196, 0.19096006453037262, 0.24462881684303284, 0.2647611200809479, 0.22219522297382355, 0.2395305633544922, 0.20789439976215363, 0.24241605401039124, 0.3484313488006592, 0.23465357720851898, 0.30942678451538086, 0.17510992288589478, 0.2522684931755066, 0.2486894577741623, 0.21459482610225677, 0.1921619176864624, 0.23750199377536774, 0.19175933301448822, 0.20011058449745178, 0.2705208659172058, 0.2080402672290802, 0.20309965312480927, 0.2042209357023239, 0.19002041220664978, 0.24271446466445923, 0.2884198725223541, 0.2598107159137726, 0.1675497591495514, 0.25134560465812683, 0.21653848886489868, 0.22618712484836578, 0.2906404733657837, 0.19719955325126648, 0.28740209341049194, 0.28392136096954346, 0.31894510984420776, 0.26444828510284424, 0.21464332938194275, 0.30925092101097107, 0.2373499721288681, 0.13263732194900513, 0.24683861434459686, 0.22424601018428802, 0.18436866998672485, 0.3074052333831787, 0.2819105088710785, 0.2320823073387146, 0.2532873749732971, 0.2507931590080261, 0.3650442957878113, 0.3099166750907898, 0.20923428237438202, 0.2728860080242157, 0.2298572063446045, 0.2852959632873535, 0.251062273979187, 0.19156809151172638, 0.1884596049785614, 0.25317609310150146, 0.28720539808273315, 0.2351672649383545, 0.17154154181480408, 0.30388879776000977, 0.3907700777053833, 0.25758862495422363, 0.2268783450126648, 0.17816172540187836, 0.20807552337646484, 0.2461281418800354, 0.22559309005737305, 0.24096791446208954, 0.23486338555812836, 0.25400209426879883, 0.25798484683036804, 0.1911718249320984, 0.2924700975418091, 0.32936546206474304, 0.26478543877601624, 0.36014890670776367, 0.32800620794296265, 0.28227493166923523, 0.35453200340270996, 0.258256196975708, 0.40775203704833984, 0.3134351670742035, 0.31113743782043457, 0.2924298644065857, 0.1921766996383667, 0.40082627534866333, 0.3725776970386505, 0.19970792531967163, 0.2577381730079651, 0.2437974214553833, 0.25439387559890747, 0.4849349856376648, 0.2844127416610718, 0.32069024443626404, 0.4256526231765747, 0.4139707684516907, 0.29779329895973206, 0.2998467683792114, 0.22800466418266296, 0.2585705816745758, 0.44000500440597534, 0.2550014555454254, 0.2787594795227051, 0.29724279046058655, 0, 0.25710269808769226, 0.25715863704681396, 0.26602137088775635, 0.2768673896789551, 0.2821277379989624, 0.22621555626392365, 0.2038138508796692
0.305859237909317, 0.20196233689785004, 0.23725974559783936, 0.2580183744430542, 0.37444934248924255, 0.23530341684818268, 0.3350431025028229, 0.3728375732898712, 0.29565858840942383, 0.17794227600097656, 0.235803484916687, 0.21805596351623535, 0.24095621705055237, 0.29915234446525574, 0.24798494577407837, 0.2743314206600189, 0.3665617108345032, 0.341867595911026, 0.2890375852584839, 0.36283448338508606, 0.26765093207359314, 0.23619475960731506, 0.21860946714878082, 0.365030437707901, 0.22800466418266296, 0.25667259097099304, 0.3413912355899811, 0.28509533405303955, 0.26707515120506287, 0.3229007124900818, 0.24872815608978271, 0.20832861959934235, 0.33129674196243286, 0.1902393102645874, 0.26891592144966125, 0.25083544850349426, 0.30052435398101807, 0.29510053992271423, 0.3943944275379181, 0.43225687742233276, 0.19797734916210175, 0.2740405797958374, 0.17660950124263763, 0.24261397123336792, 0.32766348123550415, 0.2691284418106079, 0.25117799639701843, 0.327663391828537, 0.22352011501789093, 0.23383399844169617, 0.3302138149738312, 0.1623532623052597, 0.2208239734172821, 0.1609828621149063, 0.35756784677505493, 0.3501647114753723, 0.18411071598529816, 0.274431973695755, 0.293509304523468, 0.23488156497478485, 0.283795565366745, 0.4046242833137512, 0.3728375732898712, 0.26170527935028076, 0.24076960980892181, 0.2669675350189209, 0.38975608348846436, 0.2023349404335022, 0.25022539496421814, 0.2625022232532501, 0.2174852043390274, 0.2717047333717346, 0.289116770029068, 0.2747904062271118, 0.5014911890029907, 0.2501077950000763, 0.2956897020339966, 0.20720766484737396, 0.2670632302761078, 0.21682852506637573, 0.31485337018966675, 0.21485376358032227, 0.27719345688819885, 0.2685977518558502, 0.27778881788253784, 0.26305538415908813, 0.301551878452301, 0.3501945734024048, 0.19647862017154694, 0.34211087226867676, 0.23465988039970398, 0.2715420126914978, 0.4075492322444916, 0.47575250267982483, 0.32612574100494385, 0.39223772287368774, 0.579742431640625, 0.29483968019485474, 0.19902271032333374, 0.34156668186187744, 0.39316901564598083, 0.2858448326587677, 0.22374986112117767, 0.24627646803855896, 0.2728978395462036, 0.3728375732898712, 0.2103470265865326, 0.43926286697387695, 0.2761094570159912, 0.41295325756073, 0.45606571435928345, 0.36332374811172485, 0.3276597857475281, 0.34596312046051025, 0.36283448338508606, 0.21135343611240387, 0.2622440457344055, 0.24346297979354858, 0.20511339604854584, 0, 0.15336720645427704, 0.17877539992332458, 0.22883173823356628, 0.2704872190952301, 0.24605035781860352, 0.245564267039299
0.2625322639942169, 0.2786160111427307, 0.2252161055803299, 0.20836776494979858, 0.26946544647216797, 0.3046267032623291, 0.2682729959487915, 0.25105687975883484, 0.2509298622608185, 0.24248260259628296, 0.18225958943367004, 0.1853117197751999, 0.2663608491420746, 0.25813332200050354, 0.1732337474822998, 0.37166446447372437, 0.16879111528396606, 0.2418198585510254, 0.1630672812461853, 0.31669896841049194, 0.2790675461292267, 0.2332451194524765, 0.16526862978935242, 0.26640740036964417, 0.2486894577741623, 0.27791374921798706, 0.22194436192512512, 0.26830390095710754, 0.15274114906787872, 0.2570086717605591, 0.18332988023757935, 0.23368950188159943, 0.19675669074058533, 0.24405047297477722, 0.30052322149276733, 0.2914358079433441, 0.23416920006275177, 0.27526408433914185, 0.19001908600330353, 0.2001512348651886, 0.1946096271276474, 0.24868948757648468, 0.22853240370750427, 0.27614879608154297, 0.16303059458732605, 0.2641916275024414, 0.33080217242240906, 0.32215914130210876, 0.23003169894218445, 0.24130335450172424, 0.3630516529083252, 0.16001152992248535, 0.23424986004829407, 0.25606024265289307, 0.2214272916316986, 0.23248448967933655, 0.18876788020133972, 0.251265287399292, 0.32685622572898865, 0.2327321320772171, 0.40308356285095215, 0.3969998359680176, 0.2802642285823822, 0.21353866159915924, 0.30939388275146484, 0.2679019272327423, 0.22392380237579346, 0.14553025364875793, 0.23639819025993347, 0.23831839859485626, 0.27589768171310425, 0.24859850108623505, 0.23279979825019836, 0.320565402507782, 0.3157045245170593, 0.17963959276676178, 0.24883759021759033, 0.2467091977596283, 0.2443830668926239, 0.24435964226722717, 0.18712760508060455, 0.29747718572616577, 0.2504224479198456, 0.24485084414482117, 0.2456735521554947, 0.2831186354160309, 0.28717076778411865, 0.40798988938331604, 0.22632905840873718, 0.3251279592514038, 0.2437627613544464, 0.24334141612052917, 0.2346860021352768, 0.2821913957595825, 0.2795478105545044, 0.26494303345680237, 0.2786283493041992, 0.1765478551387787, 0.2765927314758301, 0.2877843379974365, 0.23460006713867188, 0.20547015964984894, 0.2805933654308319, 0.2914322018623352, 0.3101598620414734, 0.3220078945159912, 0.20093193650245667, 0.19775432348251343, 0.2387850135564804, 0.23859739303588867, 0.1684507131576538, 0.2058466523885727, 0.19002903997898102, 0.18831466138362885, 0.23303791880607605, 0.2718231678009033, 0.2119424194097519, 0.2305372953414917, 0.22166426479816437, 0.2154393345117569, 0, 0.2921539545059204, 0.23900415003299713, 0.32633984088897705, 0.25540080666542053, 0.2635127902030945
0.19263775646686554, 0.27222582697868347, 0.23728802800178528, 0.2642105221748352, 0.22734881937503815, 0.22635625302791595, 0.2541455626487732, 0.28330716490745544, 0.2793254852294922, 0.23966512084007263, 0.19427716732025146, 0.19837146997451782, 0.18581002950668335, 0.2855684161186218, 0.28593960404396057, 0.27928781509399414, 0.2750665545463562, 0.4054557681083679, 0.2173357903957367, 0.4207807183265686, 0.3091884255409241, 0.19838574528694153, 0.27349042892456055, 0.32440832257270813, 0.22800475358963013, 0.3209976851940155, 0.28248873353004456, 0.2364429086446762, 0.2263534963130951, 0.3315569758415222, 0.23962971568107605, 0.23965466022491455, 0.1538344919681549, 0.23278388381004333, 0.2759636342525482, 0.2793252766132355, 0.26141980290412903, 0.367845743894577, 0.23962955176830292, 0.39224645495414734, 0.09808485209941864, 0.18600673973560333, 0.2289276272058487, 0.19209004938602448, 0.3276634216308594, 0.3094708025455475, 0.2467116117477417, 0.28564804792404175, 0.26112252473831177, 0.2912009060382843, 0.3457947373390198, 0.29524508118629456, 0.18857485055923462, 0.16795608401298523, 0.25300872325897217, 0.2928892970085144, 0.2486899346113205, 0.26347875595092773, 0.28809601068496704, 0.23278407752513885, 0.33273452520370483, 0.28652241826057434, 0.2792656421661377, 0.23105426132678986, 0.2351914346218109, 0.2548302412033081, 0.2729156017303467, 0.15737634897232056, 0.2253229171037674, 0.22247466444969177, 0.30605897307395935, 0.268349289894104, 0.2622377276420593, 0.3064144551753998, 0.49350598454475403, 0.26096081733703613, 0.23127149045467377, 0.25388163328170776, 0.23656761646270752, 0.205821231007576, 0.316944420337677, 0.2045670598745346, 0.18774549663066864, 0.22066938877105713, 0.279674232006073, 0.2624965012073517, 0.3575130105018616, 0.5082477331161499, 0.21605157852172852, 0.38204944133758545, 0.21682050824165344, 0.28852397203445435, 0.44000911712646484, 0.3400271534919739, 0.3169340491294861, 0.47535738348960876, 0.2740454375743866, 0.20128825306892395, 0.19216632843017578, 0.1985706239938736, 0.2652333676815033, 0.38908061385154724, 0.2211160957813263, 0.2101794332265854, 0.23687003552913666, 0.5696055889129639, 0.24177004396915436, 0.23367293179035187, 0.29569223523139954, 0.2833954393863678, 0.3919336795806885, 0.30046388506889343, 0.29358580708503723, 0.3876205086708069, 0.5920901894569397, 0.1924894005060196, 0.24401745200157166, 0.2609308063983917, 0.14976370334625244, 0.2952888607978821, 0.24861979484558105, 0, 0.22495868802070618, 0.25336697697639465, 0.3047207295894623, 0.22663001716136932
0.1226271465420723, 0.17899173498153687, 0.20053339004516602, 0.17564448714256287, 0.2120421826839447, 0.33344006538391113, 0.19664916396141052, 0.23281323909759521, 0.19380080699920654, 0.17812439799308777, 0.24346154928207397, 0.24072326719760895, 0.26556313037872314, 0.3745877146720886, 0.24019216001033783, 0.36662015318870544, 0.28336820006370544, 0.2187734991312027, 0.22676652669906616, 0.3166097402572632, 0.25229841470718384, 0.3049137592315674, 0.23859842121601105, 0.2566651403903961, 0.24870550632476807, 0.3023145794868469, 0.2280903309583664, 0.18976183235645294, 0.15342313051223755, 0.22063080966472626, 0.270754337310791, 0.23887695372104645, 0.2732411324977875, 0.16543066501617432, 0.22641918063163757, 0.2339843213558197, 0.30700233578681946, 0.22818535566329956, 0.24086789786815643, 0.2094266414642334, 0.11132638156414032, 0.29070383310317993, 0.2507568895816803, 0.2871580123901367, 0.28087088465690613, 0.2754308581352234, 0.2847256660461426, 0.2348898947238922, 0.2595979571342468, 0.23178847134113312, 0.20857329666614532, 0.22737665474414825, 0.16740752756595612, 0.16242429614067078, 0.23752564191818237, 0.23560866713523865, 0.2840306758880615, 0.3345600366592407, 0.22025105357170105, 0.22810226678848267, 0.4293830096721649, 0.3033662438392639, 0.21407955884933472, 0.19883877038955688, 0.27728837728500366, 0.2805503308773041, 0.21042899787425995, 0.24194104969501495, 0.19009356200695038, 0.29747021198272705, 0.25399330258369446, 0.16329139471054077, 0.2344292402267456, 0.254610538482666, 0.42574945092201233, 0.24747832119464874, 0.256098210811615, 0.292427659034729, 0.21388213336467743, 0.27131858468055725, 0.20222333073616028, 0.2913419306278229, 0.26367607712745667, 0.26469099521636963, 0.27049577236175537, 0.27915191650390625, 0.21797315776348114, 0.28938037157058716, 0.22239765524864197, 0.242009237408638, 0.2742459774017334, 0.27006182074546814, 0.5766379833221436, 0.3211142122745514, 0.2800713777542114, 0.23274902999401093, 0.3143562376499176, 0.23098260164260864, 0.22402450442314148, 0.1608247458934784, 0.28145942091941833, 0.1991342008113861, 0.23206844925880432, 0.3097694516181946, 0.2966908812522888, 0.47010359168052673, 0.26938819885253906, 0.25522348284721375, 0.23298460245132446, 0.23850791156291962, 0.2881215214729309, 0.2421865165233612, 0.29522666335105896, 0.25857171416282654, 0.24994228780269623, 0.24794766306877136, 0.24408847093582153, 0.31202879548072815, 0.28628647327423096, 0.22519956529140472, 0.2277584671974182, 0.30308404564857483, 0, 0.25270307064056396, 0.22994215786457062, 0.29909953474998474
0.25258374214172363, 0.18924085795879364, 0.2736654281616211, 0.3285742700099945, 0.22635607421398163, 0.36844372749328613, 0.29677897691726685, 0.4066425561904907, 0.2352091670036316, 0.15779009461402893, 0.16649454832077026, 0.25968459248542786, 0.18270832300186157, 0.33888888359069824, 0.19422541558742523, 0.2307760864496231, 0.26770007610321045, 0.26887795329093933, 0.3156089782714844, 0.44016140699386597, 0.24756816029548645, 0.22332178056240082, 0.21255749464035034, 0.24646875262260437, 0.2280007153749466, 0.30410629510879517, 0.2003258764743805, 0.25293487310409546, 0.3045656085014343, 0.2309158593416214, 0.2577206492424011, 0.23962971568107605, 0.19527964293956757, 0.33455872535705566, 0.3891483545303345, 0.33619779348373413, 0.27696844935417175, 0.34637635946273804, 0.22747834026813507, 0.36133715510368347, 0.15592186152935028, 0.16866354644298553, 0.2041344791650772, 0.21866458654403687, 0.4175712466239929, 0.2582334280014038, 0.2724493741989136, 0.2839474678039551, 0.2400207221508026, 0.23014114797115326, 0.396533727645874, 0.23394235968589783, 0.17985349893569946, 0.28749382495880127, 0.27546802163124084, 0.3168586790561676, 0.22109566628932953, 0.27915018796920776, 0.1962728500366211, 0.21682047843933105, 0.3823053240776062, 0.40799057483673096, 0.3276634216308594, 0.2992013990879059, 0.21460263431072235, 0.2728676199913025, 0.24152854084968567, 0.2587827742099762, 0.2402358502149582, 0.262680321931839, 0.26195022463798523, 0.2886832356452942, 0.2396221160888672, 0.3388803005218506, 0.42970460653305054, 0.26291000843048096, 0.3374277949333191, 0.22374916076660156, 0.19857098162174225, 0.18658486008644104, 0.3436098098754883, 0.18406805396080017, 0.23014093935489655, 0.2867686152458191, 0.2514786720275879, 0.20587915182113647, 0.3096157908439636, 0.4689089357852936, 0.2789854109287262, 0.4959203004837036, 0.21698299050331116, 0.23830556869506836, 0.3385432958602905, 0.3162907660007477, 0.3276338577270508, 0.37971359491348267, 0.22599360346794128, 0.31263482570648193, 0.26674768328666687, 0.36257654428482056, 0.3647877871990204, 0.3414086699485779, 0.227472722530365, 0.1591869741678238, 0.2240246832370758, 0.4490332007408142, 0.22028633952140808, 0.44722068309783936, 0.4911167025566101, 0.4463632106781006, 0.30152517557144165, 0.2849387228488922, 0.23603007197380066, 0.3207191824913025, 0.44131946563720703, 0.2278992384672165, 0.21765315532684326, 0.2597142457962036, 0.19662916660308838, 0.2410370409488678, 0.210331991314888, 0.2688560485839844, 0.24129997193813324, 0, 0.24829480051994324, 0.18749484419822693
0.3161831796169281, 0.23014597594738007, 0.24605046212673187, 0.438421368598938, 0.28927379846572876, 0.2081775963306427, 0.31541770696640015, 0.3376544117927551, 0.3376665711402893, 0.19216594099998474, 0.20512494444847107, 0.27028268575668335, 0.24593305587768555, 0.29001763463020325, 0.324148565530777, 0.2640745937824249, 0.46742066740989685, 0.4502640962600708, 0.3276634216308594, 0.30150628089904785, 0.24769146740436554, 0.23972006142139435, 0.34216272830963135, 0.33383429050445557, 0.19216583669185638, 0.2269510179758072, 0.3276634216308594, 0.15085777640342712, 0.3576619029045105, 0.18798059225082397, 0.22964507341384888, 0.3376665711402893, 0.18949516117572784, 0.2740405797958374, 0.3276634216308594, 0.33036500215530396, 0.4271314740180969, 0.3628427982330322, 0.3276634216308594, 0.36908912658691406, 0.19247592985630035, 0.1900528371334076, 0.28078192472457886, 0.22747834026813507, 0.3376665711402893, 0.24463385343551636, 0.19225594401359558, 0.33766651153564453, 0.3212742805480957, 0.2752905786037445, 0.456368625164032, 0.21793779730796814, 0.2802029848098755, 0.20342108607292175, 0.3303713798522949, 0.2742055356502533, 0.3069705665111542, 0.25289925932884216, 0.24339459836483002, 0.33766382932662964, 0.29589542746543884, 0.2507438063621521, 0.422166109085083, 0.16303029656410217, 0.26565468311309814, 0.2667352557182312, 0.36283448338508606, 0.25073784589767456, 0.32562655210494995, 0.32749465107917786, 0.25055351853370667, 0.27279898524284363, 0.31998470425605774, 0.3047701120376587, 0.295879065990448, 0.3728375732898712, 0.3276634216308594, 0.18746912479400635, 0.2760127782821655, 0.18219657242298126, 0.29457753896713257, 0.2120799720287323, 0.37283432483673096, 0.18120786547660828, 0.2799297571182251, 0.23014093935489655, 0.29044681787490845, 0.31157928705215454, 0.18107615411281586, 0.3276634216308594, 0.17410467565059662, 0.23972010612487793, 0.3376665711402893, 0.411199688911438, 0.27363505959510803, 0.2577552795410156, 0.556943416595459, 0.3084496557712555, 0.14980414509773254, 0.17268790304660797, 0.3276634216308594, 0.3276635408401489, 0.2792694568634033, 0.24592144787311554, 0.19218525290489197, 0.36716341972351074, 0.24604693055152893, 0.3386220335960388, 0.4114266037940979, 0.3276634216308594, 0.2548159062862396, 0.3687293529510498, 0.24605035781860352, 0.3376673460006714, 0.31191861629486084, 0.2875351011753082, 0.20381668210029602, 0.18884983658790588, 0.18969054520130157, 0.2346392422914505, 0.18108516931533813, 0.20806480944156647, 0.2617766559123993, 0.1668710708618164, 0, 0.23027154803276062
0.3425328731536865, 0.31796789169311523, 0.248185396194458, 0.29541605710983276, 0.208065003156662, 0.2080313265323639, 0.34531551599502563, 0.4506533443927765, 0.3649841248989105, 0.24677984416484833, 0.2595049738883972, 0.2975985109806061, 0.21055179834365845, 0.35437649488449097, 0.1994512379169464, 0.22460582852363586, 0.23275183141231537, 0.1951117366552353, 0.5040891170501709, 0.5091688632965088, 0.2331540286540985, 0.2675767242908478, 0.2650911211967468, 0.31225356459617615, 0.28864046931266785, 0.24878233671188354, 0.19219253957271576, 0.27637815475463867, 0.26630735397338867, 0.20623348653316498, 0.2533326745033264, 0.28865158557891846, 0.19879792630672455, 0.2995968461036682, 0.4399976134300232, 0.44000548124313354, 0.46967047452926636, 0.2679610550403595, 0.19002650678157806, 0.42431819438934326, 0.18905872106552124, 0.20817552506923676, 0.23214073479175568, 0.2791212201118469, 0.4400104284286499, 0.3128569722175598, 0.27521437406539917, 0.30386650562286377, 0.2410333752632141, 0.19936969876289368, 0.45836836099624634, 0.146112859249115, 0.2501319348812103, 0.13430410623550415, 0.2629271447658539, 0.3359512686729431, 0.2723701000213623, 0.26698172092437744, 0.26780179142951965, 0.2882978916168213, 0.5015202760696411, 0.33504119515419006, 0.20282813906669617, 0.2970414161682129, 0.24525737762451172, 0.29096493124961853, 0.2014339566230774, 0.17030379176139832, 0.1847458779811859, 0.19098088145256042, 0.26989245414733887, 0.1821001172065735, 0.27505382895469666, 0.25321537256240845, 0.4101060926914215, 0.36283448338508606, 0.43532243371009827, 0.2684367299079895, 0.2511352300643921, 0.1577170193195343, 0.2689328193664551, 0.20522890985012054, 0.29506346583366394, 0.23876751959323883, 0.25228679180145264, 0.22105540335178375, 0.392300009727478, 0.5232545137405396, 0.2042926400899887, 0.38406652212142944, 0.23488153517246246, 0.3014131188392639, 0.4400104284286499, 0.46299663186073303, 0.5039240121841431, 0.6536169648170471, 0.20433831214904785, 0.36124444007873535, 0.3520354926586151, 0.35898205637931824, 0.4995362460613251, 0.248313307762146, 0.26820433139801025, 0.18966734409332275, 0.2445393055677414, 0.4142880141735077, 0.2500218451023102, 0.4113401174545288, 0.33355066180229187, 0.39750736951828003, 0.4633907675743103, 0.3394855260848999, 0.2461177259683609, 0.491115927696228, 0.40842679142951965, 0.21398550271987915, 0.23326699435710907, 0.24202580749988556, 0.16343075037002563, 0.3078318238258362, 0.2215014398097992, 0.3116302788257599, 0.28312304615974426, 0.24209199845790863, 0.30378779768943787, 0