0, 0, 0, 0, 0, 0.14119723439216614, 0.06791456043720245, 0, 0, 0.14000524580478668, 0.7703695893287659, 0, 0.21020080149173737, 0.06319388747215271, 0.010971605777740479, 0.1694873571395874, 0.017689883708953857, 0.29362303018569946, -0.024360984563827515, 0.0030519068241119385, 0, 0, 0.21282720565795898, 0.21801228821277618, 0, 0, 0.3335004448890686, 0.09876224398612976, 0.22522187232971191, 0.32023531198501587, 0, 0.10221600532531738, 0.31048914790153503, 0, 0, 0.10106666386127472, 0, 0, 0, 0.24707971513271332, 0.22308631241321564, 0.4512520432472229, 0.17071452736854553, 0.10518772900104523, -0.04101821780204773, 0.044295623898506165, 0, 0.3322189450263977, 0.30106931924819946, 0.2780177593231201, 0, 0.0579446405172348, 0.2502676248550415, 0.2429535686969757, 0, 0.2860899567604065, 0.2865059971809387, 0.349526971578598, 0.40669357776641846, 0.23150716722011566, 0, 0.15029999613761902, 0.10518772900104523, -0.03845512866973877, 0.044295623898506165, 0.4196961224079132, 0, 0.30106931924819946, 0.2780177593231201, 0, 0.059663012623786926, 0.25833043456077576, 0.2441152185201645, 0, 0.2860899567604065, 0.2998236417770386, 0.349526971578598, 0.23150716722011566, 0.19211137294769287
0, 0, 0.1367003619670868, 0.3158407211303711, 0.2348184585571289, 0.3376668393611908, 0.3384914696216583, 0.26429861783981323, 0.13686780631542206, 0.3020624816417694, 0.35316604375839233, 0.30890583992004395, 0.2631770372390747, 0.28850799798965454, 0.336304247379303, 0.37478867173194885, 0.2737138867378235, 0.2633560001850128, 0.2696075439453125, 0.3290308713912964, 0.30544692277908325, 0.3544301986694336, 0.34141767024993896, 0.2552679777145386, 0.30396032333374023, 0.23160940408706665, 0.33639657497406006, 0.25542593002319336, 0.25639888644218445, 0.2795979976654053, 0.16774402558803558, 0.22168545424938202, 0.1609819233417511, 0.4033792316913605, 0.2474871128797531, 0.2641896605491638, 0, 0.2750653028488159, 0, 0.42216789722442627, 0.42216604948043823, 0.21790747344493866, 0.3238677978515625, 0.25555330514907837, 0.38853663206100464, 0.3051742911338806, 0.20365186035633087, 0.2577552795410156, 0.21276548504829407, 0.36036810278892517, 0.19547292590141296, 0.2701979875564575, 0.4197601079940796, 0.27351099252700806, 0.3278258740901947, 0.24322985112667084, 0.2821558117866516, 0.2983458638191223, 0.16810426115989685, 0.3600691556930542, 0.4625900685787201, 0.32990190386772156, 0.2413632571697235, 0.3696991205215454, 0.3558109402656555, 0.2565159499645233, 0.20053280889987946, 0.21276548504829407, 0.36036810278892517, 0.19547292590141296, 0.2658725678920746, 0.41921430826187134, 0.27823778986930847, 0.35704368352890015, 0.2966587543487549, 0.36003410816192627, 0.2983458638191223, 0.3625718057155609, 0.289363831281662
0, 0.23988816142082214, 0, 0.22520720958709717, 0.09115388244390488, 0.30419090390205383, 0.32576799392700195, 0.20244328677654266, 0.24749340116977692, 0.1884443610906601, 0.18275877833366394, 0.28828611969947815, 0.3731260597705841, 0.30818286538124084, 0.24265828728675842, 0.14938634634017944, 0.1599571257829666, 0.26124054193496704, 0.27933287620544434, 0.2501828074455261, 0.16165852546691895, 0.2129608392715454, 0.3826480209827423, 0.3110797703266144, 0.301931232213974, 0.19267801940441132, 0.1858641505241394, 0.22141151130199432, 0.2758256494998932, 0.21224571764469147, 0.29872721433639526, 0.26090848445892334, 0.26182374358177185, 0.3536825180053711, 0.3134138286113739, 0.1873149871826172, 0, 0.10655879974365234, 0, 0.4462803304195404, 0.20441541075706482, 0.2168971449136734, 0.31279265880584717, 0.45526397228240967, 0.2618311643600464, 0.22509875893592834, 0.5523988008499146, 0.2121075838804245, 0.23253707587718964, 0.13375408947467804, 0.35936805605888367, 0.18898311257362366, 0.3076082170009613, 0.2242228090763092, 0.14425289630889893, 0.19228225946426392, 0.311207115650177, 0.278443306684494, 0.23298992216587067, 0.20603787899017334, 0.32658660411834717, 0.31722089648246765, 0.45526397228240967, 0.2719718813896179, 0.22339247167110443, 0.2111445963382721, 0.5527821779251099, 0.23253707587718964, 0.13375408947467804, 0.35936805605888367, 0.18911173939704895, 0.2896154224872589, 0.2227286547422409, 0.13795462250709534, 0.20150378346443176, 0.3111029863357544, 0.278443306684494, 0.21928776800632477, 0.18103507161140442
0, 0.44300997257232666, 0.26206791400909424, 0, 0.2996014952659607, 0.3980025053024292, 0.2141587734222412, 0.4817442297935486, 0.3899994492530823, 0.3861604332923889, 0.3574939966201782, 0.5704969167709351, 0.34930604696273804, 0.3610920011997223, 0.32384178042411804, 0.400265097618103, 0.3294714689254761, 0.3492332696914673, 0.2956719994544983, 0.25129860639572144, 0.25919976830482483, 0.22947143018245697, 0.39799821376800537, 0.3912777304649353, 0.30036723613739014, 0.347968190908432, 0.4121042788028717, 0.3552793264389038, 0.3979795277118683, 0.3288514018058777, 0.34173983335494995, 0.4727908670902252, 0.25315481424331665, 0.5096687078475952, 0.2510142922401428, 0.3594924211502075, 0, 0.4517521262168884, 0.004288285970687866, 0.4847640097141266, 0.34920161962509155, 0.33163419365882874, 0.4103018641471863, 0.39568835496902466, 0.31381168961524963, 0.3886074423789978, 0.34369614720344543, 0.34920161962509155, 0.3417413830757141, 0.34975382685661316, 0.4337678551673889, 0.2438880354166031, 0.3980024456977844, 0.4439750611782074, 0.40684443712234497, 0.4174697995185852, 0.34271693229675293, 0.34920161962509155, 0.30504730343818665, 0.34921711683273315, 1.019534945487976, 0.41026538610458374, 0.39572012424468994, 0.34950968623161316, 0.3886105716228485, 0.3495435416698456, 0.34383001923561096, 0.3417413830757141, 0.34975382685661316, 0.4337678551673889, 0.2438880354166031, 0.39800161123275757, 0.44309985637664795, 0.35211026668548584, 0.4239971935749054, 0.34272363781929016, 0.34920161962509155, 0.34921711683273315, 0.3539239168167114
0, 0.1442074328660965, 0.22123104333877563, 0.2055588811635971, 0, 0.3136215806007385, 0.23247244954109192, 0.3111032247543335, 0.2125842273235321, 0.2567809522151947, 0.6562162637710571, 0.24588444828987122, 0.44636648893356323, 0.5930081009864807, 0.36278027296066284, 0.44636648893356323, 0.46287211775779724, 0.44636648893356323, 0.46809348464012146, 0.25476205348968506, 0.2589234411716461, 0.21956788003444672, 0.5921186208724976, 0.4463721513748169, 0.018296152353286743, 0.3136183023452759, 0.1654372662305832, 0.19218626618385315, 0.4511938691139221, 0.27832862734794617, 0.3366166353225708, 0.2509740889072418, 0.2588781714439392, 0.20194636285305023, 0.322889506816864, 0.29131242632865906, 0, 0.3483736515045166, 0.1709781289100647, 0.5240054130554199, 0.28350967168807983, 0.22622014582157135, 0.3244529366493225, 0.44739094376564026, 0.4466065466403961, 0.44637033343315125, 0.30120420455932617, 0.44636648893356323, 0.32950812578201294, 0.28350967168807983, 0.3125711977481842, 0.2546021044254303, 0.36887630820274353, 0.19649367034435272, 0.5921185612678528, 0.3085840344429016, 0.5921183824539185, 0.44636648893356323, 0.24905537068843842, 0.3136221468448639, 0.4208606481552124, 0.3154638707637787, 0.45245933532714844, 0.44689881801605225, 0.4463689923286438, 0.24605035781860352, 0.30120420455932617, 0.32950812578201294, 0.28350967168807983, 0.3125711977481842, 0.2546020448207855, 0.44636768102645874, 0.19991621375083923, 0.5921163558959961, 0.23655734956264496, 0.3140861988067627, 0.44636648893356323, 0.3136221468448639, 0.20714974403381348
0.38063856959342957, 0.22921326756477356, 0.2103390395641327, 0.37639713287353516, 0.3047207295894623, 0, 0.2486894428730011, 0.31343382596969604, 0.2507878541946411, 0.24605035781860352, 0.44638586044311523, 0.6319366693496704, 0.3728375732898712, 0.4911167025566101, 0.26763057708740234, 0.24605035781860352, 0.4392088055610657, 0.2455233335494995, 0.25235962867736816, 0.2667352557182312, 0.1516706496477127, 0.21034227311611176, 0.28350967168807983, 0.36283278465270996, 0.1741967350244522, 0.23013123869895935, 0.21245037019252777, 0.22622014582157135, 0.3136846721172333, 0.21034090220928192, 0.21667441725730896, 0.2667351961135864, 0.3047207295894623, 0.1883818507194519, 0.2866706848144531, 0.23551476001739502, 0, 0.2520627975463867, 0.39409899711608887, 0.24605035781860352, 0.2667773365974426, 0.2642055153846741, 0.208065003156662, 0.3728375732898712, 0.28350967168807983, 0.22964507341384888, 0.20806515216827393, 0.24605035781860352, 0.3044399619102478, 0.30472061038017273, 0.12942025065422058, 0.3047207295894623, 0.2667351961135864, 0.2642055153846741, 0.20805998146533966, 0.2667352557182312, 0.19216583669185638, 0.208065003156662, 0.3047207295894623, 0.24605035781860352, 0.44636648893356323, 0.208065003156662, 0.3728375732898712, 0.28350967168807983, 0.22964507341384888, 0.2507931590080261, 0.20810222625732422, 0.3044399619102478, 0.30472061038017273, 0.12942025065422058, 0.3047207295894623, 0.2666008472442627, 0.2642055153846741, 0.208065003156662, 0.2667351961135864, 0.19216583669185638, 0.208065003156662, 0.24605035781860352, 0.3047207295894623
0, 0.3183116018772125, 0.2870944142341614, 0.4276033639907837, 0.3232603967189789, 0.4464007019996643, 0, 0.3835458755493164, 0.2867755591869354, 0.4449054002761841, 0.4024737477302551, 0.3933539092540741, 0.5837927460670471, 0.5306483507156372, 0.19687016308307648, 0.256557822227478, 0.21875837445259094, 0.5919491052627563, 0.3146848678588867, 0.2656392455101013, 0.2929191589355469, 0.43760988116264343, 0.5921186208724976, 0.5921182632446289, 0.27015790343284607, 0.21776965260505676, 0.23477405309677124, 0.28265953063964844, 0.44639307260513306, 0.32804185152053833, 0.3051597476005554, 0.42974698543548584, 0.32471922039985657, 0.4301031827926636, 0.6268351078033447, 0.382257342338562, 0, 0.23976197838783264, 0, 0.3483694791793823, 0.34972453117370605, 0.24552583694458008, 0.3783334791660309, 0.4458741545677185, 0.391195684671402, 0.4295440912246704, 0.173344686627388, 0.4400104284286499, 0.24615688621997833, 0.3136335611343384, 0.4567427635192871, 0.2842135429382324, 0.5904572606086731, 0.263772189617157, 0.10043542832136154, 0.3218024671077728, 0.36284226179122925, 0.4470272660255432, 0.2208992838859558, 0.5550727844238281, 0.34463024139404297, 0.3713071346282959, 0.43588680028915405, 0.3912312686443329, 0.42843174934387207, 0.2780247628688812, 0.17353308200836182, 0.24615688621997833, 0.3136335611343384, 0.4567427635192871, 0.2738528847694397, 0.5833097696304321, 0.2577637732028961, 0.09213779866695404, 0.30105865001678467, 0.4469115734100342, 0.4470272660255432, 0.5831555724143982, 0.34717321395874023
0, 0.2759905457496643, 0.3900909423828125, 0.43260514736175537, 0.3384811282157898, 0.28829848766326904, 0.3670482933521271, 0, 0.2667219042778015, 0.29658910632133484, 0.3310285210609436, 0.4511165916919708, 0.40755096077919006, 0.5081067085266113, 0.2935475707054138, 0.3310016691684723, 0.355315238237381, 0.27243471145629883, 0.3843592405319214, 0.39044007658958435, 0.21175651252269745, 0.3782012462615967, 0.35265928506851196, 0.407584547996521, 0.28787684440612793, 0.246027871966362, 0.3489914834499359, 0.29350781440734863, 0.40886661410331726, 0.30940449237823486, 0.3506396412849426, 0.30804505944252014, 0.2906872034072876, 0.2836690843105316, 0.36227720975875854, 0.31515875458717346, 0, 0.3689854145050049, 0, 0.34744739532470703, 0.3469682037830353, 0.30947238206863403, 0.27140122652053833, 0.5041077136993408, 0.2905736565589905, 0.2299497276544571, 0.2799466550350189, 0.3310295343399048, 0.2667665481567383, 0.2937356233596802, 0.3079942762851715, 0.3094717860221863, 0.3469681143760681, 0.33804285526275635, 0.2666272222995758, 0.22393883764743805, 0.2767256796360016, 0.28797298669815063, 0.2935090959072113, 0.2935084104537964, 0.5970814824104309, 0.29219791293144226, 0.5041077733039856, 0.290584921836853, 0.24310970306396484, 0.28243565559387207, 0.2741934061050415, 0.2667665481567383, 0.2937356233596802, 0.3079942762851715, 0.30947190523147583, 0.346967875957489, 0.34120187163352966, 0.2660040259361267, 0.28713706135749817, 0.27240315079689026, 0.28797298669815063, 0.2935016453266144, 0.3057641088962555
0, 0.15628588199615479, 0.17908123135566711, 0.23972171545028687, 0.1298811435699463, 0.41653865575790405, 0.25070521235466003, 0.5588926076889038, 0, 0.45520204305648804, 0.3695605993270874, 0.2017596960067749, 0.3012048900127411, 0.3014155626296997, 0.2895769476890564, 0.3847362995147705, 0.3239575922489166, 0.38481760025024414, 0.3480082154273987, 0.24453656375408173, 0.3493975102901459, 0.3863432705402374, 0.36283448338508606, 0.3627009987831116, 0.3343050181865692, 0.18562975525856018, 0.2436833381652832, 0.21183206140995026, 0.3066454827785492, 0.20593637228012085, 0.23456206917762756, 0.3888639211654663, 0.20836926996707916, 0.2872127294540405, 0.23814579844474792, 0.3049371838569641, 0, 0.2769838571548462, 0, 0.44636648893356323, 0.44636619091033936, 0.24304495751857758, 0.2976980209350586, 0.31112027168273926, 0.3356265425682068, 0.31120750308036804, 0.3386578857898712, 0.44636648893356323, 0.24618002772331238, 0.2528872489929199, 0.26835888624191284, 0.20826539397239685, 0.4444601535797119, 0.18051192164421082, 0.20636701583862305, 0.25662899017333984, 0.30174097418785095, 0.44636639952659607, 0.2427298128604889, 0.2456062287092209, 0.4940642714500427, 0.28969764709472656, 0.3110477924346924, 0.3141624331474304, 0.31121551990509033, 0.3939361274242401, 0.339637815952301, 0.24618002772331238, 0.2528872489929199, 0.26835888624191284, 0.20808370411396027, 0.4461098909378052, 0.18130101263523102, 0.2155957967042923, 0.3065508008003235, 0.3013547658920288, 0.44636639952659607, 0.24706599116325378, 0.432813435792923
0.08428217470645905, 0.15386863052845, 0.27854710817337036, 0.4900660514831543, 0.2866840958595276, 0.24605035781860352, 0.2752878665924072, 0.31290966272354126, 0.25304606556892395, 0, 0.3769432306289673, 0.5696791410446167, 0.44636648893356323, 0.5921186208724976, 0.3913140892982483, 0.24605035781860352, 0.4464223384857178, 0.44636648893356323, 0.44636648893356323, 0.2667352557182312, 0.24428889155387878, 0.21119949221611023, 0.3136221468448639, 0.44636648893356323, 0.2031974494457245, 0.21095991134643555, 0.30472058057785034, 0.3047207295894623, 0.3136221468448639, 0.3047207295894623, 0.43835514783859253, 0.30088093876838684, 0.22622014582157135, 0.24113573133945465, 0.2667350172996521, 0.2871190011501312, 0, 0.2667039930820465, 0.34584933519363403, 0.24605035781860352, 0.24605035781860352, 0.2642055153846741, 0.24620653688907623, 0.44636648893356323, 0.3136442303657532, 0.3132193684577942, 0.24033936858177185, 0.28350967168807983, 0.3047207295894623, 0.3047207295894623, 0.15200698375701904, 0.3047207295894623, 0.24605035781860352, 0.3042694628238678, 0.20795218646526337, 0.283424437046051, 0.28331297636032104, 0.24605035781860352, 0.3047207295894623, 0.24605035781860352, 0.46358951926231384, 0.24605035781860352, 0.44636648893356323, 0.3136223554611206, 0.434501588344574, 0.2667352557182312, 0.24604180455207825, 0.3047207295894623, 0.3047207295894623, 0.15200698375701904, 0.3047207295894623, 0.24605035781860352, 0.30472061038017273, 0.208065003156662, 0.3047142028808594, 0.20806683599948883, 0.24605035781860352, 0.24605035781860352, 0.24605035781860352
0, 0.14255475997924805, 0.3399592638015747, 0.352119505405426, 0.2990918457508087, 0.3132724463939667, 0.448749840259552, 0.23235543072223663, 0.3403767943382263, 0.3132724463939667, 0, 0.28880155086517334, 0.2546021044254303, 0.587501049041748, 0.29380136728286743, 0.27275732159614563, 0.3408598303794861, 0.3132724463939667, 0.2571040093898773, 0.2763602137565613, 0.12152010202407837, 0.31163108348846436, 0.2546021044254303, 0.2546021044254303, 0.2709052562713623, 0.3560136556625366, 0.29946422576904297, 0.234771728515625, 0.3132724463939667, 0.27275732159614563, 0.2819158434867859, 0.3427812457084656, 0.284419447183609, 0.4778129756450653, 0.23488111793994904, 0.27910158038139343, 0, 0.41314640641212463, 0.22632913291454315, 0.2546021044254303, 0.3132724463939667, 0.21976856887340546, 0.4006722867488861, 0.2546021044254303, 0.2546021044254303, 0.29206135869026184, 0.34045833349227905, 0.3132724463939667, 0.2143050879240036, 0.3132724463939667, 0.39101868867874146, 0.27183061838150024, 0.3132724463939667, 0.27275732159614563, 0.3132724463939667, 0.2991679310798645, 0.2888202369213104, 0.2546021044254303, 0.2642055153846741, 0.3132724463939667, 0.28849613666534424, 0.4006723463535309, 0.2546021044254303, 0.2546021044254303, 0.29217374324798584, 0.27275732159614563, 0.34045833349227905, 0.2143050879240036, 0.3132724463939667, 0.39101868867874146, 0.27183061838150024, 0.3132724463939667, 0.27275732159614563, 0.31340575218200684, 0.34920161962509155, 0.2888202369213104, 0.2546021044254303, 0.3132724463939667, 0.27275732159614563
0.37692365050315857, 0.44727760553359985, 0.2579689919948578, 0.4178133010864258, 0.26548391580581665, 0.4847640097141266, 0.38526809215545654, 0.5076058506965637, 0.3981581926345825, 0.5452868938446045, 0.6331647634506226, 0, 0.4783841669559479, 0.4549761712551117, 0.3395490050315857, 0.4590854048728943, 0.5437151193618774, 0.67791348695755, 0.34836673736572266, 0.2908933758735657, 0.48953378200531006, 0.4355575442314148, 0.5047794580459595, 0.4549761712551117, 0.30567672848701477, 0.294176310300827, 0.4604426622390747, 0.5517969131469727, 0.4549761712551117, 0.3640972375869751, 0.2513222396373749, 0.24107426404953003, 0.23910892009735107, 0.3903273344039917, 0.3544055223464966, 0.44124892354011536, 0, 0.29037562012672424, 0.3176756203174591, 0.4847640097141266, 0.4587792754173279, 0.4847640097141266, 0.6123024225234985, 0.4783841669559479, 0.42779815196990967, 0.41863352060317993, 0.363533616065979, 0.6011402010917664, 0.3345062732696533, 0.4847640097141266, 0.4555603861808777, 0.3105769157409668, 0.4587792754173279, 0.6670511364936829, 0.3109397888183594, 0.3635416030883789, 0.5752073526382446, 0.38323187828063965, 0.20919348299503326, 0.4479673206806183, 1.375133752822876, 0.6073533296585083, 0.4783841669559479, 0.43375450372695923, 0.4150206744670868, 0.41376179456710815, 0.3633626103401184, 0.3345062732696533, 0.4847640097141266, 0.4555603861808777, 0.3105769157409668, 0.4587792754173279, 0.5588973760604858, 0.31277814507484436, 0.3561480641365051, 0.5752073526382446, 0.38323187828063965, 0.44795912504196167, 0.39490628242492676
0.20444712042808533, 0.17920789122581482, 0.24473357200622559, 0.2835025489330292, 0.3047207295894623, 0.3047207295894623, 0.28829988837242126, 0.3775102198123932, 0.25072377920150757, 0.3047207295894623, 0.23014093935489655, 0.4786044657230377, 0, 0.26763057708740234, 0.24536344408988953, 0.3047207295894623, 0.23014093935489655, 0.26674768328666687, 0.2451474666595459, 0.3047207295894623, 0.2217014580965042, 0.2843232750892639, 0.3047207295894623, 0.3047207295894623, 0.19628646969795227, 0.25123387575149536, 0.20241139829158783, 0.22622014582157135, 0.3047207295894623, 0.2642055153846741, 0.2274835854768753, 0.21539197862148285, 0.10359000414609909, 0.225937619805336, 0.2866706848144531, 0.2514697313308716, 0, 0.2535250186920166, 0.3233707845211029, 0.3047207295894623, 0.3047207295894623, 0.22622014582157135, 0.2668411135673523, 0.23014093935489655, 0.3047207295894623, 0.28876835107803345, 0.2507933974266052, 0.3047207295894623, 0.3047207295894623, 0.3047207295894623, 0.23832732439041138, 0.2667354941368103, 0.3047207295894623, 0.2642055153846741, 0.25079795718193054, 0.24641701579093933, 0.26672616600990295, 0.3047207295894623, 0.3047207295894623, 0.3047207295894623, 0.44636648893356323, 0.2667359709739685, 0.23014093935489655, 0.3047207295894623, 0.28876835107803345, 0.21034090220928192, 0.25119099020957947, 0.3047207295894623, 0.3047207295894623, 0.23832732439041138, 0.2673221230506897, 0.3047207295894623, 0.2642055153846741, 0.2589336037635803, 0.3047207295894623, 0.3047207295894623, 0.3047207295894623, 0.3047207295894623, 0.2642055153846741
0, 0.20262311398983002, 0.25218892097473145, 0.2514236271381378, 0.2170558124780655, 0.3047207295894623, 0.16744831204414368, 0.36431875824928284, 0.23269236087799072, 0.3047207295894623, 0.35788261890411377, 0.4093129634857178, 0.3047207295894623, 0, 0.3047207295894623, 0.3047207295894623, 0.24605035781860352, 0.3047207295894623, 0.3047207295894623, 0.2068628966808319, 0.2336631864309311, 0.26263073086738586, 0.3047207295894623, 0.3047207295894623, 0.1490919291973114, 0.3047207295894623, 0.3746800422668457, 0.2642055153846741, 0.3047207295894623, 0.3047207295894623, 0.26614996790885925, 0.2565447688102722, 0.19852375984191895, 0.329782098531723, 0.2143050879240036, 0.3047207295894623, 0, 0.33098894357681274, 0.3150281608104706, 0.3047401010990143, 0.3047207295894623, 0.21121686697006226, 0.3047206997871399, 0.3047207295894623, 0.3132724463939667, 0.3047207295894623, 0.31322765350341797, 0.3047207295894623, 0.205738827586174, 0.3047207295894623, 0.22042402625083923, 0.1502610445022583, 0.3047207295894623, 0.27275732159614563, 0.3047207295894623, 0.2116069495677948, 0.3047207295894623, 0.3047207295894623, 0.17770430445671082, 0.2642055153846741, 0.29206135869026184, 0.3047207295894623, 0.3047207295894623, 0.3132724463939667, 0.3047207295894623, 0.2642055153846741, 0.31326690316200256, 0.205738827586174, 0.3047207295894623, 0.22042402625083923, 0.15026098489761353, 0.3047207295894623, 0.27275732159614563, 0.30472099781036377, 0.3132724463939667, 0.3047207295894623, 0.3047207295894623, 0.2642055153846741, 0.2642055153846741
0, 0.1716504693031311, 0.2755330801010132, 0.29726308584213257, 0.2521270215511322, 0.2667352557182312, 0.2207975834608078, 0.34054386615753174, 0.3424999415874481, 0.2667352557182312, 0.2507931590080261, 0.313190758228302, 0.19001911580562592, 0.21100269258022308, 0, 0.29803499579429626, 0.20806501805782318, 0.2667351961135864, 0.2301408052444458, 0.30076324939727783, 0.22055792808532715, 0.2456645518541336, 0.2667352557182312, 0.19003309309482574, 0.23699432611465454, 0.2123882919549942, 0.28583356738090515, 0.248473659157753, 0.1900191605091095, 0.24672649800777435, 0.24234624207019806, 0.2887624204158783, 0.2742372453212738, 0.22729499638080597, 0.2644098401069641, 0.24869026243686676, 0, 0.23196709156036377, 0.26353690028190613, 0.26662006974220276, 0.26673537492752075, 0.2641674876213074, 0.1923249214887619, 0.22800464928150177, 0.24605035781860352, 0.3046855628490448, 0.37718623876571655, 0.22625823318958282, 0.3020888864994049, 0.2667352557182312, 0.23142975568771362, 0.2667352557182312, 0.2487218827009201, 0.210357666015625, 0.20874784886837006, 0.26107287406921387, 0.2667352557182312, 0.2667352557182312, 0.26673397421836853, 0.21139389276504517, 0.44635528326034546, 0.19217215478420258, 0.22800464928150177, 0.24605035781860352, 0.3047125041484833, 0.1922951638698578, 0.37718623876571655, 0.3020888864994049, 0.2667352557182312, 0.23142975568771362, 0.2667352557182312, 0.25241661071777344, 0.21034710109233856, 0.24029883742332458, 0.26349979639053345, 0.2667352557182312, 0.2667352557182312, 0.2126326560974121, 0.264204204082489
0.46038419008255005, 0.22703240811824799, 0.25080442428588867, 0.455940306186676, 0.3047207295894623, 0.208065003156662, 0.25296199321746826, 0.3131145238876343, 0.252737820148468, 0.24605035781860352, 0.23014093935489655, 0.6015141010284424, 0.4563694894313812, 0.4863971769809723, 0.4554678201675415, 0, 0.45636945962905884, 0.3728375732898712, 0.4417268931865692, 0.24605004489421844, 0.15662634372711182, 0.19930770993232727, 0.28350967168807983, 0.44636648893356323, 0.1767832189798355, 0.19216583669185638, 0.2079167664051056, 0.2507931590080261, 0.44636648893356323, 0.25079065561294556, 0.41120821237564087, 0.3047207295894623, 0.2667351961135864, 0.16867046058177948, 0.2486894577741623, 0.24613970518112183, 0, 0.2588918209075928, 0.36536240577697754, 0.24605035781860352, 0.20683380961418152, 0.22622014582157135, 0.27926400303840637, 0.45636945962905884, 0.2512558698654175, 0.22964507341384888, 0.2667352557182312, 0.23014093935489655, 0.3047207295894623, 0.3046812117099762, 0.1103789433836937, 0.3047207295894623, 0.24605035781860352, 0.21034421026706696, 0.208065003156662, 0.2667352557182312, 0.22964507341384888, 0.24605035781860352, 0.3047207295894623, 0.23694872856140137, 0.44636648893356323, 0.2731947898864746, 0.45636945962905884, 0.2528601884841919, 0.22964507341384888, 0.2507931590080261, 0.2667352557182312, 0.3047207295894623, 0.3046812117099762, 0.1103789433836937, 0.3047207295894623, 0.24605035781860352, 0.21035227179527283, 0.208065003156662, 0.2669733166694641, 0.19223038852214813, 0.24605035781860352, 0.23019133508205414, 0.24605275690555573
0, 0.21733367443084717, 0.20104463398456573, 0.31954506039619446, 0.1851702630519867, 0.3047207295894623, 0.3620588183403015, 0.2903256416320801, 0.2554786801338196, 0.3047207295894623, 0.28876835107803345, 1.3370356559753418, 0.24604922533035278, 0.28350967168807983, 0.246050164103508, 0.3047207295894623, 0, 0.3047207295894623, 0.2831602692604065, 0.2887636423110962, 0.23936885595321655, 0.26814138889312744, 0.3047207295894623, 0.3047207295894623, 0.15481598675251007, 0.3047207295894623, 0.30472418665885925, 0.26420482993125916, 0.3047207295894623, 0.30472081899642944, 0.2520904541015625, 0.2437642514705658, 0.15025997161865234, 0.29573261737823486, 0.2857789993286133, 0.3047207295894623, 0, 0.28638046979904175, 0.12853270769119263, 0.3047207295894623, 0.3003470301628113, 0.2642055153846741, 0.20806728303432465, 0.24605035781860352, 0.3047207295894623, 0.3047207295894623, 0.275282621383667, 0.3047207295894623, 0.3047207295894623, 0.2642055153846741, 0.25279349088668823, 0.205738827586174, 0.3047207295894623, 0.22622014582157135, 0.2668918967247009, 0.2533867657184601, 0.3047207295894623, 0.3047207295894623, 0.3047207295894623, 0.2642055153846741, 0.3876510262489319, 0.26618820428848267, 0.24605035781860352, 0.3047207295894623, 0.3047207295894623, 0.2642055153846741, 0.2752842605113983, 0.3047207295894623, 0.2642055153846741, 0.25279349088668823, 0.205738827586174, 0.3047207295894623, 0.22622014582157135, 0.29863619804382324, 0.22571848332881927, 0.3047207295894623, 0.3047207295894623, 0.2642055153846741, 0.2642055153846741
0.2147950828075409, 0.2063416838645935, 0.2658211588859558, 0.2612096965312958, 0.3047207295894623, 0.2667352557182312, 0.2572425305843353, 0.34026676416397095, 0.2507691979408264, 0.3047207295894623, 0.23014093935489655, 0.4351675510406494, 0.23936478793621063, 0.3236253559589386, 0.19222161173820496, 0.2667352557182312, 0.24204404652118683, 0, 0.24605035781860352, 0.3047207295894623, 0.1516202688217163, 0.2244172990322113, 0.24605035781860352, 0.24605035781860352, 0.23286528885364532, 0.2507931590080261, 0.22622014582157135, 0.22622014582157135, 0.24605035781860352, 0.22622014582157135, 0.2436581552028656, 0.30471181869506836, 0.21121662855148315, 0.2087852656841278, 0.2792085111141205, 0.25079405307769775, 0, 0.25273123383522034, 0.23715820908546448, 0.2693527042865753, 0.3047175407409668, 0.22622014582157135, 0.2455505132675171, 0.23014093935489655, 0.24605035781860352, 0.1921824961900711, 0.2667352557182312, 0.3047207295894623, 0.2667352557182312, 0.2667352557182312, 0.1873617023229599, 0.2667352557182312, 0.3047207295894623, 0.2108810991048813, 0.2667352557182312, 0.2516697943210602, 0.2507934868335724, 0.3047207295894623, 0.3047207295894623, 0.2667352557182312, 0.44636648893356323, 0.20868952572345734, 0.23014093935489655, 0.24605035781860352, 0.19222421944141388, 0.2507931590080261, 0.2667352557182312, 0.2667352557182312, 0.2667352557182312, 0.1873617023229599, 0.2667352557182312, 0.3047207295894623, 0.2242603451013565, 0.2667352557182312, 0.3047197759151459, 0.2538445293903351, 0.3047207295894623, 0.2667352557182312, 0.2642055153846741
0, 0.18804535269737244, 0.23871125280857086, 0.23143476247787476, 0.2214340716600418, 0.3047207295894623, 0.2298007607460022, 0.31967905163764954, 0.31913405656814575, 0.2896870970726013, 0.2888202369213104, 0.779707670211792, 0.24605035781860352, 0.2888205945491791, 0.20553980767726898, 0.3047207295894623, 0.23014099895954132, 0.24605035781860352, 0, 0.2621210813522339, 0.24761366844177246, 0.2750546932220459, 0.24605035781860352, 0.24605035781860352, 0.16446763277053833, 0.2947799265384674, 0.24767719209194183, 0.2642055153846741, 0.24605035781860352, 0.2462024688720703, 0.2599656283855438, 0.33223485946655273, 0.2516610622406006, 0.18907350301742554, 0.20188160240650177, 0.2592499256134033, 0, 0.28106555342674255, 0.2476254254579544, 0.3047207295894623, 0.3047207295894623, 0.22622014582157135, 0.24568644165992737, 0.24605035781860352, 0.24605035781860352, 0.24605032801628113, 0.2506745159626007, 0.3047207295894623, 0.3047207295894623, 0.3047207295894623, 0.23771877586841583, 0.3047207295894623, 0.3047207295894623, 0.26420825719833374, 0.2941669523715973, 0.2195325493812561, 0.28992515802383423, 0.3047207295894623, 0.3047207295894623, 0.3047207295894623, 0.4463657736778259, 0.24539469182491302, 0.24605035781860352, 0.24605035781860352, 0.24605035781860352, 0.2228991985321045, 0.19216583669185638, 0.3047207295894623, 0.3047207295894623, 0.23771877586841583, 0.3047206699848175, 0.3047207295894623, 0.2642157971858978, 0.2980339527130127, 0.2546970546245575, 0.3047207295894623, 0.3047207295894623, 0.3047207295894623, 0.27027618885040283
0.1358017921447754, 0.2662777900695801, 0.2608090043067932, 0.36649125814437866, 0.23732642829418182, 0.28350967168807983, 0.19119688868522644, 0.34895992279052734, 0.24880766868591309, 0.28350967168807983, 0.23014093935489655, 0.6429409980773926, 0.44636648893356323, 0.5832259654998779, 0.4463599920272827, 0.24605035781860352, 0.45636945962905884, 0.44636648893356323, 0.44636648893356323, 0, 0.20526523888111115, 0.29638755321502686, 0.44636648893356323, 0.44636648893356323, 0.4432501792907715, 0.24602988362312317, 0.2642055153846741, 0.2575758695602417, 0.44636648893356323, 0.25438424944877625, 0.2685398757457733, 0.23055745661258698, 0.26418599486351013, 0.250493586063385, 0.2756001949310303, 0.2433754950761795, 0, 0.237373948097229, 0.2750837206840515, 0.28350967168807983, 0.28350967168807983, 0.22622014582157135, 0.36283519864082336, 0.4461822211742401, 0.44636648893356323, 0.2516075670719147, 0.3010936975479126, 0.28350967168807983, 0.24605022370815277, 0.24605035781860352, 0.299762487411499, 0.3032259941101074, 0.28350967168807983, 0.1897640824317932, 0.2035330832004547, 0.2630384564399719, 0.45636945962905884, 0.28350967168807983, 0.30472075939178467, 0.2055351734161377, 0.44636648893356323, 0.36283883452415466, 0.44626933336257935, 0.44636648893356323, 0.25021669268608093, 0.21034201979637146, 0.3011416494846344, 0.24605022370815277, 0.24605035781860352, 0.299762487411499, 0.2722957134246826, 0.28350967168807983, 0.23536576330661774, 0.24542635679244995, 0.2670040726661682, 0.39602386951446533, 0.28350967168807983, 0.2055351734161377, 0.2381831556558609
0, 0.19840450584888458, 0.11905242502689362, 0.1461314857006073, 0.2237800806760788, 0.2013048529624939, 0.23946864902973175, 0.16980332136154175, 0.16554352641105652, 0.2783772349357605, 0.26940006017684937, 0.2980678379535675, 0.20407889783382416, 0.16493618488311768, 0.2114659547805786, 0.2632914185523987, 0.24613705277442932, 0.17923682928085327, 0.21338708698749542, 0.23218636214733124, 0, 0.18261496722698212, 0.2040027379989624, 0.16385400295257568, 0.15711987018585205, 0.3039775490760803, 0.24462243914604187, 0.21527333557605743, 0.1634531021118164, 0.21258008480072021, 0.13198620080947876, 0.2386426478624344, 0.24647386372089386, 0.31774795055389404, 0.4073929190635681, 0.20411792397499084, 0, 0.18742649257183075, 0, 0.2528447210788727, 0.20452846586704254, 0.23375612497329712, 0.1828029602766037, 0.2046395242214203, 0.21871979534626007, 0.22892248630523682, 0.42180049419403076, 0.27556514739990234, 0.2643377482891083, 0.26034730672836304, 0.2326221466064453, 0.2477831244468689, 0.23369713127613068, 0.29255685210227966, 0.37341052293777466, 0.080574631690979, 0.20297180116176605, 0.16303029656410217, 0.22758883237838745, 0.28745824098587036, 0.22042398154735565, 0.14859271049499512, 0.20463711023330688, 0.21872445940971375, 0.23078502714633942, 0.17846918106079102, 0.4234917461872101, 0.2643377482891083, 0.26034730672836304, 0.2326221466064453, 0.24813944101333618, 0.2070685476064682, 0.2926943302154541, 0.3836028575897217, 0.19995005428791046, 0.2040645331144333, 0.16303029656410217, 0.2874099314212799, 0.24796654284000397
0, 0.15536713600158691, 0.24883100390434265, 0.31955087184906006, 0.25160732865333557, 0.37272852659225464, 0.24377799034118652, 0.43340739607810974, 0.41146624088287354, 0.31388789415359497, 0.3973813056945801, 0.3459910750389099, 0.36181265115737915, 0.2582152187824249, 0.4559491276741028, 0.37283754348754883, 0.26052242517471313, 0.2577552795410156, 0.26043450832366943, 0.3655953109264374, 0.16132685542106628, 0, 0.3376665711402893, 0.37283748388290405, 0.26407572627067566, 0.24995121359825134, 0.27594345808029175, 0.27453821897506714, 0.337665319442749, 0.3252254128456116, 0.2947186529636383, 0.27139991521835327, 0.3700343072414398, 0.33925163745880127, 0.2921408414840698, 0.31300875544548035, 0, 0.24459749460220337, 0.2829964756965637, 0.37283724546432495, 0.3728375732898712, 0.3112073540687561, 0.366679310798645, 0.2997857928276062, 0.3139292895793915, 0.268799364566803, 0.5819324851036072, 0.3376665711402893, 0.20731838047504425, 0.37283754348754883, 0.27218151092529297, 0.3719658851623535, 0.3728373646736145, 0.2733944058418274, 0.2884933352470398, 0.26428455114364624, 0.3376665711402893, 0.3728375732898712, 0.3947392702102661, 0.25536444783210754, 0.45993226766586304, 0.3820570111274719, 0.2943953573703766, 0.3139326572418213, 0.2754743695259094, 0.3109953701496124, 0.584510326385498, 0.20731838047504425, 0.37283754348754883, 0.27218151092529297, 0.37246501445770264, 0.3728373050689697, 0.2733965814113617, 0.35669398307800293, 0.2774580419063568, 0.3376665711402893, 0.3728375732898712, 0.25536438822746277, 0.2858901023864746
0.3932088017463684, 0.12692493200302124, 0.25009703636169434, 0.4559498429298401, 0.3047207295894623, 0.3047207295894623, 0.2572411298751831, 0.34044694900512695, 0.2667352557182312, 0.3047207295894623, 0.23014093935489655, 0.34365302324295044, 0.24605035781860352, 0.3483693599700928, 0.24605035781860352, 0.3047207295894623, 0.24605035781860352, 0.24605035781860352, 0.24605035781860352, 0.3047207295894623, 0.21034090220928192, 0.1651366651058197, 0, 0.24605035781860352, 0.2507931590080261, 0.3047207295894623, 0.2667352557182312, 0.2642055153846741, 0.24605035781860352, 0.3047207295894623, 0.2709365487098694, 0.3047207295894623, 0.2667352557182312, 0.22622014582157135, 0.3047207295894623, 0.2667352557182312, 0, 0.2507942020893097, 0.3581460118293762, 0.3047207295894623, 0.3047207295894623, 0.2642055153846741, 0.208065003156662, 0.24605035781860352, 0.24605035781860352, 0.24605035781860352, 0.3047207295894623, 0.3047207295894623, 0.3047207295894623, 0.3047207295894623, 0.24735906720161438, 0.3047207295894623, 0.3047207295894623, 0.22622014582157135, 0.3047207295894623, 0.2667352557182312, 0.3047207295894623, 0.3047207295894623, 0.3047207295894623, 0.3047207295894623, 0.44636648893356323, 0.208065003156662, 0.24605035781860352, 0.24605035781860352, 0.24605035781860352, 0.2642055153846741, 0.3047207295894623, 0.3047207295894623, 0.3047207295894623, 0.24735906720161438, 0.3047207295894623, 0.3047207295894623, 0.23199069499969482, 0.3047207295894623, 0.3047207295894623, 0.3047207295894623, 0.3047207295894623, 0.3047207295894623, 0.2642055153846741
0.27541762590408325, 0.19517414271831512, 0.2493513822555542, 0.42964494228363037, 0.3047207295894623, 0.3047207295894623, 0.257258802652359, 0.2906598448753357, 0.2507932782173157, 0.3047207295894623, 0.23014138638973236, 0.401192843914032, 0.24605035781860352, 0.3483693599700928, 0.24605035781860352, 0.3047207295894623, 0.24605035781860352, 0.24605035781860352, 0.24605035781860352, 0.2667352557182312, 0.2261507511138916, 0.15865187346935272, 0.24605035781860352, 0, 0.2508458197116852, 0.3047207295894623, 0.3047207295894623, 0.2642055153846741, 0.24605035781860352, 0.3047207295894623, 0.2055359035730362, 0.3047207295894623, 0.1502610743045807, 0.2642055153846741, 0.30471575260162354, 0.3047207295894623, 0, 0.3039073348045349, 0.4464488625526428, 0.3047207295894623, 0.3047207295894623, 0.2642055153846741, 0.24605035781860352, 0.24605035781860352, 0.24605035781860352, 0.24605035781860352, 0.208065003156662, 0.3047207295894623, 0.3047207295894623, 0.3047207295894623, 0.2478417009115219, 0.3047207295894623, 0.3047207295894623, 0.3047207295894623, 0.2667351961135864, 0.2667352557182312, 0.3047207295894623, 0.3047207295894623, 0.3047207295894623, 0.3047207295894623, 0.44636648893356323, 0.24605035781860352, 0.24605035781860352, 0.24605035781860352, 0.24605035781860352, 0.3047207295894623, 0.2080649733543396, 0.3047207295894623, 0.3047207295894623, 0.2478417009115219, 0.3047207295894623, 0.3047207295894623, 0.3047207295894623, 0.2685262858867645, 0.2667352557182312, 0.3047207295894623, 0.3047207295894623, 0.3047207295894623, 0.3047207295894623
0, 0.35530030727386475, 0.35192954540252686, 0.42057549953460693, -0.05863356590270996, 0.20554208755493164, 0.3898929953575134, 0.3148151636123657, 0.3784373700618744, 0.2104574292898178, 0.23691537976264954, 0.48843517899513245, 0.5007497072219849, 0.31747016310691833, 0.2756250202655792, 0.2056570053100586, 0.3770611584186554, 0.3864487111568451, 0.3484504818916321, 0.3270818591117859, 0.2343417853116989, 0.33509233593940735, 0.38476046919822693, 0.32702726125717163, 0, 0.2147984504699707, 0.24501602351665497, 0.22957780957221985, 0.27969399094581604, 0.21021884679794312, 0.32077205181121826, 0.32050108909606934, 0.18046680092811584, 0.20699630677700043, 0.42622318863868713, 0.27872201800346375, 0, 0.10645461827516556, 0, 0.4006723463535309, 0.20553520321846008, 0.21412406861782074, 0.16790495812892914, 0.39120280742645264, 0.26957881450653076, 0.3701710104942322, 0, 0.3847362995147705, 0.26491445302963257, 0.2055351734161377, 0.29694390296936035, 0.25464433431625366, 0.2055864781141281, 0.21877604722976685, 0.19635947048664093, 0.24737116694450378, 0.3217836618423462, 0.24299153685569763, 0.2250182330608368, 0.2105591744184494, 0.5668315291404724, 0.16672591865062714, 0.3938358724117279, 0.26961538195610046, 0.37112897634506226, 0.3658220171928406, 0, 0.26491445302963257, 0.2055351734161377, 0.29694390296936035, 0.25456541776657104, 0.20557264983654022, 0.21835915744304657, 0.1826370656490326, 0.2493727207183838, 0.2408788800239563, 0.24299153685569763, 0.20989887416362762, 0.327924907207489
0, 0.15431427955627441, 0.2871614992618561, 0.2820534408092499, 0.3031309247016907, 0.24605035781860352, 0.11651089042425156, 0.3807811141014099, 0.22119510173797607, 0.24605035781860352, 0.34185731410980225, 0.24149490892887115, 0.3136221468448639, 0.4463660418987274, 0.4210100769996643, 0.2055351734161377, 0.36766403913497925, 0.28337913751602173, 0.44636648893356323, 0.2073221206665039, 0.3191523253917694, 0.14183112978935242, 0.28350967168807983, 0.28350940346717834, 0.17195355892181396, 0, 0.23779404163360596, 0.2631092667579651, 0.24605035781860352, 0.25406062602996826, 0.2980741858482361, 0.2914546728134155, 0.2641506493091583, 0.26686766743659973, 0.17257551848888397, 0.3047197461128235, 0, 0.3047206401824951, 0.28035399317741394, 0.2055351734161377, 0.3047207295894623, 0.2642055153846741, 0.32352474331855774, 0.44636642932891846, 0.28350767493247986, 0.4097592830657959, 0.3047207295894623, 0.24605035781860352, 0.3040776252746582, 0.2642055153846741, 0.2549802362918854, 0.3047207295894623, 0.24605035781860352, 0.2642055153846741, 0.2666481137275696, 0.1815592348575592, 0.208065003156662, 0.24605035781860352, 0.3047207295894623, 0.24605035781860352, 0.38477784395217896, 0.32368403673171997, 0.4463658630847931, 0.28351134061813354, 0.43895453214645386, 0.22622014582157135, 0.3047207295894623, 0.3040776252746582, 0.2642055153846741, 0.2549802362918854, 0.3044419288635254, 0.24605035781860352, 0.2642055153846741, 0.26656123995780945, 0.3046696186065674, 0.208065003156662, 0.24605035781860352, 0.24605035781860352, 0.2642055153846741
0.08920407295227051, 0.27718767523765564, 0.22182519733905792, 0.7170082330703735, 0.3098163604736328, 0.4216810464859009, 0.2149418294429779, 0.27231308817863464, 0.14758092164993286, 0.4454043507575989, 0.33554938435554504, 0.6110237240791321, 0.45635098218917847, 0.4559456706047058, 0.23827317357063293, 0.23852410912513733, 0.4223382771015167, 0.42220884561538696, 0.42651134729385376, 0.2034999132156372, 0.14140093326568604, 0.23032988607883453, 0.422166109085083, 0.41119563579559326, 0.3481314182281494, 0.39358407258987427, 0, 0.1877167522907257, 0.45636945962905884, 0.2096446007490158, 0.20573961734771729, 0.2383720576763153, 0.22928276658058167, 0.16400127112865448, 0.43329012393951416, 0.41972893476486206, 0, 0.42543452978134155, 0.20721435546875, 0.34270817041397095, 0.22711536288261414, 0.2654823660850525, 0.2366328090429306, 0.45636945962905884, 0.39473944902420044, 0.422166109085083, 0.31512710452079773, 0.4462851881980896, 0.21034079790115356, 0.2294265180826187, 0.15071964263916016, 0.20021915435791016, 0.1717977672815323, 0.20500816404819489, 0.3287002444267273, 0.22963030636310577, 0.422166109085083, 0.45636945962905884, 0.24605035781860352, 0.44636648893356323, 0.4186486005783081, 0.2565305829048157, 0.45636945962905884, 0.39473944902420044, 0.42216601967811584, 0.44739800691604614, 0.31476232409477234, 0.21034079790115356, 0.2294265180826187, 0.15071964263916016, 0.18982748687267303, 0.17181485891342163, 0.2049740105867386, 0.3300650715827942, 0.1624755859375, 0.422166109085083, 0.45636945962905884, 0.44636648893356323, 0.44611501693725586
0.29112952947616577, 0.21222251653671265, 0.2733050584793091, 0.391801655292511, 0.30136796832084656, 0.19216583669185638, 0.2318282574415207, 0.36574679613113403, 0.24408555030822754, 0.19216583669185638, 0.3728375732898712, 0.5561481714248657, 0.3728376030921936, 0.40758442878723145, 0.22968704998493195, 0.19216583669185638, 0.3728375732898712, 0.3728375732898712, 0.37279003858566284, 0.288171648979187, 0.1574222892522812, 0.2329861968755722, 0.3728375732898712, 0.3728375732898712, 0.29402580857276917, 0.17410467565059662, 0.2216591238975525, 0, 0.3728375732898712, 0.14056091010570526, 0.3186831474304199, 0.2507931590080261, 0.21034090220928192, 0.18568696081638336, 0.23582853376865387, 0.17598047852516174, 0, 0.2507931590080261, 0.4194738268852234, 0.19216583669185638, 0.19216583669185638, 0.248326376080513, 0.372837632894516, 0.3728375732898712, 0.4563693404197693, 0.3376665711402893, 0.24299442768096924, 0.45636945962905884, 0.23273484408855438, 0.19216583669185638, 0.25079649686813354, 0.2502509355545044, 0.19090917706489563, 0.19216583669185638, 0.2140137255191803, 0.25079038739204407, 0.3728375732898712, 0.19216583669185638, 0.2507931888103485, 0.19216583669185638, 0.588610827922821, 0.3728375732898712, 0.3728375732898712, 0.4563649892807007, 0.3376665711402893, 0.17410467565059662, 0.24299442768096924, 0.23273484408855438, 0.19216583669185638, 0.25079649686813354, 0.2328042984008789, 0.19090917706489563, 0.19216585159301758, 0.22866851091384888, 0.2507931590080261, 0.22072868049144745, 0.19216583669185638, 0.19216583669185638, 0.16783282160758972
0.21696695685386658, 0.19356465339660645, 0.25097551941871643, 0.4205933213233948, 0.3047207295894623, 0.3047207295894623, 0.1712656170129776, 0.34380921721458435, 0.2489507794380188, 0.3047207295894623, 0.23014113306999207, 0.35137563943862915, 0.2834622859954834, 0.5921186208724976, 0.24605034291744232, 0.3047207295894623, 0.24601945281028748, 0.24605035781860352, 0.24605035781860352, 0.3047207295894623, 0.2262175977230072, 0.16123786568641663, 0.24605035781860352, 0.24605035781860352, 0.25110095739364624, 0.3047207295894623, 0.3047206997871399, 0.2642055153846741, 0, 0.3047207295894623, 0.24431759119033813, 0.3047207295894623, 0.12722238898277283, 0.22622013092041016, 0.3047207295894623, 0.3047207295894623, 0, 0.2886813282966614, 0.3518451452255249, 0.3047207295894623, 0.3047207295894623, 0.2642055153846741, 0.24605035781860352, 0.24605035781860352, 0.24605035781860352, 0.24605035781860352, 0.17498794198036194, 0.3047207295894623, 0.3047207295894623, 0.3047207295894623, 0.2539045512676239, 0.3047207295894623, 0.3047207295894623, 0.3047207295894623, 0.2080649584531784, 0.3047207295894623, 0.3047207295894623, 0.3047207295894623, 0.3047207295894623, 0.3047207295894623, 0.44636648893356323, 0.24604490399360657, 0.24605035781860352, 0.24605035781860352, 0.24605035781860352, 0.2667511999607086, 0.18075160682201385, 0.3047207295894623, 0.3047207295894623, 0.2539045512676239, 0.3047207295894623, 0.3047207295894623, 0.3047207295894623, 0.208065003156662, 0.3047207295894623, 0.3047207295894623, 0.3047207295894623, 0.3047207295894623, 0.3047207295894623
0.12078768759965897, 0.23020492494106293, 0.21148686110973358, 0.4043678045272827, 0.24687466025352478, 0.1921704113483429, 0.2755313217639923, 0.3193458318710327, 0.18215452134609222, 0.2202605903148651, 0.17410467565059662, 0.4723588824272156, 0.3376665711402893, 0.4559459090232849, 0.2757788300514221, 0.17410576343536377, 0.27709048986434937, 0.3728353977203369, 0.17612875998020172, 0.2507931590080261, 0.22719469666481018, 0.1699247509241104, 0.422166109085083, 0.3376665711402893, 0.2724650502204895, 0.24869772791862488, 0.17802013456821442, 0.1896561086177826, 0.3376665711402893, 0, 0.2567543089389801, 0.27069979906082153, 0.2581005096435547, 0.30338069796562195, 0.4935227930545807, 0.21159926056861877, 0, 0.28734251856803894, 0.29241618514060974, 0.19216583669185638, 0.19216583669185638, 0.2507931590080261, 0.45636922121047974, 0.3376665711402893, 0.4562242925167084, 0.21159926056861877, 0.2540276050567627, 0.22964507341384888, 0.1922951638698578, 0.19216583669185638, 0.20884378254413605, 0.2507931590080261, 0.19216583669185638, 0.21200726926326752, 0.2473873496055603, 0.22053995728492737, 0.28845441341400146, 0.22964507341384888, 0.2507933974266052, 0.19216583669185638, 0.4911167025566101, 0.4563678503036499, 0.3376665711402893, 0.45628494024276733, 0.21159926056861877, 0.1921658217906952, 0.25375643372535706, 0.1922951638698578, 0.19216583669185638, 0.20884378254413605, 0.2507931590080261, 0.19216583669185638, 0.22602124512195587, 0.3111845850944519, 0.2024184763431549, 0.28845441341400146, 0.22964507341384888, 0.19216583669185638, 0.19216583669185638
0, 0.1339368224143982, 0.24320971965789795, 0.2777099013328552, 0.15292909741401672, 0.26190489530563354, 0.09667910635471344, 0.33338937163352966, 0.17292843759059906, 0.2795679569244385, 0.29082319140434265, 0.297475129365921, 0.23521466553211212, 0.35263362526893616, 0.21873503923416138, 0.3078809976577759, 0.22434832155704498, 0.3310282230377197, 0.2924058437347412, 0.33742034435272217, 0.29549652338027954, 0.11961758881807327, 0.2507931590080261, 0.19589370489120483, 0.07530634105205536, 0.3141063451766968, 0.27888885140419006, 0.2541918158531189, 0.2881667912006378, 0.2629576027393341, 0, 0.32876017689704895, 0.2283591479063034, 0.3501376509666443, 0.26027899980545044, 0.24380290508270264, 0, 0.29635196924209595, 0, 0.3420340120792389, 0.26899605989456177, 0.268993616104126, 0.2916523516178131, 0.2715763449668884, 0.33258646726608276, 0.2426578849554062, 0.39539939165115356, 0.25080469250679016, 0.2112027108669281, 0.2539101243019104, 0.1436864733695984, 0.2577148973941803, 0.20735546946525574, 0.2969496548175812, 0.3893733024597168, 0.317074179649353, 0.2507915496826172, 0.25788360834121704, 0.24669745564460754, 0.2937038838863373, 0.31794002652168274, 0.27187782526016235, 0.2720007002353668, 0.3070948123931885, 0.24913200736045837, 0.30947020649909973, 0.40238282084465027, 0.2112027108669281, 0.2539101243019104, 0.1436864733695984, 0.25099340081214905, 0.2057921588420868, 0.3030462861061096, 0.40547189116477966, 0.27493637800216675, 0.2528532147407532, 0.25788360834121704, 0.29386427998542786, 0.26541566848754883
0, 0.20766666531562805, 0.22893261909484863, 0.4349554777145386, 0.2854340076446533, 0.4484235644340515, 0.3032851815223694, 0.7275083065032959, 0.2310706228017807, 0.4563696086406708, 0.5105327367782593, 0.3750857710838318, 0.4911167025566101, 0.42759275436401367, 0.39421534538269043, 0.4583069682121277, 0.4748119115829468, 0.45636945962905884, 0.5920456051826477, 0.3044121563434601, 0.20179195702075958, 0.301560640335083, 0.44636645913124084, 0.44734981656074524, 0.29715126752853394, 0.44636404514312744, 0.22973668575286865, 0.3012434244155884, 0.4563785791397095, 0.1499178111553192, 0.32257080078125, 0, 0.2999482750892639, 0.30272752046585083, 0.26321274042129517, 0.24181722104549408, 0, 0.4410151243209839, 0.18149416148662567, 0.45636945962905884, 0.446505606174469, 0.26763224601745605, 0.4057554006576538, 0.5039956569671631, 0.3646468222141266, 0.48815062642097473, 0.8763406276702881, 0.45636945962905884, 0.23484261333942413, 0.45636945962905884, 0.2784750461578369, 0.22800642251968384, 0.44637739658355713, 0.36281323432922363, 0.45289161801338196, 0.2763425409793854, 0.3728375732898712, 0.45636945962905884, 0.2619948089122772, 0.4557027816772461, 0.5193599462509155, 0.4054660201072693, 0.5040789842605591, 0.36296385526657104, 0.4850291311740875, 0.45636945962905884, 0.8771986961364746, 0.23484261333942413, 0.45636945962905884, 0.2784750461578369, 0.22802859544754028, 0.4464293122291565, 0.3628343343734741, 0.4443567097187042, 0.218462735414505, 0.3728378713130951, 0.45636945962905884, 0.4563625752925873, 0.45636945962905884
0, 0.15389615297317505, 0.2013888955116272, 0.29265516996383667, 0.37284088134765625, 0.3728375732898712, 0.19904065132141113, 0.6472611427307129, 0.2522345781326294, 0.45625993609428406, 0.3078046441078186, 0.35987022519111633, 0.3376665711402893, 0.24668894708156586, 0.27059489488601685, 0.36291927099227905, 0.36956787109375, 0.3376665711402893, 0.3692190647125244, 0.3376299738883972, 0.22923053801059723, 0.346410870552063, 0.3728375732898712, 0.37283697724342346, 0.2997715175151825, 0.28533273935317993, 0.2744506597518921, 0.15856412053108215, 0.3728375732898712, 0.17837458848953247, 0.3363621234893799, 0.2906222939491272, 0, 0.37800753116607666, 0.21044789254665375, 0.2501077353954315, 0, 0.3739512264728546, 0.14549681544303894, 0.36283448338508606, 0.3728375732898712, 0.1716102808713913, 0.3421899378299713, 0.3376685082912445, 0.35193273425102234, 0.3376665711402893, 0.29854053258895874, 0.3728375732898712, 0.29472795128822327, 0.37283754348754883, 0.2809421420097351, 0.19169022142887115, 0.36283236742019653, 0.3495655059814453, 0.31701111793518066, 0.25707024335861206, 0.3303638696670532, 0.3728366792201996, 0.19216883182525635, 0.3304184675216675, 0.9435257911682129, 0.342164009809494, 0.33766764402389526, 0.3611615300178528, 0.3376665711402893, 0.41955357789993286, 0.3226969540119171, 0.29472795128822327, 0.37283754348754883, 0.2809421420097351, 0.20469866693019867, 0.3628331422805786, 0.34956541657447815, 0.3170105218887329, 0.2810728847980499, 0.36447542905807495, 0.3728366792201996, 0.33132123947143555, 0.23875117301940918
0, 0.20273536443710327, 0.19758374989032745, 0.3190596103668213, 0.11621519178152084, 0.19219845533370972, 0.17303751409053802, 0.3525656759738922, 0.11615481972694397, 0.28836163878440857, 0.3471139967441559, 0.29829180240631104, 0.2674899399280548, 0.3576713800430298, 0.1962263584136963, 0.23279167711734772, 0.2122391313314438, 0.1718798279762268, 0.23097041249275208, 0.2424735724925995, 0.22219203412532806, 0.2880520224571228, 0.2120799720287323, 0.21208125352859497, 0.19626614451408386, 0.22215652465820312, 0.22622016072273254, 0.20954111218452454, 0.21159926056861877, 0.2507932186126709, 0.1889602094888687, 0.25623148679733276, 0.1650465428829193, 0, 0.24067814648151398, 0.22194845974445343, 0, 0.2273998260498047, 0.1781466007232666, 0.2327321320772171, 0.2327321320772171, 0.1922958642244339, 0.20213523507118225, 0.18097637593746185, 0.13770464062690735, 0.212078258395195, 0.1363266557455063, 0.17410467565059662, 0.2486894577741623, 0.2327321320772171, 0.2496032863855362, 0.28873497247695923, 0.23298029601573944, 0.2558475732803345, 0.20912574231624603, 0.1604294776916504, 0.21178221702575684, 0.17410491406917572, 0.28659865260124207, 0.1811857372522354, 0.2565916180610657, 0.20186206698417664, 0.1809764951467514, 0.13770464062690735, 0.21208688616752625, 0.18891336023807526, 0.1357148140668869, 0.2486894577741623, 0.2327321320772171, 0.2496032863855362, 0.2887156009674072, 0.23345710337162018, 0.26165705919265747, 0.20977455377578735, 0.15980632603168488, 0.20678001642227173, 0.17410491406917572, 0.18118585646152496, 0.20817333459854126
0, 0.3984324336051941, 0.28380417823791504, 0.44237151741981506, 0.46377477049827576, 0.5887292623519897, 0.18976713716983795, 0.45517629384994507, 0.43691882491111755, 0.44636648893356323, 0.603500485420227, 0.23641282320022583, 0.5921186208724976, 0.6139848232269287, 0.36255091428756714, 0.3628435730934143, 0.46385008096694946, 0.44636648893356323, 0.45873185992240906, 0.4212465286254883, 0.23983384668827057, 0.26549604535102844, 0.5921186208724976, 0.5921186208724976, 0.25908729434013367, 0.32966580986976624, 0.30528339743614197, 0.24778249859809875, 0.491116464138031, 0.31745922565460205, 0.3210456967353821, 0.5716081261634827, 0.47823867201805115, 0.42136892676353455, 0, 0.17959538102149963, 0, 0.3020281195640564, 0.3506140112876892, 0.28350967168807983, 0.44636648893356323, 0.2519918382167816, 0.251741886138916, 0.5041080713272095, 0.7693842053413391, 0.3799980878829956, 0.500837504863739, 0.44636648893356323, 0.3138898015022278, 0.4320065975189209, 0.24750810861587524, 0.28350967168807983, 0.5776000022888184, 0.34836775064468384, 0.2715250849723816, 0.3423974812030792, 0.40758466720581055, 0.4464055299758911, 0.3583725094795227, 0.44636648893356323, 0.5670055150985718, 0.24901093542575836, 0.5041080713272095, 0.8596271872520447, 0.4085598587989807, 0.44636648893356323, 0.5715000033378601, 0.3138898015022278, 0.4320065975189209, 0.24750810861587524, 0.28350967168807983, 0.5428425669670105, 0.3483484983444214, 0.32640939950942993, 0.3724151849746704, 0.40758466720581055, 0.4464055299758911, 0.44636648893356323, 0.4194808602333069
0, 0.13250333070755005, 0.16807705163955688, 0.2928180992603302, 0.27329331636428833, 0.24389052391052246, 0.26689618825912476, 0.3235304653644562, 0.29427430033683777, 0.20555366575717926, 0.2258983850479126, 0.30510810017585754, 0.44636648893356323, 0.4563683271408081, 0.3135997951030731, 0.2055351734161377, 0.4563561975955963, 0.44636648893356323, 0.2761743366718292, 0.24602830410003662, 0.24272696673870087, 0.12956470251083374, 0.44636648893356323, 0.44636648893356323, 0.14468207955360413, 0.25120726227760315, 0.26405641436576843, 0.20163339376449585, 0.36283448338508606, 0.24832667410373688, 0.33928292989730835, 0.25113558769226074, 0.249420166015625, 0.17955034971237183, 0.20838920772075653, 0, 0, 0.2271159589290619, 0.04467149078845978, 0.1896561086177826, 0.2055373191833496, 0.2642055153846741, 0.2120373249053955, 0.39511483907699585, 0.44636648893356323, 0.23703178763389587, 0.37934353947639465, 0.44636648893356323, 0.2866706848144531, 0.2055351734161377, 0.16428633034229279, 0.2642055153846741, 0.23016592860221863, 0.2257409244775772, 0.47497475147247314, 0.2576056122779846, 0.23014093935489655, 0.24605035781860352, 0.250097393989563, 0.28350967168807983, 0.4185534417629242, 0.21190452575683594, 0.3950081467628479, 0.44636648893356323, 0.23710095882415771, 0.22964511811733246, 0.3793375492095947, 0.2866706848144531, 0.2055351734161377, 0.16428633034229279, 0.2642055153846741, 0.23014187812805176, 0.20827049016952515, 0.47962790727615356, 0.27223968505859375, 0.19216583669185638, 0.24605035781860352, 0.28350967168807983, 0.1675497591495514
0, 0, 0, 0, 0, 0.2665318250656128, 0, 0, 0, 0, 0, 0.47764328122138977, 0.31605398654937744, 0.41987311840057373, 0, 0.35120889544487, 0, 0.21485067903995514, 0, 0, 0, 0, 0.7636346817016602, 0.4028533697128296, 0, 0, 0, 0, 0.26912033557891846, 0, 0, 0, 0, 0, 0, 0, 0, 0, 0, 0, 0.522088885307312, 0, 0, 0.25669971108436584, 0, 0, 0, 0.3751305341720581, 0, 0.37015625834465027, 0, 0, 0, 0.26239973306655884, 0, 0, 0.5098100900650024, 0, 0, 0, 0.22068598866462708, 0, 0.25669971108436584, 0, 0, 0, 0, 0, 0.37015625834465027, 0, 0, 0, 0.26239973306655884, 0, 0, 0.527927041053772, 0, 0, 0
0, 0.19486400485038757, 0.31680870056152344, 0.2767795920372009, 0.317382276058197, 0.20782653987407684, 0.1009640023112297, 0.2781240940093994, 0.24447312951087952, 0.24605035781860352, 0.5781867504119873, 0.18103785812854767, 0.44636648893356323, 0.5931156277656555, 0.43234631419181824, 0.24605035781860352, 0.42759737372398376, 0.44636648893356323, 0.4463718831539154, 0.24830788373947144, 0.2275712788105011, 0.07826940715312958, 0.44636648893356323, 0.3332386612892151, 0.1343856155872345, 0.24604953825473785, 0.20696508884429932, 0.20771585404872894, 0.2835092544555664, 0.26680952310562134, 0.2623758614063263, 0.2260943055152893, 0.2472393959760666, 0.1904907077550888, 0.22612431645393372, 0.2083318829536438, 0, 0, 0.23033204674720764, 0.27358344197273254, 0.24605035781860352, 0.22622014582157135, 0.226199671626091, 0.44636648893356323, 0.44633549451828003, 0.5921186208724976, 0.24605035781860352, 0.44636648893356323, 0.23014076054096222, 0.24566194415092468, 0.21658490598201752, 0.28876838088035583, 0.24605035781860352, 0.223179429769516, 0.24693115055561066, 0.226224884390831, 0.35837244987487793, 0.3136221468448639, 0.22380805015563965, 0.24605035781860352, 0.329631507396698, 0.21563927829265594, 0.44636648893356323, 0.44635289907455444, 0.5921186208724976, 0.19216583669185638, 0.24605035781860352, 0.23014076054096222, 0.24566194415092468, 0.21658490598201752, 0.23249326646327972, 0.24605034291744232, 0.22818435728549957, 0.24623294174671173, 0.265161395072937, 0.2862057685852051, 0.3136221468448639, 0.24605035781860352, 0.1675497591495514
0, 0, 0, 0.07874840497970581, 0.32226622104644775, 0.44771063327789307, 0, 0.027415022253990173, 0, 0.2729819416999817, 0.4987398684024811, 0.3741489052772522, 0.4461047053337097, 0.594402551651001, 0.25600260496139526, 0.45440444350242615, 0.43262210488319397, 0.47721803188323975, 0.36477887630462646, 0.45101749897003174, 0, 0.19016510248184204, 0.6095362901687622, 0.45529845356941223, 0, 0.38123250007629395, 0.4422568082809448, 0.4108864665031433, 0.3264208137989044, 0.35991883277893066, 0, 0.29446762800216675, 0.318933367729187, 0.3816845715045929, 0.2575383484363556, 0.27114254236221313, 0, 0.4313904047012329, 0, 0.34934234619140625, 0.435848593711853, 0.2423071712255478, 0.4070727527141571, 0.33234965801239014, 0.5083685517311096, 0.48824459314346313, 0.43302059173583984, 0.5625157356262207, 0.3967857360839844, 0.4525045156478882, 0, 0.4492354691028595, 0.4146312475204468, 0.17147758603096008, 0.3321884274482727, 0.22102510929107666, 0.5067312717437744, 0.4944131374359131, 0.23134437203407288, 0.5196617841720581, 0.2378719300031662, 0.4132031798362732, 0.34017127752304077, 0.4983326494693756, 0.47469431161880493, 0.29040414094924927, 0.43613290786743164, 0.3967857360839844, 0.4525045156478882, 0, 0.4314908981323242, 0.4212777018547058, 0.17514292895793915, 0.3906952142715454, 0.3477599620819092, 0.38930484652519226, 0.4944131374359131, 0.5197004079818726, 0.3324264883995056
0.2608391344547272, 0.25039252638816833, 0.3305385410785675, 0.5105327367782593, 0.21354888379573822, 0.19216583669185638, 0.28667449951171875, 0.29206132888793945, 0.2667352557182312, 0.208065003156662, 0.3047207295894623, 0.6292294263839722, 0.3728375732898712, 0.5921186208724976, 0.19216583669185638, 0.19216583669185638, 0.26763057708740234, 0.19216583669185638, 0.2455744445323944, 0.2538621425628662, 0.21033485233783722, 0.25180187821388245, 0.28350967168807983, 0.4156363904476166, 0.2934894263744354, 0.19216585159301758, 0.2667352557182312, 0.2325354814529419, 0.44636648893356323, 0.23014093935489655, 0.34483784437179565, 0.3045322597026825, 0.3047207295894623, 0.2929101586341858, 0.3047207295894623, 0.17410467565059662, 0, 0.27880603075027466, 0.05621503293514252, 0, 0.208065003156662, 0.22622014582157135, 0.21381127834320068, 0.3728375732898712, 0.208065003156662, 0.19216583669185638, 0.16108784079551697, 0.19216583669185638, 0.2667352557182312, 0.2667352557182312, 0.24832643568515778, 0.2667352557182312, 0.19216583669185638, 0.19216583669185638, 0.24020764231681824, 0.22622014582157135, 0.19216583669185638, 0.208065003156662, 0.2667352557182312, 0.19216583669185638, 0.5921186208724976, 0.21223074197769165, 0.3728375732898712, 0.208065003156662, 0.19216583669185638, 0.19217172265052795, 0.16108784079551697, 0.2667352557182312, 0.2667352557182312, 0.24832643568515778, 0.2667352557182312, 0.19216583669185638, 0.19216583669185638, 0.24020764231681824, 0.22622014582157135, 0.2301272451877594, 0.208065003156662, 0.19216583669185638, 0.19216583669185638
0.3511369228363037, 0.20817430317401886, 0.21034079790115356, 0.4559459090232849, 0.3047207295894623, 0.19216583669185638, 0.2486891895532608, 0.2835332751274109, 0.2507931590080261, 0.24576091766357422, 0.45636945962905884, 0.6337766051292419, 0.3728375732898712, 0.4911167025566101, 0.26763057708740234, 0.19427421689033508, 0.3728375732898712, 0.3728375732898712, 0.36283448338508606, 0.2507931590080261, 0.15167061984539032, 0.19233569502830505, 0.45636945962905884, 0.3728375732898712, 0.16318778693675995, 0.19216583669185638, 0.23972010612487793, 0.2507931590080261, 0.36283448338508606, 0.25078916549682617, 0.28845441341400146, 0.2507932186126709, 0.2507932186126709, 0.20806457102298737, 0.27070727944374084, 0.17410467565059662, 0, 0.2667352557182312, 0.4852254092693329, 0.208065003156662, 0, 0.22622014582157135, 0.27926331758499146, 0.3728375732898712, 0.4464206099510193, 0.2400931715965271, 0.19216583669185638, 0.24552421271800995, 0.2507931590080261, 0.2507931590080261, 0.248326376080513, 0.3047207295894623, 0.19216583669185638, 0.2667352557182312, 0.22964507341384888, 0.2667352557182312, 0.22964507341384888, 0.208065003156662, 0.3047207295894623, 0.208065003156662, 0.44636648893356323, 0.27926331758499146, 0.3728375732898712, 0.44644683599472046, 0.36859744787216187, 0.19216583669185638, 0.19216583669185638, 0.2507931590080261, 0.2507931590080261, 0.248326376080513, 0.3047207295894623, 0.19216583669185638, 0.2667352557182312, 0.22964508831501007, 0.2667352259159088, 0.22964507341384888, 0.208065003156662, 0.208065003156662, 0.20366844534873962
0.36080458760261536, 0.24809271097183228, 0.20274609327316284, 0.3759424090385437, 0.30394938588142395, 0.3376665711402893, 0.2406146079301834, 0.4558921456336975, 0.2507931590080261, 0.3727235198020935, 0.3376665711402893, 0.6337766051292419, 0.3303638696670532, 0.3303638696670532, 0.3303638696670532, 0.3376665711402893, 0.3303638696670532, 0.3303638696670532, 0.3304457664489746, 0.3339032232761383, 0.38068580627441406, 0.1922951638698578, 0.3376665711402893, 0.3376665711402893, 0.23275621235370636, 0.3303638696670532, 0.2507931590080261, 0.17410467565059662, 0.33766457438468933, 0.19216583669185638, 0.3376665711402893, 0.2507931590080261, 0.13362467288970947, 0.2792632281780243, 0.229205921292305, 0.17410467565059662, 0, 0.2740834355354309, 0.24804142117500305, 0.17410467565059662, 0.17410467565059662, 0, 0.2612174153327942, 0.3303638696670532, 0.371787428855896, 0.3303638696670532, 0.33036065101623535, 0.3303641080856323, 0.17410467565059662, 0.17410467565059662, 0.19793745875358582, 0.17410467565059662, 0.29358580708503723, 0.2185354083776474, 0.3381633758544922, 0.25074148178100586, 0.3376665711402893, 0.3376665711402893, 0.17410467565059662, 0.3376665711402893, 0.31399521231651306, 0.2612174153327942, 0.3303638696670532, 0.3647732138633728, 0.3303638696670532, 0.3376665711402893, 0.3303638696670532, 0.17410467565059662, 0.17410467565059662, 0.19793745875358582, 0.17410467565059662, 0.29358580708503723, 0.2185354083776474, 0.33975645899772644, 0.2507931590080261, 0.3303638696670532, 0.3376665711402893, 0.3376665711402893, 0.17410467565059662
0, 0.26082101464271545, 0.28071826696395874, 0.24465125799179077, 0.16523084044456482, 0.2667352557182312, 0.23350858688354492, 0.2503832280635834, 0.1620577573776245, 0.3047207295894623, 0.18813681602478027, 0.3288235664367676, 0.2458774298429489, 0.24605035781860352, 0.303221195936203, 0.3047119975090027, 0.24605296552181244, 0.2460499107837677, 0.2450592964887619, 0.257097989320755, 0.17435777187347412, 0.12791505455970764, 0.3047207295894623, 0.208065003156662, 0.19340962171554565, 0.2565624415874481, 0.2776953876018524, 0.26235127449035645, 0.24605035781860352, 0.24618609249591827, 0.28776830434799194, 0.2772679924964905, 0.27277037501335144, 0.1735614538192749, 0.27341997623443604, 0.2795567810535431, 0, 0.3078121840953827, 0.27187788486480713, 0.2667352557182312, 0.3047207295894623, 0.26621901988983154, 0, 0.24472260475158691, 0.2546015679836273, 0.2667352557182312, 0.2593664824962616, 0.2667352557182312, 0.3047207295894623, 0.2667352557182312, 0.13006609678268433, 0.3047207295894623, 0.30128371715545654, 0.22843311727046967, 0.25883063673973083, 0.23415997624397278, 0.24871976673603058, 0.3047207295894623, 0.3047206401824951, 0.2667352557182312, 0.3125273287296295, 0.26677241921424866, 0.24045273661613464, 0.2546014189720154, 0.2667352557182312, 0.26673418283462524, 0.2595146596431732, 0.3047207295894623, 0.2667352557182312, 0.13006609678268433, 0.3047207295894623, 0.3045123517513275, 0.26445838809013367, 0.2587864398956299, 0.2631732225418091, 0.25972723960876465, 0.3047207295894623, 0.2667352557182312, 0.2878820300102234
0.124903604388237, 0.1920575499534607, 0.2578258514404297, 0.2647884488105774, 0.2931467890739441, 0.3047207295894623, 0.2342166006565094, 0.3650102913379669, 0.23063895106315613, 0.3047207295894623, 0.2120799720287323, 0.32961124181747437, 0.24605035781860352, 0.32624587416648865, 0.23014208674430847, 0.3047207295894623, 0.23014093935489655, 0.2667352259159088, 0.23042771220207214, 0.3047207295894623, 0.2103566825389862, 0.1896275281906128, 0.3047207295894623, 0.3047207295894623, 0.16966423392295837, 0.3047207295894623, 0.2111973762512207, 0.22622014582157135, 0.3047207295894623, 0.2642055153846741, 0.23546652495861053, 0.21820159256458282, 0.15261414647102356, 0.2260829210281372, 0.28667065501213074, 0.25079238414764404, 0, 0.29915064573287964, 0.32626524567604065, 0.2642055153846741, 0.30472075939178467, 0.22622014582157135, 0.24604371190071106, 0, 0.3047207295894623, 0.23496492207050323, 0.3047207295894623, 0.3047207295894623, 0.3047207295894623, 0.2642055153846741, 0.21471764147281647, 0.26420560479164124, 0.3047207295894623, 0.2335340827703476, 0.26671308279037476, 0.20246943831443787, 0.2667352557182312, 0.3047207295894623, 0.3046783208847046, 0.3047207295894623, 0.44636648893356323, 0.24581646919250488, 0.23014093935489655, 0.3047207295894623, 0.24522720277309418, 0.19268621504306793, 0.3047207295894623, 0.3047207295894623, 0.2642055153846741, 0.21471764147281647, 0.2642055153846741, 0.3047207295894623, 0.2642051875591278, 0.2667352557182312, 0.2867734134197235, 0.2667352557182312, 0.3047207295894623, 0.3047207295894623, 0.2642055153846741
0.10275689512491226, 0.14398035407066345, 0.2829180359840393, 0.3617671728134155, 0.2057408094406128, 0.3047207295894623, 0.2468356341123581, 0.37016773223876953, 0.29038915038108826, 0.3035125732421875, 0.2888202369213104, 0.5207304954528809, 0.2835029363632202, 0.3262832760810852, 0.225528284907341, 0.28727883100509644, 0.2448962926864624, 0.24605035781860352, 0.24605035781860352, 0.3047207295894623, 0.1773373782634735, 0.19164413213729858, 0.24605035781860352, 0.24605035781860352, 0.281563401222229, 0.26785537600517273, 0.23072881996631622, 0.2642053961753845, 0.24605035781860352, 0.3047206699848175, 0.33309459686279297, 0.2922512888908386, 0.18977873027324677, 0.21462824940681458, 0.2514198422431946, 0.2667352557182312, 0, 0.2533077895641327, 0.23821794986724854, 0.3047207295894623, 0.3047207295894623, 0.2642055153846741, 0.1921669989824295, 0.22965481877326965, 0, 0.20901770889759064, 0.23315677046775818, 0.24605035781860352, 0.2667352557182312, 0.3047207295894623, 0.22210444509983063, 0.3047207295894623, 0.3047207295894623, 0.20705875754356384, 0.2507932484149933, 0.30472326278686523, 0.24605035781860352, 0.3047207295894623, 0.3047207295894623, 0.3047207295894623, 0.5612269639968872, 0.1965794861316681, 0.22964507341384888, 0.24605035781860352, 0.20806635916233063, 0.2507931590080261, 0.233733132481575, 0.2667352557182312, 0.3047207295894623, 0.22210444509983063, 0.3047207295894623, 0.3047207295894623, 0.20984694361686707, 0.2508254647254944, 0.3047207295894623, 0.3047207295894623, 0.3047207295894623, 0.3047207295894623, 0.3047003746032715
0.18451552093029022, 0.12453620135784149, 0.27699485421180725, 0.2532479763031006, 0.20067182183265686, 0.3047207295894623, 0.24839916825294495, 0.433660089969635, 0.24981103837490082, 0.3047207295894623, 0.23014093935489655, 1.4288818836212158, 0.24605035781860352, 0.28350967168807983, 0.24525701999664307, 0.3047207295894623, 0.2315559685230255, 0.24605035781860352, 0.24605035781860352, 0.3047204911708832, 0.16114673018455505, 0.12203085422515869, 0.24605035781860352, 0.24605035781860352, 0.19803765416145325, 0.28876835107803345, 0.26422974467277527, 0.2642055153846741, 0.24605035781860352, 0.22622013092041016, 0.30605241656303406, 0.26693859696388245, 0.2167457491159439, 0.2624662220478058, 0.2636741101741791, 0.2888587415218353, 0, 0.29042261838912964, 0.23782716691493988, 0.2642055153846741, 0.2642055153846741, 0.22622014582157135, 0.24605035781860352, 0.24605035781860352, 0.24605035781860352, 0, 0.2887650728225708, 0.3047207295894623, 0.26849156618118286, 0.2642055153846741, 0.24767810106277466, 0.2642055153846741, 0.3047207295894623, 0.2642055153846741, 0.24901960790157318, 0.2868136763572693, 0.3047207295894623, 0.3047207295894623, 0.3047066628932953, 0.3047207295894623, 0.44636648893356323, 0.24605035781860352, 0.24605035781860352, 0.24605035781860352, 0.24605035781860352, 0.2461612969636917, 0.28876832127571106, 0.26849156618118286, 0.2642055153846741, 0.24767810106277466, 0.2642055153846741, 0.3047207295894623, 0.2642055153846741, 0.2620101869106293, 0.30449724197387695, 0.3047207295894623, 0.3047207295894623, 0.3047207295894623, 0.2642055153846741
0, 0.5742518901824951, 0.17519855499267578, 0.18156851828098297, 0.2782859802246094, 0.3047207295894623, 0.4944247603416443, 0.29152292013168335, 0.5551913976669312, 0.208065003156662, 0.2888202369213104, 0.21459729969501495, 0.44636648893356323, 0.5921186208724976, 0.3007558584213257, 0.24605035781860352, 0.4463595151901245, 0.44636648893356323, 0.23014089465141296, 0.1268787384033203, 0.31330034136772156, 0.0853983461856842, 0.44636648893356323, 0.24605035781860352, 0.7054466009140015, 0.208065003156662, 0.23696376383304596, 0.23972006142139435, 0.30432629585266113, 0.13933466374874115, 0.14988800883293152, 0.2794437110424042, 0.25657540559768677, 0.32741421461105347, 0.2942594885826111, 0.17671753466129303, 0, 0.3047207295894623, 0.5216563940048218, 0.20862221717834473, 0.3047207295894623, 0.24615974724292755, 0.15544436872005463, 0.3236253559589386, 0.36291277408599854, 0.4463654160499573, 0, 0.24605035781860352, 0.2507931590080261, 0.3047207295894623, 0.21249301731586456, 0.2507931590080261, 0.22800466418266296, 0.34319376945495605, 0.2667352557182312, 0.2039269059896469, 0.25083863735198975, 0.21840223670005798, 0.23013637959957123, 0.24605035781860352, 0.4105602502822876, 0.16063499450683594, 0.4558061361312866, 0.4400104284286499, 0.44636648893356323, 0.23994511365890503, 0.24605035781860352, 0.2507931590080261, 0.3047207295894623, 0.21249301731586456, 0.25079306960105896, 0.22800466418266296, 0.36849716305732727, 0.2667352557182312, 0.2882029414176941, 0.2489011287689209, 0.21840223670005798, 0.24605035781860352, 0.30702513456344604
0.31075718998908997, 0.12692493200302124, 0.2486894577741623, 0.3724137246608734, 0.3047207295894623, 0.2667352557182312, 0.2952266037464142, 0.2817878723144531, 0.26623865962028503, 0.3047207295894623, 0.23014093935489655, 0.3708387017250061, 0.24552421271800995, 0.36283448338508606, 0.17410467565059662, 0.2667352557182312, 0.22964507341384888, 0.208065003156662, 0.20807060599327087, 0.28876835107803345, 0.15167061984539032, 0.15026098489761353, 0.24605035781860352, 0.208065003156662, 0.2327321320772171, 0.26673510670661926, 0.3047207295894623, 0.21034090220928192, 0.24605035781860352, 0.3047207295894623, 0.27845120429992676, 0.2667352557182312, 0.2667352557182312, 0.2055351436138153, 0.2486894577741623, 0.24868959188461304, 0, 0.2667352557182312, 0.2739293575286865, 0.2667352557182312, 0.2667352557182312, 0.2642055153846741, 0.208065003156662, 0.22964507341384888, 0.208065003156662, 0.17410476505756378, 0.3047207295894623, 0, 0.2667352557182312, 0.2667352557182312, 0.23546522855758667, 0.2667352557182312, 0.2667352557182312, 0.2667352557182312, 0.2667352557182312, 0.2667352557182312, 0.208065003156662, 0.208065003156662, 0.3047207295894623, 0.2667352557182312, 0.44636648893356323, 0.208065003156662, 0.22964507341384888, 0.208065003156662, 0.17410467565059662, 0.2507931590080261, 0.3047207295894623, 0.2667352557182312, 0.2667352557182312, 0.23546522855758667, 0.2667352557182312, 0.2667352557182312, 0.2667352557182312, 0.2667352557182312, 0.2667352557182312, 0.2667352557182312, 0.208065003156662, 0.2667352557182312, 0.3047207295894623
0.3943292200565338, 0.2604256868362427, 0.2280239462852478, 0.35496073961257935, 0.24595487117767334, 0.36283448338508606, 0.27258142828941345, 0.2920610308647156, 0.2887471914291382, 0.28350967168807983, 0.4911167025566101, 0.3925173282623291, 0.44636648893356323, 0.4911167025566101, 0.4463734030723572, 0.28350967168807983, 0.4553762674331665, 0.3685658872127533, 0.44628578424453735, 0.2676146626472473, 0.3303910791873932, 0.26889768242836, 0.44636648893356323, 0.44636648893356323, 0.2891351580619812, 0.20805734395980835, 0.19161733984947205, 0.15168015658855438, 0.44636648893356323, 0.26763057708740234, 0.445728063583374, 0.3047207295894623, 0.29132547974586487, 0.36283448338508606, 0.2866706848144531, 0.17419379949569702, 0, 0.28657886385917664, 0.2638111114501953, 0.19216583669185638, 0.24605035781860352, 0.22622014582157135, 0.36348584294319153, 0.44636648893356323, 0.44636648893356323, 0.33794745802879333, 0.4457799792289734, 0.44636648893356323, 0, 0.24605035781860352, 0.24833139777183533, 0.252304345369339, 0.28350967168807983, 0.1659795343875885, 0.44636648893356323, 0.22982487082481384, 0.45636945962905884, 0.44636648893356323, 0.3047206699848175, 0.28350967168807983, 0.3724386692047119, 0.36373311281204224, 0.44636648893356323, 0.44636648893356323, 0.33767205476760864, 0.19839796423912048, 0.44636327028274536, 0.24497538805007935, 0.24605035781860352, 0.24833139777183533, 0.30333423614501953, 0.28350967168807983, 0.1684936285018921, 0.44636648893356323, 0.22799760103225708, 0.45636945962905884, 0.44636648893356323, 0.28350967168807983, 0.21168376505374908
0.4701007306575775, 0.19229519367218018, 0.21042175590991974, 0.37241411209106445, 0.3047207295894623, 0.19216583669185638, 0.24868950247764587, 0.28350967168807983, 0.2330513894557953, 0.24605035781860352, 0.422166109085083, 0.6337766051292419, 0.3728375732898712, 0.4911167025566101, 0.37305277585983276, 0.19216583669185638, 0.3728375732898712, 0.3728375732898712, 0.3728240728378296, 0.1741047203540802, 0.15167079865932465, 0.19235146045684814, 0.45636945962905884, 0.3728375732898712, 0.17410923540592194, 0.19216522574424744, 0.2507931590080261, 0.15167061984539032, 0.3728375732898712, 0.19216583669185638, 0.3376549780368805, 0.28876835107803345, 0.2667352259159088, 0.21138833463191986, 0.2327321469783783, 0.17410467565059662, 0, 0.2046297937631607, 0.40402308106422424, 0.19216583669185638, 0.208065003156662, 0.22622014582157135, 0.2951403856277466, 0.3728375732898712, 0.44636648893356323, 0.3376665711402893, 0.19216583669185638, 0.3728375732898712, 0.2507932782173157, 0, 0.21034090220928192, 0.2667352557182312, 0.19216583669185638, 0.19216583669185638, 0.22964507341384888, 0.2667352557182312, 0.3728375732898712, 0.24552421271800995, 0.3047207295894623, 0.19216583669185638, 0.44636648893356323, 0.2951425015926361, 0.3728375732898712, 0.44636648893356323, 0.33766698837280273, 0.19216583669185638, 0.19216585159301758, 0.2508963346481323, 0.19216583669185638, 0.21034090220928192, 0.2667352557182312, 0.19216583669185638, 0.19216583669185638, 0.24446475505828857, 0.2667079269886017, 0.22964507341384888, 0.24552421271800995, 0.19216583669185638, 0.23014093935489655
0, 0.21738767623901367, 0.2479725182056427, 0.29982250928878784, 0.20789597928524017, 0.3376081585884094, 0.2744251489639282, 0.3661794066429138, 0.3096346855163574, 0.2853418290615082, 0.2763204276561737, 0.3563552498817444, 0.3429718017578125, 0.2619098424911499, 0.26457566022872925, 0.2958202660083771, 0.2443244755268097, 0.26335403323173523, 0.3550524115562439, 0.3466120958328247, 0.20603543519973755, 0.19259296357631683, 0.29068249464035034, 0.30026572942733765, 0.14924205839633942, 0.3021785020828247, 0.25294771790504456, 0.2718977630138397, 0.2887435257434845, 0.2559870779514313, 0.3213263154029846, 0.2587672770023346, 0.3084588646888733, 0.20737603306770325, 0.19593746960163116, 0.264938086271286, 0, 0.402325838804245, 0, 0.33766645193099976, 0.3376665711402893, 0.2772374153137207, 0.24724112451076508, 0.25182801485061646, 0.23679499328136444, 0.3558046519756317, 0.30438095331192017, 0.2569667100906372, 0.2940046191215515, 0.3376217484474182, 0, 0.33766603469848633, 0.33743953704833984, 0.275326132774353, 0.34463629126548767, 0.2302965521812439, 0.33766692876815796, 0.3376665711402893, 0.26765739917755127, 0.24880880117416382, 0.33115196228027344, 0.2474168837070465, 0.25384390354156494, 0.23804916441440582, 0.3543955385684967, 0.2170267403125763, 0.30471640825271606, 0.2796503007411957, 0.3376591205596924, 0.24200746417045593, 0.3376649022102356, 0.33763083815574646, 0.27519041299819946, 0.3474571108818054, 0.2147708237171173, 0.33310049772262573, 0.3376665711402893, 0.24881111085414886, 0.23082348704338074
0.3332757353782654, 0.2151540368795395, 0.16750042140483856, 0.3724125623703003, 0.2280047982931137, 0.3728375732898712, 0.29993289709091187, 0.4620562195777893, 0.18957878649234772, 0.44636648893356323, 0.4911167025566101, 0.5696791410446167, 0.37283533811569214, 0.3763542175292969, 0.37282395362854004, 0.3728375732898712, 0.3728375732898712, 0.3376665711402893, 0.3727118670940399, 0.21160024404525757, 0.36813223361968994, 0.23274360597133636, 0.3728375732898712, 0.3728375732898712, 0.3726237714290619, 0.3387960195541382, 0.23937183618545532, 0.19216687977313995, 0.3728375732898712, 0.19216583669185638, 0.4028617739677429, 0.2808151841163635, 0.2667352557182312, 0.2387453317642212, 0.22800464928150177, 0.29358580708503723, 0, 0.230362206697464, 0.30505821108818054, 0.3728375732898712, 0.24552421271800995, 0.1516706943511963, 0.3628348708152771, 0.34150975942611694, 0.3728882670402527, 0.3376665711402893, 0.3847362995147705, 0.3728375732898712, 0.19216583669185638, 0.19216583669185638, 0.2315041720867157, 0, 0.30988579988479614, 0.24552348256111145, 0.36285561323165894, 0.2511364817619324, 0.3728375732898712, 0.36283451318740845, 0.208065003156662, 0.3723774254322052, 0.40098899602890015, 0.36283445358276367, 0.367967814207077, 0.37284067273139954, 0.3376665711402893, 0.22964507341384888, 0.3847362995147705, 0.19216583669185638, 0.19216583669185638, 0.2365187257528305, 0.208065003156662, 0.30988627672195435, 0.24552421271800995, 0.36283448338508606, 0.2487010955810547, 0.3728375732898712, 0.36283451318740845, 0.36648041009902954, 0.16900634765625
0.30423703789711, 0.2081742137670517, 0.1964198350906372, 0.37251830101013184, 0.3047192692756653, 0.208065003156662, 0.2552439272403717, 0.283509761095047, 0.23281072080135345, 0.24605035781860352, 0.22800466418266296, 0.6337766051292419, 0.3632732629776001, 0.5921186208724976, 0.38102734088897705, 0.24605035781860352, 0.45636945962905884, 0.2523610591888428, 0.44608548283576965, 0.2667282223701477, 0.20475508272647858, 0.2474665343761444, 0.28350967168807983, 0.36283448338508606, 0.18790671229362488, 0.20462340116500854, 0.2507931590080261, 0.21244315803050995, 0.36283448338508606, 0.19216583669185638, 0.2883295714855194, 0.2667352557182312, 0.3047207295894623, 0.16754969954490662, 0.30379465222358704, 0.17845124006271362, 0, 0.2486894726753235, 0.31929826736450195, 0.208065003156662, 0.208065003156662, 0.22622014582157135, 0.37283653020858765, 0.3385099172592163, 0.28350967168807983, 0.2512083053588867, 0.2808157503604889, 0.24605035781860352, 0.2667352557182312, 0.2667352557182312, 0.2906073033809662, 0.26673537492752075, 0, 0.2264738827943802, 0.2730705142021179, 0.2667350471019745, 0.22964507341384888, 0.208065003156662, 0.2667352557182312, 0.24605035781860352, 0.5921186208724976, 0.2792825698852539, 0.36692923307418823, 0.28350967168807983, 0.25121015310287476, 0.2667352557182312, 0.3037247955799103, 0.2667352557182312, 0.2667352557182312, 0.2898584008216858, 0.2667352557182312, 0.24605035781860352, 0.26672032475471497, 0.2868099808692932, 0.26621028780937195, 0.19216583669185638, 0.208065003156662, 0.24605035781860352, 0.3047207295894623
0.13581952452659607, 0.24751149117946625, 0.25548937916755676, 0.5718917846679688, 0.27849066257476807, 0.22555053234100342, 0.25197622179985046, 0.33040034770965576, 0.26767459511756897, 0.2080649733543396, 0.2911343574523926, 0.6291570663452148, 0.42168354988098145, 0.4559405446052551, 0.3415910601615906, 0.18128523230552673, 0.3303638994693756, 0.4502623677253723, 0.3728337287902832, 0.26763051748275757, 0.2225703001022339, 0.20744597911834717, 0.45636945962905884, 0.44637370109558105, 0.18508821725845337, 0.26175785064697266, 0.23972006142139435, 0.19216583669185638, 0.44636648893356323, 0.18107615411281586, 0.36972200870513916, 0.24865902960300446, 0.2502746880054474, 0.22828172147274017, 0.28575634956359863, 0.19001947343349457, 0, 0.217540442943573, 0.31250351667404175, 0.24605035781860352, 0.23014093935489655, 0.2642055153846741, 0.41639602184295654, 0.3306325078010559, 0.38847222924232483, 0.3303638696670532, 0.2963643968105316, 0.26763057708740234, 0.2507709264755249, 0.23014093935489655, 0.17699983716011047, 0.2887687683105469, 0.23014089465141296, 0, 0.18982180953025818, 0.30472061038017273, 0.40780574083328247, 0.2676318883895874, 0.3047207295894623, 0.24605031311511993, 0.42876186966896057, 0.415395051240921, 0.33040669560432434, 0.3904646635055542, 0.3303638696670532, 0.2190614938735962, 0.2961317300796509, 0.25075656175613403, 0.23014093935489655, 0.16053514182567596, 0.28876811265945435, 0.23014093935489655, 0.23013892769813538, 0.19147343933582306, 0.2887829840183258, 0.3502202033996582, 0.2676318883895874, 0.24605035781860352, 0.2056972086429596
0, 0.3463903069496155, 0.3643728494644165, 0.2083042412996292, 0.30472099781036377, 0.3047207295894623, 0.3715090751647949, 0.4284646511077881, 0.21777106821537018, 0.3047207295894623, 0.2956610918045044, 0.2443234920501709, 0.28350967168807983, 0.5921186208724976, 0.19225776195526123, 0.24605035781860352, 0.4554186463356018, 0.28350967168807983, 0.2449193000793457, 0.24191299080848694, 0.2202882319688797, 0.25127220153808594, 0.28350967168807983, 0.24605035781860352, 0.19859528541564941, 0.24605035781860352, 0.3140765130519867, 0.2642088830471039, 0.24605035781860352, 0.23742243647575378, 0.2784808278083801, 0.29711470007896423, 0.1813884675502777, 0.15489210188388824, 0.21169589459896088, 0.29667848348617554, 0, 0.24605035781860352, 0.4443855583667755, 0.5216240882873535, 0.3047207295894623, 0.2642055153846741, 0.19298890233039856, 0.2835211455821991, 0.348369300365448, 0.33318594098091125, 0.3728375732898712, 0.24605035781860352, 0.3047207295894623, 0.3047207295894623, 0.38041257858276367, 0.3047207295894623, 0.3047207295894623, 0.3042818009853363, 0, 0.3035987317562103, 0.24605035781860352, 0.24605035781860352, 0.3047207295894623, 0.24605035781860352, 0.5025160908699036, 0.1982724815607071, 0.3135756850242615, 0.3483693301677704, 0.3331280052661896, 0.2642055153846741, 0.372837632894516, 0.3047207295894623, 0.3047207295894623, 0.38041257858276367, 0.3047207295894623, 0.3047207295894623, 0.3046938180923462, 0.24583347141742706, 0.30472084879875183, 0.24605035781860352, 0.24605035781860352, 0.24605035781860352, 0.26434820890426636
0, 0.25509998202323914, 0.32669857144355774, 0.4414314329624176, 0.29651039838790894, 0.45636945962905884, 0.19677716493606567, 0.31697991490364075, 0.27771222591400146, 0.45636945962905884, 0.48275482654571533, 0.2145879566669464, 0.44636639952659607, 0.5851831436157227, 0.4471805691719055, 0.45636945962905884, 0.49105605483055115, 0.44636648893356323, 0.5920712947845459, 0.2678513526916504, 0.23848535120487213, 0.26499369740486145, 0.36283668875694275, 0.4563694894313812, 0.2573135793209076, 0.5921186208724976, 0.1581885814666748, 0.3863123059272766, 0.36300837993621826, 0.42223039269447327, 0.285841703414917, 0.2772674858570099, 0.2615143954753876, 0.297770231962204, 0.2993481755256653, 0.27237844467163086, 0, 0.45631158351898193, 0.21307137608528137, 0.23014093935489655, 0.45636945962905884, 0.2852494418621063, 0.45614397525787354, 0.44636648893356323, 0.36335310339927673, 0.4910527169704437, 0.4398769438266754, 0.44636648893356323, 0.45635131001472473, 0.45636945962905884, 0.2810679078102112, 0.21490180492401123, 0.456369549036026, 0.3627634346485138, 0.5917351841926575, 0, 0.3728375732898712, 0.44636648893356323, 0.2447284460067749, 0.44636648893356323, 0.3180932104587555, 0.4561541676521301, 0.44636648893356323, 0.3645058870315552, 0.4911016523838043, 0.44733771681785583, 0.4399876892566681, 0.4563172459602356, 0.45636945962905884, 0.2771054804325104, 0.21490183472633362, 0.4559691846370697, 0.3628108501434326, 0.5905662775039673, 0.2528981864452362, 0.36498045921325684, 0.44636648893356323, 0.44636648893356323, 0.44527387619018555
0.3226264715194702, 0.1891745626926422, 0.21062931418418884, 0.4559459090232849, 0.3047207295894623, 0.3047207295894623, 0.2426765114068985, 0.2997414767742157, 0.2507932782173157, 0.3047207295894623, 0.23014093935489655, 0.8191218972206116, 0.28350967168807983, 0.44636350870132446, 0.28350967168807983, 0.3047207295894623, 0.2301451563835144, 0.24605035781860352, 0.24605035781860352, 0.2664625644683838, 0.22621981799602509, 0.22622014582157135, 0.24605035781860352, 0.28350967168807983, 0.2278057187795639, 0.3047207295894623, 0.22622013092041016, 0.2642055153846741, 0.24605035781860352, 0.2667352557182312, 0.22505998611450195, 0.3047207295894623, 0.22622014582157135, 0.22622014582157135, 0.30220067501068115, 0.3047071695327759, 0, 0.302962988615036, 0.41628313064575195, 0.3047207295894623, 0.3047207295894623, 0.2642055153846741, 0.19713234901428223, 0.28350967168807983, 0.24605035781860352, 0.24605020880699158, 0.3047207295894623, 0.24605035781860352, 0.3047207295894623, 0.3047207295894623, 0.24904021620750427, 0.3047207295894623, 0.3047207295894623, 0.22622215747833252, 0.24605035781860352, 0.22805674374103546, 0, 0.24605035781860352, 0.2642055153846741, 0.3047207295894623, 0.44636648893356323, 0.20043346285820007, 0.28350967168807983, 0.24605035781860352, 0.24605035781860352, 0.2642055153846741, 0.3047207295894623, 0.3047207295894623, 0.3047207295894623, 0.24915644526481628, 0.3047207295894623, 0.3047207295894623, 0.26420384645462036, 0.24605035781860352, 0.22622014582157135, 0.24605035781860352, 0.24605035781860352, 0.3047207295894623, 0.2642055153846741
0.32986921072006226, 0.12631705403327942, 0.210340678691864, 0.4559459090232849, 0.3047207295894623, 0.3047207295894623, 0.2486894577741623, 0.3047207295894623, 0.2328953593969345, 0.3047207295894623, 0.23014093935489655, 0.3082374930381775, 0.2835046052932739, 0.5921186208724976, 0.2079755961894989, 0.2667357325553894, 0.22964507341384888, 0.208065003156662, 0.24605035781860352, 0.28876835107803345, 0.2103889286518097, 0.2786957919597626, 0.24605035781860352, 0.24605035781860352, 0.19301927089691162, 0.2667325437068939, 0.2507931590080261, 0.2667352557182312, 0.24605035781860352, 0.25080275535583496, 0.2279861718416214, 0.2667364478111267, 0.2667352557182312, 0.19355300068855286, 0.30471864342689514, 0.254630446434021, 0, 0.3047201633453369, 0.3677310347557068, 0.2667352557182312, 0.3047207295894623, 0.22622014582157135, 0.192168727517128, 0.2672746479511261, 0.24605035781860352, 0.19216583669185638, 0.3047207295894623, 0.24605035781860352, 0.30472075939178467, 0.2667352557182312, 0.1502179503440857, 0.3047207295894623, 0.3047207295894623, 0.26673728227615356, 0.2667352557182312, 0.2667352557182312, 0.19220615923404694, 0, 0.3047207295894623, 0.3047207295894623, 0.44636648893356323, 0.19310879707336426, 0.2309277355670929, 0.24605035781860352, 0.19216600060462952, 0.2667352557182312, 0.3047207295894623, 0.30472075939178467, 0.2667352557182312, 0.15019075572490692, 0.3047207295894623, 0.3047207295894623, 0.30470871925354004, 0.20808455348014832, 0.3047207295894623, 0.19255785644054413, 0.24605035781860352, 0.3047207295894623, 0.3047207295894623
0.10161074250936508, 0.1994672417640686, 0.16206976771354675, 0.4285848140716553, 0.2280045747756958, 0.36283594369888306, 0.1761639416217804, 0.5996052026748657, 0.27754247188568115, 0.28350967168807983, 0.45636945962905884, 0.4360959529876709, 0.36283448338508606, 0.4563697874546051, 0.36283448338508606, 0.24552421271800995, 0.37136679887771606, 0.36283448338508606, 0.3276633620262146, 0.30988579988479614, 0.31111377477645874, 0.19923174381256104, 0.44636648893356323, 0.3728375732898712, 0.2699055075645447, 0.1798955202102661, 0.20806506276130676, 0.208065003156662, 0.36283448338508606, 0.22964534163475037, 0.3114102780818939, 0.21074917912483215, 0.28876835107803345, 0.362834095954895, 0.3129352927207947, 0.22964507341384888, 0, 0.21304281055927277, 0.37860894203186035, 0.23014093935489655, 0.24552421271800995, 0.2667352557182312, 0.4563691318035126, 0.36283448338508606, 0.45636945962905884, 0.3728375732898712, 0.2713450789451599, 0.44636648893356323, 0.19001996517181396, 0.208065003156662, 0.20143646001815796, 0.2667352557182312, 0.24552419781684875, 0.24605035781860352, 0.43983206152915955, 0.26020917296409607, 0.3728375732898712, 0.44636648893356323, 0, 0.24552421271800995, 0.446366548538208, 0.45636290311813354, 0.36283448338508606, 0.45636945962905884, 0.3728375732898712, 0.208065003156662, 0.2728723883628845, 0.19005665183067322, 0.208065003156662, 0.20051901042461395, 0.2667352557182312, 0.24552011489868164, 0.24605035781860352, 0.4400104284286499, 0.25764000415802, 0.3728375732898712, 0.44636648893356323, 0.24552421271800995, 0.208065003156662
0, 0.19541221857070923, 0.16078925132751465, 0.3724137246608734, 0.3047207295894623, 0.208065003156662, 0.2573346197605133, 0.2862708568572998, 0.2507931590080261, 0.2667352557182312, 0.45636945962905884, 0.30731675028800964, 0.2400931715965271, 0.3728375732898712, 0.4502507448196411, 0.208065003156662, 0.45631587505340576, 0.22964507341384888, 0.36402231454849243, 0.23014093935489655, 0.40679609775543213, 0.1052090972661972, 0.26763057708740234, 0.22964507341384888, 0.17350374162197113, 0.19216583669185638, 0.2667352557182312, 0.2667352557182312, 0.24605035781860352, 0.3047206997871399, 0.38958966732025146, 0.2667352557182312, 0.21034090220928192, 0.27603524923324585, 0.15266287326812744, 0.2667352557182312, 0, 0.2667352557182312, 0.42205291986465454, 0.208065003156662, 0.2667352557182312, 0.22622014582157135, 0.2770991325378418, 0.3728375732898712, 0.28350967168807983, 0.3728375732898712, 0.24605035781860352, 0.24605035781860352, 0.24868763983249664, 0.2667352557182312, 0.23161795735359192, 0.2507931590080261, 0.24605035781860352, 0.2667352557182312, 0.208065003156662, 0.2667352557182312, 0.19216583669185638, 0.208065003156662, 0.3047207295894623, 0, 0.45636945962905884, 0.2770966589450836, 0.3728375732898712, 0.28350967168807983, 0.3728375732898712, 0.2507931590080261, 0.24605035781860352, 0.2486894577741623, 0.2667352557182312, 0.23409488797187805, 0.2507931590080261, 0.24605035781860352, 0.2667352557182312, 0.208065003156662, 0.3047207295894623, 0.19216583669185638, 0.208065003156662, 0.24605035781860352, 0.3047207295894623
0, 0.2879798412322998, 0.17410442233085632, 0.22906510531902313, 0.22545063495635986, 0.1651366651058197, 0.21457374095916748, 0.3781987428665161, 0.16306960582733154, 0.18491102755069733, 0.23025354743003845, 0.39702314138412476, 0.2866738736629486, 0.29141131043434143, 0.28666752576828003, 0.20034684240818024, 0.2805319130420685, 0.2502068281173706, 0.2949705719947815, 0.16156239807605743, 0.18605369329452515, 0.2206198126077652, 0.2486894577741623, 0.2667352557182312, 0.21366144716739655, 0.2229842096567154, 0.27669233083724976, 0.14707568287849426, 0.2838189899921417, 0.21009647846221924, 0.28506234288215637, 0.18602874875068665, 0.22894315421581268, 0.32603970170021057, 0.2626006305217743, 0.14683112502098083, 0, 0.14631947875022888, 0.0409199595451355, 0.14708024263381958, 0.16513663530349731, 0.19748714566230774, 0.2572629749774933, 0.30201256275177, 0.2896544337272644, 0.2866770923137665, 0.1549212485551834, 0.2486894577741623, 0.21892675757408142, 0.1651366651058197, 0.34895211458206177, 0.23787803947925568, 0.18509437143802643, 0.1953226923942566, 0.17696738243103027, 0.2268727868795395, 0.2486894577741623, 0.3047207295894623, 0.16409780085086823, 0.2486894577741623, 0, 0.2572528123855591, 0.3044090270996094, 0.29489511251449585, 0.2866707444190979, 0.1953153759241104, 0.15810316801071167, 0.21929693222045898, 0.1651366651058197, 0.3496555685997009, 0.23787803947925568, 0.2716763913631439, 0.1953195035457611, 0.17698507010936737, 0.15553642809391022, 0.2486894577741623, 0.3047207295894623, 0.2486894577741623, 0.1470756232738495
0, 0.2576640844345093, 0.2786523103713989, 0.25224488973617554, 0.17142392694950104, 0.2667352557182312, 0.2386382818222046, 0.2441961020231247, 0.16047558188438416, 0.3047207295894623, 0.19193008542060852, 0.32787391543388367, 0.24604998528957367, 0.24605035781860352, 0.30275726318359375, 0.3047207295894623, 0.2460513561964035, 0.24605035781860352, 0.24556005001068115, 0.2569374740123749, 0.18131710588932037, 0.12760305404663086, 0.3047207295894623, 0.20828871428966522, 0.1926301270723343, 0.2621065676212311, 0.27769577503204346, 0.26310813426971436, 0.24605035781860352, 0.24616307020187378, 0.29811733961105347, 0.27599242329597473, 0.27274852991104126, 0.17942774295806885, 0.2734050452709198, 0.2865043580532074, 0, 0.31313517689704895, 0.2770613431930542, 0.2667352557182312, 0.3047207295894623, 0.2667351961135864, 0.2650628089904785, 0.24577152729034424, 0.25459998846054077, 0.26673537492752075, 0.2595106363296509, 0.2667352557182312, 0.3047207295894623, 0.2667352557182312, 0.13056305050849915, 0.3047207295894623, 0.30470985174179077, 0.23700788617134094, 0.2589692175388336, 0.2141714096069336, 0.25514647364616394, 0.3047207295894623, 0.3047207295894623, 0.2667352557182312, 0.33912521600723267, 0, 0.2456154227256775, 0.25460097193717957, 0.26673534512519836, 0.2667352557182312, 0.25950488448143005, 0.3047207295894623, 0.2667352557182312, 0.12998546659946442, 0.3047207295894623, 0.3047206997871399, 0.2660568058490753, 0.25890153646469116, 0.2635347545146942, 0.2622954845428467, 0.3047207295894623, 0.2667352557182312, 0.3047204911708832
0.124903604388237, 0.19179245829582214, 0.2578258514404297, 0.2647400498390198, 0.29541638493537903, 0.3047207295894623, 0.23526370525360107, 0.34415918588638306, 0.22974756360054016, 0.3047207295894623, 0.2120799720287323, 0.3333241939544678, 0.24605035781860352, 0.29008305072784424, 0.2301419973373413, 0.3047207295894623, 0.23014093935489655, 0.302426278591156, 0.22910477221012115, 0.3047207295894623, 0.21263387799263, 0.18906395137310028, 0.3047207295894623, 0.3047207295894623, 0.16956263780593872, 0.3047206997871399, 0.2111973762512207, 0.22622014582157135, 0.3047207295894623, 0.2642055153846741, 0.23447902500629425, 0.21820156276226044, 0.1523280143737793, 0.22606997191905975, 0.2866706848144531, 0.2507918179035187, 0, 0.30464327335357666, 0.325316846370697, 0.2642055153846741, 0.3047148585319519, 0.22622014582157135, 0.24604976177215576, 0.23014093935489655, 0.3047207295894623, 0.22821572422981262, 0.3047207295894623, 0.3047207295894623, 0.3047207295894623, 0.2642055153846741, 0.21477514505386353, 0.2642058730125427, 0.3047207295894623, 0.26420480012893677, 0.2667202949523926, 0.20297245681285858, 0.2667352557182312, 0.3047207295894623, 0.3047199249267578, 0.3047207295894623, 0.44636648893356323, 0.2460336685180664, 0, 0.3047207295894623, 0.2453383356332779, 0.20935072004795074, 0.3047207295894623, 0.3047207295894623, 0.2642055153846741, 0.21902450919151306, 0.2642056345939636, 0.3047207295894623, 0.2642055153846741, 0.2667352557182312, 0.28673580288887024, 0.26697632670402527, 0.3047207295894623, 0.3047207295894623, 0.2642055153846741
0.12518462538719177, 0.1440432369709015, 0.28286316990852356, 0.43799108266830444, 0.20574036240577698, 0.3047207295894623, 0.2645396590232849, 0.3701675832271576, 0.29026326537132263, 0.30431699752807617, 0.2888202369213104, 0.5207304954528809, 0.28350943326950073, 0.3262832462787628, 0.24414187669754028, 0.3047207295894623, 0.24537941813468933, 0.24605035781860352, 0.24605035781860352, 0.3047207295894623, 0.17933881282806396, 0.1916441172361374, 0.24605035781860352, 0.24605035781860352, 0.28152984380722046, 0.26766666769981384, 0.23756378889083862, 0.2642053961753845, 0.24605035781860352, 0.3047207295894623, 0.3328407406806946, 0.29166334867477417, 0.18977873027324677, 0.21411068737506866, 0.2672311067581177, 0.2667352557182312, 0, 0.25178855657577515, 0.23156476020812988, 0.3047207295894623, 0.3047207295894623, 0.2642055153846741, 0.1921696662902832, 0.267262727022171, 0.24605035781860352, 0.24604040384292603, 0.2327321618795395, 0.24605035781860352, 0.2667352557182312, 0.3047207295894623, 0.21973158419132233, 0.3047207295894623, 0.3047207295894623, 0.20733040571212769, 0.25079381465911865, 0.30472272634506226, 0.24605035781860352, 0.3047207295894623, 0.3047207295894623, 0.3047207295894623, 0.5916776657104492, 0.21340805292129517, 0.2575779855251312, 0, 0.2414364218711853, 0.2507931590080261, 0.2327323853969574, 0.2667352557182312, 0.3047207295894623, 0.2197369784116745, 0.3047207295894623, 0.3047207295894623, 0.2101026028394699, 0.25097253918647766, 0.3047207295894623, 0.3047207295894623, 0.3047207295894623, 0.3047207295894623, 0.304426908493042
0.18451552093029022, 0.1293279230594635, 0.27634692192077637, 0.2536095380783081, 0.2040470987558365, 0.3047207295894623, 0.24840790033340454, 0.433513343334198, 0.25054171681404114, 0.3047207295894623, 0.23014093935489655, 1.4288818836212158, 0.24605035781860352, 0.28350967168807983, 0.24579232931137085, 0.3047207295894623, 0.23055283725261688, 0.24605035781860352, 0.24605035781860352, 0.30471497774124146, 0.15590548515319824, 0.12199003994464874, 0.24605035781860352, 0.24605035781860352, 0.19217535853385925, 0.28876835107803345, 0.2673802375793457, 0.2642055153846741, 0.24605035781860352, 0.22622081637382507, 0.3094754219055176, 0.2674194574356079, 0.21480143070220947, 0.2625453770160675, 0.25223076343536377, 0.2887718677520752, 0, 0.2954106628894806, 0.22929400205612183, 0.2642055153846741, 0.2642055153846741, 0.22622014582157135, 0.24605035781860352, 0.24605035781860352, 0.24605035781860352, 0.24605035781860352, 0.28876855969429016, 0.3047207295894623, 0.2654210925102234, 0.2642055153846741, 0.24711717665195465, 0.2642055153846741, 0.3047207295894623, 0.2642055153846741, 0.24937547743320465, 0.2887120842933655, 0.3047207295894623, 0.3047207295894623, 0.29034483432769775, 0.3047207295894623, 0.44636648893356323, 0.24605035781860352, 0.24605035781860352, 0.24605035781860352, 0, 0.24615974724292755, 0.28878718614578247, 0.26433998346328735, 0.2642055153846741, 0.24768194556236267, 0.2642055153846741, 0.3047207295894623, 0.2642055153846741, 0.29701030254364014, 0.30471327900886536, 0.3047207295894623, 0.3047207295894623, 0.3047207295894623, 0.2642055153846741
0, 0.19923405349254608, 0.1443246603012085, 0.39182212948799133, 0.24605031311511993, 0.208065003156662, 0.26268815994262695, 0.3665245473384857, 0.2103370875120163, 0.24605035781860352, 0.422166109085083, 0.2828909158706665, 0.3728375732898712, 0.3728375732898712, 0.3028455972671509, 0.19216583669185638, 0.37271177768707275, 0.3728375732898712, 0.3728375732898712, 0.2297850251197815, 0.4022499918937683, 0.1922951489686966, 0.3728375732898712, 0.3728375732898712, 0.2661355137825012, 0.17410467565059662, 0.24857990443706512, 0.1675497591495514, 0.22981062531471252, 0.208065003156662, 0.3921410143375397, 0.2667352557182312, 0.21034090220928192, 0.1475607454776764, 0.14440840482711792, 0.3047207295894623, 0, 0.13362467288970947, 0.2581142485141754, 0.208065003156662, 0.208065003156662, 0.2642055153846741, 0.27709662914276123, 0.3728375732898712, 0.3728375732898712, 0.3376665711402893, 0.2486894577741623, 0.22964507341384888, 0.2327321320772171, 0.25047409534454346, 0.10299701988697052, 0.2507931590080261, 0.23014093935489655, 0.2262200564146042, 0.33766430616378784, 0.30460500717163086, 0.22964507341384888, 0.208065003156662, 0.3047207295894623, 0.19216583669185638, 0.4502640962600708, 0.2770966589450836, 0.3728375732898712, 0.3728375732898712, 0.3376665711402893, 0, 0.2486894577741623, 0.2327321320772171, 0.21034090220928192, 0.10299891978502274, 0.2507931590080261, 0.23014093935489655, 0.22622014582157135, 0.3376665711402893, 0.3047207295894623, 0.22964507341384888, 0.208065003156662, 0.19216583669185638, 0.2642055153846741
0, 0.5742576718330383, 0.17521002888679504, 0.18156851828098297, 0.2782859802246094, 0.3047207295894623, 0.49364331364631653, 0.29151952266693115, 0.5554149150848389, 0.208065003156662, 0.2888202369213104, 0.21265961229801178, 0.44636648893356323, 0.5921186208724976, 0.3007640540599823, 0.24605035781860352, 0.446380078792572, 0.44636648893356323, 0.23014093935489655, 0.14625336229801178, 0.32839640974998474, 0.08539804816246033, 0.44636648893356323, 0.24605035781860352, 0.6949965953826904, 0.208065003156662, 0.24035046994686127, 0.23972006142139435, 0.3046773076057434, 0.13888120651245117, 0.15247155725955963, 0.2794440984725952, 0.25657540559768677, 0.3281705379486084, 0.2942737340927124, 0.17668968439102173, 0, 0.3047207295894623, 0.5216563940048218, 0.20862221717834473, 0.3047207295894623, 0.24615974724292755, 0.15539151430130005, 0.3235552906990051, 0.362835168838501, 0.33170247077941895, 0.24605035781860352, 0.24605035781860352, 0.2507931590080261, 0.3047207295894623, 0.21251626312732697, 0.2507931590080261, 0.22800466418266296, 0.3442497253417969, 0.2667352557182312, 0.20318281650543213, 0.25083863735198975, 0.23014076054096222, 0.23013266921043396, 0.24605035781860352, 0.41071370244026184, 0.16063600778579712, 0.323625385761261, 0.4400104284286499, 0.44636648893356323, 0.23994523286819458, 0, 0.2507931590080261, 0.3047207295894623, 0.21251626312732697, 0.2507932186126709, 0.22800466418266296, 0.37190234661102295, 0.2667352557182312, 0.2882029414176941, 0.23232342302799225, 0.23008866608142853, 0.24605035781860352, 0.29540103673934937
0.3943292200565338, 0.2604256868362427, 0.2280239462852478, 0.35496073961257935, 0.24595487117767334, 0.36283448338508606, 0.27258142828941345, 0.2920610308647156, 0.2887471914291382, 0.28350967168807983, 0.4911167025566101, 0.3925173282623291, 0.44636648893356323, 0.4911167025566101, 0.4463734030723572, 0.28350967168807983, 0.4553762674331665, 0.3685658872127533, 0.44628578424453735, 0.2676146626472473, 0.3303910791873932, 0.26889768242836, 0.44636648893356323, 0.44636648893356323, 0.2891351580619812, 0.20805734395980835, 0.19161733984947205, 0.15168015658855438, 0.44636648893356323, 0.26763057708740234, 0.445728063583374, 0.3047207295894623, 0.29132547974586487, 0.36283448338508606, 0.2866706848144531, 0.17419379949569702, 0, 0.28657886385917664, 0.2638111114501953, 0.19216583669185638, 0.24605035781860352, 0.22622014582157135, 0.36348584294319153, 0.44636648893356323, 0.44636648893356323, 0.33794745802879333, 0.4457799792289734, 0.44636648893356323, 0.22956053912639618, 0.24605035781860352, 0.24833087623119354, 0.24605035781860352, 0.28350967168807983, 0.19850215315818787, 0.44636648893356323, 0.23539800941944122, 0.45636945962905884, 0.44636648893356323, 0.3047206699848175, 0.28350967168807983, 0.3724361062049866, 0.3631356954574585, 0.44636648893356323, 0.44636648893356323, 0.33766812086105347, 0.19132505357265472, 0.44631683826446533, 0, 0.24605035781860352, 0.24833139777183533, 0.30333423614501953, 0.28350967168807983, 0.1684936285018921, 0.44636648893356323, 0.22799760103225708, 0.45636945962905884, 0.44636648893356323, 0.28350967168807983, 0.21168376505374908
0.4701007306575775, 0.19229519367218018, 0.21042175590991974, 0.37241411209106445, 0.3047207295894623, 0.19216583669185638, 0.24868950247764587, 0.28350967168807983, 0.2330513894557953, 0.24605035781860352, 0.422166109085083, 0.6337766051292419, 0.3728375732898712, 0.4911167025566101, 0.37305277585983276, 0.19216583669185638, 0.3728375732898712, 0.3728375732898712, 0.3728240728378296, 0.1741047203540802, 0.15167079865932465, 0.19235146045684814, 0.45636945962905884, 0.3728375732898712, 0.17410923540592194, 0.19216522574424744, 0.2507931590080261, 0.15167061984539032, 0.3728375732898712, 0.19216583669185638, 0.3376549780368805, 0.28876835107803345, 0.2667352259159088, 0.21138833463191986, 0.2327321469783783, 0.17410467565059662, 0, 0.2046297937631607, 0.40402308106422424, 0.19216583669185638, 0.208065003156662, 0.22622014582157135, 0.2951403856277466, 0.3728375732898712, 0.44636648893356323, 0.3376665711402893, 0.19216583669185638, 0.3728375732898712, 0.2507932782173157, 0.19216583669185638, 0.21034090220928192, 0.266914963722229, 0.19216583669185638, 0.19216583669185638, 0.22964507341384888, 0.2667352557182312, 0.3728375732898712, 0.24552421271800995, 0.3047207295894623, 0.19216583669185638, 0.44636648893356323, 0.2951425015926361, 0.3728375732898712, 0.44636648893356323, 0.3379243314266205, 0.19216583669185638, 0.19216583669185638, 0.2507932782173157, 0, 0.21034090220928192, 0.2667352557182312, 0.19216583669185638, 0.19216583669185638, 0.24446475505828857, 0.2667079269886017, 0.22964507341384888, 0.24552421271800995, 0.19216583669185638, 0.23014093935489655
0, 0.21738767623901367, 0.2479725182056427, 0.29982250928878784, 0.20789597928524017, 0.3376081585884094, 0.2744251489639282, 0.3661794066429138, 0.3096346855163574, 0.2853418290615082, 0.2763204276561737, 0.3563552498817444, 0.3429718017578125, 0.2619098424911499, 0.26457566022872925, 0.2958202660083771, 0.2443244755268097, 0.26335403323173523, 0.3550524115562439, 0.3466120958328247, 0.20603543519973755, 0.19259296357631683, 0.29068249464035034, 0.30026572942733765, 0.14924205839633942, 0.3021785020828247, 0.25294771790504456, 0.2718977630138397, 0.2887435257434845, 0.2559870779514313, 0.3213263154029846, 0.2587672770023346, 0.3084588646888733, 0.20737603306770325, 0.19593746960163116, 0.264938086271286, 0, 0.402325838804245, 0, 0.33766645193099976, 0.3376665711402893, 0.2772374153137207, 0.24724112451076508, 0.25182801485061646, 0.23679499328136444, 0.3558046519756317, 0.30438095331192017, 0.2569667100906372, 0.2940046191215515, 0.3376217484474182, 0.2357257604598999, 0.3376653790473938, 0.33743947744369507, 0.2753981947898865, 0.34463629126548767, 0.22693036496639252, 0.33766692876815796, 0.3376665711402893, 0.2674795091152191, 0.2487611472606659, 0.33808979392051697, 0.24695199728012085, 0.25384387373924255, 0.23712296783924103, 0.3531695604324341, 0.21711845695972443, 0.30471640825271606, 0.2940046191215515, 0.3376217484474182, 0, 0.3376649022102356, 0.33763083815574646, 0.27519041299819946, 0.3474571108818054, 0.2147708237171173, 0.33310049772262573, 0.3376665711402893, 0.24881111085414886, 0.23082348704338074
0.324821799993515, 0.21594862639904022, 0.17279531061649323, 0.3724125623703003, 0.22800573706626892, 0.3728375732898712, 0.29985111951828003, 0.46224987506866455, 0.18190456926822662, 0.44636648893356323, 0.4911167025566101, 0.5696791410446167, 0.37283286452293396, 0.373558908700943, 0.37283700704574585, 0.3728375732898712, 0.3728375732898712, 0.3376665711402893, 0.3728335201740265, 0.21159926056861877, 0.3686057925224304, 0.23277547955513, 0.3728375732898712, 0.3728375732898712, 0.3726428151130676, 0.3384858965873718, 0.2397116720676422, 0.19216784834861755, 0.3728375732898712, 0.19216583669185638, 0.40278810262680054, 0.26951858401298523, 0.2667352557182312, 0.23874877393245697, 0.22800330817699432, 0.29358580708503723, 0, 0.22965121269226074, 0.3252317011356354, 0.3728375732898712, 0.2455241084098816, 0.15167061984539032, 0.3628348708152771, 0.34396225214004517, 0.37283772230148315, 0.3376665711402893, 0.3847362995147705, 0.3728375732898712, 0.19216583669185638, 0.19216583669185638, 0.2264372706413269, 0.208065003156662, 0.30988579988479614, 0.24292734265327454, 0.36436736583709717, 0.24918420612812042, 0.3728373348712921, 0.3628482222557068, 0.208065003156662, 0.3728375732898712, 0.40098899602890015, 0.36283451318740845, 0.3464319109916687, 0.3728376030921936, 0.3376665711402893, 0.22964505851268768, 0.3847362995147705, 0.19216583669185638, 0.19216583669185638, 0.2264372706413269, 0, 0.3728375732898712, 0.24552421271800995, 0.36283448338508606, 0.2486906349658966, 0.3728375732898712, 0.362834632396698, 0.3728375732898712, 0.16754984855651855
0.3035650849342346, 0.20817424356937408, 0.1940200924873352, 0.3727254271507263, 0.3047192692756653, 0.208065003156662, 0.2577354907989502, 0.28350967168807983, 0.23281072080135345, 0.24605035781860352, 0.22800466418266296, 0.6337766051292419, 0.3628346621990204, 0.5921186208724976, 0.39287084341049194, 0.24605035781860352, 0.45636945962905884, 0.2523610591888428, 0.3136225640773773, 0.266733855009079, 0.2046419233083725, 0.21618661284446716, 0.28350967168807983, 0.36283448338508606, 0.18826165795326233, 0.20462340116500854, 0.2507931590080261, 0.21244315803050995, 0.36283448338508606, 0.1921693980693817, 0.28836295008659363, 0.2667352557182312, 0.3047207295894623, 0.1675497591495514, 0.30379465222358704, 0.18758758902549744, 0, 0.2486894726753235, 0.3181755542755127, 0.208065003156662, 0.208065003156662, 0.22622014582157135, 0.3582090735435486, 0.3376774787902832, 0.28350967168807983, 0.2166283279657364, 0.2808157503604889, 0.24605035781860352, 0.2667352557182312, 0.2667352557182312, 0.29208672046661377, 0.2667352557182312, 0.24605035781860352, 0.2435699999332428, 0.24457505345344543, 0.26673516631126404, 0.22964507341384888, 0.208065003156662, 0.2667352557182312, 0.24605035781860352, 0.5921181440353394, 0.27926331758499146, 0.3377111554145813, 0.28350967168807983, 0.25121015310287476, 0.2667352557182312, 0.30344873666763306, 0.2667352557182312, 0.2667352557182312, 0.29208672046661377, 0.2667352557182312, 0, 0.2667315602302551, 0.2450692355632782, 0.26604294776916504, 0.19216583669185638, 0.208065003156662, 0.24605035781860352, 0.3047207295894623
0.13027247786521912, 0.2435552477836609, 0.2401636689901352, 0.5609385967254639, 0.2784905433654785, 0.23013491928577423, 0.22843153774738312, 0.33427268266677856, 0.2692152261734009, 0.20805723965168, 0.295327752828598, 0.6291590929031372, 0.4165832996368408, 0.45522013306617737, 0.3284928500652313, 0.19183693826198578, 0.3303638696670532, 0.398415207862854, 0.3728356957435608, 0.2675520181655884, 0.22290171682834625, 0.20744441449642181, 0.45636945962905884, 0.44636645913124084, 0.18869349360466003, 0.22857201099395752, 0.23972006142139435, 0.19216804206371307, 0.44636648893356323, 0.18107619881629944, 0.4029475450515747, 0.2486836165189743, 0.24827739596366882, 0.3281501531600952, 0.2857562005519867, 0.19004788994789124, 0, 0.24204589426517487, 0.2965179681777954, 0.24605035781860352, 0.23014093935489655, 0.2642055153846741, 0.41357672214508057, 0.3303641080856323, 0.4308071732521057, 0.3303638696670532, 0.2932116389274597, 0.23014093935489655, 0.25079312920570374, 0.23014093935489655, 0.21220073103904724, 0.2906676232814789, 0.23014093935489655, 0.2301405519247055, 0.18978752195835114, 0.30472326278686523, 0.40961629152297974, 0.28334617614746094, 0.3047207295894623, 0.24605000019073486, 0.43053776025772095, 0.41195857524871826, 0.330363929271698, 0.43994569778442383, 0.3303638696670532, 0.2190614938735962, 0.29317665100097656, 0.25079312920570374, 0.23014093935489655, 0.21220073103904724, 0.2887759804725647, 0.23014093935489655, 0, 0.19045981764793396, 0.2904648780822754, 0.3093518912792206, 0.2761646509170532, 0.24605032801628113, 0.24605032801628113
0, 0.34059566259384155, 0.34218817949295044, 0.1970340609550476, 0.30472099781036377, 0.3047207295894623, 0.3722954988479614, 0.4406168460845947, 0.21490846574306488, 0.3047207295894623, 0.2888202369213104, 0.24453014135360718, 0.28350967168807983, 0.5921186208724976, 0.1926085203886032, 0.24605035781860352, 0.4471985101699829, 0.24605035781860352, 0.24549362063407898, 0.23929624259471893, 0.21861481666564941, 0.2537972331047058, 0.28350967168807983, 0.24605035781860352, 0.20975059270858765, 0.24605035781860352, 0.32933372259140015, 0.28400489687919617, 0.24605035781860352, 0.23741541802883148, 0.2755112051963806, 0.2975548803806305, 0.19137150049209595, 0.1477106809616089, 0.21570341289043427, 0.29078635573387146, 0, 0.25112098455429077, 0.39648422598838806, 0.5216240882873535, 0.3047207295894623, 0.2642055153846741, 0.2164393812417984, 0.2835094630718231, 0.3483693599700928, 0.2528872489929199, 0.372837632894516, 0.24605035781860352, 0.3047207295894623, 0.3047207295894623, 0.38495388627052307, 0.3047207295894623, 0.3047207295894623, 0.3047421872615814, 0.2510010898113251, 0.24600672721862793, 0.24605035781860352, 0.24605035781860352, 0.3047207295894623, 0.24605035781860352, 0.40084177255630493, 0.1979648321866989, 0.28349924087524414, 0.3483693599700928, 0.2528872489929199, 0.2642061114311218, 0.3728151023387909, 0.3047207295894623, 0.3047207295894623, 0.38495388627052307, 0.3047207295894623, 0.3047207295894623, 0.30474627017974854, 0, 0.30472084879875183, 0.24605035781860352, 0.24605035781860352, 0.2535555958747864, 0.304718554019928
0, 0.23470516502857208, 0.33830440044403076, 0.3585282862186432, 0.246064692735672, 0.45636945962905884, 0.15176613628864288, 0.3530433177947998, 0.2706340551376343, 0.3236253559589386, 0.3685418963432312, 0.29290443658828735, 0.4512474834918976, 0.4911164939403534, 0.4453361928462982, 0.45636945962905884, 0.4911133646965027, 0.44636639952659607, 0.5733866095542908, 0.261821448802948, 0.26366183161735535, 0.2550669014453888, 0.36283448338508606, 0.4563683271408081, 0.1948763132095337, 0.5919036865234375, 0.12701165676116943, 0.19741882383823395, 0.359514057636261, 0.4059363007545471, 0.2882620096206665, 0.26464250683784485, 0.21035481989383698, 0.28949227929115295, 0.27930575609207153, 0.19203974306583405, 0, 0.22987881302833557, 0.35320162773132324, 0.19216595590114594, 0.3236253559589386, 0.1675497591495514, 0.39481568336486816, 0.4463667571544647, 0.362949401140213, 0.4563661217689514, 0.3276634216308594, 0.4463652968406677, 0.23014093935489655, 0.26763057708740234, 0.2705446481704712, 0.19216583669185638, 0.45636945962905884, 0.18980039656162262, 0.3821028470993042, 0.28680315613746643, 0.3382015824317932, 0.4464986324310303, 0.19360759854316711, 0.44636648893356323, 0.3246711492538452, 0.37267005443573, 0.44636672735214233, 0.36327695846557617, 0.4563691020011902, 0.22964507341384888, 0.3276634216308594, 0.23014093935489655, 0.26763057708740234, 0.2705446481704712, 0.19216583669185638, 0.4544324576854706, 0.2135733664035797, 0.36901772022247314, 0, 0.3376665711402893, 0.3666604161262512, 0.44636648893356323, 0.30388426780700684
0.29932287335395813, 0.17996348440647125, 0.21034157276153564, 0.4559459090232849, 0.30458179116249084, 0.3047207295894623, 0.24105320870876312, 0.2997446358203888, 0.2507881820201874, 0.3047207295894623, 0.23014093935489655, 0.8253155946731567, 0.28350967168807983, 0.4463665187358856, 0.28350967168807983, 0.3047207295894623, 0.23025551438331604, 0.24605035781860352, 0.24605035781860352, 0.2486894577741623, 0.2262171357870102, 0.22622017562389374, 0.24605035781860352, 0.28350967168807983, 0.18608331680297852, 0.3047207295894623, 0.2531147003173828, 0.2642055153846741, 0.28350967168807983, 0.26616325974464417, 0.226958230137825, 0.3047207295894623, 0.21381644904613495, 0.16755039989948273, 0.3028406500816345, 0.3047207295894623, 0, 0.28876838088035583, 0.38511329889297485, 0.3047207295894623, 0.3047207295894623, 0.2642055153846741, 0.20806512236595154, 0.28350967168807983, 0.24605035781860352, 0.24605035781860352, 0.2866707444190979, 0.24605035781860352, 0.3047207295894623, 0.3047207295894623, 0.2272929847240448, 0.3047207295894623, 0.3047207295894623, 0.2642076313495636, 0.24605020880699158, 0.2667241096496582, 0.24605035781860352, 0.24605035781860352, 0.2642055153846741, 0.2642055153846741, 0.44636648893356323, 0.20948363840579987, 0.28350967168807983, 0.24605035781860352, 0.24605035781860352, 0.2642055153846741, 0.28667229413986206, 0.3047207295894623, 0.3047207295894623, 0.2272929847240448, 0.3047207295894623, 0.3047207295894623, 0.30471909046173096, 0.24605035781860352, 0.22622011601924896, 0, 0.24605035781860352, 0.2642055153846741, 0.2642055153846741
0.32986921072006226, 0.12631705403327942, 0.210340678691864, 0.4559459090232849, 0.3047207295894623, 0.3047207295894623, 0.2486894577741623, 0.3047207295894623, 0.2328953593969345, 0.3047207295894623, 0.23014093935489655, 0.3082374930381775, 0.2835046052932739, 0.5921186208724976, 0.2079755961894989, 0.2667357325553894, 0.22964507341384888, 0.208065003156662, 0.24605035781860352, 0.28876835107803345, 0.2103889286518097, 0.2786957919597626, 0.24605035781860352, 0.24605035781860352, 0.19301927089691162, 0.2667325437068939, 0.2507931590080261, 0.2667352557182312, 0.24605035781860352, 0.25080275535583496, 0.2279861718416214, 0.2667364478111267, 0.2667352557182312, 0.19355300068855286, 0.30471864342689514, 0.254630446434021, 0, 0.3047201633453369, 0.3677310347557068, 0.2667352557182312, 0.3047207295894623, 0.22622014582157135, 0.192168727517128, 0.2672746479511261, 0.24605035781860352, 0.19216583669185638, 0.3047207295894623, 0.24605035781860352, 0.30472075939178467, 0.2667352557182312, 0.1502179503440857, 0.3047207295894623, 0.3047207295894623, 0.26673728227615356, 0.2667352557182312, 0.2667352557182312, 0.19220615923404694, 0.2460499405860901, 0.3047207295894623, 0.3047207295894623, 0.44636648893356323, 0.19425812363624573, 0.2296460121870041, 0.24605035781860352, 0.19216583669185638, 0.2667352557182312, 0.3047207295894623, 0.30472075939178467, 0.2667352557182312, 0.1502179503440857, 0.3047207295894623, 0.3047207295894623, 0.30326032638549805, 0.20819228887557983, 0.3047207295894623, 0.1922757774591446, 0, 0.3047207295894623, 0.3047207295894623
0, 0.18928316235542297, 0.16069427132606506, 0.3724137246608734, 0.3047207295894623, 0.208065003156662, 0.2573370039463043, 0.2860286235809326, 0.2507931590080261, 0.2667352557182312, 0.45636945962905884, 0.30731675028800964, 0.2400931715965271, 0.3728375732898712, 0.45023584365844727, 0.208065003156662, 0.45636117458343506, 0.22964507341384888, 0.36301982402801514, 0.23014093935489655, 0.4071568250656128, 0.10520906001329422, 0.26763057708740234, 0.22964507341384888, 0.17348527908325195, 0.1921658217906952, 0.2667352557182312, 0.2667352557182312, 0.24605035781860352, 0.3047207295894623, 0.405506432056427, 0.2667352557182312, 0.21034090220928192, 0.27603602409362793, 0.15266858041286469, 0.2667352557182312, 0, 0.2667352557182312, 0.42204228043556213, 0.208065003156662, 0.2667352557182312, 0.22622014582157135, 0.27709704637527466, 0.3728375732898712, 0.28350967168807983, 0.3728375732898712, 0.24605035781860352, 0.24605035781860352, 0.24868899583816528, 0.2667352557182312, 0.23190917074680328, 0.2507931590080261, 0.24605035781860352, 0.2667352557182312, 0.208065003156662, 0.2667352557182312, 0.19216583669185638, 0.208065003156662, 0.3047207295894623, 0.24605035781860352, 0.45636945962905884, 0.2770966589450836, 0.3728375732898712, 0.28350967168807983, 0.3728375732898712, 0.2507931590080261, 0.24605035781860352, 0.24868899583816528, 0.2667352557182312, 0.23190917074680328, 0.2507931590080261, 0.24605035781860352, 0.2667352557182312, 0.208065003156662, 0.3047207295894623, 0.19216583669185638, 0.208065003156662, 0, 0.3047207295894623
0.20328857004642487, 0.2326711118221283, 0.1845899522304535, 0.3637564480304718, 0.24083858728408813, 0.19216583669185638, 0.2835999131202698, 0.4371723234653473, 0.2638080418109894, 0.208065003156662, 0.3728375732898712, 0.3268030285835266, 0.3728375732898712, 0.3728375732898712, 0.33772963285446167, 0.19216583669185638, 0.3728375732898712, 0.3728375732898712, 0.37283754348754883, 0.2190735638141632, 0.3318907916545868, 0.23932495713233948, 0.3728375732898712, 0.3728375732898712, 0.262451171875, 0.17410467565059662, 0.2507931590080261, 0.2507931590080261, 0.3728375732898712, 0.28945353627204895, 0.40908944606781006, 0.25079330801963806, 0.28876811265945435, 0.18543154001235962, 0.26822102069854736, 0.221758171916008, 0, 0.2327321320772171, 0.20629575848579407, 0.208065003156662, 0.19216583669185638, 0.22622014582157135, 0.2770967185497284, 0.3376665711402893, 0.3728375732898712, 0.3728375732898712, 0.1922951638698578, 0.22964507341384888, 0.2507931590080261, 0.2507931590080261, 0.10293659567832947, 0.2507931590080261, 0.19216583669185638, 0.19216583669185638, 0.17410467565059662, 0.2519950270652771, 0.22964507341384888, 0.19216583669185638, 0.23014099895954132, 0.19216583669185638, 0.591288685798645, 0.2770966589450836, 0.3376665711402893, 0.3728375732898712, 0.3728375732898712, 0.17415325343608856, 0.1922951638698578, 0.2507931590080261, 0.2507931590080261, 0.10293659567832947, 0.2507931590080261, 0.19216583669185638, 0.19216583669185638, 0.17410476505756378, 0.2507931590080261, 0.22964507341384888, 0.19216583669185638, 0.19216583669185638, 0