0, 0.22964507341384888, 0.19217905402183533, 0.2029610425233841, 0.15167061984539032, 0.1922725886106491, 0.2928345203399658, 0.4119951128959656, 0.30472078919410706, 0.19216583669185638, 0.22622014582157135, 0.20939594507217407, 0.12648600339889526, 0.26579487323760986, 0.4472183287143707, 0.3644757866859436, 0.21237200498580933, 0.32980412244796753, 0.17410966753959656, 0.26590073108673096, 0.19216583669185638, 0.35933172702789307, 0.27831923961639404, 0.39921969175338745, 0.446366548538208, 0.3821200132369995, 0.19216692447662354, 0.3724929988384247, 0.3728375732898712, 0.19216583669185638, 0.2507931590080261, 0.19859588146209717, 0.15167061984539032, 0.22622008621692657, 0.3728375732898712, 0.24605035781860352, 0.18912994861602783, 0.208065003156662, 0.3847362995147705, 0.3376665711402893, 0.23836427927017212, 0.3722274899482727, 0.2056814283132553, 0.3684701919555664, 0.1892022043466568, 0.3728375732898712, 0.44636648893356323, 0.3728375732898712, 0.2667352557182312, 0.45636945962905884, 0.3728375732898712, 0.30988579988479614, 0.44636648893356323, 0.36283445358276367, 0.2622217833995819, 0.3728441298007965, 0.21137501299381256, 0.2507931590080261, 0.6256045699119568, 0.24299442768096924, 0.22111696004867554, 0.3728375732898712, 0.3873045742511749, 0.31857484579086304, 0.288219690322876, 0.2508067786693573, 0.27325403690338135, 0.3728375732898712, 0.3847362995147705, 0.24941356480121613, 0.16169622540473938
0.210349902510643, 0, 0.2305932641029358, 0.19010645151138306, 0.15167061984539032, 0.20817427337169647, 0.16439653933048248, 0.23874035477638245, 0.19576901197433472, 0.1921655535697937, 0.22622014582157135, 0.2463802993297577, 0.17980821430683136, 0.22061580419540405, 0.43842989206314087, 0.16654713451862335, 0.2080153226852417, 0.19246827065944672, 0.17410467565059662, 0.1651408076286316, 0.19216583669185638, 0.2667352557182312, 0.20132684707641602, 0.22996172308921814, 0.44636625051498413, 0.3399316072463989, 0.2881186008453369, 0.3112073540687561, 0.3028455972671509, 0.19219236075878143, 0.2507931590080261, 0.2507931590080261, 0.1896432638168335, 0.21063299477100372, 0.15167060494422913, 0.2055351734161377, 0.17802651226520538, 0.2317015826702118, 0.24299442768096924, 0.16583505272865295, 0.21153484284877777, 0.2756900191307068, 0.2055351734161377, 0.19216583669185638, 0.14983360469341278, 0.19001887738704681, 0.212378591299057, 0.3728375732898712, 0.27717918157577515, 0.2400931715965271, 0.21159926056861877, 0.1921597719192505, 0.26199495792388916, 0.19002646207809448, 0.364051878452301, 0.17408539354801178, 0.2635493874549866, 0.250749796628952, 0.5105940103530884, 0.22573629021644592, 0.1747128963470459, 0.3728375732898712, 0.19216583669185638, 0.40758466720581055, 0.24615974724292755, 0.10299680382013321, 0.3085660934448242, 0.19216583669185638, 0.18727849423885345, 0.24403110146522522, 0.289620965719223
0.13362467288970947, 0.14256902039051056, 0, 0.1939116269350052, 0.4019811749458313, 0.2735898494720459, 0.23234423995018005, 0.20235225558280945, 0.22920948266983032, 0.2543710768222809, 0.19186106324195862, 0.21868093311786652, 0.24830734729766846, 0.1802229881286621, 0.3158341646194458, 0.2871086001396179, 0.2052009254693985, 0.23813354969024658, 0.3265615701675415, 0.14356371760368347, 0.15358491241931915, 0.1657499223947525, 0.47671934962272644, 0.14383459091186523, 0.12685704231262207, 0.3659358024597168, 0.22735856473445892, 0.38305145502090454, 0.2931470572948456, 0.2943354845046997, 0.20086395740509033, 0.3148340582847595, 0.19003711640834808, 0.3698573708534241, 0.274769127368927, 0.2788051962852478, 0.31206074357032776, 0.32390135526657104, 0.3262406289577484, 0.20494568347930908, 0.27290549874305725, 0.24863338470458984, 0.24221579730510712, 0.19580893218517303, 0.19411700963974, 0.18164505064487457, 0.2970505356788635, 0.27603623270988464, 0.23239746689796448, 0.33020859956741333, 0.19552035629749298, 0.2940692603588104, 0.21815073490142822, 0.19888195395469666, 0.14697515964508057, 0.22489993274211884, 0.28240782022476196, 0.07403029501438141, 0.26884880661964417, 0.23749324679374695, 0.2441127598285675, 0.20869892835617065, 0.27603623270988464, 0.36238765716552734, 0.2913103997707367, 0.2681329548358917, 0.11567192524671555, 0.25364652276039124, 0.10881154239177704, 0.3154871463775635, 0.06562186777591705
0.2667352557182312, 0.24605035781860352, 0.28916019201278687, 0, 0.2667351961135864, 0.25723996758461, 0.2310044765472412, 0.3938366174697876, 0.2772507071495056, 0.2458653301000595, 0.2667352557182312, 0.2586601674556732, 0.25123175978660583, 0.1525895893573761, 0.3832356929779053, 0.2702825367450714, 0.1896563172340393, 0.21961268782615662, 0.19216583669185638, 0.30545470118522644, 0.24605035781860352, 0.23000986874103546, 0.30846622586250305, 0.24565166234970093, 0.5519685745239258, 0.33302968740463257, 0.255803644657135, 0.35112977027893066, 0.2723657190799713, 0.2507932782173157, 0.25110405683517456, 0.2890617549419403, 0.21912775933742523, 0.26432666182518005, 0.2460523545742035, 0.24298880994319916, 0.2667316198348999, 0.208065003156662, 0.3839659094810486, 0.2953859269618988, 0.28591209650039673, 0.32632309198379517, 0.21671755611896515, 0.24605035781860352, 0.2667352557182312, 0.28350967168807983, 0.258051335811615, 0.44636648893356323, 0.2643356919288635, 0.37772130966186523, 0.19002552330493927, 0.2507931590080261, 0.24584564566612244, 0.21581897139549255, 0.32465440034866333, 0.2433490753173828, 0.22640743851661682, 0.2772050201892853, 0.4215022325515747, 0.2283204048871994, 0.2527765929698944, 0.36974602937698364, 0.24605035781860352, 0.3642687201499939, 0.2380334436893463, 0.24920231103897095, 0.338448166847229, 0.24552421271800995, 0.272787868976593, 0.2134590744972229, 0.2955808639526367
0.13362514972686768, 0.13362467288970947, 0.20422793924808502, 0.2486894577741623, 0, 0.2825582027435303, 0.36269742250442505, 0.17427322268486023, 0.22041943669319153, 0.17410467565059662, 0.17988136410713196, 0.17875611782073975, 0.1373794823884964, 0.23637020587921143, 0.44810694456100464, 0.24465873837471008, 0.20479102432727814, 0.3171529471874237, 0.14988063275814056, 0.16815432906150818, 0.24868951737880707, 0.20508070290088654, 0.28799790143966675, 0.14321476221084595, 0.23542428016662598, 0.3162403404712677, 0.30745741724967957, 0.3022118806838989, 0.32958656549453735, 0.17400452494621277, 0.0780053436756134, 0.25868910551071167, 0.34839606285095215, 0.23092593252658844, 0.33663690090179443, 0.27236124873161316, 0.33310019969940186, 0.3536110520362854, 0.31547874212265015, 0.32894647121429443, 0.2929452359676361, 0.30485689640045166, 0.31990450620651245, 0.2270505577325821, 0.3146149218082428, 0.2665899991989136, 0.3526570796966553, 0.2612174153327942, 0.10386485606431961, 0.36284613609313965, 0.169867143034935, 0.30318599939346313, 0.19921810925006866, 0.11101601272821426, 0.16292089223861694, 0.19293677806854248, 0.35068953037261963, 0.18816924095153809, 0.27775636315345764, 0.2997956871986389, 0.30401846766471863, 0.3303638696670532, 0.17410551011562347, 0.3165905475616455, 0.24309967458248138, 0.22100895643234253, 0.1666404753923416, 0.35257020592689514, 0.13926585018634796, 0.2094612568616867, 0.19826540350914001
0.1606350839138031, 0.41955357789993286, 0.27735528349876404, 0.32767269015312195, 0.2683630585670471, 0, 0.2724497616291046, 0.29294511675834656, 0.27258986234664917, 0.4195518493652344, 0.20345640182495117, 0.2582598924636841, 0.13478711247444153, 0.27022358775138855, 0.27485233545303345, 0.2935742735862732, 0.18409523367881775, 0.329047292470932, 0.26767697930336, 0.26301419734954834, 0.330363929271698, 0.3782833218574524, 0.3454211354255676, 0.3659972548484802, 0.41373148560523987, 0.30320578813552856, 0.20052912831306458, 0.3843124508857727, 0.2676757276058197, 0.31531327962875366, 0.2887687087059021, 0.29830098152160645, 0.44834446907043457, 0.31772005558013916, 0.36447572708129883, 0.2740537226200104, 0.3297217786312103, 0.2706235945224762, 0.3333991765975952, 0.32750654220581055, 0.324545294046402, 0.3596331775188446, 0.19225835800170898, 0.33184725046157837, 0.2679041922092438, 0.33036649227142334, 0.3269198536872864, 0.3303638696670532, 0.21331779658794403, 0.3303638696670532, 0.3303638696670532, 0.28800565004348755, 0.3183366060256958, 0.33495908975601196, 0.34034839272499084, 0.41753146052360535, 0.3302253484725952, 0.2198132425546646, 0.4148578941822052, 0.3114610016345978, 0.2820473611354828, 0.33036115765571594, 0.3303636908531189, 0.3561133146286011, 0.1343402862548828, 0.2053886353969574, 0.32633382081985474, 0.28379273414611816, 0.22174818813800812, 0.29533618688583374, 0.29928654432296753
0.19230744242668152, 0.15266090631484985, 0.34339624643325806, 0.26867517828941345, 0.38852548599243164, 0.2975212335586548, 0, 0.3431552052497864, 0.2325488030910492, 0.1922951638698578, 0.1661003828048706, 0.2507289946079254, 0.21065598726272583, 0.1509874165058136, 0.2019522488117218, 0.28695979714393616, 0.27655795216560364, 0.3168351650238037, 0.3172391653060913, 0.12314257025718689, 0.21827472746372223, 0.3230430483818054, 0.4463249742984772, 0.4426470994949341, 0.39185696840286255, 0.3208298087120056, 0.23657184839248657, 0.4947238862514496, 0.26480942964553833, 0.31322741508483887, 0.20529834926128387, 0.30896538496017456, 0.42511630058288574, 0.3530142903327942, 0.24963581562042236, 0.2147790938615799, 0.3976982831954956, 0.2893240451812744, 0.42322736978530884, 0.3185293674468994, 0.310839980840683, 0.4026464521884918, 0.3142155408859253, 0.26395905017852783, 0.2799129784107208, 0.22791020572185516, 0.3672654330730438, 0.3098781108856201, 0.27414098381996155, 0.25194066762924194, 0.3210850954055786, 0.2847411036491394, 0.24908097088336945, 0.5058355331420898, 0.5309548377990723, 0.19785486161708832, 0.43320322036743164, 0.161086767911911, 0.31295597553253174, 0.3617601990699768, 0.28112345933914185, 0.14321379363536835, 0.1857641339302063, 0.5635152459144592, 0.3028091788291931, 0.3097245693206787, 0.2515195906162262, 0.38617652654647827, 0.23935285210609436, 0.21088330447673798, 0.39783164858818054
0.11699103564023972, 0.21874359250068665, 0.5071268081665039, 0.20826297998428345, 0.30373984575271606, 0.21331383287906647, 0.25513598322868347, 0, 0.3833461403846741, 0.26235005259513855, 0.24819159507751465, 0.42925524711608887, 0.47338253259658813, 0.4688265323638916, 0.24126608669757843, 0.24470241367816925, 0.40891316533088684, 0.5961992740631104, 0.11430064588785172, 0.1284080445766449, 0.30472075939178467, 0.4296703338623047, 0.34939706325531006, 0.27243438363075256, 0.519225537776947, 0.2526816129684448, 0.3674674332141876, 0.45981961488723755, 0.22798867523670197, 0.12618543207645416, 0.25524964928627014, 0.2691415548324585, 0.18681834638118744, 0.3457556366920471, 0.20638017356395721, 0.26495662331581116, 0.23161913454532623, 0.32174399495124817, 0.336998850107193, 0.32398495078086853, 0.18561330437660217, 0.299390971660614, 0.43910491466522217, 0.2509477436542511, 0.28971368074417114, 0.23304323852062225, 0.33987289667129517, 0.2985590994358063, 0.13803543150424957, 0.30334383249282837, 0.20251578092575073, 0.21212992072105408, 0.2710919678211212, 0.40179580450057983, 0.38623732328414917, 0.2826542258262634, 0.17550230026245117, 0.4499829411506653, 0.32961100339889526, 0.2611783742904663, 0.38419461250305176, 0.24757948517799377, 0.242795929312706, 0.5864017009735107, 0.22128549218177795, 0.18400651216506958, 0.17196756601333618, 0.24712598323822021, 0.22343051433563232, 0.3460133671760559, 0.1466285139322281
0.4400079846382141, 0.3728374242782593, 0.3343077301979065, 0.35373586416244507, 0.3556288182735443, 0.36948373913764954, 0.34723371267318726, 0.3633524179458618, 0, 0.49109846353530884, 0.2507666349411011, 0.461153507232666, 0.20664586126804352, 0.1296023726463318, 0.34964519739151, 0.17290449142456055, 0.2242681086063385, 0.36599865555763245, 0.451574444770813, 0.23810383677482605, 0.33513587713241577, 0.29218921065330505, 0.3100612759590149, 0.21812668442726135, 0.33493342995643616, 0.3459404706954956, 0.2091141939163208, 0.37864214181900024, 0.3654560148715973, 0.37579578161239624, 0.25406119227409363, 0.32518285512924194, 0.3009098768234253, 0.2724442481994629, 0.31392502784729004, 0.39783191680908203, 0.3261730968952179, 0.34967556595802307, 0.3091793954372406, 0.27170392870903015, 0.3375505805015564, 0.2870861291885376, 0.39657723903656006, 0.3726422190666199, 0.34737688302993774, 0.37121784687042236, 0.2738632559776306, 0.3644757866859436, 0.24795779585838318, 0.3645235300064087, 0.39559754729270935, 0.3323410749435425, 0.2542001008987427, 0.2575491964817047, 0.21009473502635956, 0.43212562799453735, 0.2926803529262543, 0.07331457734107971, 0.24040472507476807, 0.2918378412723541, 0.39404386281967163, 0.3628299832344055, 0.40758466720581055, 0.25507378578186035, 0.2480267882347107, 0.34315770864486694, 0.34327369928359985, 0.35101401805877686, 0.41333919763565063, 0.4323662519454956, 0.3043707013130188
0.2642055153846741, 0.15167061984539032, 0.21214772760868073, 0.2080649882555008, 0.19005845487117767, 0.19229519367218018, 0.2096361219882965, 0.2734609842300415, 0.19065411388874054, 0, 0.22622014582157135, 0.20826347172260284, 0.16351418197155, 0.2632298171520233, 0.3628349304199219, 0.2615664303302765, 0.2055351734161377, 0.32980412244796753, 0.1675257384777069, 0.24918165802955627, 0.19216583669185638, 0.2080649882555008, 0.36259371042251587, 0.28550028800964355, 0.46230244636535645, 0.3596504330635071, 0.2572270929813385, 0.4563497304916382, 0.23014093935489655, 0.2667352557182312, 0.2507931888103485, 0.26415231823921204, 0.2103377878665924, 0.22622014582157135, 0.208065003156662, 0.2055351734161377, 0.15167061984539032, 0.24604275822639465, 0.2519698143005371, 0.17410467565059662, 0.22622014582157135, 0.21162599325180054, 0.2619275748729706, 0.208065003156662, 0.19001908600330353, 0.24605035781860352, 0.3328336775302887, 0.3112073540687561, 0.2642055153846741, 0.21192669868469238, 0.22964507341384888, 0.1675497591495514, 0.20507535338401794, 0.31441399455070496, 0.302785187959671, 0.20749396085739136, 0.25795215368270874, 0.30925607681274414, 0.49678394198417664, 0.2258937507867813, 0.20266887545585632, 0.3728375732898712, 0.20683380961418152, 0.3725777268409729, 0.2642055153846741, 0.1502610296010971, 0.2739844024181366, 0.1675497591495514, 0.1874893754720688, 0.24403126537799835, 0.2028185874223709
0.3376665711402893, 0.3303638696670532, 0.16063369810581207, 0.3276634216308594, 0.24216671288013458, 0.251524418592453, 0.3157835006713867, 0.2758198380470276, 0.28524962067604065, 0.3303638696670532, 0, 0.20818711817264557, 0.1725456565618515, 0.3712853789329529, 0.3842521905899048, 0.26469147205352783, 0.2866136133670807, 0.3272572159767151, 0.3303638696670532, 0.24863122403621674, 0.29587334394454956, 0.34620338678359985, 0.25775521993637085, 0.3859924077987671, 0.6757434606552124, 0.34386008977890015, 0.32522115111351013, 0.3240997791290283, 0.3303638696670532, 0.2847696840763092, 0.27473101019859314, 0.29051631689071655, 0.31392401456832886, 0.20501147210597992, 0.295879065990448, 0.3441259264945984, 0.35669851303100586, 0.3189496695995331, 0.3235860764980316, 0.3008080720901489, 0.28904199600219727, 0.3069404065608978, 0.2712429165840149, 0.295879065990448, 0.30024009943008423, 0.295879065990448, 0.3570706248283386, 0.2848323881626129, 0.2327321320772171, 0.3376665711402893, 0.3303638696670532, 0.295879065990448, 0.32262784242630005, 0.32754310965538025, 0.4577697515487671, 0.2801806926727295, 0.2556011378765106, 0.2791275382041931, 0.5657870769500732, 0.17171795666217804, 0.1714755892753601, 0.2847694158554077, 0.3303638696670532, 0.46720126271247864, 0.23013553023338318, 0.2327321320772171, 0.4120863080024719, 0.3376665711402893, 0.38473576307296753, 0.24407418072223663, 0.3975655436515808
0.3376665711402893, 0.3369531035423279, 0.1425439864397049, 0.32371702790260315, 0.3233775496482849, 0.20116020739078522, 0.2803328037261963, 0.3352506458759308, 0.17631733417510986, 0.3374309539794922, 0.18433915078639984, 0, 0.26202401518821716, 0.20782342553138733, 0.24195028841495514, 0.2421785295009613, 0.18233130872249603, 0.36085090041160583, 0.4718341529369354, 0.12925466895103455, 0.33023589849472046, 0.28713569045066833, 0.2847785949707031, 0.30923107266426086, 0.26778340339660645, 0.24504874646663666, 0.2669009566307068, 0.2702024281024933, 0.24277524650096893, 0.2821848690509796, 0.22992871701717377, 0.30393385887145996, 0.3405529260635376, 0.18381749093532562, 0.32313013076782227, 0.28579503297805786, 0.3154318332672119, 0.3117908537387848, 0.4080125093460083, 0.17989882826805115, 0.34670042991638184, 0.301943302154541, 0.18825268745422363, 0.33465832471847534, 0.27816271781921387, 0.28478050231933594, 0.2847940921783447, 0.3724091053009033, 0.15982502698898315, 0.4052225649356842, 0.32016706466674805, 0.2660525441169739, 0.3977963328361511, 0.2357371598482132, 0.3879125118255615, 0.1816931813955307, 0.21573592722415924, 0.2730932831764221, 0.37989550828933716, 0.32909247279167175, 0.20840997993946075, 0.29587864875793457, 0.3376665711402893, 0.4381106197834015, 0.2210145741701126, 0.2326328456401825, 0.2928280234336853, 0.3045046925544739, 0.27403584122657776, 0.22862783074378967, 0.04391178488731384
0.2824643850326538, 0.2799888849258423, 0.13429182767868042, 0.27613139152526855, 0.26489901542663574, 0.31798359751701355, 0.21338136494159698, 0.42862290143966675, 0.28095585107803345, 0.18519343435764313, 0.3650776147842407, 0.21989913284778595, 0, 0.16467350721359253, 0.35387417674064636, 0.26334989070892334, 0.19944563508033752, 0.41534531116485596, 0.3377774953842163, 0.1945469230413437, 0.25309669971466064, 0.3585895299911499, 0.23662309348583221, 0.2021043598651886, 0.34429264068603516, 0.3834127187728882, 0.2690284848213196, 0.31953269243240356, 0.3740106225013733, 0.2590329647064209, 0.26081740856170654, 0.3000946640968323, 0.30576491355895996, 0.2575890123844147, 0.25566112995147705, 0.2992270886898041, 0.24668869376182556, 0.2479024976491928, 0.40023136138916016, 0.34862220287323, 0.38279563188552856, 0.17788314819335938, 0.21721673011779785, 0.22780777513980865, 0.21327513456344604, 0.24910856783390045, 0.4652116894721985, 0.3803958296775818, 0.32870015501976013, 0.24844631552696228, 0.36765891313552856, 0.43885937333106995, 0.41655415296554565, 0.3717007637023926, 0.3685833215713501, 0.3679911196231842, 0.26652491092681885, 0.1926109492778778, 0.19230812788009644, 0.23217399418354034, 0.2978171110153198, 0.40263307094573975, 0.21131035685539246, 0.4402160346508026, 0.2671774625778198, 0.20370729267597198, 0.3165075182914734, 0.5037152767181396, 0.4749589264392853, 0.18342314660549164, 0
0.21838903427124023, 0.44093966484069824, 0.17163990437984467, 0.24992668628692627, 0.37336909770965576, 0.25625866651535034, 0.2863650619983673, 0.3972499370574951, 0.2814776599407196, 0.4195026457309723, 0.2882825434207916, 0.2646286189556122, 0.164568230509758, 0, 0.2923915684223175, 0.1932203620672226, 0.45008954405784607, 0.2806202471256256, 0.27744144201278687, 0.24717839062213898, 0.3948279619216919, 0.43418407440185547, 0.5285415649414062, 0.4015461206436157, 0.3320850133895874, 0.4314733147621155, 0.2403985857963562, 0.358134925365448, 0.21985378861427307, 0.3945649266242981, 0.32278889417648315, 0.2856287658214569, 0.3201419711112976, 0.2798284888267517, 0.28966453671455383, 0.32351842522621155, 0.2807781994342804, 0.3541848957538605, 0.30272775888442993, 0.3257794976234436, 0.32206207513809204, 0.2854956388473511, 0.45149046182632446, 0.3329678773880005, 0.3617361783981323, 0.34797176718711853, 0.407749205827713, 0.27865105867385864, 0.19186954200267792, 0.32526707649230957, 0.3121459484100342, 0.3810226321220398, 0.27669039368629456, 0.2892991304397583, 0.31218957901000977, 0.27986982464790344, 0.38056865334510803, 0.23431436717510223, 0.13043341040611267, 0.26304832100868225, 0.30031824111938477, 0.28926411271095276, 0.38518810272216797, 0.3529279828071594, 0.17592212557792664, 0.32236209511756897, 0.10876918584108353, 0.33603599667549133, 0.37093842029571533, 0.34500300884246826, -0.03074309229850769
0.13826821744441986, 0.26403263211250305, 0.2026890069246292, 0.3300161361694336, 0.12807340919971466, 0.16886940598487854, 0.18781958520412445, 0.218759685754776, 0.2129533439874649, 0.25868645310401917, 0.18828123807907104, 0.20190593600273132, 0.24460095167160034, 0.3391532897949219, 0, 0.2087419629096985, 0.298214316368103, 0.229475200176239, 0.312171995639801, 0.13491272926330566, 0.2745128273963928, 0.27774351835250854, 0.3138229250907898, 0.13337117433547974, 0.1470838189125061, 0.27114972472190857, 0.15005718171596527, 0.3292384147644043, 0.28584131598472595, 0.1779348999261856, 0.060429468750953674, 0.1963491141796112, 0.04596787691116333, 0.31901103258132935, 0.2757159173488617, 0.45073962211608887, 0.1646854728460312, 0.1587074100971222, 0.13475701212882996, 0.1493409276008606, 0.11939866095781326, 0.2789513170719147, 0.29784107208251953, 0.23787586390972137, 0.27199018001556396, 0.2893705666065216, 0.1911543905735016, 0.2262338399887085, 0.24964463710784912, 0.3736526370048523, 0.21583841741085052, 0.22511886060237885, 0.20755168795585632, 0.07972569763660431, 0.203141450881958, 0.28454428911209106, 0.13380971550941467, 0.24248521029949188, 0.2416934072971344, 0.16805371642112732, 0.2765984833240509, 0.24163320660591125, 0.30466920137405396, 0.2884845435619354, 0.18086007237434387, 0.31678950786590576, 0.06465849280357361, 0.23318015038967133, 0.09558649361133575, 0.28545892238616943, 0.00996185839176178
0.25180187821388245, 0.25180187821388245, 0.25011396408081055, 0.25725072622299194, 0.2457141876220703, 0.26638051867485046, 0.3134533762931824, 0.20992718636989594, 0.2980192005634308, 0.25180187821388245, 0.19749192893505096, 0.2308962345123291, 0.12442903965711594, 0.17100748419761658, 0.2804478704929352, 0, 0.2557514011859894, 0.34061360359191895, 0.23513880372047424, 0.2976592481136322, 0.2055351734161377, 0.15934114158153534, 0.36997926235198975, 0.251705527305603, 0.3812738060951233, 0.27192315459251404, 0.2200433909893036, 0.3607112169265747, 0.20526333153247833, 0.26317211985588074, 0.21370786428451538, 0.2541308104991913, 0.21841207146644592, 0.11882708221673965, 0.20994921028614044, 0.2618855834007263, 0.2850893437862396, 0.17686322331428528, 0.365203320980072, 0.19181087613105774, 0.2287231981754303, 0.2268916815519333, 0.28461503982543945, 0.23594945669174194, 0.19621634483337402, 0.2367265373468399, 0.2543680667877197, 0.2775503396987915, 0.21224454045295715, 0.31569719314575195, 0.16303062438964844, 0.25324398279190063, 0.20166096091270447, 0.20954759418964386, 0.2674380838871002, 0.2627808451652527, 0.23993869125843048, 0.11722326278686523, 0.24159014225006104, 0.28896790742874146, 0.37236613035202026, 0.19168202579021454, 0.20552809536457062, 0.24396969377994537, 0.2555559277534485, 0.2873256206512451, 0.3417744040489197, 0.29446926712989807, 0.23548442125320435, 0.21332493424415588, 0.0751177966594696
0.232732892036438, 0.16303035616874695, 0.1492866426706314, 0.23146438598632812, 0.250779390335083, 0.22910183668136597, 0.50339674949646, 0.4104931354522705, 0.862258791923523, 0.2312501221895218, 0.1976276934146881, 0.22271427512168884, 0.11437511444091797, 0.1702771931886673, 0.29657238721847534, 0.2636156976222992, 0, 0.27439266443252563, 0.16289526224136353, 0.22464585304260254, 0.2326817512512207, 0.387132465839386, 0.25434204936027527, 0.35926568508148193, 0.26915159821510315, 0.14063429832458496, 0.16582849621772766, 0.21744146943092346, 0.2307761162519455, 0.21521972119808197, 0.1854720413684845, 0.18037323653697968, 0.21370930969715118, 0.3191760182380676, 0.18997788429260254, 0.27760565280914307, 0.3009713292121887, 0.23847649991512299, 0.33066311478614807, 0.28848424553871155, 0.22430545091629028, 0.15315406024456024, 0.31040340662002563, 0.17411606013774872, 0.305791974067688, 0.24380356073379517, 0.34202611446380615, 0.3376442790031433, 0.25078684091567993, 0.40758347511291504, 0.2883061170578003, 0.21968410909175873, 0.2911514639854431, 0.27779287099838257, 0.37694939970970154, 0.20955680310726166, 0.23598717153072357, 0.29504841566085815, 0.292516827583313, 0.5519625544548035, 0.21675992012023926, 0.3317570686340332, 0.17410467565059662, 0.3129692077636719, 0.2625410854816437, 0.21216996014118195, 0.27538540959358215, 0.35245978832244873, 0.2249203324317932, 0.20635555684566498, 0.08664790540933609
0.18767789006233215, 0.2866706848144531, 0.2554464340209961, 0.26673778891563416, 0.26621073484420776, 0.1545633226633072, 0.44977253675460815, 0.47551435232162476, 0.3893236517906189, 0.18773318827152252, 0.24403153359889984, 0.3410155773162842, 0.6099498271942139, 0.1352023184299469, 0.32723894715309143, 0.28754982352256775, 0.3534630537033081, 0, 0.17257744073867798, 0.22345280647277832, 0.2614389955997467, 0.13495105504989624, 0.32966578006744385, 0.24186158180236816, 0.5354328155517578, 0.0733751654624939, 0.32175904512405396, 0.809184730052948, 0.35295867919921875, 0.2592551112174988, 0.10956880450248718, 0.35829710960388184, 0.1641240119934082, 0.18828316032886505, 0.2426508516073227, 0.3194302022457123, 0.19608892500400543, 0.2102314978837967, 0.3873814344406128, 0.2718077600002289, 0.23544122278690338, 0.3484708070755005, 0.5929334163665771, 0.25460201501846313, 0.2865522503852844, 0.32576483488082886, 0.34983739256858826, 0.2674621045589447, 0.23051048815250397, 0.3721238374710083, 0.2514362335205078, 0.2541925609111786, 0.2954865097999573, 0.15828999876976013, 0.16922414302825928, 0.20330724120140076, 0.22146952152252197, 0.24993817508220673, 0.7757382988929749, 0.48488253355026245, 0.41625675559043884, 0.19216161966323853, 0.2288741171360016, 0.3630520701408386, 0.32416337728500366, 0.2469950020313263, 0.14172959327697754, 0.2645346522331238, 0.34316694736480713, 0.19663700461387634, 0.28128305077552795
0.2486894577741623, 0.14980413019657135, 0.17961379885673523, 0.2564857006072998, 0.18912996351718903, 0.21042762696743011, 0.17522497475147247, 0.3270661234855652, 0.1306830644607544, 0.17410467565059662, 0.21034100651741028, 0.23079434037208557, 0.1949504166841507, 0.23129069805145264, 0.35202211141586304, 0.2589278221130371, 0.20553866028785706, 0.350079208612442, 0, 0.12829884886741638, 0.1675497591495514, 0.3317621648311615, 0.3034564256668091, 0.3221080005168915, 0.4018787145614624, 0.41290009021759033, 0.2834686040878296, 0.3006020188331604, 0.17410661280155182, 0.227117121219635, 0.23578906059265137, 0.2704257071018219, 0.1996868997812271, 0.2658562660217285, 0.20500893890857697, 0.24296998977661133, 0.22707661986351013, 0.2098476141691208, 0.45763593912124634, 0.2841041684150696, 0.29454588890075684, 0.23128202557563782, 0.24940133094787598, 0.19140371680259705, 0.22035251557826996, 0.2271110862493515, 0.35513532161712646, 0.2740364968776703, 0.2135547399520874, 0.15470781922340393, 0.16303032636642456, 0.31156957149505615, 0.16755148768424988, 0.40660858154296875, 0.313382089138031, 0.22775006294250488, 0.2237728238105774, 0.33672061562538147, 0.5713484287261963, 0.25043290853500366, 0.18982121348381042, 0.33765432238578796, 0.19001908600330353, 0.5237386226654053, 0.2531645894050598, 0.23908044397830963, 0.27137428522109985, 0.22710935771465302, 0.24947577714920044, 0.16944624483585358, 0.19996377825737
0.3276634216308594, 0.43084806203842163, 0.17764553427696228, 0.416392058134079, 0.30455878376960754, 0.22936131060123444, 0.3011205792427063, 0.2160305380821228, 0.09657817333936691, 0.2847694158554077, 0.16366589069366455, 0.2595367431640625, 0.17557840049266815, 0.2158132940530777, 0.29154136776924133, 0.22083346545696259, 0.26972153782844543, 0.32286351919174194, 0.3123006820678711, 0, 0.276843786239624, 0.23264861106872559, 0.3131667971611023, 0.29164355993270874, 0.298270046710968, 0.253625750541687, 0.4386795163154602, 0.29338622093200684, 0.31162044405937195, 0.29539355635643005, 0.23999972641468048, 0.33448079228401184, 0.31086671352386475, 0.26777932047843933, 0.24677500128746033, 0.2927625775337219, 0.32241401076316833, 0.28475421667099, 0.25368720293045044, 0.28970396518707275, 0.26081544160842896, 0.23087896406650543, 0.17971843481063843, 0.32977819442749023, 0.29760974645614624, 0.36448079347610474, 0.3470088839530945, 0.3129091262817383, 0.22668679058551788, 0.3752610385417938, 0.336219847202301, 0.36128583550453186, 0.32324108481407166, 0.22620753943920135, 0.21962738037109375, 0.2363177239894867, 0.20371583104133606, 0.2579500079154968, 0.3221750259399414, 0.3371749520301819, 0.23555633425712585, 0.2600867748260498, 0.3303641676902771, 0.4335753619670868, 0.25877875089645386, 0.28889337182044983, 0.326174259185791, 0.41256245970726013, 0.2674143612384796, 0.33361929655075073, 0.0930250734090805
0.3047207295894623, 0.20806503295898438, 0.1520012617111206, 0.20804698765277863, 0.20806501805782318, 0.20817427337169647, 0.21142080426216125, 0.4911167025566101, 0.19001920521259308, 0.2507931590080261, 0.12473201751708984, 0.22671960294246674, 0.14900940656661987, 0.2136288732290268, 0.36514049768447876, 0.1813223958015442, 0.2055351734161377, 0.2667352557182312, 0.2327173948287964, 0.1873808354139328, 0, 0.3476051092147827, 0.2883056700229645, 0.36841386556625366, 0.3778453767299652, 0.267767071723938, 0.24868042767047882, 0.2729468047618866, 0.33312708139419556, 0.26641327142715454, 0.27503353357315063, 0.22142021358013153, 0.18926961719989777, 0.24074774980545044, 0.2087729126214981, 0.24605035781860352, 0.3611253499984741, 0.24605035781860352, 0.304158478975296, 0.2327321320772171, 0.2667352557182312, 0.20696403086185455, 0.24299465119838715, 0.19001972675323486, 0.2667352557182312, 0.19001908600330353, 0.3078705966472626, 0.446363240480423, 0.3047207295894623, 0.36283448338508606, 0.19216583669185638, 0.2667352557182312, 0.208065003156662, 0.22427773475646973, 0.32685041427612305, 0.2302708625793457, 0.2262250930070877, 0.19526487588882446, 0.3154592216014862, 0.33051884174346924, 0.20264750719070435, 0.3151479959487915, 0.24605035781860352, 0.24809294939041138, 0.29992014169692993, 0.19749005138874054, 0.2676055133342743, 0.208065003156662, 0.275287389755249, 0.1783875823020935, 0.2943263351917267
0.3042415976524353, 0.25459274649620056, 0.14592859148979187, 0.2383737862110138, 0.27246785163879395, 0.17233121395111084, 0.3131459951400757, 0.4018101692199707, 0.20937572419643402, 0.22800463438034058, 0.1406635344028473, 0.22386106848716736, 0.32545408606529236, 0.07786881923675537, 0.15920285880565643, 0.2347271740436554, 0.4407622814178467, 0.41275107860565186, 0.22888748347759247, 0.13520251214504242, 0.26159361004829407, 0, 0.5339820384979248, 0.10215424746274948, 0.3286411762237549, 0.23866792023181915, 0.15132862329483032, 0.32127389311790466, 0.22007432579994202, 0.19702096283435822, 0.04406806826591492, 0.14731591939926147, 0.10432453453540802, 0.07026886940002441, 0.42731720209121704, 0.3467531204223633, 0.22846892476081848, 0.27512747049331665, 0.26084983348846436, 0.3421022891998291, 0.12511330842971802, 0.2512274384498596, 0.3201172351837158, 0.35230109095573425, 0.34469151496887207, 0.3090733289718628, 0.3976176977157593, 0.33204516768455505, 0.25601726770401, 0.34278246760368347, 0.1472891867160797, 0.19254150986671448, 0.2731153964996338, 0.21338841319084167, 0.2981339693069458, 0.24120014905929565, 0.303532212972641, 0.1393609642982483, 0.37750136852264404, 0.2795024812221527, 0.3980485200881958, 0.44559815526008606, 0.22800466418266296, 0.481014221906662, 0.43115243315696716, 0.2168591171503067, 0.2018425315618515, 0.0391983836889267, 0.12467823177576065, 0.21422149240970612, 0.20115235447883606
0.27070727944374084, 0.2866706848144531, 0.27696332335472107, 0.2091989368200302, 0.4158933460712433, 0.2263401597738266, 0.2694573402404785, 0.3782597780227661, 0.24024128913879395, 0.25824448466300964, 0.16974188387393951, 0.1255805790424347, 0.3734464645385742, 0.2462003529071808, 0.2896726131439209, 0.2165529429912567, 0.29515087604522705, 0.19784954190254211, 0.23529687523841858, 0.1693125069141388, 0.3132724463939667, 0.21195435523986816, 0, 0.21424658596515656, 0.3619391918182373, 0.1411968469619751, 0.18766778707504272, 0.3020879030227661, 0.3960232734680176, 0.22978109121322632, 0.14948998391628265, 0.3307685852050781, 0.19016717374324799, 0.21678127348423004, 0.2703663110733032, 0.24238012731075287, 0.33581456542015076, 0.3795541524887085, 0.194845512509346, 0.23940089344978333, 0.2641712427139282, 0.36348482966423035, 0.26575326919555664, 0.2813323438167572, 0.2923078238964081, 0.2507932186126709, 0.292306125164032, 0.208065003156662, 0.29200491309165955, 0.3184996247291565, 0.15193888545036316, 0.15294508635997772, 0.2521892189979553, 0.12749122083187103, 0.1468256115913391, 0.29522785544395447, 0.2285849153995514, 0.20389324426651, 0.3369879722595215, 0.25675418972969055, 0.2717324495315552, 0.29350876808166504, 0.2866706848144531, 0.17940112948417664, 0.27426260709762573, 0.19662415981292725, 0.2916596531867981, 0.20525768399238586, 0.12927207350730896, 0.22804109752178192, 0.3067764937877655
0.1962568312883377, 0.2715778052806854, 0.1681281477212906, 0.20608918368816376, 0.19834448397159576, 0.106043241918087, 0.2392713576555252, 0.30529171228408813, 0.25923430919647217, 0.274776816368103, 0.18760494887828827, 0.21695391833782196, 0.24950096011161804, 0.28846749663352966, 0.15536083281040192, 0.1761278510093689, 0.3237914443016052, 0.3368641138076782, 0.21579860150814056, 0.10861218720674515, 0.3022262156009674, 0.20935289561748505, 0.3837987780570984, 0, 0.32859042286872864, 0.057486459612846375, 0.14982569217681885, 0.18827968835830688, 0.14297091960906982, 0.22566327452659607, 0.020519837737083435, 0.20184995234012604, 0.19527804851531982, 0.18887831270694733, 0.24026623368263245, 0.27701231837272644, 0.33059918880462646, 0.2645350694656372, 0.32111990451812744, 0.12685197591781616, 0.30731523036956787, 0.2879793345928192, 0.19734904170036316, 0.15772157907485962, 0.19150371849536896, 0.2090427428483963, 0.3048941493034363, 0.248689204454422, 0.17704614996910095, 0.3195480704307556, 0.2490018606185913, 0.3017173707485199, 0.20845136046409607, 0.1167139783501625, 0.2506348788738251, 0.2804821729660034, 0.221496120095253, 0.21794019639492035, 0.3694761395454407, 0.21318310499191284, 0.21671724319458008, 0.21131759881973267, 0.286670446395874, 0.30587875843048096, 0.26644688844680786, 0.20360305905342102, 0.06900511682033539, 0.22766214609146118, 0.1525760442018509, 0.1594800353050232, 0.285875141620636
0.18022657930850983, 0.266906201839447, 0.23981009423732758, 0.31645646691322327, 0.39050009846687317, 0.24226751923561096, 0.3659639358520508, 0.35770702362060547, 0.2737218141555786, 0.26973357796669006, 0.24890677630901337, 0.47894707322120667, 0.4167726933956146, 0.21498359739780426, 0.22686636447906494, 0.28127390146255493, 0.3327908217906952, 0.22690415382385254, 0.27544450759887695, 0.1491473764181137, 0.32669129967689514, 0.15152069926261902, 0.6257513761520386, 0.3410487174987793, 0, 0.1449340581893921, 0.2489003688097, 0.3632376194000244, 0.335633248090744, 0.27741867303848267, 0.16246512532234192, 0.2094685584306717, 0.19161683320999146, 0.1717374324798584, 0.37327665090560913, 0.2935924828052521, 0.21927328407764435, 0.2818497121334076, 0.3227941393852234, 0.22583743929862976, 0.21583886444568634, 0.23126986622810364, 0.3190843462944031, 0.35403966903686523, 0.2809687852859497, 0.26883208751678467, 0.2800164222717285, 0.2752869427204132, 0.15581344068050385, 0.38154757022857666, 0.23880241811275482, 0.2521890103816986, 0.34658756852149963, 0.23303794860839844, 0.2951265275478363, 0.324553906917572, 0.20844766497612, 0.2342902272939682, 0.33159512281417847, 0.3584938943386078, 0.32203856110572815, 0.3095381259918213, 0.2950725555419922, 0.2945898771286011, 0.2576150894165039, 0.2872588038444519, 0.11388146132230759, 0.24140234291553497, 0.18812347948551178, 0.15644900500774384, 0.07769118249416351
0.12630370259284973, 0.25877565145492554, 0.07738840579986572, 0.25974801182746887, 0.06118492782115936, 0.04604232311248779, 0.19832774996757507, 0.19566117227077484, 0.15954262018203735, 0.2486894577741623, 0.1880366951227188, 0.2242262363433838, 0.2547723054885864, 0.23559798300266266, 0.13259315490722656, 0.1806088387966156, 0.287155419588089, 0.3248928487300873, 0.1602191925048828, 0.2660770118236542, 0.2180594652891159, 0.04198427498340607, 0.3326057493686676, 0.17369288206100464, 0.5412615537643433, 0, 0.24554620683193207, 0.31019896268844604, 0.2289362996816635, 0.18734773993492126, 0.09806811809539795, 0.189436137676239, 0.12074624001979828, 0.10360153019428253, 0.25489193201065063, 0.2986997663974762, 0.07833874225616455, 0.21689821779727936, 0.2712792158126831, 0.056085437536239624, 0.08261801302433014, 0.14310044050216675, 0.18964971601963043, 0.2629656493663788, 0.23023222386837006, 0.22926746308803558, 0.3007945120334625, 0.24868841469287872, 0.1813056468963623, 0.17109304666519165, 0.13110466301441193, 0.08078539371490479, 0.26928845047950745, 0.1592530757188797, 0.12853603065013885, 0.3042947053909302, 0.09155783802270889, 0.14901724457740784, 0.4352315664291382, 0.3414333462715149, 0.27596935629844666, 0.1904427409172058, 0.22436635196208954, 0.4793347716331482, 0.4281967282295227, 0.12164433300495148, 0.35161465406417847, 0.1280713975429535, 0.0826122909784317, 0.12491510808467865, 0.20297084748744965
0.16754990816116333, 0.2519918382167816, 0.13204720616340637, 0.3281458914279938, 0.3958117365837097, 0.23466035723686218, 0.2722916901111603, 0.38396286964416504, 0.452768474817276, 0.21490858495235443, 0.265710711479187, 0.2915630042552948, 0.3097163140773773, 0.1838017851114273, 0.34131041169166565, 0.25574275851249695, 0.31259846687316895, 0.41039058566093445, 0.357895165681839, 0.1909073442220688, 0.35682880878448486, 0.16045084595680237, 0.4182637929916382, 0.12200067192316055, 0.557759165763855, 0.42745113372802734, 0, 0.35377180576324463, 0.31162598729133606, 0.3998118042945862, 0.2801690399646759, 0.24030570685863495, 0.3509399890899658, 0.21884523332118988, 0.3644564747810364, 0.4665020704269409, 0.37208637595176697, 0.40703654289245605, 0.3424311578273773, 0.25048622488975525, 0.35572007298469543, 0.4111352562904358, 0.4109095633029938, 0.36823636293411255, 0.33082324266433716, 0.30120664834976196, 0.24269966781139374, 0.37283754348754883, 0.3140323758125305, 0.3684248924255371, 0.19752946496009827, 0.35987138748168945, 0.2957648038864136, 0.40068116784095764, 0.3471226096153259, 0.25776782631874084, 0.3595690429210663, 0.2661212682723999, 0.4530492424964905, 0.3816554546356201, 0.39822953939437866, 0.4373313784599304, 0.36282530426979065, 0.37624114751815796, 0.3701888620853424, 0.26929670572280884, 0.26589760184288025, 0.36941105127334595, 0.32734665274620056, 0.32571375370025635, -0.04811549186706543
0.26814913749694824, 0.23113147914409637, 0.18184331059455872, 0.28665199875831604, 0.14122506976127625, 0.2226988971233368, 0.2934299111366272, 0.2509537637233734, 0.2706553339958191, 0.2866706848144531, 0.1526738405227661, 0.1459045112133026, 0.20079991221427917, 0.3298414647579193, 0.1649906039237976, 0.2123521864414215, 0.23540931940078735, 0.2174684703350067, 0.2508030831813812, 0.21002331376075745, 0.246870219707489, 0.10048940777778625, 0.24372193217277527, 0.23742340505123138, 0.27434778213500977, 0.23873548209667206, 0.19441942870616913, 0, 0.24868972599506378, 0.22764796018600464, 0.18588301539421082, 0.1866227239370346, 0.2407526671886444, 0.19030386209487915, 0.26049867272377014, 0.2509424090385437, 0.2029929906129837, 0.20747092366218567, 0.36316534876823425, 0.2715417146682739, 0.14213742315769196, 0.24246640503406525, 0.24309097230434418, 0.2486894577741623, 0.24787352979183197, 0.23971988260746002, 0.32557159662246704, 0.28238755464553833, 0.15456731617450714, 0.24862675368785858, 0.23277561366558075, 0.23968100547790527, 0.2864742577075958, 0.15594446659088135, 0.22340455651283264, 0.17173707485198975, 0.2256883829832077, 0.2548397183418274, 0.2888464629650116, 0.212576225399971, 0.2019197642803192, 0.2641810178756714, 0.28680703043937683, 0.2536153197288513, 0.2953455150127411, 0.14371880888938904, 0.3892049193382263, 0.2326187640428543, 0.14503508806228638, 0.2568995952606201, 0.1353776603937149
0.2642055153846741, 0.21034090220928192, 0.21505534648895264, 0.2103806734085083, 0.2261771708726883, 0.21991759538650513, 0.25441718101501465, 0.18182767927646637, 0.20396053791046143, 0.2507931590080261, 0.1988130509853363, 0.2267284095287323, 0.21736572682857513, 0.22069303691387177, 0.3714654743671417, 0.19999097287654877, 0.26964980363845825, 0.20979981124401093, 0.22622084617614746, 0.24223314225673676, 0.27196958661079407, 0.23026041686534882, 0.2262205332517624, 0.23844052851200104, 0.2386254221200943, 0.26333940029144287, 0.25782954692840576, 0.2341630905866623, 0, 0.21034090220928192, 0.1035551056265831, 0.22622142732143402, 0.1636192947626114, 0.22948183119297028, 0.2143220603466034, 0.2642055153846741, 0.20945633947849274, 0.2507931590080261, 0.22701428830623627, 0.2365143895149231, 0.21034179627895355, 0.26678821444511414, 0.2719848155975342, 0.21034090220928192, 0.24509423971176147, 0.22622014582157135, 0.3002481162548065, 0.1675497591495514, 0.18510600924491882, 0.2636793255805969, 0.23899266123771667, 0.26255401968955994, 0.22621464729309082, 0.22649946808815002, 0.1792369782924652, 0.1940852403640747, 0.24082909524440765, 0.23954609036445618, 0.3003898561000824, 0.23441404104232788, 0.24689017236232758, 0.1675497591495514, 0.25079742074012756, 0.31949079036712646, 0.0986449122428894, 0.1609015166759491, 0.3672664165496826, 0.259977787733078, 0.2757132649421692, 0.19727225601673126, 0.13466483354568481
0.20817427337169647, 0.22800466418266296, 0.19441692531108856, 0.16582639515399933, 0.35187801718711853, 0.3077988624572754, 0.41638875007629395, 0.20749928057193756, 0.27017897367477417, 0.19001908600330353, 0.12167137861251831, 0.2800130546092987, 0.11914163827896118, 0.33686691522598267, 0.22111761569976807, 0.24642062187194824, 0.25089919567108154, 0.3941764831542969, 0.17171494662761688, 0.14514632523059845, 0.208065003156662, 0.40395236015319824, 0.35378292202949524, 0.493051141500473, 0.41037803888320923, 0.25571146607398987, 0.24933303892612457, 0.3014582395553589, 0.329157292842865, 0, 0.14137166738510132, 0.46633756160736084, 0.3302159607410431, 0.30823981761932373, 0.3276633322238922, 0.28524672985076904, 0.32106631994247437, 0.22237573564052582, 0.46959152817726135, 0.2784099280834198, 0.17900674045085907, 0.26678380370140076, 0.27063727378845215, 0.19001908600330353, 0.3266814947128296, 0.29593154788017273, 0.39159348607063293, 0.3276634216308594, 0.2572678327560425, 0.36283448338508606, 0.26074618101119995, 0.3584325909614563, 0.2856491804122925, 0.2781848907470703, 0.25039878487586975, 0.20772331953048706, 0.30468595027923584, 0.2096482813358307, 0.41260233521461487, 0.24987584352493286, 0.29736849665641785, 0.3644757866859436, 0.22800463438034058, 0.38592082262039185, 0.25316524505615234, 0.25534191727638245, 0.23527437448501587, 0.23295971751213074, 0.15651282668113708, 0.18868285417556763, 0.09476558864116669
0.29194363951683044, 0.33312785625457764, 0.17516611516475677, 0.2935270071029663, 0.38883399963378906, 0.33915311098098755, 0.268758088350296, 0.32269418239593506, 0.45461738109588623, 0.31508156657218933, 0.1713157445192337, 0.15949732065200806, 0.3283911943435669, 0.2739417254924774, 0.4166100025177002, 0.2927727997303009, 0.3511914610862732, 0.3398672342300415, 0.25873318314552307, 0.24568402767181396, 0.30189239978790283, 0.3470480442047119, 0.4657670855522156, 0.20472019910812378, 0.4467724561691284, 0.29842090606689453, 0.19740165770053864, 0.36441105604171753, 0.27086082100868225, 0.28669479489326477, 0, 0.39987266063690186, 0.11574677377939224, 0.1376873254776001, 0.33007168769836426, 0.2948165237903595, 0.33460256457328796, 0.35248440504074097, 0.36944180727005005, 0.25942203402519226, 0.21208877861499786, 0.30743712186813354, 0.32523804903030396, 0.24142558872699738, 0.3975304961204529, 0.26230400800704956, 0.2513887286186218, 0.37217432260513306, 0.3029031753540039, 0.38162100315093994, 0.31317824125289917, 0.28327053785324097, 0.37236130237579346, 0.2606980800628662, 0.3155055642127991, 0.42501652240753174, 0.33725255727767944, 0.03250500559806824, 0.524590253829956, 0.37767893075942993, 0.3289436101913452, 0.38850730657577515, 0.3331280052661896, 0.5172069072723389, 0.3459348678588867, 0.1862969547510147, 0.22623667120933533, 0.3030255436897278, 0.15239453315734863, 0.43557900190353394, 0.04674549400806427
0.19001908600330353, 0.14980408549308777, 0.1901678740978241, 0.31733784079551697, 0.20738574862480164, 0.2056441456079483, 0.2599671185016632, 0.34965911507606506, 0.26647937297821045, 0.16932421922683716, 0.20817425847053528, 0.16729237139225006, 0.15895605087280273, 0.21164606511592865, 0.21670621633529663, 0.2597224712371826, 0.28808245062828064, 0.27239668369293213, 0.2077587991952896, 0.13472826778888702, 0.2546021640300751, 0.13422748446464539, 0.37884584069252014, 0.143060564994812, 0.31804826855659485, 0.32406869530677795, 0.1744503676891327, 0.2222163826227188, 0.33036375045776367, 0.16562487185001373, 0.2228580117225647, 0, 0.29050707817077637, 0.20983031392097473, 0.32782113552093506, 0.20702268183231354, 0.37377142906188965, 0.28391140699386597, 0.355123907327652, 0.22785131633281708, 0.21252284944057465, 0.28018420934677124, 0.25147971510887146, 0.2831473648548126, 0.3900660574436188, 0.2951042056083679, 0.3031315505504608, 0.37671542167663574, 0.22359344363212585, 0.37183892726898193, 0.22515270113945007, 0.24715209007263184, 0.2825430631637573, 0.2586234211921692, 0.35493403673171997, 0.17456819117069244, 0.14890214800834656, 0.21324381232261658, 0.3355880379676819, 0.3865206837654114, 0.3159051835536957, 0.3303638696670532, 0.2770966589450836, 0.27723678946495056, 0.35472747683525085, 0.1865123063325882, 0.11475096642971039, 0.178910031914711, 0.19327709078788757, 0.2257465273141861, 0.05965393781661987
0.19283413887023926, 0.14978203177452087, 0.09665287286043167, 0.2858583331108093, 0.34319961071014404, 0.291171133518219, 0.42977696657180786, 0.3471214771270752, 0.3206804692745209, 0.16303032636642456, 0.11699062585830688, 0.2793460488319397, 0.10636158287525177, 0.19946573674678802, 0.321286678314209, 0.360756516456604, 0.14012876152992249, 0.3761434853076935, 0.3309831917285919, 0.19654017686843872, 0.24871070683002472, 0.35384073853492737, 0.4050719738006592, 0.2524196207523346, 0.34157657623291016, 0.3092520236968994, 0.2706894874572754, 0.3211967647075653, 0.22252678871154785, 0.31141549348831177, 0.2934477925300598, 0.2112942337989807, 0, 0.18498368561267853, 0.332290917634964, 0.36847519874572754, 0.21660223603248596, 0.29771557450294495, 0.2546617388725281, 0.28247466683387756, 0.26768115162849426, 0.29203277826309204, 0.25413334369659424, 0.1900191754102707, 0.32222920656204224, 0.28829890489578247, 0.2089182287454605, 0.2563323676586151, 0.1372356116771698, 0.30212661623954773, 0.1497124433517456, 0.2985837161540985, 0.2566783130168915, 0.4085458219051361, 0.24752110242843628, 0.17526355385780334, 0.39991459250450134, 0.16384252905845642, 0.3211919069290161, 0.2556731402873993, 0.3403931260108948, 0.3303850591182709, 0.16315650939941406, 0.4650351405143738, 0.4096951484680176, 0.23471182584762573, 0.19848917424678802, 0.28611254692077637, 0.18765626847743988, 0.24719440937042236, 0.15825700759887695
0.15956921875476837, 0.2759205102920532, 0.2710616886615753, 0.3306969404220581, 0.2687508165836334, 0.0812784880399704, 0.26810306310653687, 0.31758782267570496, 0.2684861123561859, 0.21653304994106293, 0.2156839221715927, 0.1421910971403122, 0.24254557490348816, 0.19768214225769043, 0.11585523933172226, 0.2251695990562439, 0.2834891378879547, 0.33537542819976807, 0.2628316581249237, 0.1576947420835495, 0.3277209997177124, 0.3795768618583679, 0.5219175815582275, 0.2861741781234741, 0.25357091426849365, 0.2854466736316681, 0.24089588224887848, 0.24153336882591248, 0.32659879326820374, 0.33565646409988403, 0.052435487508773804, 0.4080311059951782, 0.2881442904472351, 0, 0.3098379969596863, 0.2587698996067047, 0.3051220774650574, 0.32079923152923584, 0.2904762029647827, 0.20199185609817505, 0.37017035484313965, 0.15982669591903687, 0.3156452178955078, 0.3281765282154083, 0.2441236972808838, 0.3276634216308594, 0.284587562084198, 0.3286488950252533, 0.22407037019729614, 0.3303649127483368, 0.3587455749511719, 0.3589508533477783, 0.3292844295501709, 0.3113486170768738, 0.3414580821990967, 0.14293578267097473, 0.24555698037147522, 0.21202903985977173, 0.4322659969329834, 0.4818642735481262, 0.3239709734916687, 0.3302539587020874, 0.3376668393611908, 0.4034516215324402, 0.3277943432331085, 0.22145508229732513, 0.20195986330509186, 0.3422483801841736, 0.199455127120018, 0.22175101935863495, 0.24316781759262085
0.24230077862739563, 0.2327321320772171, 0.2206691950559616, 0.24868936836719513, 0.2486894577741623, 0.19611655175685883, 0.27366551756858826, 0.25058475136756897, 0.17934322357177734, 0.2486894577741623, 0.12692493200302124, 0.11579947918653488, 0.19458724558353424, 0.22089217603206635, 0.24488979578018188, 0.20033012330532074, 0.24606069922447205, 0.24882948398590088, 0.23273208737373352, 0.1236456111073494, 0.2486894577741623, 0.30622369050979614, 0.19009645283222198, 0.20176710188388824, 0.22973641753196716, 0.2653862237930298, 0.24943149089813232, 0.22746963798999786, 0.2022075355052948, 0.2518373727798462, 0.15158332884311676, 0.265179306268692, 0.2676609754562378, 0.2679411768913269, 0, 0.2667352557182312, 0.2664773464202881, 0.2486894577741623, 0.2832831144332886, 0.24902129173278809, 0.27223989367485046, 0.23760944604873657, 0.2262207567691803, 0.19001908600330353, 0.24857178330421448, 0.18999916315078735, 0.24604269862174988, 0.19001908600330353, 0.15026098489761353, 0.19001908600330353, 0.23247030377388, 0.2666393518447876, 0.3047202527523041, 0.24123819172382355, 0.16303029656410217, 0.22800450026988983, 0.20837348699569702, 0.16453388333320618, 0.3078420162200928, 0.1807970404624939, 0.20679228007793427, 0.17410480976104736, 0.19001908600330353, 0.27242642641067505, 0.23421551287174225, 0.2338045835494995, 0.2019704133272171, 0.281721293926239, 0.2418747991323471, 0.17456665635108948, 0.12596476078033447
0.2486894577741623, 0.23268067836761475, 0.20212867856025696, 0.2327321320772171, 0.2318752110004425, 0.14797523617744446, 0.32722383737564087, 0.23593544960021973, 0.2077234834432602, 0.17410467565059662, 0.1170196607708931, 0.16805993020534515, 0.10790453106164932, 0.22834359109401703, 0.21068167686462402, 0.2566632330417633, 0.28770846128463745, 0.08962880820035934, 0.1740502417087555, 0.13828864693641663, 0.2648693323135376, 0.14538893103599548, 0.2506037652492523, 0.19181981682777405, 0.2639533579349518, 0.14530804753303528, 0.14910301566123962, 0.29024213552474976, 0.20220695436000824, 0.2704847455024719, 0.12203038483858109, 0.19018197059631348, 0.1728910356760025, 0.22372980415821075, 0.1920408010482788, 0, 0.1894511580467224, 0.1741141527891159, 0.2971233129501343, 0.19651731848716736, 0.3271538019180298, 0.2997143864631653, 0.205129012465477, 0.19001908600330353, 0.23071876168251038, 0.16303029656410217, 0.22983063757419586, 0.17410467565059662, 0.18592357635498047, 0.17410510778427124, 0.19001825153827667, 0.2383301705121994, 0.23278401792049408, 0.2483680248260498, 0.16961562633514404, 0.19001886248588562, 0.21927370131015778, 0.139486163854599, 0.2922699451446533, 0.23091340065002441, 0.17599943280220032, 0.1632670760154724, 0.1741047203540802, 0.18107900023460388, 0.34868931770324707, 0.2486894577741623, 0.21792402863502502, 0.1515665501356125, 0.15790006518363953, 0.2814396321773529, 0.1900453418493271
0.21060243248939514, 0.2074444442987442, 0.11370658874511719, 0.25154539942741394, 0.31435614824295044, 0.21003365516662598, 0.22605009377002716, 0.4204205274581909, 0.3223324418067932, 0.162502259016037, 0.14054608345031738, 0.1697901487350464, 0.20013828575611115, 0.230956569314003, 0.28312280774116516, 0.28273335099220276, 0.31508898735046387, 0.29131144285202026, 0.1512124240398407, 0.11628031730651855, 0.2362307906150818, 0.14299115538597107, 0.34175771474838257, 0.29810085892677307, 0.28010401129722595, 0.24178935587406158, 0.18028883635997772, 0.43242618441581726, 0.21094533801078796, 0.1356864869594574, 0.2564793527126312, 0.2482081651687622, 0.2954290807247162, 0.3214799165725708, 0.30771636962890625, 0.3479040861129761, 0, 0.29634517431259155, 0.36871910095214844, 0.34154844284057617, 0.30145537853240967, 0.2603253722190857, 0.32115286588668823, 0.1892610490322113, 0.34828364849090576, 0.26251220703125, 0.37457600235939026, 0.2500840425491333, 0.11355386674404144, 0.30215251445770264, 0.23190650343894958, 0.3631919026374817, 0.2578526437282562, 0.1582515835762024, 0.2971302568912506, 0.1854146122932434, 0.1600530743598938, 0.16404929757118225, 0.40367838740348816, 0.2371852993965149, 0.18412858247756958, 0.41955357789993286, 0.17410452663898468, 0.3335554897785187, 0.2493366301059723, 0.17402803897857666, 0.17572945356369019, 0.30287474393844604, 0.2180149108171463, 0.40696805715560913, 0.08509020507335663
0.25066855549812317, 0.24870061874389648, 0.24109330773353577, 0.2486894577741623, 0.20306575298309326, 0.1923508197069168, 0.4253053069114685, 0.2930712103843689, 0.32220280170440674, 0.19001908600330353, 0.1957699954509735, 0.26438018679618835, 0.11051132529973984, 0.13611248135566711, 0.20743802189826965, 0.17912733554840088, 0.2331506311893463, 0.20075729489326477, 0.19001919031143188, 0.12240373343229294, 0.30471062660217285, 0.12672889232635498, 0.31698817014694214, 0.1556987166404724, 0.31715232133865356, 0.273299902677536, 0.20035935938358307, 0.2872309982776642, 0.274040549993515, 0.23336626589298248, 0.19656628370285034, 0.29369914531707764, 0.27186232805252075, 0.2282690703868866, 0.22747831046581268, 0.18779818713665009, 0.24357205629348755, 0, 0.26455825567245483, 0.18064597249031067, 0.2884005308151245, 0.1723720133304596, 0.29448172450065613, 0.1785237193107605, 0.2456270158290863, 0.1900193691253662, 0.13396646082401276, 0.21490180492401123, 0.1227026879787445, 0.21490220725536346, 0.23995532095432281, 0.3002063035964966, 0.20217880606651306, 0.19223037362098694, 0.265162855386734, 0.2269015908241272, 0.1876561939716339, 0.2033359706401825, 0.28846031427383423, 0.2915930449962616, 0.2842126190662384, 0.17411252856254578, 0.19002169370651245, 0.37283653020858765, 0.2779185473918915, 0.2417067289352417, 0.2025223970413208, 0.186846524477005, 0.24044162034988403, 0.21975703537464142, 0.1606915295124054
0.2327326536178589, 0.21077574789524078, 0.17431160807609558, 0.21455104649066925, 0.20780420303344727, 0.2499392032623291, 0.3508338928222656, 0.3159521818161011, 0.25893738865852356, 0.20351921021938324, 0.12611456215381622, 0.1370144784450531, 0.19176726043224335, 0.1587185114622116, 0.1713777482509613, 0.30235064029693604, 0.18910381197929382, 0.44271960854530334, 0.2243659794330597, 0.20693479478359222, 0.21947485208511353, 0.13172879815101624, 0.2631574869155884, 0.19285540282726288, 0.3078251779079437, 0.10741164535284042, 0.2619844675064087, 0.3979474604129791, 0.23637481033802032, 0.26787373423576355, 0.24404624104499817, 0.22333811223506927, 0.3531229794025421, 0.20872269570827484, 0.285709947347641, 0.3218289613723755, 0.20806081593036652, 0.25202086567878723, 0, 0.15487408638000488, 0.15241006016731262, 0.17184069752693176, 0.3977702856063843, 0.24868519604206085, 0.24174371361732483, 0.20484818518161774, 0.2585332691669464, 0.26437461376190186, 0.10926280170679092, 0.29141131043434143, 0.2462177574634552, 0.35406920313835144, 0.2518830895423889, 0.3657934069633484, 0.11736448109149933, 0.2589171230792999, 0.1596224009990692, 0.1529858410358429, 0.2453618049621582, 0.23399683833122253, 0.3046562373638153, 0.19782467186450958, 0.2216590791940689, 0.3336367607116699, 0.48652327060699463, 0.2667594254016876, 0.28513920307159424, 0.23072081804275513, 0.15038636326789856, 0.24269963800907135, 0.11157730966806412
0.20817427337169647, 0.13366758823394775, 0.3044135868549347, 0.23360028862953186, 0.3381592631340027, 0.22813181579113007, 0.39438915252685547, 0.4418923854827881, 0.2851308584213257, 0.24822615087032318, 0.18225522339344025, 0.13105249404907227, 0.24864372611045837, 0.20726686716079712, 0.08622616529464722, 0.2956733703613281, 0.3098059594631195, 0.47790294885635376, 0.2675761580467224, 0.18632543087005615, 0.1498039960861206, 0.17207743227481842, 0.302693247795105, 0.23480099439620972, 0.49300602078437805, 0.15931716561317444, 0.22660905122756958, 0.37304744124412537, 0.2408423125743866, 0.31582921743392944, 0.24453076720237732, 0.2162342518568039, 0.17607317864894867, 0.30680012702941895, 0.374293714761734, 0.3039326071739197, 0.2391953468322754, 0.2592460811138153, 0.312060683965683, 0, 0.20016492903232574, 0.28891319036483765, 0.27171459794044495, 0.3089868426322937, 0.2886981666088104, 0.24891211092472076, 0.21336519718170166, 0.19685623049736023, 0.1796042025089264, 0.3904992341995239, 0.28175532817840576, 0.3242506682872772, 0.3715165853500366, 0.3839208781719208, 0.19004502892494202, 0.17786213755607605, 0.3181038200855255, 0.11151506751775742, 0.5612027049064636, 0.2948801517486572, 0.3423130512237549, 0.41627049446105957, 0.20817427337169647, 0.4163086712360382, 0.3468402624130249, 0.31865984201431274, 0.23650884628295898, 0.3704347014427185, 0.3375644087791443, 0.12237106263637543, 0.08858677744865417
0.22800348699092865, 0.20403316617012024, 0.3355485796928406, 0.2254381775856018, 0.303270548582077, 0.22652602195739746, 0.2934451699256897, 0.38240689039230347, 0.1826867312192917, 0.2900597155094147, 0.20817427337169647, 0.15941625833511353, 0.2351103127002716, 0.12490347772836685, 0.3258688449859619, 0.21742883324623108, 0.1937641203403473, 0.2700871527194977, 0.40937936305999756, 0.26134079694747925, 0.19001895189285278, 0.05182832479476929, 0.2816163897514343, 0.2139338254928589, 0.4093388319015503, 0.5072425603866577, 0.1739153414964676, 0.4099186062812805, 0.3884158134460449, 0.25684428215026855, 0.15934012830257416, 0.22418886423110962, 0.3682210445404053, 0.18306805193424225, 0.3276393413543701, 0.3553812503814697, 0.3015486001968384, 0.3072713613510132, 0.6058939695358276, 0.3625858426094055, 0, 0.32905369997024536, 0.2337806075811386, 0.26000189781188965, 0.23813213407993317, 0.28822553157806396, 0.37455061078071594, 0.2770966589450836, 0.1587969958782196, 0.3921409845352173, 0.18008184432983398, 0.23123276233673096, 0.20745202898979187, 0.26409611105918884, 0.4167903661727905, 0.177840918302536, 0.22466465830802917, 0.2052154541015625, 0.43369439244270325, 0.25166746973991394, 0.14857807755470276, 0.41955357789993286, 0.41955357789993286, 0.4381938874721527, 0.4124288558959961, 0.24199320375919342, 0.2257806807756424, 0.3074917793273926, 0.22599303722381592, 0.21072091162204742, 0.07939417660236359
0.20818723738193512, 0.30046430230140686, 0.21694481372833252, 0.25734204053878784, 0.25732970237731934, 0.2224111258983612, 0.41569972038269043, 0.3759118914604187, 0.21429584920406342, 0.20820242166519165, 0.12365919351577759, 0.21992911398410797, 0.13394680619239807, 0.2609761953353882, 0.22249652445316315, 0.3196813464164734, 0.2045067846775055, 0.2442491054534912, 0.2420562207698822, 0.15877816081047058, 0.2667369246482849, 0.13732245564460754, 0.33721625804901123, 0.1685943901538849, 0.3952583074569702, 0.3654170632362366, 0.32097241282463074, 0.3296082019805908, 0.34167325496673584, 0.22871659696102142, 0.213596910238266, 0.1840103417634964, 0.32351675629615784, 0.1979975700378418, 0.2541790306568146, 0.2637624144554138, 0.20231351256370544, 0.3130585253238678, 0.3661370575428009, 0.2800410985946655, 0.28749608993530273, 0, 0.2466316670179367, 0.2461571842432022, 0.23737305402755737, 0.2836189270019531, 0.3064455986022949, 0.22717030346393585, 0.12494666874408722, 0.3000505566596985, 0.3045363426208496, 0.25101202726364136, 0.30043524503707886, 0.23170624673366547, 0.14240075647830963, 0.20195896923542023, 0.21192815899848938, 0.2040340155363083, 0.2348664253950119, 0.3991987705230713, 0.27057427167892456, 0.27733781933784485, 0.2486894577741623, 0.33638739585876465, 0.3519546091556549, 0.2720765769481659, 0.19264769554138184, 0.23135113716125488, 0.23403964936733246, 0.2810479402542114, 0.3086705207824707
0.24796414375305176, 0.16303138434886932, 0.15610237419605255, 0.17404291033744812, 0.3429529070854187, 0.2511577010154724, 0.16885626316070557, 0.20193526148796082, 0.24965861439704895, 0.16303029656410217, 0.13373923301696777, 0.19555941224098206, 0.09277651458978653, 0.25210636854171753, 0.3871060311794281, 0.3014410436153412, 0.3434261083602905, 0.2517387568950653, 0.19142542779445648, 0.2235865294933319, 0.2402549386024475, 0.17240041494369507, 0.32008296251296997, 0.16567298769950867, 0.3568568825721741, 0.0928679034113884, 0.2030649185180664, 0.3014577627182007, 0.28613191843032837, 0.19649966061115265, 0.1766345053911209, 0.25734204053878784, 0.32150280475616455, 0.2680568993091583, 0.2753615081310272, 0.2467532455921173, 0.32268694043159485, 0.37282079458236694, 0.504958987236023, 0.22981736063957214, 0.2529098093509674, 0.1763584315776825, 0, 0.24904006719589233, 0.17066511511802673, 0.20220695436000824, 0.20808647572994232, 0.36417970061302185, 0.2213929295539856, 0.30988559126853943, 0.21915151178836823, 0.3520509600639343, 0.2325187623500824, 0.18270821869373322, 0.20400792360305786, 0.20839332044124603, 0.19883206486701965, 0.06161820888519287, 0.37711983919143677, 0.16664019227027893, 0.31066960096359253, 0.36295419931411743, 0.2022070437669754, 0.389982670545578, 0.3085968494415283, 0.23508507013320923, 0.188704252243042, 0.21954812109470367, 0.058231621980667114, 0.2570861279964447, 0.26835495233535767
0.2486894577741623, 0.28876835107803345, 0.20512525737285614, 0.2486894577741623, 0.24867451190948486, 0.20817427337169647, 0.23014093935489655, 0.25566667318344116, 0.3020824193954468, 0.2486894577741623, 0.1264403909444809, 0.15598580241203308, 0.2000972330570221, 0.15298107266426086, 0.38545387983322144, 0.16698035597801208, 0.3018462061882019, 0.2458162158727646, 0.24868856370449066, 0.14318159222602844, 0.2667352557182312, 0.246440589427948, 0.1894003450870514, 0.20386651158332825, 0.36875849962234497, 0.17518550157546997, 0.24817702174186707, 0.36283373832702637, 0.2676030099391937, 0.2849223017692566, 0.13115911185741425, 0.2922678291797638, 0.23956339061260223, 0.29608404636383057, 0.19001908600330353, 0.19001908600330353, 0.22625143826007843, 0.20817425847053528, 0.2287895381450653, 0.18909241259098053, 0.25724104046821594, 0.17887592315673828, 0.24615974724292755, 0, 0.23270179331302643, 0.19001908600330353, 0.22811026871204376, 0.19001908600330353, 0.15015456080436707, 0.22800466418266296, 0.22800451517105103, 0.2667352557182312, 0.20553526282310486, 0.25041353702545166, 0.24549411237239838, 0.19001907110214233, 0.1970812976360321, 0.24879254400730133, 0.4139498770236969, 0.2461593747138977, 0.24658671021461487, 0.19001908600330353, 0.19001908600330353, 0.3483693599700928, 0.2461555153131485, 0.19317100942134857, 0.19891127943992615, 0.23032218217849731, 0.24628520011901855, 0.23337095975875854, 0.16320569813251495
0.2873484194278717, 0.22540241479873657, 0.26983657479286194, 0.22800011932849884, 0.24149972200393677, 0.19929683208465576, 0.320295512676239, 0.37155836820602417, 0.270109087228775, 0.22800466418266296, 0.2143588811159134, 0.2582956552505493, 0.1259307712316513, 0.36105185747146606, 0.2549073100090027, 0.28792065382003784, 0.315540611743927, 0.23801490664482117, 0.1602531373500824, 0.2629227936267853, 0.20715120434761047, 0.2378036081790924, 0.42314186692237854, 0.21320658922195435, 0.3427080512046814, 0.20796999335289001, 0.2668836712837219, 0.4198857843875885, 0.19637350738048553, 0.2205532193183899, 0.24058742821216583, 0.26787304878234863, 0.26585066318511963, 0.24115067720413208, 0.3098298907279968, 0.2522510886192322, 0.2665805220603943, 0.259443998336792, 0.3287467360496521, 0.29358232021331787, 0.24515242874622345, 0.2865913510322571, 0.22171270847320557, 0.22745393216609955, 0, 0.258846253156662, 0.2537914514541626, 0.30988016724586487, 0.22556349635124207, 0.38473647832870483, 0.2198956459760666, 0.2174874097108841, 0.23386521637439728, 0.19543346762657166, 0.21314719319343567, 0.16886895895004272, 0.28644752502441406, 0.2631303071975708, 0.293691486120224, 0.25364014506340027, 0.3230634927749634, 0.4070722162723541, 0.22800466418266296, 0.3560860753059387, 0.3150412440299988, 0.2347744107246399, 0.31130558252334595, 0.21334819495677948, 0.192080557346344, 0.21143919229507446, 0.33983299136161804
0.2486894577741623, 0.2327321320772171, 0.1920371651649475, 0.2486894577741623, 0.2081771045923233, 0.20817427337169647, 0.22869735956192017, 0.2073691040277481, 0.3022918105125427, 0.2486894577741623, 0.12473218142986298, 0.12691128253936768, 0.17913630604743958, 0.21445095539093018, 0.2783506512641907, 0.18233436346054077, 0.30425214767456055, 0.2486894726753235, 0.23266611993312836, 0.12644143402576447, 0.2486894577741623, 0.27542394399642944, 0.32576483488082886, 0.17499807476997375, 0.24604162573814392, 0.21888765692710876, 0.2397289127111435, 0.30120420455932617, 0.16303029656410217, 0.20817813277244568, 0.11085370928049088, 0.25429385900497437, 0.24216589331626892, 0.26670828461647034, 0.19001904129981995, 0.26367872953414917, 0.2882837653160095, 0.2080649733543396, 0.3936581313610077, 0.19001908600330353, 0.2103419154882431, 0.18107622861862183, 0.22622011601924896, 0.2486894577741623, 0.22621992230415344, 0, 0.20494437217712402, 0.22964507341384888, 0.14978837966918945, 0.22793367505073547, 0.2327321320772171, 0.2667352557182312, 0.24603663384914398, 0.2742308974266052, 0.16681763529777527, 0.21876025199890137, 0.21582645177841187, 0.25083863735198975, 0.3583527207374573, 0.24563385546207428, 0.21627801656723022, 0.17468516528606415, 0.19001908600330353, 0.19420893490314484, 0.2803274393081665, 0.19317099452018738, 0.2169758826494217, 0.18751399219036102, 0.23375612497329712, 0.16025429964065552, 0.1976073831319809
0.2486894577741623, 0.2327321320772171, 0.28965523838996887, 0.24871820211410522, 0.26695212721824646, 0.1955617070198059, 0.2589792013168335, 0.16343986988067627, 0.2038607895374298, 0.24868863821029663, 0.1263023018836975, 0.13675722479820251, 0.23830564320087433, 0.30037030577659607, 0.2879708409309387, 0.16864430904388428, 0.33427950739860535, 0.2687171697616577, 0.2511613667011261, 0.19300390779972076, 0.2866268455982208, 0.16888564825057983, 0.28528860211372375, 0.09493350237607956, 0.23120327293872833, 0.16796568036079407, 0.21245688199996948, 0.3270828127861023, 0.20429328083992004, 0.19785714149475098, 0.0762762576341629, 0.17807529866695404, 0.22840788960456848, 0.1315542310476303, 0.26612773537635803, 0.3310946822166443, 0.2327209711074829, 0.2109059989452362, 0.29436442255973816, 0.2589290738105774, 0.1354648470878601, 0.2507184147834778, 0.23630991578102112, 0.28074365854263306, 0.21712179481983185, 0.23097339272499084, 0, 0.17148242890834808, 0.1690051257610321, 0.19797122478485107, 0.22185570001602173, 0.22288013994693756, 0.22088608145713806, 0.23850974440574646, 0.2081346958875656, 0.24144621193408966, 0.2446611225605011, 0.31484565138816833, 0.27997392416000366, 0.1920318603515625, 0.29616880416870117, 0.2397203892469406, 0.2486894577741623, 0.2612644135951996, 0.26768773794174194, 0.2210494428873062, 0.23184098303318024, 0.17678532004356384, 0.10535991936922073, 0.3110622465610504, 0.2512589693069458
0.2667352557182312, 0.248326376080513, 0.24832619726657867, 0.2486894577741623, 0.2262236773967743, 0.20817427337169647, 0.2150261402130127, 0.21412035822868347, 0.2603535056114197, 0.26147356629371643, 0.12473201751708984, 0.12644098699092865, 0.17946839332580566, 0.2671082317829132, 0.3562946319580078, 0.22620949149131775, 0.2642055153846741, 0.26673567295074463, 0.24848559498786926, 0.16311994194984436, 0.3047207295894623, 0.2143050879240036, 0.2667352557182312, 0.19631949067115784, 0.3917413055896759, 0.2080642580986023, 0.13674847781658173, 0.18696320056915283, 0.23972006142139435, 0.2667352557182312, 0.17335014045238495, 0.2667351961135864, 0.23471221327781677, 0.16528630256652832, 0.2667352557182312, 0.22622014582157135, 0.22622014582157135, 0.26673510670661926, 0.26081356406211853, 0.248648539185524, 0.24869103729724884, 0.1958899199962616, 0.2642059326171875, 0.2667352557182312, 0.19234581291675568, 0.2667352557182312, 0.2055351287126541, 0, 0.12473201751708984, 0.208065003156662, 0.2667352557182312, 0.22622014582157135, 0.22623881697654724, 0.3094816505908966, 0.20137201249599457, 0.26143231987953186, 0.22622014582157135, 0.20253174006938934, 0.3233439326286316, 0.1922932267189026, 0.33098793029785156, 0.2507931590080261, 0.28876835107803345, 0.21490183472633362, 0.12322454154491425, 0.1523924171924591, 0.2110450118780136, 0.22622014582157135, 0.22622014582157135, 0.20605650544166565, 0.2297421246767044
0.3728375732898712, 0.3728375732898712, 0.29803401231765747, 0.45627084374427795, 0.3093852400779724, 0.3098679184913635, 0.3117009997367859, 0.40091997385025024, 0.3308304250240326, 0.37202370166778564, 0.20706960558891296, 0.2112872153520584, 0.23523160815238953, 0.2651236653327942, 0.5691863894462585, 0.33905062079429626, 0.2393062263727188, 0.35496023297309875, 0.3644826412200928, 0.26136887073516846, 0.36283448338508606, 0.36227869987487793, 0.37164485454559326, 0.3635566234588623, 0.5294452905654907, 0.27306196093559265, 0.38382694125175476, 0.36613136529922485, 0.3644762933254242, 0.3139249086380005, 0.3242781162261963, 0.3190958797931671, 0.3234558701515198, 0.2075663059949875, 0.31392502784729004, 0.32980412244796753, 0.2930959165096283, 0.3139230012893677, 0.30250176787376404, 0.31239110231399536, 0.3134428858757019, 0.31387990713119507, 0.32727599143981934, 0.31392502784729004, 0.24425862729549408, 0.31392502784729004, 0.35073307156562805, 0.36894840002059937, 0, 0.36283448338508606, 0.3644757866859436, 0.3910955786705017, 0.3550175130367279, 0.327432781457901, 0.37633299827575684, 0.4832434356212616, 0.2858846187591553, 0.25925731658935547, 0.3949683904647827, 0.31069397926330566, 0.32480737566947937, 0.3028152287006378, 0.45636942982673645, 0.4077630937099457, 0.2768068015575409, 0.3067254424095154, 0.3880416452884674, 0.3838934898376465, 0.41381826996803284, 0.2988465428352356, 0.3056654632091522
0.2486894577741623, 0.29402971267700195, 0.2263576239347458, 0.24869006872177124, 0.26673516631126404, 0.22224070131778717, 0.23712749779224396, 0.2517930865287781, 0.23578420281410217, 0.2614322900772095, 0.16513670980930328, 0.21323393285274506, 0.17129971086978912, 0.19006507098674774, 0.2863242030143738, 0.25300246477127075, 0.3048105239868164, 0.18834061920642853, 0.22166502475738525, 0.14468038082122803, 0.3047207295894623, 0.14537377655506134, 0.2667352557182312, 0.25525182485580444, 0.29356905817985535, 0.20638211071491241, 0.17085418105125427, 0.23652566969394684, 0.21501494944095612, 0.2667352557182312, 0.13578073680400848, 0.2922700047492981, 0.2293427437543869, 0.1244741827249527, 0.2486894577741623, 0.1675497591495514, 0.26524633169174194, 0.2486894577741623, 0.38671231269836426, 0.2721419036388397, 0.331283837556839, 0.20841185748577118, 0.2262147068977356, 0.2667352557182312, 0.23184409737586975, 0.2667352557182312, 0.23565153777599335, 0.19001908600330353, 0.1382717788219452, 0, 0.2667352557182312, 0.2037263959646225, 0.2190614938735962, 0.18023781478405, 0.23458494246006012, 0.2866706848144531, 0.24828161299228668, 0.277093768119812, 0.2645081579685211, 0.19671477377414703, 0.30483725666999817, 0.23276029527187347, 0.2327321320772171, 0.09335201233625412, 0.2573736608028412, 0.23360580205917358, 0.26959553360939026, 0.2667352557182312, 0.2528057098388672, 0.2478548139333725, 0.3245500326156616
0.3047207295894623, 0.2642055153846741, 0.2029828280210495, 0.2667352557182312, 0.22342239320278168, 0.22622013092041016, 0.33502405881881714, 0.3342016339302063, 0.36342963576316833, 0.3047207295894623, 0.22622014582157135, 0.18727602064609528, 0.1635643094778061, 0.16174101829528809, 0.35341939330101013, 0.1752002090215683, 0.20554746687412262, 0.29514437913894653, 0.21863172948360443, 0.16779224574565887, 0.24605035781860352, 0.3213299810886383, 0.32980412244796753, 0.325877845287323, 0.39175763726234436, 0.3079644441604614, 0.3066217303276062, 0.2513611912727356, 0.19389992952346802, 0.22622014582157135, 0.26980817317962646, 0.2667454481124878, 0.29255741834640503, 0.23122107982635498, 0.16755005717277527, 0.20562762022018433, 0.2347743809223175, 0.22645244002342224, 0.3171147108078003, 0.17502176761627197, 0.23480845987796783, 0.33116668462753296, 0.2883654236793518, 0.24603953957557678, 0.19155609607696533, 0.2055351734161377, 0.24019664525985718, 0.383542537689209, 0.1264403909444809, 0.383542537689209, 0, 0.2635882496833801, 0.2451392412185669, 0.2852502465248108, 0.30131858587265015, 0.1624746322631836, 0.2293013483285904, 0.2404361069202423, 0.5278791785240173, 0.24283573031425476, 0.3024887442588806, 0.38355451822280884, 0.24605035781860352, 0.27822375297546387, 0.2754066586494446, 0.24726754426956177, 0.22571328282356262, 0.20500904321670532, 0.18672582507133484, 0.2450091540813446, 0.36534199118614197
0.2866706848144531, 0.22800461947917938, 0.2533181607723236, 0.245513454079628, 0.3051988482475281, 0.21370021998882294, 0.326933354139328, 0.400489866733551, 0.22297212481498718, 0.2120799720287323, 0.13155052065849304, 0.12484966218471527, 0.26912233233451843, 0.2226664125919342, 0.325615257024765, 0.24544554948806763, 0.29264479875564575, 0.3192043900489807, 0.16314923763275146, 0.16204360127449036, 0.3150821328163147, 0.16783548891544342, 0.32980412244796753, 0.20775854587554932, 0.4418526291847229, 0.21700111031532288, 0.2023034393787384, 0.405017614364624, 0.31293392181396484, 0.22478622198104858, 0.07507061958312988, 0.24393783509731293, 0.19241517782211304, 0.20376946032047272, 0.3276858329772949, 0.2837527394294739, 0.3047694265842438, 0.2711317837238312, 0.37993621826171875, 0.29444122314453125, 0.2595749497413635, 0.26120808720588684, 0.2694735527038574, 0.30771902203559875, 0.30946701765060425, 0.3073471486568451, 0.3145331144332886, 0.3376665711402893, 0.12205159664154053, 0.27629077434539795, 0.19087012112140656, 0, 0.30771902203559875, 0.2618710398674011, 0.24652022123336792, 0.21207110583782196, 0.432455837726593, 0.18136855959892273, 0.8431872725486755, 0.39336591958999634, 0.326579749584198, 0.3303638696670532, 0.2280043512582779, 0.35002726316452026, 0.26669687032699585, 0.19317077100276947, 0.23971202969551086, 0.2783457636833191, 0.20962539315223694, 0.15330561995506287, 0.10263355076313019
0.29218143224716187, 0.27769529819488525, 0.28748464584350586, 0.25764238834381104, 0.2667354643344879, 0.22207990288734436, 0.259586364030838, 0.2671443819999695, 0.16805699467658997, 0.263356477022171, 0.18039493262767792, 0.1731390655040741, 0.23081906139850616, 0.16120126843452454, 0.2930251359939575, 0.22957797348499298, 0.2797759175300598, 0.24909894168376923, 0.22581027448177338, 0.21539084613323212, 0.3047207295894623, 0.2340676188468933, 0.26673609018325806, 0.23910142481327057, 0.8698418140411377, 0.26231423020362854, 0.2016836702823639, 0.2542266845703125, 0.2882255017757416, 0.26673662662506104, 0.18701481819152832, 0.30596229434013367, 0.2797830104827881, 0.2317982167005539, 0.24601289629936218, 0.23014196753501892, 0.18927770853042603, 0.29239171743392944, 0.34282374382019043, 0.24931900203227997, 0.2262660264968872, 0.24614250659942627, 0.2563069760799408, 0.23013953864574432, 0.21901413798332214, 0.24605035781860352, 0.24855929613113403, 0.2339422106742859, 0.1435452103614807, 0.20500904321670532, 0.20806600153446198, 0.2887563109397888, 0, 0.17993700504302979, 0.36420148611068726, 0.21784473955631256, 0.2685059905052185, 0.21960234642028809, 0.30387580394744873, 0.25551044940948486, 0.3256605565547943, 0.21874697506427765, 0.2732364237308502, 0.27884241938591003, 0.19159017503261566, 0.25166693329811096, 0.2562868893146515, 0.2513417601585388, 0.2056923508644104, 0.203853577375412, 0.34432488679885864
0.2742078900337219, 0.3036273121833801, 0.22809408605098724, 0.30642667412757874, 0.2273559421300888, 0.20961172878742218, 0.317848801612854, 0.2992989420890808, 0.26058661937713623, 0.29226893186569214, 0.24404828250408173, 0.1399458348751068, 0.24756504595279694, 0.17383190989494324, 0.41596829891204834, 0.27886345982551575, 0.28479936718940735, 0.3380189538002014, 0.2833646535873413, 0.19733908772468567, 0.24217437207698822, 0.27922219038009644, 0.31643810868263245, 0.3113841712474823, 0.45579755306243896, 0.15855100750923157, 0.1867131143808365, 0.3416622579097748, 0.30361974239349365, 0.3569183945655823, 0.2412550449371338, 0.2963257431983948, 0.11457870155572891, 0.3298678994178772, 0.22234518826007843, 0.29121941328048706, 0.3164113163948059, 0.2018854022026062, 0.278425395488739, 0.17369739711284637, 0.2686266601085663, 0.32768872380256653, 0.2867528796195984, 0.23655660450458527, 0.2907949686050415, 0.2368423491716385, 0.3758203983306885, 0.30882173776626587, 0.19765925407409668, 0.36096400022506714, 0.24392282962799072, 0.26102685928344727, 0.270411878824234, 0, 0.20909695327281952, 0.19949723780155182, 0.26337382197380066, 0.3626444935798645, 0.5805056095123291, 0.35155922174453735, 0.3942052125930786, 0.40431690216064453, 0.22800789773464203, 0.3529658317565918, 0.18105274438858032, 0.2727486193180084, 0.36139723658561707, 0.1840047836303711, 0.16258570551872253, 0.19714030623435974, 0.3525596261024475
0.10470448434352875, 0.23375612497329712, 0.2013968676328659, 0.216653972864151, 0.2812140882015228, 0.15385639667510986, 0.3436836898326874, 0.3914102017879486, 0.31805306673049927, 0.14354047179222107, 0.17942914366722107, 0.3186383843421936, 0.2438066452741623, 0.21642212569713593, 0.2201882004737854, 0.22721289098262787, 0.5171282291412354, 0.4375757575035095, 0.12499263137578964, 0.22664912045001984, 0.28753989934921265, 0.1579444259405136, 0.5330220460891724, 0.2835662364959717, 0.4448094069957733, 0.13279423117637634, 0.09930969774723053, 0.3064152002334595, 0.17620065808296204, 0.2648254632949829, 0.10395005345344543, 0.24578052759170532, 0.1070084497332573, 0.2218790054321289, 0.2520562708377838, 0.2918132543563843, 0.12907543778419495, 0.22643014788627625, 0.2756998538970947, 0.21200305223464966, 0.12834414839744568, 0.2727162539958954, 0.2727944850921631, 0.2642055153846741, 0.24775394797325134, 0.23721657693386078, 0.3000541627407074, 0.304125040769577, 0.21651506423950195, 0.3318150043487549, 0.15338166058063507, 0.2831896245479584, 0.2618112564086914, 0.19437766075134277, 0, 0.2357010692358017, 0.21763131022453308, 0.3009621500968933, 0.5796698331832886, 0.36039507389068604, 0.3279350996017456, 0.24615857005119324, 0.24615974724292755, 0.3818969130516052, 0.20369720458984375, 0.1670188158750534, 0.3245316743850708, 0.21930448710918427, 0.17908208072185516, 0.2797521650791168, 0.051870182156562805
0.2642054557800293, 0.21034084260463715, 0.25820913910865784, 0.2887679934501648, 0.2049081027507782, 0.2066759616136551, 0.22054126858711243, 0.20180244743824005, 0.30143657326698303, 0.2507932186126709, 0.23546558618545532, 0.12091601639986038, 0.23727773129940033, 0.1995168924331665, 0.21739056706428528, 0.20618413388729095, 0.26480036973953247, 0.2507467269897461, 0.2854079604148865, 0.23885487020015717, 0.19218383729457855, 0.28870105743408203, 0.24567674100399017, 0.19313910603523254, 0.24182848632335663, 0.17148585617542267, 0.2725619375705719, 0.19509094953536987, 0.2032201588153839, 0.2570337653160095, 0.23759974539279938, 0.26844167709350586, 0.15285202860832214, 0.22376003861427307, 0.23041105270385742, 0.22479616105556488, 0.1537104696035385, 0.23384389281272888, 0.18164652585983276, 0.19130022823810577, 0.2646998167037964, 0.193568617105484, 0.2102874517440796, 0.2317895144224167, 0.264150470495224, 0.23014093935489655, 0.2278400957584381, 0.16679459810256958, 0.21059399843215942, 0.19217023253440857, 0.1516183465719223, 0.21034349501132965, 0.16756340861320496, 0.17203384637832642, 0.24191062152385712, 0, 0.2374470829963684, 0.2518288493156433, 0.2735484838485718, 0.16917331516742706, 0.1981690376996994, 0.2033592313528061, 0.2667444050312042, 0.35582202672958374, 0.3376132845878601, 0.2817392945289612, 0.22771722078323364, 0.2507268786430359, 0.25565311312675476, 0.21338380873203278, 0.12034570425748825
0.12323981523513794, 0.3372841477394104, 0.08919360488653183, 0.17423605918884277, 0.1988978385925293, 0.1736970990896225, 0.2924427390098572, 0.2227134108543396, 0.1553429663181305, 0.29204261302948, 0.1915913224220276, 0.19858674705028534, 0.08528918027877808, 0.21833278238773346, 0.29410654306411743, 0.3560791611671448, 0.24076339602470398, 0.2969295382499695, 0.2538350224494934, 0.17513228952884674, 0.3313198983669281, 0.16823789477348328, 0.28942689299583435, 0.21894294023513794, 0.2997347414493561, 0.20788973569869995, 0.2518240809440613, 0.24024294316768646, 0.22861222922801971, 0.19862501323223114, 0.25126269459724426, 0.23334527015686035, 0.3430315852165222, 0.3484840989112854, 0.3156072497367859, 0.2603260278701782, 0.2652931213378906, 0.2635311484336853, 0.1885976642370224, 0.26305946707725525, 0.24733775854110718, 0.2938287556171417, 0.23222340643405914, 0.2743196189403534, 0.3168066740036011, 0.32571154832839966, 0.2921305298805237, 0.3314726650714874, 0.2031686156988144, 0.2673788368701935, 0.3307507634162903, 0.3855048716068268, 0.2944906949996948, 0.26638808846473694, 0.20966672897338867, 0.26949870586395264, 0, 0.25611478090286255, 0.3541492223739624, 0.3256956934928894, 0.18114319443702698, 0.33036381006240845, 0.32668325304985046, 0.35692718625068665, 0.3906749188899994, 0.2881500720977783, 0.23226699233055115, 0.22701725363731384, 0.17122995853424072, 0.29127737879753113, 0.11646521091461182
0.21326735615730286, 0.4006391167640686, 0.4012076258659363, 0.3377106785774231, 0.41761264204978943, 0.35348138213157654, 0.34522250294685364, 0.3306059241294861, 0.2835163176059723, 0.2433931678533554, 0.2874249219894409, 0.2584667205810547, 0.2509448230266571, 0.23919987678527832, 0.3759673237800598, 0.4156379699707031, 0.4009406566619873, 0.11483907699584961, 0.4684419631958008, 0.29672014713287354, 0.31738412380218506, 0.30200332403182983, 0.5524194836616516, 0.35243889689445496, 0.3341546654701233, 0.42671698331832886, 0.4320678114891052, 0.37659353017807007, 0.29758065938949585, 0.3347615599632263, 0.3130403459072113, 0.36582937836647034, 0.45329344272613525, 0.35152316093444824, 0.40589603781700134, 0.40779203176498413, 0.3849838376045227, 0.4603244662284851, 0.3231114149093628, 0.32192835211753845, 0.41445475816726685, 0.4612298607826233, 0.54317706823349, 0.4463628828525543, 0.3338726758956909, 0.3323472738265991, 0.38648131489753723, 0.3334473967552185, 0.3342163562774658, 0.6960358619689941, 0.2898902893066406, 0.4144507348537445, 0.3004160523414612, 0.15701362490653992, 0.3406989574432373, 0.3890210688114166, 0.3895757794380188, 0, 0.4090622067451477, 0.43241000175476074, 0.4812355041503906, 0.3449469804763794, 0.365500271320343, 0.3365773558616638, 0.4245859682559967, 0.5303421020507812, 0.1772373765707016, 0.47564050555229187, 0.43807661533355713, 0.3113747835159302, 0.1338464319705963
0.6057746410369873, 0.40892815589904785, 0.34912794828414917, 0.332322895526886, 0.28884267807006836, 0.3741082549095154, 0.30616700649261475, 0.5889259576797485, 0.30777812004089355, 0.45977920293807983, 0.5322132110595703, 0.6739494800567627, 0.5617193579673767, 0.5904682874679565, 0.4912254512310028, 0.30925944447517395, 0.37591540813446045, 0.6801093816757202, 0.5277628898620605, 0.37260591983795166, 0.3157234787940979, 0.6437666416168213, 0.3868119716644287, 0.46833211183547974, 0.6411780118942261, 0.6457412242889404, 0.5620361566543579, 0.5444604158401489, 0.4233543574810028, 0.4332566261291504, 0.6146886944770813, 0.5989922285079956, 0.5361374616622925, 0.661841869354248, 0.40149378776550293, 0.43540918827056885, 0.5450289249420166, 0.3662233352661133, 0.27372080087661743, 0.3903323709964752, 0.6264382004737854, 0.5275393724441528, 0.4482973515987396, 0.42229485511779785, 0.46456462144851685, 0.39385563135147095, 0.4889751374721527, 0.3557380437850952, 0.6178591251373291, 0.36319002509117126, 0.5002173185348511, 0.6580754518508911, 0.43384313583374023, 0.6474596261978149, 0.697466254234314, 0.42269718647003174, 0.5230942368507385, 0.6175752878189087, 0, 0.5240949392318726, 0.45514464378356934, 0.4602771997451782, 0.34500038623809814, 0.5870825052261353, 0.5214459896087646, 0.5915573835372925, 0.755190908908844, 0.5714837312698364, 0.6547293066978455, 0.5594478249549866, 0.1449660062789917
0.2216590940952301, 0.22165808081626892, 0.39340952038764954, 0.23963037133216858, 0.41169655323028564, 0.31725671887397766, 0.41993361711502075, 0.3431779146194458, 0.3621419668197632, 0.2216590791940689, 0.1630302220582962, 0.27612489461898804, 0.20961402356624603, 0.3526994287967682, 0.46766427159309387, 0.23864495754241943, 0.24436908960342407, 0.3237551152706146, 0.3291039764881134, 0.1746271848678589, 0.23426012694835663, 0.2605299949645996, 0.5545966625213623, 0.25456130504608154, 0.3133664131164551, 0.33371058106422424, 0.20855137705802917, 0.4305941164493561, 0.2288966029882431, 0.2787722945213318, 0.1312493085861206, 0.38493120670318604, 0.34508341550827026, 0.2603824734687805, 0.15886381268501282, 0.2745371460914612, 0.26774653792381287, 0.2644067406654358, 0.35121583938598633, 0.3345867693424225, 0.25854063034057617, 0.3208621144294739, 0.5294834971427917, 0.28822559118270874, 0.2590196430683136, 0.28822553157806396, 0.21351562440395355, 0.26767703890800476, 0.2072630524635315, 0.256321519613266, 0.24402643740177155, 0.3775251507759094, 0.45270922780036926, 0.2154245376586914, 0.45712000131607056, 0.174359992146492, 0.2301013469696045, 0.2089671492576599, 0.2434806227684021, 0, 0.5349281430244446, 0.30242156982421875, 0.20220695436000824, 0.574233889579773, 0.3715193271636963, 0.27032554149627686, 0.29120519757270813, 0.331746369600296, 0.05120489001274109, 0.187471404671669, 0.11562255769968033
0.15956880152225494, 0.1724054366350174, 0.16276882588863373, 0.28293684124946594, 0.36069056391716003, 0.260251522064209, 0.26723819971084595, 0.2725836932659149, 0.17617064714431763, 0.16178058087825775, 0.21542859077453613, 0.13531747460365295, 0.2589413523674011, 0.2211945503950119, 0.27977490425109863, 0.24932236969470978, 0.21832074224948883, 0.1069592535495758, 0.17404158413410187, 0.13084165751934052, 0.19054971635341644, 0.19460074603557587, 0.26897338032722473, 0.16917340457439423, 0.1631421148777008, 0.12053468078374863, 0.14312659204006195, 0.4116996228694916, 0.2826707065105438, 0.3048136532306671, 0.13529187440872192, 0.2864571213722229, 0.28347277641296387, 0.2305869162082672, 0.30313214659690857, 0.3225319981575012, 0.353263258934021, 0.276490718126297, 0.24850450456142426, 0.16659380495548248, 0.37232545018196106, 0.22334589064121246, 0.21098501980304718, 0.2937442660331726, 0.2507008910179138, 0.25467726588249207, 0.24511109292507172, 0.24728353321552277, 0.23686866462230682, 0.3890259861946106, 0.24072396755218506, 0.2029307633638382, 0.24041497707366943, 0.22408825159072876, 0.15254119038581848, 0.1951805055141449, 0.3701963424682617, 0.2644672691822052, 0.21603982150554657, 0.3366054892539978, 0, 0.20185337960720062, 0.2610856294631958, 0.0820779949426651, 0.19807597994804382, 0.2787841558456421, 0.06097517907619476, 0.29004234075546265, 0.1998223215341568, 0.26839199662208557, 0.018077343702316284
0.2667352557182312, 0.2642055153846741, 0.23377582430839539, 0.2667352557182312, 0.22621981799602509, 0.20794454216957092, 0.2841338813304901, 0.4071890115737915, 0.285745769739151, 0.28876835107803345, 0.12473201751708984, 0.12400257587432861, 0.17092542350292206, 0.21852709352970123, 0.3672065734863281, 0.21029330790042877, 0.26351693272590637, 0.2286667674779892, 0.21897612512111664, 0.11763527989387512, 0.3132724463939667, 0.25429242849349976, 0.3204382658004761, 0.2694568634033203, 0.3527531623840332, 0.1900196075439453, 0.21328212320804596, 0.205008864402771, 0.23400267958641052, 0.21034418046474457, 0.15150538086891174, 0.22622014582157135, 0.22622141242027283, 0.22622014582157135, 0.2262243926525116, 0.22622014582157135, 0.21824608743190765, 0.29608628153800964, 0.23520857095718384, 0.250562846660614, 0.22619564831256866, 0.24534335732460022, 0.25751474499702454, 0.3047207295894623, 0.22073258459568024, 0.22622014582157135, 0.2055351883172989, 0.24605035781860352, 0.12473201751708984, 0.28350967168807983, 0.2667352557182312, 0.22622014582157135, 0.2642049491405487, 0.26673585176467896, 0.18107236921787262, 0.3047207295894623, 0.2081216275691986, 0.14404353499412537, 0.8370026350021362, 0.19005143642425537, 0.23974265158176422, 0, 0.3047207295894623, 0.2897469997406006, 0.21205675601959229, 0.18152596056461334, 0.2399366796016693, 0.2642055153846741, 0.23516827821731567, 0.19948944449424744, 0.10008808225393295
0.26883751153945923, 0.2507931590080261, 0.1922951638698578, 0.2667338252067566, 0.2507931590080261, 0.1923530399799347, 0.21159926056861877, 0.26763057708740234, 0.30468595027923584, 0.2529016137123108, 0.21121686697006226, 0.20042936503887177, 0.16329839825630188, 0.2491838037967682, 0.40329915285110474, 0.1824660450220108, 0.26401710510253906, 0.20804452896118164, 0.23623956739902496, 0.1931719332933426, 0.2667352557182312, 0.30947238206863403, 0.208065003156662, 0.19416338205337524, 0.44636648893356323, 0.2724258601665497, 0.2507973909378052, 0.22839480638504028, 0.19216583669185638, 0.2507931590080261, 0.2507931590080261, 0.26671063899993896, 0.2262199968099594, 0.22622014582157135, 0.208065003156662, 0.24605035781860352, 0.22622014582157135, 0.2667352557182312, 0.24299447238445282, 0.19216583669185638, 0.21034090220928192, 0.19002193212509155, 0.2642055153846741, 0.208065003156662, 0.2667352557182312, 0.208065003156662, 0.24605035781860352, 0.1921658217906952, 0.22797374427318573, 0.16759544610977173, 0.19216588139533997, 0.2667352557182312, 0.1675497591495514, 0.19220687448978424, 0.3644757866859436, 0.22880476713180542, 0.2243017703294754, 0.2507931590080261, 0.36816495656967163, 0.2268284559249878, 0.22548431158065796, 0.19216583669185638, 0, 0.40758466720581055, 0.2461749017238617, 0.12520138919353485, 0.2761474549770355, 0.19216583669185638, 0.22623971104621887, 0.24297040700912476, 0.15743288397789001
0.23546522855758667, 0.24457967281341553, 0.1696392297744751, 0.2752024829387665, 0.11203400790691376, 0.22012697160243988, 0.35834160447120667, 0.515705406665802, 0.2376207560300827, 0.19064894318580627, 0.3485085964202881, 0.4948139190673828, 0.44982004165649414, 0.3575723171234131, 0.2833975553512573, 0.1748235523700714, 0.3591630458831787, 0.2985481917858124, 0.19265370070934296, 0.34814006090164185, 0.24219854176044464, 0.17460332810878754, 0.45885902643203735, 0.2979222238063812, 0.5447273254394531, 0.23981741070747375, 0.2006552666425705, 0.4207363724708557, 0.26042091846466064, 0.07699888944625854, 0.2855713963508606, 0.2937074899673462, 0.1396167129278183, 0.18590688705444336, 0.28953927755355835, 0.3712347745895386, 0.13685089349746704, 0.2321685552597046, 0.4094018340110779, 0.179417222738266, 0.23251843452453613, 0.4655602276325226, 0.43831923604011536, 0.3395422101020813, 0.2923543155193329, 0.3103298246860504, 0.40422147512435913, 0.3132724463939667, 0.2706318199634552, 0.4471750855445862, 0.19064897298812866, 0.15696996450424194, 0.28954017162323, 0.19092108309268951, 0.2347232699394226, 0.2602165639400482, 0.10252592712640762, 0.1773291677236557, 0.8889498114585876, 0.4392828941345215, 0.43908780813217163, 0.2922689914703369, 0.2923465967178345, 0, 0.3489144444465637, 0.3397276997566223, 0.5430994033813477, 0.1303151249885559, 0.3475884199142456, 0.29909899830818176, 0.42475563287734985
0.21682050824165344, 0.253597229719162, 0.23776833713054657, 0.3712809085845947, 0.23065955936908722, 0.1957486867904663, 0.28297337889671326, 0.3313387930393219, 0.23116616904735565, 0.3721909523010254, 0.25393080711364746, 0.16596487164497375, 0.20963864028453827, 0.22425660490989685, 0.31006625294685364, 0.38595759868621826, 0.2710658013820648, 0.5248144865036011, 0.2832900881767273, 0.2278674691915512, 0.27240315079689026, 0.2918125092983246, 0.26694807410240173, 0.1756018102169037, 0.2893792390823364, 0.3161633312702179, 0.31711286306381226, 0.2705022990703583, 0.31264689564704895, 0.20205076038837433, 0.25535911321640015, 0.16414359211921692, 0.27950412034988403, 0.17399917542934418, 0.2783741354942322, 0.17712700366973877, 0.14378660917282104, 0.29193803668022156, 0.35071295499801636, 0.27458450198173523, 0.2613191604614258, 0.2830915153026581, 0.2615816593170166, 0.29121243953704834, 0.30387991666793823, 0.32077455520629883, 0.41694867610931396, 0.27340978384017944, 0.32400473952293396, 0.34597083926200867, 0.3205760717391968, 0.2801836133003235, 0.2867497503757477, 0.26076021790504456, 0.3058036267757416, 0.3961348533630371, 0.29577988386154175, 0.2897937297821045, 0.29634976387023926, 0.31183305382728577, 0.27470308542251587, 0.3386528193950653, 0.3724137246608734, 0.4249720573425293, 0, 0.21452480554580688, 0.4891030192375183, 0.33254167437553406, 0.2363806962966919, 0.25607752799987793, 0.031791314482688904
0.3525259494781494, 0.2577552795410156, 0.22184647619724274, 0.372411847114563, 0.21317490935325623, 0.212837815284729, 0.46238306164741516, 0.32207733392715454, 0.3159794509410858, 0.3376665711402893, 0.17184092104434967, 0.20763717591762543, 0.16891062259674072, 0.3473333716392517, 0.2728846073150635, 0.44084036350250244, 0.3415529131889343, 0.5585835576057434, 0.2931492328643799, 0.2103552222251892, 0.3499479293823242, 0.3321336507797241, 0.5748717784881592, 0.24613076448440552, 0.4579901099205017, 0.3125244379043579, 0.28897830843925476, 0.3295441269874573, 0.33744025230407715, 0.30845096707344055, 0.15987856686115265, 0.19617782533168793, 0.27618277072906494, 0.16902904212474823, 0.36663389205932617, 0.41119563579559326, 0.22829410433769226, 0.30546560883522034, 0.359703004360199, 0.257767915725708, 0.29543328285217285, 0.3219453692436218, 0.17242969572544098, 0.3376665711402893, 0.3640507161617279, 0.34284600615501404, 0.4061502516269684, 0.2553638219833374, 0.2143578827381134, 0.3238752484321594, 0.3078199326992035, 0.3666963279247284, 0.3167286813259125, 0.40248966217041016, 0.30429065227508545, 0.27791428565979004, 0.18900614976882935, 0.2478606402873993, 0.4037991762161255, 0.26673442125320435, 0.18658825755119324, 0.25522559881210327, 0.3376665711402893, 0.4640592038631439, 0.3176511526107788, 0, 0.2223706990480423, 0.30237114429473877, 0.360411137342453, 0.25891047716140747, 0.13250146806240082
0.3691408634185791, 0.27860915660858154, 0.2930213510990143, 0.282875657081604, 0.30514705181121826, 0.4243561625480652, 0.4785673916339874, 0.26815199851989746, 0.214815154671669, 0.3641802668571472, 0.173812597990036, 0.29270389676094055, 0.09145838767290115, 0.2697855532169342, 0.08227504789829254, 0.31378403306007385, 0.24073126912117004, 0.5114712715148926, 0.36449527740478516, 0.16964122653007507, 0.45606228709220886, 0.2146696150302887, 0.4566567540168762, 0.3625327944755554, 0.33849626779556274, 0.38362643122673035, 0.226021409034729, 0.33643150329589844, 0.23285731673240662, 0.2819020450115204, 0.21862490475177765, 0.21248748898506165, 0.38771647214889526, 0.28171631693840027, 0.41322067379951477, 0.35853055119514465, 0.3690817654132843, 0.3914256989955902, 0.3986908793449402, 0.38406485319137573, 0.41154468059539795, 0.2530266344547272, 0.3700011074542999, 0.30526813864707947, 0.38825953006744385, 0.3591125011444092, 0.4960889518260956, 0.3880612850189209, 0.1071440652012825, 0.40838873386383057, 0.3638220429420471, 0.4809201657772064, 0.4579368829727173, 0.33064308762550354, 0.4983583688735962, 0.1571214497089386, 0.3480207324028015, 0.1716572642326355, 0.29813167452812195, 0.3677954077720642, 0.12705747783184052, 0.5430222749710083, 0.36356621980667114, 0.4720921814441681, 0.5145002603530884, 0.33705762028694153, 0, 0.44262680411338806, 0.38163620233535767, 0.30014321208000183, 0
0.2866706848144531, 0.18748939037322998, 0.24713656306266785, 0.24869075417518616, 0.3259872794151306, 0.2625960111618042, 0.3541002869606018, 0.3158276677131653, 0.32557517290115356, 0.2698248624801636, 0.16981133818626404, 0.11607802659273148, 0.21251384913921356, 0.22317999601364136, 0.5386713147163391, 0.41743117570877075, 0.26148295402526855, 0.33314138650894165, 0.16303078830242157, 0.22846561670303345, 0.2545940577983856, 0.23670139908790588, 0.4200674891471863, 0.2072572410106659, 0.9044860601425171, 0.3594104051589966, 0.20300106704235077, 0.41805678606033325, 0.24073031544685364, 0.22368642687797546, 0.23388497531414032, 0.38163894414901733, 0.26063790917396545, 0.2838824391365051, 0.26720646023750305, 0.28524965047836304, 0.416838675737381, 0.37545135617256165, 0.3931015729904175, 0.2702295184135437, 0.3008005619049072, 0.30250734090805054, 0.26172521710395813, 0.22747834026813507, 0.29292017221450806, 0.18108367919921875, 0.38231179118156433, 0.26131671667099, 0.17158585786819458, 0.32576480507850647, 0.15116778016090393, 0.26105207204818726, 0.246050164103508, 0.32693666219711304, 0.2734110951423645, 0.2218644618988037, 0.30022135376930237, 0.11926457285881042, 0.8164713382720947, 0.2803129255771637, 0.25500184297561646, 0.3303650915622711, 0.22800466418266296, 0.4274129867553711, 0.2895641326904297, 0.24507993459701538, 0.16133199632167816, 0, 0.24664334952831268, 0.17933189868927002, 0.24098500609397888
0.2216591238975525, 0.2216586023569107, 0.15070956945419312, 0.24809467792510986, 0.25669804215431213, 0.15521031618118286, 0.2350112944841385, 0.30084577202796936, 0.24286435544490814, 0.1630305051803589, 0.14435595273971558, 0.15859167277812958, 0.16540908813476562, 0.10658805817365646, 0.3840666115283966, 0.2514781951904297, 0.3010755479335785, 0.4811859726905823, 0.21452169120311737, 0.15568993985652924, 0.24605557322502136, 0.3338405191898346, 0.3172789514064789, 0.34420132637023926, 0.43586230278015137, 0.25870949029922485, 0.18335850536823273, 0.3307535648345947, 0.2562040686607361, 0.1663200557231903, 0.09978839010000229, 0.22206760942935944, 0.11692206561565399, 0.30897367000579834, 0.24169524013996124, 0.23420453071594238, 0.29420503973960876, 0.2671656608581543, 0.31294453144073486, 0.24136558175086975, 0.16708031296730042, 0.2740088403224945, 0.3620681166648865, 0.21906499564647675, 0.3415045142173767, 0.2959911525249481, 0.4240427613258362, 0.33036255836486816, 0.10380381345748901, 0.3041782081127167, 0.1383773386478424, 0.25894883275032043, 0.23531900346279144, 0.3029603362083435, 0.36394017934799194, 0.2115495651960373, 0.18378980457782745, 0.11526234447956085, 0.5257577300071716, 0.17707622051239014, 0.19387899339199066, 0.20958609879016876, 0.20220695436000824, 0.43561187386512756, 0.3026820421218872, 0.29938626289367676, 0.20713037252426147, 0.31613996624946594, 0, 0.2333068996667862, 0.16095809638500214
0.29591134190559387, 0.28476810455322266, 0.19552527368068695, 0.27229711413383484, 0.28119292855262756, 0.283119797706604, 0.2858083248138428, 0.2024267315864563, 0.25468918681144714, 0.25776320695877075, 0.3882490396499634, 0.26354995369911194, 0.11032204329967499, 0.21827855706214905, 0.2358560711145401, 0.2434273660182953, 0.38923972845077515, 0.3237212300300598, 0.34730157256126404, 0.319131076335907, 0.25775009393692017, 0.26967933773994446, 0.31016531586647034, 0.11367227882146835, 0.4475278854370117, 0.19132252037525177, 0.24666337668895721, 0.34638285636901855, 0.4828314781188965, 0.25281262397766113, 0.2807519733905792, 0.21820329129695892, 0.13437768816947937, 0.3560423254966736, 0.2790989279747009, 0.25240573287010193, 0.1602480411529541, 0.24264119565486908, 0.32789918780326843, 0.1894046664237976, 0.2205541580915451, 0.18288682401180267, 0.2837160527706146, 0.2633276581764221, 0.27856048941612244, 0.2906981408596039, 0.2997261881828308, 0.41518187522888184, 0.4245392382144928, 0.34097790718078613, 0.34455323219299316, 0.3124021589756012, 0.3080073297023773, 0.48005571961402893, 0.3188013732433319, 0.21373127400875092, 0.2602301836013794, 0.12222716957330704, 0.21760539710521698, 0.24127550423145294, 0.3068324327468872, 0.5008783936500549, 0.25778716802597046, 0.3596382141113281, 0.18699662387371063, 0.2498854398727417, 0.32560887932777405, 0.3195485472679138, 0.3866732120513916, 0, 0.1669928878545761
0.36953386664390564, 0.46536412835121155, -0.10549390316009521, 0.2629982829093933, 0.28013330698013306, 0.20458658039569855, 0.14455263316631317, 0.11033376306295395, 0, 0.35718071460723877, 0.16365598142147064, 0, 0, 0, 0, 0.04860056936740875, 0.2108626365661621, 0.15733355283737183, 0.16718816757202148, 0, 0.2498784065246582, 0.07312840223312378, 0.2198040634393692, 0, -0.07460996508598328, -0.08225640654563904, -0.05128425359725952, 0.2597661018371582, 0.363525927066803, 0.2154742181301117, 0.0189751535654068, 0.18638640642166138, 0.02169516682624817, 0.009561508893966675, 0.2522852420806885, 0.3412769138813019, 0.01625819504261017, 0.343269407749176, 0.06394742429256439, 0, 0.01391349732875824, 0.07683290541172028, -0.011914685368537903, 0.17824019491672516, 0.07597778737545013, 0.25187546014785767, 0.1278102844953537, 0.20498353242874146, 0.3076724410057068, 0.28835102915763855, 0.3761126399040222, 0.2928493022918701, 0.16298891603946686, 0.30904749035835266, 0.13207566738128662, 0.1446232795715332, 0, -0.020032241940498352, 0.24163147807121277, 0.19693821668624878, -0.059309184551239014, 0.19050906598567963, 0.4223296046257019, 0.25090497732162476, 0.21151365339756012, 0.3558275103569031, 0, 0.33405017852783203, 0, 0.3313436508178711, 0