0.000000000000000000e+00,8.596549829030832848e-06,6.354478744522279058e-08,2.581144203387237301e-06,1.761060733060307826e-06,1.531405025735847570e-06,3.456435210131173416e-07,5.380031338070359285e-08,3.502278433210631179e-07,1.201274410571772786e-05,5.549542113869972039e-06,1.332747648398276808e-06,3.140844655494898750e-07,1.209706854351502494e-06,8.730874891600967330e-07,3.969740431390229242e-07,6.870459923241916109e-07,2.721895579375302503e-07,3.002486975817284647e-06,2.179790784427750789e-07,4.496169103612416343e-06,7.404495344662888251e-07,5.812488837966906208e-07,1.137117300774018238e-07,1.339013614787020085e-06,1.559983055993807175e-06,4.859177452749585136e-07,3.132854527527614714e-06,2.232422095503403332e-06,2.089634609714398541e-06,1.031364997696651737e-06,3.634190701040320265e-07,1.822709640401926410e-06,1.996855185009130438e-06,6.262541196988951317e-06,2.917011180545727749e-06,1.102554339739342766e-06,3.034171251613939329e-06,4.479810416941011317e-07,8.485427286517408154e-07,1.216632304750933039e-06,3.965546371510627937e-07,1.017694231922345980e-06,3.570962624203544278e-06,5.999870612277315253e-07,6.546287182414421661e-06,1.467344807851018161e-06,1.183113773235287919e-05,5.121701278660160751e-06,2.080592382831048307e-06,4.116683559920196352e-06,5.175140060258905636e-06,2.010620247361132216e-06,1.159538755595141815e-06,2.732409040512957070e-07,1.348132324272129241e-07,6.374035100711699885e-07,8.475256502419792236e-07,3.982900297386910815e-07,1.196541100633372816e-06,2.304262825485779158e-07,5.191228906199646499e-06,1.150424292861174644e-05,9.456527805387080048e-07,2.553161081614855000e-06,2.575889268014446369e-06,9.143011477484462925e-09,2.031996541886457920e-06,2.192111108310352398e-07,2.527347269808230767e-07,2.286162693403771378e-09
4.815905814200541024e-06,0.000000000000000000e+00,3.079127935719742204e-07,1.496306303082707122e-06,2.803747243571599751e-06,1.854341406176992655e-06,5.948698803371578851e-07,1.346763760137688598e-06,4.523376043287482866e-07,5.704154202121505232e-06,2.278562443989461019e-06,1.089538183707673337e-08,1.426878115390527896e-07,6.880452555405580369e-09,4.049226895379983389e-07,7.712040877559459089e-07,2.107574252788251333e-07,1.643671073744683867e-06,5.934780959456895905e-07,1.217909140962144436e-08,3.465555870891172382e-06,6.152130725987930422e-07,1.746113654969352846e-06,6.951527074278343303e-07,3.507913678812716226e-07,1.225425861621899957e-07,1.919632901886031780e-08,2.196698946119429963e-07,2.370382003835987043e-06,1.017371285995437050e-06,3.444873931667316089e-07,7.172570864877705626e-07,5.704785731829858730e-07,2.893615559228026593e-07,1.261470354901661642e-06,2.121972804392296741e-06,9.433883813108613389e-08,1.372653359526453537e-06,8.289273063867414464e-07,5.077823743873775421e-07,1.201945794518494042e-06,1.439907045734666836e-07,7.138777739912033601e-07,2.579247254209006977e-06,1.289566664956995712e-06,4.439272774378283773e-06,7.980036234358463474e-07,3.699805385177740628e-06,2.597754714038642680e-06,2.500673856830838177e-06,3.471561388176419649e-06,5.352201037443046968e-06,1.642262166267457971e-06,1.358176497780725833e-07,1.650770748610915014e-06,5.500418480165755091e-08,9.073880948456266564e-08,5.757885719292148770e-08,3.043350155926278786e-07,4.551163296920734968e-07,1.122752260776481526e-08,2.215418984593455677e-06,6.469677725592886277e-06,1.032928890119918765e-06,9.919743844508022396e-08,1.635704625627633214e-06,1.891470491299457980e-07,2.878807983275139300e-06,8.152803919288072758e-07,3.323752078792715968e-07,6.659319885638073046e-07
4.608948219888287620e-07,1.028823624784411048e-07,0.000000000000000000e+00,3.961934949296955326e-09,5.835141259808134334e-07,1.566596897463617693e-08,1.176367718552566772e-08,7.218687655329443538e-07,3.404370150287314845e-07,8.859172307706731041e-08,3.900847402683309835e-07,8.792145488592640749e-10,3.704639785151910356e-07,3.959446479191912004e-10,4.195867165079919703e-10,9.851308345115696865e-10,1.386112719451605106e-09,2.589221690312628462e-07,2.093549391426121593e-07,7.932908982773209304e-10,4.287560835655732837e-07,2.215089036635577185e-09,2.090003507760937041e-08,4.479643803671257021e-10,6.087360481569074795e-10,7.868160605452815580e-09,6.644425111997472756e-09,1.504406843001368361e-09,1.758759766927100277e-07,2.750852326116446873e-07,3.502165219203325727e-09,6.935510039620242860e-07,7.718704564421965699e-07,1.531428829107982483e-08,1.800047043854580536e-07,8.678567016507243144e-07,7.230926586063705105e-07,2.308334871909033124e-07,9.103854528665609883e-09,1.699969654558272279e-06,2.795700576210937407e-07,3.012889753612980465e-07,2.937458096109101624e-07,3.999234440100820708e-07,1.871142555390124971e-09,1.022442018120215684e-06,2.774124856133844759e-07,1.968752742222725187e-07,1.741656368918553392e-07,5.060873275390548306e-07,4.691375217900043213e-07,5.169156410418049564e-07,7.910538196930197614e-09,2.245519985922155166e-09,2.432653240350013855e-09,1.434718765957034076e-09,3.154100634289401383e-07,1.307147350262522520e-08,6.245065201770549438e-09,2.039169325446254069e-07,7.097265035249727013e-10,4.043538841209948432e-07,9.581425854880813307e-07,5.398939474118063192e-07,1.697161994392936341e-09,5.156546881745534269e-07,1.541846660405255858e-09,8.631780174580753490e-07,3.166322658390487165e-07,8.979790475057743217e-10,9.036813079674398510e-11
3.405668789117505946e-06,8.656032734680576314e-07,4.017224138996428236e-09,0.000000000000000000e+00,9.676080238017907688e-08,6.087548292911707941e-07,5.241497857859730347e-08,1.652833240340223712e-07,2.018700431129864305e-07,1.401546866496674088e-06,1.374664857706181578e-06,2.010913534419513720e-07,3.144144451183950263e-09,2.971865854885789351e-09,3.038421148698401003e-09,2.396030824343624240e-07,1.328047117718263354e-07,6.323309236228502307e-07,2.579652110271174606e-07,4.269673305319533605e-09,1.295672936238414169e-06,2.044028460262330384e-07,8.734595556513748096e-07,2.321299613364169679e-07,1.099015245973203395e-08,1.926561791255603415e-07,1.988105419712287514e-07,3.840098278213375311e-07,1.117399862310948140e-06,3.159298667867327654e-07,1.619184360955745666e-08,1.563046342356179289e-07,1.495702999524428306e-08,7.725407315315297570e-07,4.083863123613197262e-07,1.545782519060864076e-06,2.280670924095114815e-08,2.953589853077879931e-07,1.808003670351464266e-07,1.679979771547349887e-07,4.138614222430848485e-07,1.629418510621851286e-07,1.628656039015217428e-08,1.680351557601546248e-06,1.160442002500061296e-07,2.505187382116630859e-06,1.447359999296447881e-07,2.796597022732571306e-06,3.854402994008126175e-07,1.381059564521284682e-06,9.450366764266425643e-07,3.632792112528801026e-07,8.021721607596733997e-07,1.420579817518418307e-08,6.365694760373037482e-07,3.732477238681666667e-07,1.727290902410499794e-07,3.464660936820890768e-07,1.876584259595534972e-07,4.083176414729788024e-08,1.839732635491667209e-07,9.427747895247309009e-07,6.062518598519154854e-06,1.640031289985227504e-06,1.098359081665161677e-08,6.968043785560726219e-07,2.671132280457592883e-09,6.425854695489692930e-08,4.652791951241058243e-07,1.949037141144648604e-07,4.838846597109700293e-10
2.852322518764347645e-06,1.701494362379377605e-06,5.727332932309921331e-07,1.426006685738067228e-06,0.000000000000000000e+00,8.034712876871311701e-08,3.000391402559250584e-08,1.356686830555148143e-08,2.622542100127873200e-08,1.060476104099326451e-06,1.159898636369479827e-06,4.386184211129496291e-09,2.730086125051264323e-07,1.252128414610087706e-09,2.922726696395944789e-09,2.075449454132872097e-07,1.553527094333728290e-06,7.697190525695236607e-07,6.186004946045391529e-07,5.609282376965707175e-07,1.793662003888509393e-06,2.469057168030353060e-07,4.577341598465935577e-07,2.766923588893691912e-07,2.469663152494045836e-07,5.952190233840366998e-07,1.264278972289692751e-06,9.909280124868110981e-09,8.570898799831750094e-08,2.138357211312894433e-06,1.727893041017661976e-06,2.952900132557463068e-06,9.764011770710800564e-07,7.293304998774399910e-07,1.097530306388581347e-06,1.664010261130460997e-06,7.305867349040565723e-07,6.682998361119687123e-07,2.263948752443115988e-07,1.303119697443768447e-06,5.239962080300690237e-07,5.317102220112179448e-07,2.056459053453822504e-07,1.504233578398505258e-06,4.234494814501843729e-07,3.202448486169190543e-06,1.592822952878714580e-06,2.774493971597218913e-06,8.643549705103132203e-08,2.437362113458966335e-06,7.842639459137355475e-07,2.706896247510130586e-06,8.613291000969137132e-07,1.568014490180067325e-08,4.460231912124855744e-07,1.724783479697835648e-07,5.527711153917676280e-07,1.800320856045460204e-07,2.157762949160250981e-07,4.633236413808804564e-07,1.388627127736233171e-06,1.784369964908035318e-06,2.932405658554345858e-06,1.604139149128320039e-06,1.967443945287031207e-07,1.052823576998269167e-08,3.164481808036284051e-07,1.175982877968064089e-06,5.596091331702719374e-07,3.084434158589982748e-09,4.072401912656818800e-07
1.453453455611842147e-06,3.350037393647636540e-07,2.003625302273778251e-09,1.060048339752444284e-08,7.838532152999584048e-09,0.000000000000000000e+00,1.403284606277751721e-07,6.744468720038797316e-09,3.357285463699845430e-08,6.698463113578490712e-07,1.239990143302038731e-06,2.736538800610129012e-09,1.958796013651091377e-09,2.958968521637617618e-07,2.900530800051815477e-07,5.566400056743397162e-07,3.734164208461297437e-09,8.626072281287816811e-09,1.313570024798510357e-06,2.142137040515442560e-09,1.175388001190035223e-06,4.285160681145692585e-07,1.769236137705142959e-07,2.709135546229405789e-09,6.369566098131099544e-07,6.119599287525248611e-07,2.505701156928318631e-07,1.930864630584982903e-07,1.160872200231303586e-08,4.335046148435114267e-07,2.562296316473569972e-07,2.159419712745111124e-07,6.828041869036717017e-07,4.176353135253027993e-07,8.684472712705386950e-07,3.571516164547169629e-07,2.236317960922169020e-07,7.020317277380349593e-07,1.666497993452036046e-08,2.206491743774937080e-07,1.851594898523006692e-08,6.826289698077532908e-09,8.874608174736504806e-07,1.109685907909403326e-06,1.691154841059978599e-07,1.124150364725477699e-06,9.462183701112747796e-09,2.196288991374878175e-06,1.132791164460099305e-06,1.111052033333040228e-06,9.121996342667415523e-07,6.486524542399713521e-07,1.197089007455780361e-06,1.544847339942941987e-08,4.720764684996013951e-07,3.856116290995367042e-09,2.300299030370247842e-07,1.947102682936381463e-08,8.387827547454739634e-09,1.113628875445247576e-06,1.974086621859214977e-09,9.895613925948241709e-07,1.948531587797731373e-06,1.324259407206242987e-06,2.910318376755287843e-09,1.177517499247661507e-07,6.956489117108582562e-10,1.576440317888891501e-06,5.445522513461621248e-09,3.032521353276516798e-09,2.424093414709323732e-10
1.639062410972139417e-06,1.526855768231129076e-08,1.050065731723807254e-09,1.556609159497400756e-07,5.159114566236747593e-07,7.424199541682337056e-07,0.000000000000000000e+00,6.010501833626081418e-09,1.262777123857499100e-08,1.585439732403375957e-06,3.350044180876430889e-07,1.674981823453382671e-09,1.778628864508184153e-09,5.576420291413058694e-10,3.449773765753520198e-07,2.223902582698431549e-09,2.422200723289241264e-07,6.030405032722029350e-09,8.219684961253998312e-07,2.894273185837720669e-07,1.535839569186213991e-07,3.110277576932772663e-07,2.237641227456117205e-07,2.510180602753864890e-09,3.163630999927593282e-07,4.707411004679346549e-09,7.365478854611349193e-07,2.789426603323512134e-09,6.076806604389840872e-09,5.197842155771924998e-07,3.121427232815749993e-07,6.357868545152108347e-07,4.118464127802044893e-09,1.453296679952480245e-08,1.089405614391876204e-08,1.488681477387999401e-06,2.712845056859164426e-07,7.738887310494679806e-09,1.997241417474970113e-09,1.360383823892366065e-09,2.546049083638726813e-07,4.681278898658742612e-09,2.247630648271823062e-09,1.178056791519197376e-06,7.517174226576472356e-09,5.475426694594331441e-07,2.490335638336334234e-07,3.007347750120922196e-07,7.053160105592940459e-09,8.842635271517528224e-08,7.261897574179338234e-07,1.131067664970287119e-06,4.016233549267954023e-07,4.247476514150302067e-09,4.652302681327285014e-09,2.121652255967533542e-09,6.881706755007871212e-07,2.177041247691910644e-08,2.821594362726402111e-07,1.919692609872986686e-09,1.035507859247703691e-09,1.214648641731575614e-07,1.851412547056002544e-07,1.598345208734284706e-06,4.797277797793694161e-09,4.759731436875363976e-09,3.634747181836269446e-10,7.763980167697500782e-07,1.161054125052180527e-09,3.079017698552677046e-07,1.276070682023257669e-10
1.369167290875184180e-06,1.990641486409029226e-06,2.986322214568300987e-07,1.097879979875907465e-06,8.902281200816637247e-07,5.061019512065764685e-08,4.809515135877830136e-08,0.000000000000000000e+00,8.547796629619181962e-08,6.187865313110504698e-07,3.376626662162051633e-07,2.472954337581590783e-09,1.757650429731635392e-09,9.691854906507051544e-10,5.689706385728467894e-10,4.570097231391472921e-09,1.890826507258585867e-09,2.372488340214628512e-07,3.932767816510719391e-09,1.081573451368886185e-09,6.713391284775624579e-07,1.650326616247835397e-09,4.242177446580006889e-08,2.482913672698359599e-09,3.305073979588239407e-09,3.028362554764378196e-07,5.142208752107711812e-09,2.976153468392978999e-09,5.972432433971108514e-09,2.130224343108378240e-07,3.118560512444021552e-07,6.479398933309233311e-07,2.987373890066332127e-07,1.183378460783585658e-08,4.260282184124499402e-07,1.773996893938308247e-07,2.791188935891047793e-08,5.084417331678524480e-07,5.780407734479141573e-09,5.942972539686691639e-09,4.177335838926100825e-09,4.157124385235652801e-09,7.727799828408077675e-09,7.204703392840114220e-07,2.208685999132964326e-07,9.022889497835349775e-07,5.901886052873320796e-09,8.069275098716717626e-07,7.179310690849871406e-07,7.776601385573112711e-07,4.179109801978335671e-07,1.517022902163522999e-06,5.121587290002161490e-07,2.857271167650004785e-07,5.883395017024242822e-07,1.946857353218633816e-09,2.879733050226624477e-07,9.143287638174888434e-09,1.598376496326252399e-08,1.044115062717956974e-07,9.909066815257354050e-10,1.573589730968444344e-08,1.368030646765888318e-06,1.882111060292695190e-07,1.943767362777018637e-09,4.573939676910207698e-09,3.539452229844458944e-10,4.807465633552104131e-09,1.527204153868388654e-09,8.832699555796773136e-10,1.233376061323302978e-10
8.354365046354063637e-07,7.485777166701311454e-07,1.030364355257956697e-09,7.450661610687052092e-07,2.019402482145213576e-07,2.215725536764894705e-09,8.118367865853321029e-09,3.920675822643682205e-09,0.000000000000000000e+00,2.384523784737879499e-07,6.075893591337589504e-07,1.112736912308973467e-09,1.385378892689179934e-09,5.472767937044204951e-10,5.810532091125301259e-10,3.573755736914487605e-09,2.446156574196833829e-07,2.333446241277613298e-07,4.804635455407422310e-07,1.111033248113176663e-09,1.494855314959759985e-07,3.223188282085470081e-09,2.258969364990414853e-07,9.946168818868374228e-10,3.048120270123498251e-09,3.977589611904407825e-09,2.173394243140834922e-09,2.469763916557914793e-07,4.130414557156767010e-07,8.204546429570112771e-09,1.947472728117269985e-09,4.075992458447265671e-09,1.504689782529024232e-09,6.622894284028233259e-07,7.286638386362883050e-07,3.567329830510773706e-07,2.725829708691633209e-07,8.072113400389548304e-09,2.370325771374617426e-09,1.676615993241308130e-09,2.497447168592576637e-07,2.715088433299975370e-07,4.985645970549728603e-09,1.492516999767865482e-06,2.195564228622967784e-07,3.438804460335299144e-07,2.848246470242022867e-09,6.853827232762723338e-07,4.096309982775531255e-07,2.766950288195816610e-08,1.578319971725933879e-07,1.039467559310276516e-08,1.938012848156969375e-07,2.844943612484301235e-07,3.360023808870402527e-09,1.980749019271936705e-09,1.167493466395791076e-09,1.971164946952782481e-08,1.361694448042793530e-09,9.259303999127413892e-10,2.981700969495307697e-07,1.348397443191803642e-07,1.081184649324101938e-06,4.829221360714064707e-07,2.667377698456358443e-07,1.703135575346394738e-07,3.600713700518622400e-10,4.929848805095889922e-09,1.548865919734884344e-09,3.086684911048942864e-07,1.254722553636098794e-10
1.137871904011546206e-05,1.006890067645222049e-05,8.288741857768869963e-08,3.223082618723579113e-06,2.277731089339891698e-06,1.975321133007682022e-06,1.255235557987685718e-06,3.078564492703368135e-08,7.823148011760947819e-07,0.000000000000000000e+00,2.623230529645340246e-06,1.095813742216242653e-07,1.352986987590322880e-08,1.058927201298670955e-08,9.651381922381656847e-07,7.801335150806122881e-08,4.192308690185649157e-08,1.611155799885684004e-07,1.797109877311879497e-06,7.466002286737338791e-07,3.157183654400743383e-06,5.550028255017027603e-07,8.807124413731628169e-07,1.284141883953342263e-07,7.778140636623439473e-07,9.518048114250080668e-08,1.685938173396772796e-06,8.208325943235170462e-07,1.242001620654946076e-06,9.507300035449625239e-07,1.265534272428690908e-07,2.170852069831564565e-07,5.168721122666519344e-07,9.910338746882499227e-08,2.892401088702709718e-06,1.936940397051782872e-06,2.118839914807837019e-06,1.457058730545080099e-06,4.943536786378680911e-07,7.695498944200815877e-08,5.317456952659641974e-07,7.998400389473759903e-08,4.193105642993242863e-07,4.737468201929152066e-06,1.341821378875854146e-06,3.605080308742524055e-06,3.910010909956513669e-07,5.784156029837276063e-06,3.831744224776659334e-06,1.592209141295762937e-06,9.894731144020076589e-07,3.610818476912945147e-06,1.614736078860007777e-06,1.124905884692263065e-06,7.490395479998456719e-07,1.734115540396860758e-07,2.518736445508924694e-07,3.334807873466117998e-07,7.157159259657667904e-07,5.870057895578518602e-07,2.738499466497681818e-07,2.808645041097410382e-06,8.791326514885915408e-06,5.813785076992233877e-07,9.462020336342682288e-08,1.454470587527389751e-06,1.664984331618798502e-07,3.937504966287881520e-06,1.620574623324321027e-06,9.538318975274183370e-08,1.732295051433978367e-09
7.514958731016002521e-06,2.297208857774817086e-06,1.363050754927136219e-07,1.617446645860162249e-06,3.672475581575087757e-06,1.371798400369052951e-06,6.605795361052353345e-07,1.671456493675998556e-08,1.926197318094665502e-07,3.776677552911923798e-06,0.000000000000000000e+00,1.017337830142727797e-08,1.837537044200453893e-07,5.042168649137785554e-09,1.859621951085055563e-07,6.217175579958341534e-07,8.889801611681662804e-08,7.513205709316135116e-07,7.808803189166355277e-07,1.311008821784909377e-07,1.071445450387137190e-06,1.590543936257481960e-07,1.731261811762738621e-07,8.133013948484825229e-07,6.966978166052168499e-07,9.793165032302321619e-07,7.263899229995257874e-07,9.782768686767283077e-08,1.300796874780944039e-06,2.169514773407227877e-06,7.419152106121631557e-07,5.925487279831593839e-07,4.046821862890535766e-07,1.912933801621504537e-06,5.394712810384552832e-07,5.587948831691167133e-07,3.767581088233332954e-07,1.297818420537137681e-06,6.787585117657623822e-07,6.232636314122397386e-07,1.751001359350182057e-06,7.870495058392945083e-07,1.348709551249257150e-06,2.992302909921659082e-06,9.782948016257113965e-07,3.685789635595510032e-06,4.645811974461479725e-07,4.775061618742148805e-06,4.290954672104630360e-07,2.281961860789220888e-06,3.334020588684973000e-06,3.264364580695815418e-06,2.237961743793906068e-07,3.681576769231471388e-07,2.717551249314019687e-07,8.684679485696720499e-08,6.496704823509003075e-07,1.397273175961446499e-07,9.162271617157742511e-07,5.279361606719127448e-07,1.008864467579208276e-06,1.997572615084879924e-06,5.130903039361669502e-06,1.305894256379012498e-06,5.932462411383399798e-07,5.116638709501415531e-07,5.005703577588842563e-09,1.180691682618925155e-06,5.859200433202346151e-07,7.193428835372042403e-07,8.584613813997130494e-10
1.058605327378274184e-06,3.445427505640638663e-07,6.225490763100694229e-10,1.997725339203409207e-07,2.439800497784192128e-07,1.671658511216178690e-08,7.413256443122643169e-08,8.167977616888813968e-10,5.609139735111159516e-10,1.071480165510197140e-07,5.835001181299551713e-09,0.000000000000000000e+00,3.844805332761919143e-07,3.296077812314334433e-10,3.492888416365716646e-10,2.170583826534930969e-09,1.159358624375420727e-09,2.739486192227741728e-07,5.665381267623614371e-07,3.345470972207925768e-07,4.487530734395789398e-07,5.313537060435990739e-10,6.572153613153989268e-09,1.879025446464120178e-09,1.058910380290410968e-09,8.085691573563422142e-07,3.771180626676784015e-09,2.901133437931623387e-07,3.571840288820592847e-09,2.420146323692423102e-07,5.191498816274762982e-09,1.268318119434855234e-09,2.592638842873702020e-09,7.520377135946146591e-07,1.924305251521486722e-07,3.485138858802205977e-07,1.972140009955247480e-09,3.252372256352662631e-09,1.711068629192951582e-09,3.194306965827221187e-07,2.980524318287212888e-07,1.512115637889460208e-09,1.416017231151201013e-09,2.083798608256424525e-08,2.815135718089742409e-09,4.101774358675777286e-07,2.362088937636219204e-09,1.502668927477584725e-07,4.211948906938372965e-09,2.024284800443936704e-07,5.156866727905819719e-09,1.182856436579749584e-08,6.576643719567683332e-09,6.382202474079879140e-09,1.650752423762711366e-09,1.197479622536455306e-09,7.040565467892566622e-10,2.459774387069638119e-10,8.175272436959888479e-10,4.747847101503046263e-07,6.127683853683064966e-10,9.684485861719922823e-09,5.002910806591171414e-07,2.413097163508862145e-09,4.150700018909449458e-09,2.786813030702698068e-09,2.157691106262581946e-10,2.959698729344041591e-09,3.317907554345479338e-07,5.394892030651206742e-10,7.542525438598676440e-11
1.071278318340673748e-07,1.413382492811523587e-07,4.432694677029634110e-10,2.423513546693846290e-09,6.709223413051650567e-07,2.358786332808112772e-08,1.319080663921753449e-09,2.135509298234070706e-09,3.331069849828068555e-09,1.258869371357216019e-07,8.164334535306578213e-07,3.665139539880753684e-10,0.000000000000000000e+00,2.394314034426348240e-10,9.683041202799137088e-07,5.905600596376522238e-10,8.448301689400128160e-10,1.703698507548613653e-09,1.714268762307587795e-09,3.638157819842101248e-07,1.969676040609861208e-07,3.859823165908709964e-10,2.923908101509240789e-07,2.680719150800973319e-10,3.681084077961397300e-10,3.728405202437115778e-07,9.605137871413253386e-09,9.550356163079266631e-10,2.178995678222843419e-07,2.046549158749209570e-06,2.015381894967720716e-06,6.437181346077154583e-09,2.623562788106713658e-09,4.085239459821389291e-09,1.617520369602697012e-08,1.176642012496834672e-08,1.258033362919871589e-08,2.879732570282270154e-07,8.590344617231381653e-09,3.474479030595486075e-07,3.442826222562631926e-07,3.841224957855129632e-09,4.044506805421694050e-09,5.277848692098520012e-07,1.747775091353838633e-09,5.091810025429326004e-07,3.041453651071875530e-09,2.312365992048534451e-08,3.433347675576437789e-09,7.123937717468973206e-09,3.252685667922214334e-09,7.804878189255691494e-07,2.913529434171270114e-09,2.179889298241922518e-09,2.403702514892969464e-09,8.660993050851280966e-10,3.592910597371278415e-07,1.771342368767703512e-10,5.957360564465615192e-10,4.205495983426774637e-07,4.421228965840489002e-10,8.322840740572216222e-07,1.074983783080839573e-07,2.541881478802239101e-07,6.565113805035212645e-10,1.999422357139558028e-09,1.572319522388250327e-10,2.395964837815367089e-07,1.513608413274840778e-09,3.863208897584185936e-10,5.478979562452138529e-11
3.422751952861733688e-07,5.951075421877773151e-09,4.038674860212875252e-10,2.353811228744905801e-07,1.265119165642041227e-09,7.104133938306782098e-10,4.303253445619642284e-10,5.239817005742669434e-10,3.060006334123294402e-09,8.979657742107137818e-09,3.667673321745121049e-09,5.980162079168775009e-10,2.377488289832923433e-10,0.000000000000000000e+00,2.240712646637115910e-10,2.397907771692547850e-09,7.424258842914833689e-10,1.490982149736261131e-09,1.574644174869092402e-09,4.292586392110361296e-10,9.317589665309465439e-07,3.474017039946552563e-09,3.113708888396682672e-07,2.410294042934151662e-10,3.266760791767666566e-10,3.901250286453608599e-10,3.615731043244386476e-10,8.606156744358294645e-10,2.273268407509805062e-07,1.355202609143124098e-09,8.691212851047611109e-10,2.208290376374748274e-09,4.165627421060510170e-10,1.365389298048129786e-09,4.353192151777859499e-09,6.207211446765222698e-09,3.493853329521995933e-07,2.612369064280525353e-09,4.514620406157948129e-10,3.587779391147714047e-07,3.527749949550413614e-09,5.582831353855298232e-10,2.725203276526962040e-09,1.742801941321157838e-08,1.638125974494721238e-09,2.157801595798502328e-08,7.106090447522973279e-10,1.015035815269285990e-06,2.513425778601278833e-09,1.038549245425067503e-06,8.479352822097081453e-07,1.010304529979437649e-06,3.165478231713304162e-07,8.234335843737034916e-09,1.177783349109955805e-09,7.681917503764464339e-10,4.545159613801746774e-10,1.010031161545726720e-08,3.543901523758279970e-07,3.577424111795236541e-10,3.955833068632504705e-10,6.846880682585082068e-09,9.063594481523804666e-07,2.643458850610891377e-07,5.826178315149761749e-10,1.795940157893726425e-09,1.395347042955347111e-10,2.456131724373676385e-07,3.697902177372562308e-07,3.471779367938388048e-10,4.862304986400858520e-11
1.124825858419775292e-07,1.465487293013300855e-07,4.255384863951474129e-10,5.812080466593829691e-07,1.470100598165757499e-09,2.488905375309933837e-09,1.128052802492560246e-08,5.522357823805966103e-10,3.827608604185397775e-10,3.777112090130363700e-07,4.887832412224048760e-07,3.457978378192569422e-10,2.494031903590549921e-10,2.249203015970191029e-10,0.000000000000000000e+00,3.515896078799510737e-07,7.899707296526359012e-10,1.711286550454750336e-06,2.575483511581416076e-07,4.545093540281395387e-10,1.228146411760469621e-06,3.916722537178739020e-07,2.948170827864547309e-07,6.277757856254097730e-10,3.457987176482223489e-10,3.383828930356097819e-09,3.872005541729686914e-09,8.979375801769717528e-10,2.435338586157163424e-09,6.716434473358635004e-07,1.908828745993411249e-09,1.386524552259000565e-09,3.245819824791097823e-09,3.518920880794841030e-07,1.243275122577380736e-07,2.438063750897729887e-07,3.785040901561646964e-09,6.561955362592016832e-07,1.881584200495889943e-09,8.224700746376892136e-07,3.256479115917931742e-07,9.133945680226629774e-10,1.784444109892906580e-09,5.408370555469641425e-07,2.954484242112582384e-07,1.735805960667299318e-08,3.259813128891933068e-09,8.059884557673520418e-08,2.556990571850047067e-09,3.045000560165734552e-08,2.281250839246938475e-07,4.363853213585444138e-07,5.424735074872780559e-09,3.570360667851809036e-07,9.139283242524104478e-10,8.171455506713383831e-10,4.767964042692509238e-10,1.678520051269342074e-10,4.638661560690957725e-09,2.383175319655667078e-08,4.169140540481857382e-10,1.929493804719554472e-07,1.078663235684820216e-07,2.660207512175578916e-07,2.989925652246411708e-09,1.910951774225740800e-09,1.477026546296520132e-10,2.419395714548480504e-07,4.700490529453956211e-10,6.281661449301736567e-10,5.123207881677958981e-11
1.942419073993838445e-06,1.044630910902163592e-06,1.030364355257956697e-09,5.468758186687649583e-09,8.809382257338704761e-07,2.487298864370572891e-08,1.426074093532579816e-08,2.723526605861451198e-09,9.295708047408433780e-10,2.443563402853847861e-07,6.080125239616325311e-07,8.398024743547884705e-10,3.425825377713667323e-07,5.431306086476611244e-10,1.387306465218039960e-09,0.000000000000000000e+00,1.916427971969336323e-09,4.562448097402634174e-09,1.823467352437714531e-07,1.104720451173140451e-09,1.050106255005916358e-06,1.104609366921248173e-08,5.551057617380277754e-07,3.235004285023482889e-09,3.039616878523431789e-09,3.047042392183700106e-07,7.378967619725395791e-07,2.481609794963318440e-07,5.833266922581312630e-09,1.444871455279346414e-06,3.189554444586215247e-07,2.642620652169686922e-07,6.044051492815386400e-09,3.493597397466391141e-07,6.492330343449520950e-07,1.750395947632410276e-07,5.890116350798012569e-09,5.136994325500246610e-07,2.919414530002166110e-07,6.746678703173201363e-07,2.598665507607003738e-07,2.875242661306042448e-09,6.354523358052840588e-07,1.824287292176650954e-07,2.204897568741664824e-07,1.623551108131067653e-06,6.397528281371257232e-07,8.578009079598295451e-07,7.176587193120591079e-07,6.857756415843782019e-07,4.248277078228696053e-07,1.801286195156040217e-07,2.067770819148322456e-07,3.332634132837402088e-07,2.341996536033726484e-07,6.567887144275891542e-07,6.917502845780088857e-07,4.068707147042937801e-10,7.090281966151958615e-09,3.381256866903924601e-07,1.019994322591799970e-09,5.610442598422675838e-07,1.088005905752237183e-06,1.850002548421269825e-07,4.204008958433274592e-09,4.609328651473129085e-09,3.587099675925286353e-10,4.892144786760549852e-09,1.336572093703554649e-09,1.149858478367139318e-09,1.249978885700015816e-10
3.058505713985917441e-07,6.543763661579151716e-07,2.711596647487165621e-07,1.341926677507220444e-07,1.793138797117741449e-07,4.261242275856721674e-09,2.748932692362785651e-07,2.484395526932801977e-07,6.937453563670615328e-07,7.127856003662776324e-07,8.963858701163477529e-08,1.397127966375942825e-09,8.251406701808563126e-10,7.338522748525657114e-10,7.787692465844512671e-10,3.184304623336790921e-09,0.000000000000000000e+00,2.066839133346147824e-07,5.383345387525147949e-09,1.489802478229904884e-09,5.154390482808962980e-07,2.864821555138082705e-07,2.094123846348677502e-07,8.324459262400926292e-10,1.957550942139845290e-09,2.046684224434734870e-09,4.735880435282829969e-09,2.574779113412393038e-09,8.164303370228413459e-09,1.357159943534904274e-08,5.873279956985270398e-09,2.765682255213673700e-09,2.702577279226997233e-07,2.361022076677003248e-09,3.713034909504380978e-07,1.436665307232877610e-07,4.163782496797073370e-09,1.688571038650415205e-07,4.983733902093496230e-09,1.802835676330709665e-09,5.449775178927633755e-09,3.053612349170903729e-09,2.353176981475674393e-07,8.944958605247661201e-07,1.978283494077747750e-07,3.100770433716606418e-07,3.974783236197007932e-09,2.956695504278072865e-07,9.334598504699643134e-09,1.899691889304971310e-07,1.360489678985345247e-07,1.595891219013186827e-07,1.729862858486332699e-07,5.344846240529394770e-09,4.032180985848616348e-09,5.524391938576681604e-07,1.577461740117948662e-09,5.484277193511415513e-10,1.117487643313132923e-08,4.603839139312393947e-08,1.361292468136350295e-09,1.038590201928351736e-07,3.082361585800256089e-07,1.605689690353308362e-07,5.261964188431912623e-09,6.201836411710788687e-09,1.745635379201184525e-09,1.431332511452968017e-07,1.535805203829429765e-09,2.847538744891570565e-07,1.679297335292705873e-10
1.323963236005799625e-06,5.992769826413629327e-07,1.664753941342432078e-09,6.273635910371951001e-07,1.885311510420786285e-06,6.885244878773415313e-07,6.263804356308286520e-07,5.904573723782938650e-07,2.690589256259753144e-07,1.759450717146385613e-06,4.869861834724518097e-07,1.626606749481350341e-09,9.918045554958744616e-10,8.820777239357765313e-10,5.513823684995908503e-07,6.613099472436832064e-09,2.043552268465486347e-07,0.000000000000000000e+00,1.037020089993145823e-06,2.502682483458321449e-07,3.456648177472977193e-07,1.453002041470608673e-08,8.577879719049712237e-07,7.197102843000117660e-07,7.151043340118106232e-09,6.433190004505640802e-07,1.545899750593770134e-06,2.069165100242621158e-07,1.113734137757321126e-07,6.085199112923332984e-07,2.796192593195610436e-07,2.302892126495321871e-07,1.255553991224075831e-08,2.490910686024927606e-07,9.198235524969226330e-07,1.322277906011363721e-06,1.406169843581896558e-06,1.717032569054632796e-07,6.262340106747645025e-07,5.875348949422207786e-09,2.292716858395520701e-07,9.772949466817639350e-07,2.242444589187239894e-07,9.413504833300369122e-07,8.236658517870281281e-07,1.104356470858764172e-06,9.104702103464288986e-07,3.645475072912854998e-07,1.107126035601661245e-07,2.050090589550400820e-07,3.481011190926624229e-07,5.924757039486432514e-06,7.494700648652441764e-07,1.436796117067390541e-08,1.977428442504713640e-07,3.315404145456638549e-09,2.457356597832945697e-07,4.242649404544917158e-08,1.004380923404564546e-06,1.466934748128083173e-07,6.344484046809125818e-07,1.063767385811157336e-06,2.105532977140723600e-06,4.384326757307307862e-06,3.909528858447057043e-09,1.318468422443616585e-07,1.859042791509490925e-09,2.041296126657186577e-06,2.641465448835671092e-09,2.692385492533368854e-07,2.013742552729383815e-10
2.594328181335502905e-06,1.033097663222390194e-06,5.334228934739591720e-07,7.409856097211315314e-07,1.243416145601183585e-06,3.708987159207786697e-07,6.342486640576863609e-07,4.889732224630400419e-07,2.322858887182462565e-07,1.374873133774443506e-06,1.762119089334935180e-07,3.203560493138070499e-09,2.540025898424104166e-07,1.986046175158674544e-09,1.646548310815380865e-09,1.881450950320758891e-07,7.452998042332561585e-07,7.148721999842022877e-07,0.000000000000000000e+00,5.225741733346954311e-07,5.195484027299251270e-07,2.223747818078083643e-07,2.931890817512780713e-08,4.383568672011966356e-09,1.014035115282177652e-08,2.202233941415600100e-07,5.645572752523316270e-07,4.372427522293935622e-07,4.611255882162687240e-07,1.075144146275709154e-06,4.416407719802387452e-07,4.053146171261804207e-07,1.344361493154712915e-08,7.368003653474116558e-07,2.513308826365127925e-07,2.908872198178917346e-07,4.896060318933497711e-07,1.171905122605243293e-07,8.801942728296718763e-07,1.927820146479599121e-07,1.928914957203699685e-08,1.084439183637803205e-08,1.762757170029049942e-07,1.199174418312531701e-06,6.733329396469132892e-07,2.109809935156960969e-06,1.688533014095389642e-07,1.671910743962424182e-06,2.418226231070586282e-07,4.229143154119196948e-07,1.005452497837544324e-07,2.371059147678459183e-06,6.048629697827476477e-07,8.930715501691307415e-09,7.106139208758358930e-07,5.870404610723156421e-09,3.319877049542343101e-09,3.475853972424217653e-07,4.586838403474102275e-07,7.995722520302559860e-07,5.364570957984341916e-07,1.344688571641998204e-06,4.187795062490321154e-06,1.488356065261831001e-06,1.803008921942946670e-07,8.907953593989852436e-08,1.021025719979321622e-09,2.785439154857625612e-07,2.021255810863885809e-07,3.324368255414439769e-09,3.555546007372476191e-10
1.219479111753739749e-06,5.514804911207351167e-07,7.880386341913332605e-10,1.780271080399340082e-07,5.695585006906816081e-07,3.833741420436029148e-08,9.753125691704205058e-08,1.047969768692992035e-09,3.123836748045350331e-09,1.894194116675243110e-08,1.358725527387901350e-07,3.366216286774989146e-07,4.708385871068940606e-10,4.228941374659590882e-10,4.470469054435485524e-10,2.975368396595324347e-07,1.481203442660643226e-09,4.890675231975068206e-09,3.079494418854948276e-09,0.000000000000000000e+00,1.806667796506859291e-06,3.037211729490478407e-09,6.039698835029298096e-07,1.597469010874226924e-09,6.485754156856247749e-10,6.286978838856792904e-09,7.833831649480991256e-07,2.684054545105502003e-07,1.699818432333232780e-07,5.645923588791720035e-07,3.351618872501563653e-07,7.100856128102134758e-07,7.581180148498514599e-07,1.186712166459714168e-08,4.694057785921980592e-07,1.617612171420913599e-08,1.077952598191809223e-06,2.239985118455056865e-07,5.110442858491060752e-09,3.414947329554302770e-07,1.094085284891612944e-06,2.075702175817149443e-09,6.762030879930738762e-07,2.029891686495553875e-07,3.729169100806132153e-09,4.141879971765644730e-08,2.781884091301501368e-07,1.526635069833931595e-07,5.400605546545907851e-09,1.119478613692719705e-06,2.241236595978799424e-08,2.753018335649457920e-08,7.306618851252428984e-09,9.656276580396746159e-10,2.029081836511094570e-09,1.536393048100971412e-09,8.934412273453811319e-10,3.928598261982244398e-07,5.131245630152921511e-09,6.199887143856746169e-08,3.202304007276059848e-07,1.549406783973044906e-07,2.298647011375409465e-07,4.247248945265801198e-09,4.064800930739352303e-09,3.556513367266595391e-09,1.578903773863743931e-09,3.685622338547090774e-09,1.494042238165574990e-09,6.926583878914498531e-10,9.629789299549030002e-11
3.562212740141988569e-06,4.560659881078369886e-06,3.871682723934965378e-07,2.460962687777559822e-06,1.428286153038386694e-06,3.959244099240377384e-07,1.050725652065783163e-06,9.212818278916110323e-07,2.027529696786522032e-07,2.683369306535607146e-06,1.215004667596223212e-06,7.372685859560190744e-07,5.319634339480654715e-09,4.998970157451701888e-07,5.118215376516864272e-09,1.295645435687181361e-07,8.016278280454003519e-07,7.610121584846189451e-07,3.490862375208498429e-07,3.764418204139707687e-07,0.000000000000000000e+00,2.775093493862778358e-06,1.656272666234718207e-06,4.800154061096245303e-07,4.589026954409480364e-07,1.557691098040835214e-08,2.446600590462688810e-07,5.338366937786658368e-07,4.310947868268708909e-07,2.028921632332044833e-06,2.399238347598349469e-08,1.514460362017137660e-06,1.358518916278392204e-06,1.258679437883077761e-06,3.626290691935570039e-06,3.277769053039665343e-06,1.929255659601258802e-06,2.303136597198887259e-06,1.115098553978106496e-06,7.410095365949893474e-07,5.634588647691681196e-07,1.093950586381875626e-06,1.507091684401394777e-06,3.375428073075988585e-06,3.226708157538934511e-08,4.619524256969944511e-06,1.125603595964002571e-06,9.091490420100408647e-06,1.541742975153617610e-06,6.506422625417619739e-06,6.978853701006488992e-06,9.737568937787459034e-07,4.172427971898733290e-06,7.595178684547419293e-07,4.994160891059930000e-07,8.834936631074001564e-08,7.943688649671341994e-09,2.134850541656448561e-07,9.599029327953681272e-07,4.441447117174805764e-07,1.384016195348748283e-07,1.103008496476554896e-06,4.659305414163528985e-06,1.878650973806966846e-06,3.367773640156361179e-07,5.142209351725025065e-07,3.696637489363211086e-09,1.985337650978394907e-06,3.729533698436207872e-07,4.121713911313313807e-07,8.477859365169388276e-10
4.862462959900959749e-07,1.119719969812292146e-07,3.316516535513157420e-07,3.614208325701460694e-09,5.925473885535344395e-07,3.641187371442578952e-07,1.999973551510037777e-08,1.926810614859033366e-09,6.155948624695551421e-10,9.774423913104200397e-08,4.088937017606536217e-07,8.274879377857756686e-10,4.055732653291844275e-10,2.952766204690892820e-09,7.841679768814674547e-10,1.731005318147289974e-06,2.790747643848627538e-07,4.621638051054051828e-09,2.637345844650415064e-09,7.280594198391377392e-10,2.304845093065239467e-07,0.000000000000000000e+00,1.866141480130249913e-08,2.272197101264914230e-09,3.308658939394414312e-09,1.098786975613385976e-08,3.619389155765370572e-07,6.847753636362974852e-07,3.954541401012773375e-09,6.104703190653214129e-07,3.687581211307189828e-07,6.666317391463395955e-07,6.328113814125942949e-07,7.992030161009692306e-07,5.034767067336080571e-07,1.928790150552977893e-08,5.271569538775439492e-07,2.589131128326254393e-06,1.275592429716740724e-06,3.767367900679842935e-09,4.507922823831983884e-07,7.417574555077665781e-07,7.203965482128030422e-07,2.109914097172063954e-07,5.817817314802070370e-09,1.824111781780470817e-07,1.148288389856653971e-06,1.046531423193191078e-06,4.582389418578940759e-09,1.739724059012921246e-06,1.431454007236269570e-06,2.474719090857893447e-08,1.008553216892185184e-06,2.452733885639166497e-09,6.573297117359685390e-07,2.768374481103234373e-07,7.731261886448045484e-10,4.490148966870683342e-07,3.595682184929994639e-07,1.185588590377589167e-07,6.631865623287024781e-10,7.376376364532576868e-07,2.474538407668065546e-07,2.248000779397725359e-07,1.137479589090900919e-09,3.069920711164835886e-09,2.361891093217586373e-10,5.223498128676855380e-07,7.473159308068203118e-10,5.905455367536234737e-10,8.277800350801204403e-11
7.155461842154426179e-07,1.721891073756294010e-06,2.308562736100321992e-07,3.008921620658747555e-07,3.948433626575688031e-07,5.948875861767145581e-07,6.101148135315154417e-07,6.879890013730126876e-09,3.001065385505668697e-08,1.543639190190224539e-06,5.704643642594383854e-08,1.834213943680873274e-09,1.339122927947706012e-09,2.846157778848801767e-07,1.664011276589123474e-09,7.888591965586486685e-09,4.158432352867239206e-09,1.165699540278640952e-06,1.193628613791043725e-07,2.251006171229885078e-07,1.860436032670807803e-06,2.840141560969118467e-07,0.000000000000000000e+00,4.765865289667066123e-09,2.510702893482460823e-07,2.420515375331765788e-07,2.481583106922226717e-07,1.833237207550102798e-07,2.844218061100817138e-07,3.974155513268427264e-07,5.540395761974461334e-07,4.556604645397555801e-07,2.341728815765855250e-07,2.240121121326327239e-07,2.087346891420800315e-06,3.410137107320697370e-07,2.192603382710197864e-07,6.644346254539576431e-07,2.236063429725602328e-07,2.147851914252093536e-07,1.477171655519718247e-06,8.960297403927782505e-07,1.638111565680737306e-08,1.413171923047295337e-06,4.340339302511415017e-07,4.403726267149167973e-06,1.604718737122069263e-06,2.306502506853660820e-06,7.951684593036619082e-07,3.531902644770124762e-06,8.188600086228181290e-07,3.638251561547431791e-06,3.085806120406045072e-07,5.656427717226943021e-07,1.141259018925131901e-06,4.300488559744432314e-09,2.544469872337783682e-09,1.426370493131186969e-08,2.318280326924744616e-07,8.017487973774070900e-08,2.200978587051643032e-09,2.467069158755971603e-06,2.330588393990238591e-06,1.629921737830248381e-06,9.966979587265954125e-09,1.083889068718667441e-07,7.814168669869668992e-10,1.071005378626492059e-07,2.252492878497358986e-07,2.456197024368741809e-09,2.720592645520155474e-10
3.154702670591620429e-07,6.882815861158554318e-09,3.646228970372228817e-07,2.240896097409962820e-07,1.431745798296756793e-09,1.540787264735537256e-07,5.016969818155007889e-10,3.182803350475574716e-09,4.215664914663383165e-10,1.248453935959560764e-07,8.128499228248216368e-07,3.808559704590441948e-10,4.105399686786431797e-07,2.477235008801889598e-10,2.614167921382966595e-10,6.137700126145057282e-10,3.112535684168761161e-07,3.005330887521500471e-07,1.784081065213459534e-09,5.029065759354644665e-10,1.937340512564128403e-07,1.820414190119455560e-06,2.909650875470386892e-07,0.000000000000000000e+00,7.844978441627035327e-09,3.829703754999293585e-07,9.606350804245869558e-09,3.731565153867275614e-09,2.713664859370206657e-09,2.753090934534145532e-07,8.425531907521265602e-09,2.741176737910793436e-09,3.937186005433950133e-09,9.571553527909070122e-09,5.635954214289499026e-09,9.255690836074988634e-09,3.543286192725388762e-07,2.660265626917308094e-07,4.777768080719830625e-09,3.432417596050770561e-07,7.565216755434932992e-09,3.059993020104002358e-09,1.576969462740145854e-09,5.097464189311485052e-07,2.227207842528750792e-09,1.754727384190080894e-07,3.947695358533610125e-09,6.129352003761559895e-07,3.068221343371785616e-09,2.105386559183874223e-07,2.107061781708246729e-07,2.406958286702058577e-07,4.694440924916383681e-09,6.349703053338038810e-09,2.451237848039045566e-09,8.962247614787528907e-10,5.258131030044278519e-10,2.388622988072964322e-09,1.794662037108506699e-09,3.742612778886660900e-07,4.634535754778389127e-10,7.225204128908887791e-09,1.489757727264906994e-06,2.357397566539098524e-09,6.792478032931795489e-10,2.105587170297248152e-09,1.463190441914443029e-09,2.139649240418329715e-09,5.155381513500187198e-10,3.775641048479682423e-07,5.645015216511882774e-11
2.658676413351596646e-07,3.402731910086320039e-07,6.442201879425576877e-10,1.973871987818284795e-07,2.836585530481621947e-09,3.356018927062623663e-07,5.121193779389546559e-09,1.698985049624659783e-09,7.424212565556715402e-09,8.453195353406789897e-07,1.531110247090859900e-07,1.633772939331182600e-09,3.834296885531602473e-10,3.410094961062316139e-10,3.602727763400744614e-10,4.251506925403956326e-09,1.195931803352602500e-09,3.628664309851919500e-09,2.208466318522936608e-07,6.880788812907144719e-10,4.530900624018917251e-07,8.254745385010779472e-07,2.659857181887723498e-07,1.876297203294177059e-09,0.000000000000000000e+00,1.370989378197409092e-08,6.158945068966105054e-07,2.878266407503098231e-07,8.413911397875929872e-07,6.170420053291095618e-07,8.839404724144855053e-09,4.744490708244377062e-09,3.266226294844233141e-09,1.031983512994244707e-08,4.946562178751988033e-07,7.690894670523086707e-09,1.695679270923184162e-09,6.004836627742625141e-09,2.538712853296811352e-09,3.200624426304535440e-07,6.306575508373823307e-09,3.102461913791609735e-07,1.038582826587576127e-09,6.187731503030009630e-07,2.663975664008633301e-09,4.135407815531423824e-07,2.885576328923201170e-07,1.974122457261141598e-07,4.470381857042527014e-09,5.462456338737063311e-07,1.873029354048737505e-07,3.525365981639084984e-07,2.327858366909785002e-07,6.195382907917824788e-09,2.745486476769824495e-07,1.238902169913027419e-09,7.263371171018792404e-10,2.529390766222403255e-10,3.307157701143298017e-07,6.869951072829283863e-09,6.340992408621457831e-10,2.605267109383650302e-08,7.420256867080401900e-07,2.241286321483736727e-07,9.350340879300486014e-10,2.101130325877195085e-07,2.225758714172326117e-10,3.092126669158986038e-09,3.310660715535358730e-07,8.187755054148629998e-10,7.803433621649438522e-11
1.248334226926978920e-06,3.133111049714389780e-07,7.959191667781035988e-10,4.172678773834743361e-09,1.388989774071246191e-06,6.595837661720973850e-07,1.680138675345701466e-09,3.946009096097029991e-09,1.906288910044140285e-08,5.158287791317092808e-07,1.006066283359732959e-06,1.731922952322502573e-09,8.541020500273551829e-10,4.177116382729893769e-10,8.397502148727511324e-10,4.274575827681651149e-09,1.470231296504898661e-09,2.586745090840516328e-07,2.073711040751376900e-07,8.353759052686982705e-10,4.296977553538530946e-07,8.000918403611342082e-07,1.443338169120319423e-06,3.701967133479502894e-07,7.995192487985710957e-07,0.000000000000000000e+00,4.166256927953335855e-07,7.944554268659899608e-09,4.603975321070699581e-09,1.213089694790931170e-06,1.879929837650861087e-06,7.103843671159875548e-07,1.264057854839699656e-06,2.112522279287958672e-08,1.769589859429650022e-07,1.002001599831575525e-06,2.472260034626072665e-08,5.296604978673751274e-07,3.165146023963304064e-07,5.444493311076557105e-09,1.168540107501579266e-06,4.751255519758048398e-08,1.125513509542208707e-06,7.739056944011186163e-07,3.305423153506284322e-09,3.876916636383071911e-07,2.781136119086568340e-07,4.440308379100283675e-08,5.191775050946305073e-09,2.485318653384706649e-07,1.852347134375497137e-07,5.492587428572009679e-07,2.245488631382872745e-07,9.561373186717423469e-10,6.288064113395427733e-07,2.643037465979802607e-07,3.107142123494718050e-07,4.124684039210927079e-07,2.227929772785575161e-09,1.590444282658989371e-07,7.622612141241425327e-07,1.016126367335828378e-06,6.919793934391259159e-07,1.379850163816379957e-06,3.055499589461468693e-09,5.024015465430140243e-07,2.819863313014562012e-09,1.911710125497098001e-07,3.134871343923792940e-07,9.438024182791018285e-10,9.534902034583298453e-11
7.066492386566602079e-07,8.659506058101328232e-07,7.387857138431492722e-10,4.879488935641961852e-07,1.400246137934183450e-06,9.425446035796649556e-09,2.009205212407078104e-08,7.247185610786541179e-07,3.377002615042145799e-07,8.022285069452828245e-07,1.438907908722875328e-07,8.705141667135737806e-10,4.358750146904826854e-10,1.685605122244749299e-09,1.216109153977596399e-09,3.064541402770789071e-07,1.371483367531174433e-09,2.646266476778426898e-07,2.831270502346550138e-09,7.640447894233579320e-07,1.694408996562909934e-07,3.551484610086607295e-07,3.922043766656769167e-07,4.432613093329586811e-10,3.492227203583372551e-07,2.383754443814401391e-06,0.000000000000000000e+00,6.553247459651824941e-09,4.360437355460993746e-09,3.003755163650740713e-06,1.365692653535023528e-06,2.420872295110733000e-06,3.609298147059344142e-07,2.183601951259709329e-06,4.961639011108104714e-07,1.810091768357489447e-06,7.499091021951955610e-07,1.836910066285625257e-06,3.287606892205348200e-07,8.943652588637030500e-09,1.131013027452241885e-06,1.019504852808995201e-06,2.890054518178435377e-07,1.894364129051018938e-06,2.503807226724491017e-07,1.016645073805061891e-06,6.795288372829972155e-07,6.561460337214997712e-07,4.768892665682317135e-09,2.216649406497972737e-06,7.043228472700419923e-07,9.071357344883456147e-07,9.531847020973680513e-07,1.211096640554227236e-06,1.891930435078961084e-09,1.419656046109501385e-09,3.154100634289401383e-07,4.714074884938646549e-09,4.278615129193954550e-09,3.805088559011624153e-07,7.155439702290726741e-10,4.105059244864387650e-07,2.432396149667471600e-07,2.155113606687970308e-07,2.932585104090963879e-07,1.984171327675607675e-07,2.839637220722783338e-09,1.976322009155483207e-07,1.242044050756150597e-06,6.381981172272782090e-10,8.918208544931070926e-11
1.194124452033342927e-06,2.136745497191807530e-07,1.434244432961127806e-09,1.316129155418325881e-07,1.746220310840580345e-07,2.664005071789634399e-07,3.209095919399898286e-09,2.905930756948793545e-09,1.836717263548051979e-08,1.921787328981469517e-06,8.953968454371948655e-08,3.093634878352090806e-09,8.507811374811414021e-10,1.620261595998533474e-09,3.189236064012680459e-07,5.778596637256862092e-09,2.666191888439613746e-09,5.254478382261070568e-07,7.436382092589003537e-07,2.632011018556570641e-07,4.325010860102525897e-08,6.948437768896345681e-09,1.290400231537981712e-08,2.354840839403389083e-09,5.578341573647474992e-09,4.401794465820806347e-07,9.505642332130342977e-09,0.000000000000000000e+00,1.235588569425036275e-07,1.177773905278324936e-06,6.898298973896496353e-07,2.930145175991680006e-07,2.744722568040046528e-07,6.628076649921410074e-07,1.724826710782946379e-08,3.973276295351942210e-07,6.429345871844442304e-09,1.749169969908843832e-07,6.393876108705470277e-07,3.886615300102862511e-09,1.018872907444497871e-08,2.449001485450836316e-07,8.269174139839564733e-09,1.390465659677820446e-07,7.774064185531854660e-09,4.293303918686873273e-07,4.401355153171054670e-09,1.248227988986543570e-06,9.487579330216557271e-09,1.195013332815683062e-06,3.613830706863775746e-07,1.365726290731701341e-06,1.347187022016112266e-08,2.569403371976559602e-07,6.252838670246361021e-09,2.752730841599394954e-09,6.356788908225565360e-07,2.099166480461760606e-08,5.189006070293634354e-09,1.121177200239575215e-07,1.415590136961183557e-09,3.141201801592351407e-08,9.291282231395529348e-07,6.318880137746589823e-09,2.223166568131550896e-09,6.405324644985281433e-09,4.948457443241908241e-10,1.737246788662157806e-06,2.180007764224253140e-09,1.237266439086621037e-09,1.731481071835735475e-10
2.107772633611397384e-06,1.910251087187313576e-06,4.409318834887973390e-09,8.540762920498887364e-07,2.801884492898068783e-07,2.100014372401810619e-07,4.824583768241415961e-07,9.875801603102870128e-09,2.206914038675867114e-07,2.173862034552055608e-06,1.559586292105644597e-06,5.021310597165957369e-07,3.381922221846429054e-09,2.283529504769987533e-07,3.667777160636746770e-09,1.007149039112335809e-06,8.203757471919515118e-09,1.205696862157669686e-08,2.427852983341714472e-07,1.694286198887086050e-07,9.573856988242252456e-07,4.934098233449164373e-07,2.730125342615250832e-08,4.891159087132078140e-09,1.949819195362364312e-07,1.163906087270579306e-08,1.166560780792735729e-08,3.707630959976188583e-07,0.000000000000000000e+00,7.882285016712929601e-07,3.893898843422597799e-07,1.381539477181162041e-08,1.794322958088358638e-07,4.298434211652343813e-07,3.882305180617948677e-07,2.265542004095014822e-07,4.205399935461694981e-07,5.079797415903732160e-07,9.357017677166345595e-09,4.239627026201000096e-07,1.351325656945889934e-07,1.552495833607200581e-07,1.402361712588455999e-08,8.000473034368993075e-07,3.217725894159902916e-07,1.506940755189729086e-06,1.714559483546110714e-08,1.722685279245785142e-06,1.056307625468113156e-06,6.982572792567565279e-07,3.882593715214908210e-07,9.058727299212889882e-07,6.415477467194468099e-07,4.542929039136959977e-07,1.571412610921861008e-06,1.229718868545930151e-07,4.439082960684231315e-07,1.341018635814872428e-07,3.707041825970894399e-07,2.254885537279858627e-07,1.759683645591089798e-07,9.005530328586134636e-07,4.221186954988989135e-06,2.467153893951310538e-07,1.559428911828506009e-07,4.294346306656136983e-07,2.829362971861830566e-09,2.132185578603651460e-07,1.680483521561556888e-07,5.908705388325178622e-07,5.325136502875958923e-10
9.987424243929940783e-07,1.294160074593313591e-06,9.132666104949630767e-07,1.332217335560359750e-06,3.314444855809772134e-06,4.995013598217953880e-07,2.368851395432528869e-07,1.148809330830050764e-08,1.716107130843683776e-07,1.180271325809697438e-06,1.902082359357358572e-06,2.325058736898556608e-09,4.019821731764063091e-09,1.516455145505167613e-09,2.403490036908095766e-09,1.235328842236748534e-06,5.343472705452802296e-09,1.791996150238804597e-06,1.020997277446606743e-07,8.951106094456154161e-07,5.316521252984027244e-07,5.794108967554085920e-07,4.592385814162682696e-07,6.225703121004827533e-09,5.805503222918077181e-07,1.816145091416428555e-06,1.978578285889848662e-06,1.234283265171729694e-08,2.467165912850250484e-07,0.000000000000000000e+00,2.350966785573352498e-06,2.875722985052901549e-06,2.924623565760854287e-06,3.334086547404156676e-06,3.259724693758592119e-06,2.984972050725523370e-06,3.120092115185877017e-06,4.900369145455059036e-06,1.499413803935000478e-06,2.127658452552579127e-07,4.848948181128652908e-07,1.617987732614432594e-06,1.342359835598877858e-06,1.966080334611523199e-06,3.918015773412102863e-07,2.298204970969558700e-06,4.558843143752550859e-07,2.597457639963053887e-06,4.632035303529609176e-07,1.421826464984375903e-06,2.401359165321111454e-06,4.406273339427500511e-06,3.589079374003717846e-07,5.053177715614834653e-07,4.171025177674142004e-07,5.623890687434314535e-09,8.811518416561458473e-07,3.106337666044849824e-07,5.126781681203265166e-07,8.652367917220611141e-07,2.798274311109963125e-09,2.390806343050677427e-06,3.661800817676494013e-06,1.848882026241824743e-06,7.758119195339021543e-09,5.340730847137885048e-07,3.038384236409507277e-07,1.391846686935333493e-06,8.881138377985672294e-07,2.244833449230161598e-07,3.474896259000406360e-10
7.104842948859581402e-07,1.035069686358718998e-07,7.328753846486718613e-10,3.930323512870238817e-09,9.846029087793605496e-07,1.341908366841973592e-08,1.195955582051184737e-08,5.605818846445761275e-09,7.292496666061123137e-09,8.975427963255680255e-07,7.019123926392722409e-07,3.435721898961450806e-07,8.214692446790296288e-10,3.949082486312275287e-10,4.162914380538724452e-10,3.069143602470627555e-07,2.713492256804092835e-07,2.617867598499025488e-07,1.318976894619330829e-06,3.200712498865259754e-07,7.554165826546082504e-07,1.326598640424561577e-06,1.207367501168970988e-08,3.711440561854087054e-07,3.465237132362793421e-07,1.319030764466497458e-06,2.906962067423541645e-08,7.827274229547946233e-09,1.769772709725156478e-07,6.380090034223566056e-06,0.000000000000000000e+00,7.256465532323287289e-07,3.595825311822049039e-07,2.509928962659622801e-06,1.919412378468186983e-07,1.774966934497642934e-06,1.243243255817081977e-06,2.446592521704957232e-07,3.296682635434161699e-07,1.705181148820397793e-06,7.286069704554329707e-07,7.220563466886534314e-07,1.146877611059071204e-06,7.777602911773375121e-07,5.613186566249000571e-09,6.836236772736731958e-07,1.122678219989841157e-06,1.019437587305353694e-06,4.816687611938887102e-09,7.248196151881324309e-08,1.870228640137758291e-07,6.930949863672310307e-07,5.340278851003326696e-07,3.159103061804397489e-07,6.430868343285862354e-07,1.423421725055519085e-09,3.149514360555546335e-07,9.735368954232492419e-08,3.017716325877971629e-07,1.279736806204899445e-07,7.748234038281409976e-07,1.532333319298923995e-07,1.874164560147496143e-06,5.470468165784622080e-07,3.985222490276107661e-09,3.326487521561433142e-09,1.557122350217347517e-09,3.535350685772313980e-09,2.647432526558708340e-09,1.418198328376734282e-09,5.073303448974907606e-07
1.251694603992648951e-06,1.530877550376543323e-06,2.810962061040862647e-07,6.627861559252084201e-09,8.424259187979462988e-07,6.588760209748138988e-07,1.825865030422264547e-08,4.359624174943481484e-07,8.311999245361229864e-09,2.004880617689966309e-06,1.158481157238278147e-06,2.127780846838833470e-09,3.253863975574781591e-07,1.955101379822482849e-09,1.101931928900324436e-09,9.998948330704645691e-09,2.333368716468568541e-09,9.326597903771547812e-07,7.752345589253820170e-07,6.703949432386651321e-07,1.174883115720768095e-06,3.074929547305926825e-07,2.172707228647398116e-07,3.270088841933983109e-07,7.212266948697169448e-07,4.287555754293162811e-06,3.313252277489325428e-07,2.311001567526791231e-07,3.799905959780624766e-07,1.422359024031140894e-06,2.743848513291869768e-06,0.000000000000000000e+00,1.158645928018383329e-06,3.575503766765327419e-07,2.956530264027668407e-06,3.256902925847462416e-06,2.286388410559100962e-06,1.618549499494867280e-06,2.733741328467177389e-06,2.721292430067581011e-07,2.212688348058601643e-06,7.628512837844105578e-07,6.199776534038870474e-07,2.869058867450144393e-06,1.127278775997235152e-06,2.504032996985632021e-06,2.449610905208701166e-06,3.763325389746868038e-06,1.327072505676687811e-07,1.501037877877211435e-06,1.396620197517893091e-06,1.314006619320026851e-06,4.928196461845375374e-07,2.669215028554319734e-07,5.153789038152961226e-09,2.410045044653922230e-09,6.608606586939025270e-07,2.698033677336338110e-09,2.601504064140737509e-07,5.494146946103266537e-07,1.225548448484450532e-09,3.586766969456542625e-08,2.977434205523492997e-06,1.151745820204418806e-06,1.818928114146915216e-09,1.554030969591227059e-07,1.714057192286077267e-09,4.195362318251538708e-07,6.655439723955495350e-07,2.936864006229960632e-07,4.619288706155573566e-07
4.349422986971112128e-07,5.452876454010314164e-07,3.161659903581984448e-07,4.630558680062439150e-07,2.242256149971408058e-07,4.313422504728516486e-07,1.172208957936535042e-08,2.925486124540139512e-07,3.347256550320207520e-07,1.046043162189543207e-06,1.333042916855041452e-06,2.883713724227807160e-09,3.591524794559868755e-07,4.446610691843798598e-10,3.644471073920932440e-07,2.956036139590468642e-07,1.554350220703368903e-09,6.225317303576976515e-07,3.257905604533381768e-09,7.389408174340680396e-07,4.364375345462857571e-07,1.288099206714866669e-06,6.635329602153999362e-09,4.644945381796675858e-09,2.896572816730756199e-09,1.268973877183171770e-06,5.096200971357381030e-07,6.334982960539941294e-07,7.769080875692342338e-07,3.401107906458171153e-06,1.843494481746404164e-06,2.133306614071311739e-06,0.000000000000000000e+00,1.784491667658993935e-06,1.563772915822886227e-06,1.660828915595172159e-06,1.056296819094352433e-06,2.425545866606372302e-07,3.260865580282278875e-06,3.073905233351624070e-07,1.815873726067127398e-06,1.635513644244521467e-06,7.310772346077342589e-07,1.453083852776499014e-06,1.001015207398305415e-06,1.452746759235531465e-06,1.105264357666822043e-06,1.531694923951043502e-06,1.654059503345499789e-07,8.530724753795245798e-07,1.516881130272950210e-06,8.555366600857378435e-07,5.531069247839934398e-07,2.352286036588665474e-09,3.349618187335869479e-09,1.611707334489081791e-09,7.274769882332048788e-07,2.576724406639790034e-08,1.103794352654185714e-09,6.084602824890241497e-08,7.530002138314789454e-07,1.124811945658997390e-06,6.687827745030750371e-07,2.055116211064574789e-07,1.219242552687222785e-09,3.742303851162662506e-09,1.571796202399375009e-09,4.053776230430244340e-09,7.337426270382208842e-07,3.273885149484878851e-07,1.012788048794242989e-10
7.962579451404430600e-07,2.419388533412674862e-07,2.880006351598992389e-07,6.037771648413216986e-09,2.522408027623253813e-06,1.858456548153481422e-07,3.757675460586290971e-09,4.430058222379613989e-09,1.060805428450130599e-08,1.044804871949051210e-06,1.867574168063715319e-06,3.886438084084048905e-07,2.999527945097902748e-09,6.105049230074206795e-10,7.945851534585012804e-07,5.270920772423649689e-09,2.157814311250575062e-09,9.509589772002732458e-07,1.163614363756989400e-06,2.822440658503781916e-07,3.758744914680919289e-07,3.129205749312228241e-07,1.688572832188888402e-08,7.845242215023065772e-07,7.300127348782353396e-07,1.659941857800369994e-06,2.486005921216933805e-06,2.388389164546992754e-07,1.405990641733913975e-07,3.383070882791157884e-06,2.551116571174759089e-06,4.215475337882467219e-06,1.318066011742200317e-06,0.000000000000000000e+00,1.555639587387744058e-06,2.025787166801317282e-06,2.713238971682831946e-06,3.891594274425622536e-06,1.555264506487687165e-07,1.569738905412618519e-06,5.004647685273843618e-06,2.717093996412001620e-07,6.273966721311088594e-07,1.178642392167556318e-06,2.162238292358241431e-07,1.946611374857506609e-06,3.964926848532239846e-07,1.128617197213610169e-06,6.858286790506126737e-07,4.721507787211204069e-07,1.078972500856045321e-06,2.765795969299760241e-06,4.959517251494390596e-07,2.809309395252573926e-07,2.245405295307500084e-07,2.229288401935521744e-09,1.281125574304762281e-09,2.181527738729354912e-08,3.967328796718080496e-09,7.352461709775949758e-07,1.151195560794781257e-06,3.785323241649647239e-08,1.285179398067375553e-06,4.720017311427644623e-07,1.685348211065539390e-09,5.122468118642195736e-09,1.664634506291346787e-09,4.356094916198287214e-07,6.793880887043031279e-07,3.004207267514050708e-07,1.404153769532385543e-10
4.744790552306716886e-06,2.113812172292160819e-06,4.600927714207488256e-07,1.100210659047863381e-06,1.068005893656298145e-06,7.165369925793323962e-07,4.840570674378052407e-07,1.094314083034138622e-08,2.666871663838086851e-07,2.666758949644167376e-06,1.792845205466682107e-06,5.612027264396807720e-09,2.178596661759827938e-07,2.830884079153301262e-09,5.578988623576506497e-07,4.251464714263931319e-07,8.452484257319952711e-09,8.289949855593866378e-07,6.969865713635039230e-07,7.757184990761196962e-07,1.988144924524754257e-06,2.020019074797549370e-06,1.511970387816559170e-06,9.266183620822004802e-07,8.965406840475398427e-09,2.220399626980511440e-07,1.610533334508641465e-06,1.267892729273972813e-07,1.313061905489888872e-06,2.382810044274596528e-06,2.121867663608981617e-06,1.756116458818091308e-06,1.336071198506758561e-06,2.121481390590022374e-06,0.000000000000000000e+00,1.227777816802983674e-05,1.861821206167133959e-06,6.404555742041356619e-06,1.942196831093982388e-06,2.227882695824114245e-06,3.062230800967072348e-06,3.165534684058488520e-06,3.067166259897815263e-06,9.558124253708449685e-06,2.566682739628245701e-06,1.040471230166809907e-05,4.075983823607044689e-06,5.185271348026246132e-06,7.961153346536685862e-07,2.166604570784575272e-06,1.986260321765792217e-06,9.016627983111089816e-07,2.150314843188618284e-06,1.713353287638131156e-07,1.218271399440010490e-06,8.932204710200927879e-09,1.620189703276401660e-07,3.977922197930819445e-07,4.320630657791005012e-07,1.896863029820283259e-07,7.971092691078396993e-07,1.100371103936945472e-06,3.164161794715398338e-06,2.204655246206271061e-06,1.597749536059976333e-08,5.912286683428821463e-08,2.876334414221999880e-09,1.155869595751948575e-06,4.457466390649339313e-07,1.847781786743509335e-07,5.507793199419397843e-10
3.164647532684097901e-06,1.512607787075895961e-06,8.256907113360912011e-07,6.385318067371203382e-07,2.118012712741256150e-06,1.340066324797485028e-06,5.025623411787102307e-07,1.655761362149317683e-07,5.606032377859603564e-07,2.067460932270709458e-06,2.450952332582322660e-06,5.486137896806749060e-09,2.294770225046650733e-07,2.564470588396589252e-09,4.673357410261620189e-09,9.398907484604228847e-09,3.758141126952429114e-07,1.257136221848644794e-07,4.808497373131986048e-07,4.301240076839025936e-09,1.598332245684178141e-06,4.359275724806439690e-07,6.637273725512909414e-07,6.161452405486005749e-09,2.040329265201378206e-07,1.408299176668965135e-06,2.087746059768722887e-06,9.922014507950979391e-07,4.933876316910467168e-08,5.487203477551052921e-06,5.536924294584378953e-07,3.416349612107201957e-06,1.618434516811971386e-06,1.573281368015420237e-06,8.888091172101769558e-06,0.000000000000000000e+00,3.292086141338179827e-06,3.150558701016694982e-06,1.753174125408955186e-06,1.130104949147914446e-06,3.071763465286081455e-06,8.598928121330248192e-07,3.905198510803002690e-06,4.464330054560880380e-06,3.026120110403627740e-06,7.485054297321483986e-06,1.037708778463643078e-06,7.964894329624988171e-06,1.950976320997841349e-06,1.902813503310322781e-06,3.337695479349427396e-06,1.624201444756782218e-06,8.105286833957407607e-07,7.530150131682743091e-09,6.312657124757515367e-07,1.295800131800400496e-07,1.156234650712105209e-06,4.794449180093819187e-08,1.736869786090300944e-07,3.840915558560835700e-07,8.293643747975261953e-07,8.635883672134880085e-07,4.392618555939993710e-06,8.118331046409972065e-08,1.580286162906134590e-07,9.593306630091755087e-07,2.736394399867566803e-07,1.217748304310001245e-06,8.009417239859841236e-07,5.049657750988765196e-09,4.881544850594082537e-10
2.459521777342493568e-06,7.150856304409440801e-07,1.145767477182502118e-06,1.482527196480541188e-07,1.105263175980175053e-06,2.848337626605129885e-07,9.541926279571623348e-09,2.660056402111852166e-07,5.370726320510899002e-07,1.171737532714189941e-06,1.180749920381706090e-06,1.767409505965059180e-09,1.079036330790177119e-09,3.404756892129757617e-07,7.220143321296031704e-07,2.699479888966965659e-07,2.179758709318434371e-09,2.269480732850787605e-07,7.946426210139127334e-07,1.218350675422191789e-09,9.738498026965985441e-07,1.110878363413063872e-06,3.133815938948529063e-08,3.325425452567903257e-07,8.161156970529167618e-09,1.175408555803375824e-06,3.232595235236010538e-07,5.932548000358025374e-07,3.925143960111496773e-07,1.631404088478507298e-06,2.582483076338217995e-06,6.649946957870315804e-07,3.594814952115192647e-08,2.253869059758359847e-06,1.485946003506279158e-06,2.064241064512443454e-06,0.000000000000000000e+00,9.244961191280640796e-07,1.176499964443385493e-06,1.102482888949765977e-06,4.010904560276544849e-06,1.315616515532358548e-06,2.459683507137694446e-06,1.792575220709424504e-06,1.329672895772499753e-06,4.078082526588637398e-06,6.140267623054145176e-07,2.232800737567346542e-06,8.070222715846602059e-09,1.746228070984679481e-06,2.171486459676895359e-06,1.622836410745119947e-06,1.225812862894809042e-06,3.819528691235008881e-09,5.646308945759435544e-07,2.366426078604684836e-09,2.759281503288586052e-07,3.993438011643237020e-07,1.269841263597210601e-08,3.692371429961340246e-08,6.963388031336691570e-07,6.085857554586943662e-07,1.836249693927416420e-06,1.179313348806453305e-06,1.699558874083109505e-09,5.219787823159765867e-09,8.753864823911585470e-07,1.581115933376867964e-07,3.724869059999840903e-09,1.268991337244473767e-09,1.411269355037090260e-10
2.917248770013030634e-06,1.083526348117710424e-06,9.217758476373441798e-07,5.002303814677117732e-07,6.385546966195135434e-07,2.946621552348026167e-07,5.513046195301505565e-07,1.932271228827165722e-07,2.715070331634862637e-07,8.580522877674693641e-07,1.861022856182648687e-07,2.518310081055507801e-09,8.602049946210175019e-07,1.462552817738822417e-09,2.635107322162902504e-07,5.041334338695622379e-07,5.145964450701263513e-09,1.033848855829948331e-06,3.160462724950088111e-07,5.338770258197976300e-07,1.866328511321136457e-06,2.082328975561687585e-06,6.749623370097705886e-07,3.157365358085355472e-09,9.426023036926960727e-09,4.444352199956335977e-07,2.509627863181389178e-07,1.696417078028188073e-07,4.774085371066146854e-07,3.113932876685187598e-06,1.201072503113523294e-06,1.727990716060646084e-06,2.545281331330419237e-06,2.710525269881394324e-06,4.994327402960974827e-06,2.614068976840065465e-06,7.585679090916875919e-07,0.000000000000000000e+00,2.055348215774072628e-06,2.097029145161697478e-06,1.218571260937245559e-06,1.502055917540060217e-06,2.202482584856021253e-06,2.894507225514385998e-06,7.110818014530941300e-07,4.621339428038427765e-06,1.538734560523786314e-06,4.072316755483835239e-06,1.783812331945203413e-08,4.308846112784622949e-07,2.698260847402283500e-06,2.632696550199793673e-06,1.257260110567221911e-06,1.408123459186948211e-08,1.017505631943350490e-08,5.305986796923810851e-09,5.236776238937085868e-07,3.293670087620778386e-09,1.988623693494766746e-07,3.085931927812069705e-07,5.475319955667664382e-07,2.344160264645537255e-07,1.877009212142290045e-06,8.763367455836690914e-07,7.157727929286964455e-09,5.428044136685378371e-07,2.262316857932041202e-09,1.314986202308388548e-08,2.066879465094925084e-07,9.578336605601493301e-07,3.939461042206567474e-07
1.445666413109811481e-06,2.819722354005298365e-07,3.081487701654981162e-07,1.671778840062230908e-07,4.093537377164012327e-09,6.358234245431395930e-08,1.122898667341018150e-08,2.854167762514444589e-07,1.705979194310700230e-08,2.203808577009697692e-08,1.627190839076726124e-06,7.457815869507865798e-10,5.407661362401153093e-10,4.861218666768390388e-10,5.162467113416299572e-10,2.864472255866436567e-07,2.533233405077413408e-07,9.849964665053688515e-07,1.928724477421222672e-07,9.742563147157978312e-10,5.903042048985484210e-07,9.073068913369196247e-07,2.604435097552260488e-08,3.507234233315066553e-07,1.301132984313496540e-09,3.192167620503815487e-07,3.285943876515619216e-07,2.423909048798625072e-09,5.357785262226665924e-09,1.356207682822992407e-06,3.424689293674863574e-07,1.420268959786563828e-06,2.263030169372202199e-06,1.646840425799031221e-06,3.285935583592960934e-06,1.295403889364832064e-06,2.051034214424418726e-06,1.397501646422822121e-06,0.000000000000000000e+00,2.968998174015815393e-07,1.138727624098631101e-06,3.052899065706053522e-08,3.082847941718181233e-07,1.233506289844709930e-06,2.408608338419478429e-07,2.200629699835945285e-06,6.598740790210519637e-07,2.112265828977048065e-06,7.431085141082130096e-07,5.200844417050063787e-07,1.040812840950548889e-06,4.968405290608520188e-07,2.141797513020031912e-07,2.742188407538404970e-09,2.912949565604910133e-09,1.766102138316275881e-09,7.157242016574377494e-07,4.277021100743321994e-09,6.472016440099472205e-09,6.035598018061351845e-08,3.089442508686866270e-07,1.538290042979433183e-07,8.761515594977756514e-07,1.673011987382871894e-06,2.675387940086302366e-09,4.051954934283702549e-09,1.600384432794696592e-09,1.774569634205430673e-07,3.003592808929775029e-07,1.319978544780136073e-09,1.112408450911114097e-10
6.066513770007177163e-07,2.680014385874684814e-07,2.996381091415800462e-07,7.545257210286354938e-07,1.715184032441511475e-06,1.243131067230747281e-07,2.956720485733046328e-07,2.796305581043225720e-07,1.736789842451484190e-08,2.394004034379175350e-07,9.202192491116196124e-07,1.089565843402337654e-09,2.135086485046747153e-09,5.317288152580892204e-10,5.634786417296481468e-10,2.784090529870295123e-07,1.887169157785476396e-09,2.358960548704334707e-07,1.841145021066962914e-07,1.079469297380737946e-09,3.936154365104162451e-07,7.539881511212738430e-07,2.314676676225783234e-07,4.342433527066073576e-09,1.371250498512123297e-09,1.209024087641954212e-06,2.257538021118398423e-06,5.882823077135924638e-07,4.179463668404186324e-07,4.088811566294857628e-06,3.361022066620871748e-07,1.372228677416055508e-06,3.507293212915025354e-06,1.203286980761324834e-06,7.627280933152558879e-07,1.208463422190705268e-06,1.146369578655628613e-06,9.066319481409945484e-07,7.132275615346546424e-07,0.000000000000000000e+00,1.329840704149114447e-06,2.844667283292703947e-07,1.466074418861469972e-06,1.129297354990335111e-06,2.314329149290897778e-07,3.061548744914220062e-06,1.041630779488751203e-06,1.146059572484931460e-06,1.503988415745981153e-07,3.201627687524148259e-07,4.260955883911487179e-07,1.238190820093955021e-06,5.137902024013222931e-07,6.851973105527693610e-09,4.423858400338547623e-09,1.935560036646235142e-09,6.960801472977398901e-07,1.089422014068531898e-08,2.793247636955605421e-07,8.767575983554506258e-09,9.870282712461767501e-10,3.851688342795961588e-07,1.085437822962907052e-06,1.882161907971997991e-07,2.808966928752345536e-09,4.538550887774607297e-09,2.934250551986523091e-09,4.873628067506616800e-09,1.640424346946007487e-06,8.730585759865452737e-10,1.223887140845631112e-10
1.158336932054651118e-06,4.025087026649121010e-07,6.489077300096414877e-07,1.274399799047153995e-07,1.166339849814424702e-06,8.362865460747766480e-07,2.702219040581438538e-07,2.432946764173874740e-07,7.976899236614362527e-09,1.050962923553442061e-06,7.937983354513200352e-07,1.223857564011614873e-09,3.975840123645104039e-09,3.189126627794264929e-07,7.487947686197783566e-07,1.451569997611522963e-06,5.410369546376946782e-07,5.904439040094968396e-09,5.856531939694156377e-09,1.599225536237751432e-09,3.532563318146726423e-07,1.541308403139032378e-08,8.647632013212194447e-07,7.389240214161474225e-07,2.839413658520971076e-07,1.295489992417489873e-06,6.952802281362973382e-07,7.841204080307181534e-09,8.802153992480975672e-09,3.248008510372059884e-06,1.625583305147137087e-06,1.432863755853665212e-06,1.096726241445730783e-06,2.963215514294260953e-06,3.416931348442476940e-06,2.384813918056560946e-06,3.572281395786049581e-06,2.735805399327817762e-06,2.502803297702417728e-06,2.659197540268225118e-07,0.000000000000000000e+00,2.878256457156806927e-06,1.038424911403597148e-06,2.554408003442090606e-06,9.959482677008443065e-07,3.001208083939058365e-06,8.007441705937092632e-07,3.540391897917945440e-06,9.518650326360868140e-09,7.294654815595430815e-07,1.340919732965326127e-06,1.389141918216954128e-06,4.597964961568575011e-07,3.453970757213585744e-09,1.280267331133294420e-06,3.002842284847371206e-09,2.543738498922959065e-07,3.148219958050834354e-08,6.829757552862906266e-09,1.900402463755003649e-07,2.671540319019827451e-07,3.081192371509704613e-07,1.136881195379382821e-06,4.269808946548323732e-07,2.330572398981597108e-07,1.404077794204398264e-07,3.574480974904481106e-07,7.003735496333412193e-09,1.056135595574640480e-06,2.775361945773687259e-07,1.826358208355030766e-10
1.613710202510080971e-06,7.252489011685563764e-07,1.091438657287709651e-09,1.529619470989335374e-07,8.749689324537332585e-07,5.084574259801733227e-08,2.883272684584845656e-07,2.692580237741176964e-07,1.229183901431780500e-08,6.715926188445526904e-07,3.312556741417219996e-07,3.087967522421079395e-07,1.038244978473629651e-09,5.825186059984183322e-10,6.173010637708575001e-10,2.706155261374924465e-07,2.051750533892758860e-09,2.308351233574677940e-07,4.289592850078409225e-09,1.178369586588048893e-09,1.409538887079018003e-07,1.426435641231503088e-08,5.624821531721191790e-07,6.607805946766277298e-10,4.205778181106067541e-09,7.704209663999322668e-09,7.937411928545747319e-09,2.876963834540940591e-09,4.036593488202882724e-07,2.336528927761509140e-07,6.022351219864213852e-07,1.365232265722049544e-06,3.034296935122412783e-07,2.154518805349747837e-08,2.956185783623784238e-06,1.998757416887519781e-06,3.449837053803641709e-07,2.266036799986838451e-06,5.806336960995005820e-07,1.101497271460730559e-06,8.768573586627703824e-07,0.000000000000000000e+00,6.464003478208987575e-07,5.504571129764835364e-07,1.344536708957409351e-06,3.155895669860257668e-06,2.704710036883150646e-07,1.188645142347231204e-06,1.428319329112477951e-07,8.326185533545319324e-07,1.843244890149241419e-07,3.103627477635738711e-08,1.228967061662833833e-06,7.732388105576590949e-09,6.370693855178113036e-09,2.223327531855263928e-09,2.812733151244911169e-07,8.387601378613061358e-08,3.613714140997714815e-09,3.623639467189805088e-07,1.072352337820700658e-09,1.915490330021944494e-06,5.618707796707840867e-07,1.582735645724233632e-06,2.934019867014874542e-09,4.883592626045975361e-09,3.804915046222716752e-10,7.643572078164440759e-07,1.825466924880323877e-09,3.034813288851916375e-07,4.731293577499379830e-07
9.837412483844173473e-07,4.389146536802462258e-07,1.278602360114379100e-09,3.919667521687657087e-07,5.555106617320410132e-09,3.621827453631323909e-08,6.887488179005795412e-09,2.573008414688953518e-07,1.145312331102790640e-06,5.425395582736979688e-07,1.143521027141516843e-06,2.948198407015246951e-07,7.680322253272613638e-10,6.830621148598917640e-10,7.260447941313605425e-10,6.856926423563123993e-07,2.402859189418515628e-09,4.232245867945034943e-09,1.635255440144120984e-07,1.382484168583629734e-09,1.591786650917463114e-06,2.997651534373911218e-07,5.413633657749440930e-07,3.232000489472994113e-07,3.262527257018575649e-09,7.042742044230456021e-09,6.624403957445036636e-09,4.310892279055061555e-09,7.572843617382938347e-09,1.238092215102174281e-06,7.193297337702307832e-07,9.061644490230232038e-07,1.488636490322949993e-06,1.115484369240298906e-06,2.926351396456500284e-06,6.277632731729829930e-06,1.987553573084688760e-06,2.008327176529122647e-06,3.080030964804797167e-06,5.587894544288989652e-07,1.440692087693816776e-06,2.751392539850877214e-08,0.000000000000000000e+00,2.369388181184532833e-06,8.977728197943559486e-07,6.822987173577624478e-06,1.023472205630090548e-06,2.274966103548687397e-06,3.685506540842438767e-07,1.616023133291745911e-06,1.117156325643759587e-06,3.256907137151155520e-07,4.778329645950868515e-07,2.667951802553695998e-07,4.232886535335948882e-09,2.489126095118098791e-09,1.459372652659443070e-09,1.045226613640444906e-08,2.893313959874395179e-09,3.419524213882467717e-07,1.258514746857877613e-09,5.866271761281615170e-07,7.329853525071671463e-07,4.502092241392695776e-07,3.533855603495436428e-09,7.311643756405807685e-07,1.750433911110518684e-09,6.212562369038270923e-09,2.723599057564364848e-07,2.417444414955765482e-09,1.563072627712697015e-10
1.100666884648352608e-05,3.109640085209012879e-06,6.596129686023547037e-07,1.309681987809289285e-06,3.023500512000044145e-06,2.880043622527041591e-07,4.006934658675308197e-07,8.919817302433586004e-07,2.805661835438835095e-07,3.991549822640911206e-06,3.062833808946468640e-06,4.091013494262603314e-07,1.761132060888860655e-07,4.808368677311469024e-07,6.322475893271096446e-09,5.982066310027590668e-07,1.428322148964192100e-08,1.290150830422329240e-06,1.504175482257467029e-06,1.248355637790656967e-07,4.278442424950748035e-06,2.801810876643941784e-08,3.475219814740817636e-07,1.791704817751744374e-07,1.612056179081359268e-07,4.006728080126033959e-07,8.695848196037197614e-07,3.909451567252461211e-07,2.264164636255461221e-06,2.396626532916580447e-06,1.421127226287378920e-06,2.167066476231905250e-06,1.489099883582359675e-06,1.254217257821369351e-06,6.879556309132824898e-06,5.841895843942719912e-06,2.776106397853547690e-06,2.824835616779570228e-06,2.538325533038510023e-06,1.919998817431972493e-06,2.842378290480694489e-06,1.232445103375214498e-06,2.412412463040095550e-06,0.000000000000000000e+00,1.622136082924758511e-06,1.383999494349303376e-05,1.456558491102546513e-06,7.944663272720482944e-06,2.792682335684084921e-06,3.805213519369272932e-06,4.391275020263669722e-06,2.881025413148872599e-06,1.374532479170243994e-06,7.461693166865622618e-07,7.344482114151275497e-07,7.586671332898173316e-07,9.346705429646120244e-07,9.080921981736186790e-07,6.233993232609037399e-07,2.049966140056279469e-07,2.055088079005794639e-06,2.271553341611976677e-06,4.903634700673409860e-06,1.805330732984301825e-06,4.298295187785963546e-08,9.246000065982523060e-07,6.486398860687176722e-09,6.757081186640716693e-07,6.393569864547982485e-07,7.460387634537549822e-09,3.061688593753667119e-07
1.230857285961361533e-06,1.271915937973396024e-06,1.956340834835778164e-09,1.066560720051770741e-07,4.134160923834702552e-07,2.438005905690648139e-07,2.862297352349681383e-07,2.215642369114403205e-07,8.384373375082222073e-09,3.930703711328653575e-07,9.577346028611799906e-07,2.689673306186636515e-09,2.862804869782505890e-07,1.038596684344703723e-09,1.906357841267762562e-09,2.221499248182626556e-07,1.903401195742111828e-07,1.798401629558129745e-07,7.617421824237674182e-09,2.095841874374178569e-09,1.088681845605637823e-06,2.625214339275533892e-07,1.295240046560991514e-06,2.293539992369314603e-09,3.526865295189908335e-09,4.889351963611796794e-09,6.484812324262546131e-09,4.953696509305321241e-09,5.618062647766886871e-07,2.085265471920869623e-06,2.640531835098148812e-07,4.280970298618496689e-07,1.198631998856601146e-08,1.823900531228665174e-08,3.327262387854084000e-06,2.169524237896636340e-06,1.204354682020421962e-06,1.046497421991294221e-06,5.950794172771030254e-07,2.272439443975084082e-07,2.771833304662413626e-06,1.787039747795854239e-06,2.620639095637566774e-06,3.795858625341858784e-06,0.000000000000000000e+00,7.937541534254579905e-06,1.684395263931514945e-06,2.189591888390040435e-06,5.569396493091898495e-07,1.143067000796452852e-06,3.404839882153982049e-07,6.466694179428600171e-07,1.584756665899919603e-07,5.692850362986126016e-07,6.994361064251855995e-09,3.880278879954031650e-09,2.317836736821857619e-07,3.571965159637950161e-07,2.257924900283763103e-07,2.210976011055100445e-07,2.435729983788396937e-07,2.596571329421315690e-07,1.688021413699111389e-06,1.342801351824760915e-07,4.537699585615579816e-09,6.256468329898559801e-07,1.981867527672382268e-09,3.420240870930021965e-07,2.352865623668676319e-07,2.733949531714978085e-09,2.379026254566880031e-10
8.747385737261994623e-06,6.819970333519607054e-06,5.919212701597633016e-07,1.597288154553902113e-06,2.642796911321222679e-06,1.019914947600515950e-06,9.365197251072373683e-07,5.406583757337620438e-07,2.859674211995696718e-07,5.258809724291692382e-06,3.176104224088044034e-06,1.273636659490416054e-07,4.192493490015856652e-07,1.602346667761647028e-07,6.048800419188535662e-09,1.017014342546230452e-07,1.221352920695292466e-06,8.907874301043793862e-07,1.841068828964405500e-06,2.198333827604249777e-06,6.319134704598946192e-06,6.538965680150616653e-07,3.337132969273941303e-06,1.623838789274943680e-08,6.512104277543208830e-07,6.274536795298159603e-07,1.784079862117926469e-06,6.914705771461097547e-07,8.629783248637690187e-07,4.322954105618670968e-06,6.722874194314355976e-07,2.665447138752652754e-06,1.359939497844342680e-06,1.461362228340294520e-06,8.644854439871903977e-06,9.420882753364041517e-06,3.308025598630173272e-06,4.885763249717822170e-06,2.318034339964994807e-06,3.941061768119167863e-06,2.041045063338755277e-06,6.393894958947410184e-06,7.407995948494916448e-06,1.560313703401375077e-05,4.970128777073586577e-06,0.000000000000000000e+00,1.547724913052961872e-06,1.247425661881408518e-05,1.490928609605328397e-06,4.837350413477916381e-06,3.006252386537360867e-06,2.381204048107615570e-06,1.915578032032202352e-06,5.823303975347202113e-07,1.161024306805332939e-06,4.331913500032164522e-07,3.082784913209484968e-07,6.122690509233967899e-07,1.560244392371753917e-07,6.397051137352628300e-07,1.544041279203493189e-06,3.334669232331830883e-06,1.114508210611559831e-05,5.912927553155680486e-06,2.689892225598612483e-08,1.483408127028952435e-06,5.139708678981038039e-07,2.213202778047280490e-06,3.189527685578969962e-07,1.003085541882206555e-08,1.221210623433445193e-09
7.201568703896076663e-07,9.107181749665644222e-07,1.388930935724059530e-09,3.825072729203491075e-07,4.669160225363758026e-07,1.757711989585556308e-07,2.721849392683155950e-07,3.187888446261990418e-09,1.250605758140370617e-09,7.592373251154525483e-07,5.354067608047753743e-07,1.131428884933862760e-09,1.981420903472874629e-09,7.359253553560518805e-10,1.181490002407010405e-09,5.385612377931808824e-09,2.187070872710563389e-07,5.319376207127931868e-07,5.406616838452989939e-09,6.497861726273475751e-07,9.139535140524535641e-07,9.266215470242744177e-09,8.852801128552355939e-07,1.952556126179034017e-09,2.509713456201745568e-09,2.805638428493533736e-07,1.319655115838989510e-08,2.227823505634635633e-07,6.457814462184952795e-07,3.920705029134183711e-07,1.160376538063734736e-06,2.531162706789135318e-07,7.645215412251313495e-07,1.498911554342363245e-06,1.724616591522215204e-06,1.812165531536105782e-06,2.331573410067722131e-06,1.573001682884749184e-06,2.803048512502904106e-07,6.252907475451990755e-07,1.406528194561354141e-06,1.039861925694371819e-06,1.020559891785349364e-06,3.049379331902787264e-06,8.803228293593278695e-07,2.944462110471340292e-06,0.000000000000000000e+00,1.798232906656029700e-06,1.234270653029708026e-07,1.189961038616513939e-06,1.313568737761672990e-06,7.192290618429874094e-07,7.201321080608237425e-07,8.369043061742521995e-09,5.356253823217211819e-07,2.169735405144969642e-07,1.559636987864292693e-09,3.384997160010256998e-09,2.505138203020563674e-07,2.469574914857888934e-07,1.351596433075685391e-09,1.141922524114122438e-06,4.974101179530576025e-07,7.138260493124096181e-09,2.017877672392491116e-09,4.086281759945420650e-07,1.373296413396748386e-06,7.008908807211481687e-07,2.652518797798815612e-07,1.718469076801310147e-09,1.684041157233318981e-10
7.077983114729510708e-06,5.019722038970502492e-06,8.216080267525219069e-08,2.450405050224981877e-06,5.953256053925681824e-07,1.134255910501179264e-06,6.298625637514012696e-07,1.229995329850970141e-06,6.346033411191229825e-07,4.347304365926561217e-06,4.486944919959666490e-06,3.039581251382408108e-07,1.233465182211255456e-07,1.369470565321678051e-07,3.668873571628228336e-07,6.988312026539428774e-07,3.548732470592905858e-07,9.974542184484278476e-07,3.353738662927919330e-07,4.863107188645038776e-07,6.249307160992884571e-06,3.252092307952280077e-06,2.453822432055514294e-06,9.462864207778405419e-07,1.104036827558340067e-07,8.009401388328177707e-07,1.278542179901182204e-06,3.699032927288374147e-07,3.072468990232545033e-06,2.207362360705256651e-06,5.777930326646899690e-07,2.050542582450144423e-06,6.634956773691049503e-07,1.484000274967296209e-06,8.187078488696546355e-06,2.984861934713362872e-06,2.162047914792271173e-06,4.633261767841488351e-06,2.101746367959174061e-06,1.243880791281196253e-06,5.226631611427576797e-06,2.135717955419326369e-06,1.748322737061368229e-06,5.011617771697904109e-06,8.099794345034832817e-07,1.032591938621266235e-05,2.651581025892286784e-06,0.000000000000000000e+00,6.612655025782166986e-07,1.110917329164981495e-05,1.084461884745372143e-05,1.772944681417967328e-06,6.100052164121072303e-06,5.119115937592157254e-08,2.645881826811387133e-06,2.139030467216667915e-06,2.242243137239824240e-06,4.801425638339634305e-07,1.024658204307459528e-06,6.952382689447363325e-07,2.721611319842367698e-07,7.022150260923867161e-06,8.494557098636445276e-06,3.411769383002780487e-06,9.234749077323018937e-08,1.010716845171284174e-06,1.668619226223740914e-07,1.181809566673681970e-06,7.397438991877032297e-07,2.943911757119515260e-07,1.751278031181221864e-09
3.472063942650791542e-06,2.629774528149279111e-06,7.908683285929000975e-07,5.983919838247584096e-07,1.062127471085544379e-06,2.120229321017658836e-07,3.140879484293358511e-07,7.278809613153876578e-07,4.882946436205208735e-07,2.585294884813093733e-06,1.047668227398378638e-06,5.906023380442046564e-09,3.479242554683360204e-09,2.408976306037733305e-09,4.164631644890172446e-09,4.224565651948777893e-07,1.225408539131041456e-07,3.340355908646981196e-07,4.526010139063397440e-07,7.744014862713675880e-07,5.652284132863646341e-07,4.916135459994231622e-07,5.876085506960518522e-07,4.600207731655754404e-09,1.959991427032928781e-07,8.340972613538891493e-09,8.307623918198081439e-07,9.496712853332279585e-07,1.311795165070842465e-06,8.003604718183544922e-07,1.382592092590813104e-08,6.847631894747338819e-07,1.783505946089405517e-07,6.308521255742350215e-07,2.210263409127378904e-06,4.414449549319725495e-07,1.833200739355080762e-08,4.569372257508398686e-07,1.768797181395214563e-07,1.577416202993498695e-07,6.323771425692488736e-07,1.292828126763252060e-08,3.882501185898034973e-07,2.398540629038303983e-06,1.114091869117977233e-07,7.206891734230811462e-07,3.795590932709935644e-07,1.134462736390992136e-06,0.000000000000000000e+00,5.831335732251533203e-07,1.132307688567675642e-06,2.758201366150729295e-07,5.003686424733598863e-07,4.462075256139947465e-07,1.169569555908452534e-07,9.349898835108104011e-07,5.176017714469150157e-09,2.110098536614512555e-08,4.838972374763495925e-07,6.295938680859417268e-07,4.502954640419274316e-09,1.873964333090315392e-06,2.242801653700224674e-06,2.421504786131447782e-07,1.470282575385720366e-08,2.169495839978819612e-07,2.618043348900322309e-07,6.363356844835534341e-07,5.227238281502871806e-09,1.842206983691613986e-07,5.517281990307479754e-10
3.832977606947678096e-06,1.072421443752496722e-06,1.457774196989879585e-06,1.809116637769758204e-06,7.158369499293823174e-07,6.847119626442428487e-07,7.136882046494024029e-08,1.648209160797873706e-08,2.407680781099388091e-07,2.883029750414147755e-06,1.648300908652406449e-06,7.787880040221405610e-09,1.998043318320447952e-07,9.132938905720798819e-07,5.278812722167255502e-07,6.922765781584338899e-07,5.880094655220750575e-07,1.787357930551368997e-06,2.151920699567444309e-08,7.272803655856794875e-07,8.244190805047896519e-06,2.940474829230598909e-06,8.813062053550350175e-07,2.002849003125443092e-07,5.708690012024065746e-07,1.687075782646823199e-07,1.798989662181438569e-07,1.159433293106548891e-07,5.067074656327488896e-07,1.594506233468667561e-06,4.557930825767745290e-07,2.314606368945636534e-06,9.787642058469079218e-07,4.356101869395932740e-07,3.474785680721631732e-06,1.730708281224732534e-06,2.856293433579355158e-06,1.266433056610421401e-06,2.073089192234144336e-06,1.261749206537882767e-06,1.400444669286551148e-06,1.548326203495120337e-06,1.549123825401044527e-06,2.827668806444502322e-06,1.622707331713335317e-06,5.231126670664657603e-06,1.249802084198657202e-06,1.274538913103655587e-05,3.505341017104235614e-06,0.000000000000000000e+00,4.523459438893924275e-06,2.710449197293635380e-06,1.080120482103253246e-05,1.485662549188645473e-07,5.571646592830669301e-07,1.065163815899498498e-08,1.465045793563679984e-07,3.539766414166864121e-07,1.035120425623004300e-06,1.182378057464558843e-06,1.577733357953938651e-07,2.727866215498877540e-06,6.337555256443350176e-06,2.642678603626689302e-06,1.424907174183842689e-08,1.881657210957129092e-07,3.214671044956423326e-09,1.066243753293551609e-06,7.213733838285387207e-07,1.691654027398476202e-07,6.667800701689881898e-10
5.183565326390857867e-06,2.704867107379570645e-06,5.252633795679676046e-09,1.031259694333209513e-06,4.764894561087717218e-07,2.856473775303858475e-08,2.957721796901034416e-08,3.994828045504280900e-07,4.583156246256802609e-07,1.808343324091906403e-06,2.453077879325719931e-06,4.532775292311568261e-09,3.111941571536335862e-09,1.763176175857348311e-06,5.353710257563846672e-07,4.058900099978947791e-07,9.747342739292683414e-09,1.063559305732967013e-07,5.789934201928110132e-08,1.083652871267690500e-06,3.932559697199334874e-06,2.408070049928916848e-06,1.061484583976053431e-06,2.047993511764476657e-07,1.858010807788342049e-07,3.836731940300795027e-07,4.670635095464534310e-07,3.394583514925172043e-07,9.811745686600541208e-07,2.341228886183474209e-06,1.167669430372409176e-06,6.676961232136607737e-07,1.118213254245022654e-06,4.296441370663399378e-07,2.754630967127830458e-06,2.622145948496776012e-06,1.770482117751850438e-06,3.622033997906801057e-06,7.539948041660323277e-07,1.187490129485934754e-08,1.410794334329834518e-06,1.359556351308527123e-06,1.310856686988071155e-06,2.805244322875916664e-06,1.419028375942992678e-06,3.032979928772602940e-06,1.596543917713139957e-06,9.318884874288869386e-06,1.315390722570078108e-06,4.539086998339650827e-06,0.000000000000000000e+00,6.224619997871025888e-07,1.538806824878551222e-06,7.294277986322226328e-07,1.083931740788229727e-07,1.012813115724968821e-08,1.507322918647090685e-07,2.572517348233449769e-07,1.653780846419137288e-07,5.069372835954649057e-07,7.605958215228222485e-07,1.712828577510574247e-06,3.433217123424892029e-06,7.019259029146940947e-07,1.026199435330389687e-08,4.980442390132685887e-08,1.818850992595310032e-09,4.635734251884738416e-08,1.534638251289281066e-07,5.049182205805603121e-09,6.330943506723914147e-10
2.825545604228126865e-06,1.713113903598359204e-06,4.714997628989039119e-07,3.636609243473173579e-06,2.072855345977006549e-06,9.874423441261421971e-07,4.880934072878558315e-07,1.634528060961857120e-07,8.232045446878820528e-08,7.541066936428218159e-07,2.703581530956577982e-06,1.950870582484516284e-07,9.454854844863129100e-07,3.543141215580534341e-09,1.383783266547979981e-06,6.293463168612834669e-07,1.279947808727799149e-07,6.089431708810534214e-06,7.246555501027741432e-07,1.724416328437344868e-07,2.086581341775344348e-06,5.140227598903762012e-07,6.901758036640866146e-07,5.170524140781130107e-09,3.521302388166912547e-07,8.472883913744682355e-07,1.412820962211046375e-06,1.359220456210183474e-07,1.633360407704505628e-06,1.131110657052982410e-06,1.662201587065423641e-06,1.327523329637687296e-06,3.286717889492470254e-06,8.721010697425858908e-07,2.270807591548250585e-06,1.562498424701123127e-06,4.396136756529626053e-07,1.165574192340241581e-06,2.282929754553042769e-07,7.546048272493559986e-07,1.019459712555047891e-06,1.450768105361431256e-06,8.727468834632300886e-07,2.808490664903280485e-06,1.187065886951779113e-06,4.807905083744514930e-06,3.899485901588794935e-07,2.492849261049692833e-06,1.860209218493031013e-07,2.390712847842707523e-06,5.393349167834109176e-07,0.000000000000000000e+00,4.873381892112140348e-08,4.717512465332360849e-07,1.284095435507577427e-07,1.256917314999803762e-07,1.138440123976587422e-06,3.844779447668795087e-07,4.522252450355216269e-07,5.650255648776778316e-07,2.410527156637971114e-06,2.527956580619068662e-06,3.510389245986246350e-06,5.109283068777181879e-06,7.551260611006772553e-09,6.743108012237916649e-07,6.693063453106550728e-09,2.428095269716339768e-06,2.773029758850665996e-06,8.488968470367450656e-07,5.135364735947982728e-10
1.892548494890594825e-06,2.084683147770905951e-06,2.100076881044650135e-07,1.331155965371904947e-06,1.252675230599585003e-06,5.674528077038424316e-07,7.929071772421274725e-09,6.997993873554957801e-09,9.717734209883788612e-09,1.182588547616666853e-06,8.016650553013103318e-07,2.328246107541434696e-09,1.700433777001596606e-09,6.493681057479991310e-07,2.000464558755975762e-09,7.234599428863438480e-07,5.321527302669583456e-09,1.501117778218029322e-07,3.113672537852276557e-07,2.049728215101207793e-07,2.452594816295348392e-06,1.620712258340119724e-06,4.046217344037338831e-07,2.090477381931048916e-09,8.135839101577607987e-09,1.332491958453088086e-06,8.565276997389123400e-09,7.584010161491154863e-07,4.691209100590000537e-07,3.716006023955356722e-07,2.337494772292507054e-07,5.338693521271543434e-07,2.163573293807279280e-07,2.083383240114433422e-07,4.962796343849641298e-07,1.096317131699094389e-06,8.409262729698913469e-07,8.266521051777270668e-07,2.164375046209131837e-07,5.008245345583807319e-07,1.826888196068553066e-07,4.960402355565675014e-07,4.731531019082188991e-07,1.379950771442589283e-06,3.919845435361394656e-07,1.351531554379776333e-06,4.540896968256241572e-07,8.247858979485880765e-06,7.098642112237374605e-07,5.621810170304910209e-06,4.143817857155264434e-06,6.746984162367247955e-07,0.000000000000000000e+00,1.324522906737594773e-08,4.177084006965583042e-07,5.567401470699117916e-09,3.248574595612891594e-09,1.010637158206791940e-07,2.002979746514170636e-07,1.531526618071928943e-07,2.821545810619460868e-09,1.375789024056939904e-06,2.838535685834392009e-06,8.594613845638630425e-07,9.949995158583571195e-09,1.283747003279197596e-08,2.297033153024784070e-09,2.811435145533308142e-07,5.214492774075902675e-07,2.233833766815564815e-07,3.908335855235730819e-07
6.018794551055393741e-07,2.676769225819085414e-07,1.012633226713697001e-09,1.587774817163205607e-07,2.024200265447907570e-07,7.486569330844908749e-08,1.026736555920053717e-07,2.779203465900551428e-07,1.500692357199750976e-08,6.746806680264617773e-07,9.536830970594611357e-09,8.206795502403561085e-10,6.025356409144021402e-10,5.348384076008336008e-10,5.645770407034291981e-10,3.026915882661423405e-09,2.460871370239064917e-07,5.897639281935551445e-07,1.202936022719043271e-06,1.083677765864136970e-09,3.924334648231139477e-07,3.123714331677958975e-07,2.272896187981357036e-07,1.723277337136480020e-09,3.230775339727963788e-07,2.130058798038051265e-09,4.147625483483687904e-09,2.580626955135726888e-09,5.821669650236760298e-09,2.149023256842368299e-07,7.443154239041628354e-07,5.325133563521648596e-09,2.978398643415902907e-07,8.987656393683230756e-09,1.616974911660647298e-07,1.141149202144737061e-08,8.918936502579840607e-09,6.704851322520712716e-09,2.904174378477275634e-07,3.511189176747154652e-09,5.133940137197294494e-09,2.726797187064466670e-07,4.274513337900100217e-09,1.736103947478359963e-07,4.823978662975555141e-09,1.422819583595599900e-07,5.426149214265857603e-09,7.221373182814271121e-07,1.496918169483418818e-07,2.719575527744875087e-08,3.563817651377846417e-07,1.251450722822312897e-06,5.199607012258575837e-07,0.000000000000000000e+00,4.013058855789966338e-09,2.050103294870435887e-09,2.876418314378902239e-07,2.175726258274624181e-08,3.045866369487202876e-07,6.427888740458812261e-07,9.947850931979764915e-10,5.257698827234416530e-07,3.845724705482050920e-07,2.466547664513427450e-06,1.469347478644167266e-09,4.538550887774607297e-09,3.519031227783064654e-10,4.540667924108071664e-07,2.903743398873472576e-07,3.110640800669671240e-07,1.219143483969748051e-10
2.400056935882641641e-06,5.952756801562165064e-07,2.567466074908902616e-07,8.598355080238492378e-09,1.632556551439410820e-07,1.047578553105799901e-07,2.554097544528423323e-07,9.917984692891021176e-07,2.740651124557279938e-07,4.351253514121813494e-08,1.034814987831429407e-06,3.266036395454675326e-09,3.032558922218137929e-07,1.738427375610831269e-09,3.058855963974953639e-07,4.038956973222795574e-09,3.064850553349310537e-09,1.243522912829782839e-06,1.446523748900666917e-07,1.765464952853952351e-09,8.360097196163406847e-07,2.757769156998035112e-07,1.859233408280931640e-07,2.114255436868759129e-09,2.784790140557528860e-07,2.665227346696526526e-07,9.470910805313934575e-09,8.972925752051741771e-07,1.134940509695747189e-07,3.817572955251614396e-08,2.822880792788010947e-07,5.644344862980204954e-07,2.641844157476814370e-07,5.942666716191270674e-07,3.513132165697618537e-07,1.416645343603251377e-07,5.875280150892071476e-07,4.792959146259841470e-07,8.495876388341196067e-09,2.417170146586908214e-07,9.145134248733696177e-07,9.737362231182736389e-07,1.074497149893774006e-08,2.749577086319236129e-06,6.062191845226046934e-09,3.582014890186670903e-07,5.174508923305393357e-09,2.006786562875670874e-06,1.208101837154668340e-06,4.129218741740496430e-07,6.236686707170424190e-07,3.203225155600670951e-07,7.439072803649365505e-07,6.183431743548236793e-07,0.000000000000000000e+00,3.163202926885613728e-09,6.114934325660019080e-07,4.544475618918867727e-07,1.016086944472250905e-06,1.304424743168280489e-06,2.586967432728857437e-07,1.067382642330427627e-06,1.109186229734793062e-06,1.415127007167454856e-06,2.398726172801857342e-09,7.431618008813517413e-09,5.731245419496913200e-10,6.632885577486073603e-07,6.191617794036695270e-07,2.688595427456939450e-07,1.999510737202182598e-10
9.261126316757487909e-07,2.088918725332188151e-08,1.438184850332539827e-09,7.576224784317519166e-09,5.389089703797448835e-09,3.010965214642734448e-08,2.809686871358740463e-07,3.937846530741754004e-09,1.259292115750636513e-07,8.308382511265466185e-07,5.201000594683891102e-07,1.163300922340884602e-09,8.519465865532327361e-10,7.545831133719418923e-10,1.206753947679169649e-09,2.465511326878106826e-07,5.520094198958791547e-07,2.049150279982633190e-07,5.608302791479279742e-09,1.533992618147853771e-09,6.141721026207014042e-07,2.829709870573090108e-07,6.845967042758679742e-09,8.594892755750780610e-10,2.269222248288847492e-09,2.770284964190929848e-09,2.788497800852780941e-07,3.359053227179475424e-09,8.303470546698426292e-09,1.244065092569151506e-08,2.556538060126947807e-09,4.548489952965830713e-09,2.562715301533212940e-09,3.249912720177003538e-09,1.583847723440459485e-08,9.130563731174225066e-07,2.005896158975805776e-09,1.156556782780507113e-08,3.217933027265655147e-09,3.737193297872506574e-09,2.620761632261572156e-09,2.150182689813483492e-09,2.307638998124229612e-09,3.337145985926303520e-07,5.361103619906159277e-09,2.890584763522330920e-07,1.248437774735484478e-07,6.710141675532304104e-07,1.224146068096114037e-07,3.085564474039681515e-07,1.991644285029562858e-08,1.437355551325152684e-08,4.464281332910716078e-07,3.767583409749456528e-09,3.609868877082123325e-09,0.000000000000000000e+00,2.580053754174154775e-07,5.654455403125695624e-10,2.578493609689467738e-07,2.350689409378261635e-07,1.415590136961183557e-09,1.978154535604395848e-08,1.420115218363750151e-06,6.269694876663946584e-09,2.421575465532911172e-07,1.451519149376114816e-07,4.975684872515105009e-10,3.934428377390530042e-07,1.579129305952097924e-09,1.238968240130330919e-09,1.733852991955113390e-10
6.706997027890842153e-07,5.452876454010314164e-07,8.254710141903091051e-10,1.746295375219050785e-07,1.368293945761040729e-06,5.279782422367627246e-09,3.389507811129212562e-09,2.636380755061874042e-09,7.331699168123274891e-09,2.619105961679384618e-08,1.315896838417670823e-06,3.319725362959631206e-07,2.041849647945897776e-09,4.477706146771561582e-10,1.276486697583529138e-09,2.908934814984174869e-07,2.608572670775179740e-07,2.522848538914092234e-07,8.788379237367370646e-07,7.369050637936721317e-07,2.929183520022000184e-07,3.287377097446736926e-07,1.062841359947068921e-08,8.817419530538504208e-10,3.334845162640526904e-07,3.221374619677148128e-07,8.235377771987239323e-09,2.647490435673504049e-07,1.658388778919438095e-07,1.251632530432800865e-06,3.384435468313303896e-07,4.509639557489732230e-07,8.872563968318121702e-09,1.320547501407764139e-06,8.358230968559052173e-09,8.539320974396997337e-07,2.246202319743199828e-08,2.162744953554573140e-07,3.141106947308318071e-07,1.090846388103415537e-09,6.550890380869614078e-07,2.899754670125488204e-07,2.762401700378800267e-07,2.635424259895486211e-07,3.786944109552347701e-09,9.592839700240910457e-07,3.481863443852149745e-09,1.652053595155580197e-07,5.549838946961242018e-09,2.543411714256264848e-07,1.670444062958071329e-07,1.333559848650677650e-06,5.825541364248411605e-09,5.714868914975408293e-09,6.212312871671482621e-07,1.623004476739135305e-09,0.000000000000000000e+00,1.198793575460433519e-08,2.901534359539539234e-07,1.481645671746860709e-08,8.144415433787286756e-10,1.459834712101522149e-07,1.184214417355932478e-06,2.026697657556475110e-07,1.227768890219837525e-09,1.886101314073000724e-07,2.926846165373574573e-10,4.863677714060868594e-07,1.128619544488037567e-09,1.252020909398730793e-09,1.024647009115930238e-10
3.067858493404521213e-07,1.303520635000335044e-07,3.556781489895520883e-07,5.442422050412019190e-07,6.429830550207204066e-07,7.825650634492542680e-08,8.339028185408833980e-07,2.222840289954424827e-09,9.490292241386439867e-09,1.200882697839876558e-07,7.921655849004895149e-07,2.623963304191360893e-09,4.008232451536408485e-07,7.048737309701986276e-10,2.899751019466015556e-10,4.595275827370332150e-09,9.618638554100571429e-10,4.165329331751281813e-09,1.954733569263394746e-09,5.407825861044347051e-10,8.468712257652217761e-09,8.660921180536369339e-07,2.882531848839709022e-07,1.055520965522630028e-09,3.747298936322319068e-07,5.539557130883558847e-09,4.682449091818346862e-09,3.360608465121139077e-09,2.068255309113678700e-07,9.335646491851299688e-09,5.617542493562360995e-09,4.255342305634172638e-09,3.595585610005316649e-07,4.844101100760137821e-09,2.095454965017414889e-07,2.223915570830817873e-07,7.842351289880026244e-07,2.545912694256380293e-07,3.004691815560999900e-09,3.381465334876285732e-07,1.726228108008796635e-06,3.352520443476132597e-07,3.222803486086968181e-07,2.847802427625898810e-08,6.778447481349741757e-07,7.583881269782068336e-07,2.428359308570939721e-09,1.785744724935463384e-07,2.038065875037862429e-07,5.045583481650062558e-07,2.032852882580991672e-07,5.819794881770056625e-07,3.725934974965335455e-09,7.475357840675955470e-09,6.812926601324671970e-09,9.978980357923594846e-10,5.837422218635681855e-10,0.000000000000000000e+00,1.047839542725914671e-06,6.180105178901852351e-07,5.022365029291776940e-10,2.794619114226065347e-07,8.260642606471844913e-07,1.022038689482121169e-06,7.531414828170899516e-10,2.335611156797467027e-09,1.480207122617724295e-09,2.403572816303382320e-09,3.509419778615291910e-07,4.509917498291150323e-10,6.285426677563537152e-11
7.684322748998743529e-07,2.474553907304252300e-07,1.164333771700502903e-09,6.079920788127692642e-09,4.406436132231294331e-09,1.606010720926876785e-09,6.977301881862532628e-07,2.678797013572959287e-07,2.655559761777772979e-08,4.219705455193514002e-07,1.087215676953767604e-08,9.433852950104357269e-10,6.911111457843690919e-10,3.430735015262057803e-07,1.051404495990509673e-09,6.647659607068443678e-09,2.154157073952151828e-09,5.663354210942176325e-07,4.537819543346025369e-09,1.245706311620303651e-09,1.655327406674299478e-07,5.674407054627122556e-09,5.547591776431088172e-07,3.333623048363895103e-07,3.900210364517485520e-07,5.489656946549260258e-09,2.290533133331402951e-09,3.583786666582944953e-09,6.737844909012584290e-09,8.708628867351514797e-07,3.061796471532873368e-07,6.157451912953755463e-07,3.588708673959214159e-09,2.388044085493595480e-09,7.043891396041208087e-07,1.593759852069444782e-07,4.652765974978373167e-09,4.860195988258145913e-07,2.798173132163902041e-07,5.083803072070130312e-09,2.125998912576636799e-09,6.385360783094349126e-07,5.619922167413309151e-09,1.058664212800908732e-06,2.115478985876697482e-07,6.045802096752764718e-07,2.424577757650820570e-09,1.036884669600119403e-06,3.883684351920213272e-07,2.717570202672057903e-07,7.132464944828342952e-07,2.178417988441640810e-08,6.184587452380697743e-07,6.822799039491686675e-07,5.682194518918199821e-07,2.214225431980479069e-09,1.316774945444857524e-09,4.230295150293438793e-08,0.000000000000000000e+00,5.197962919993813268e-07,1.144102438571039000e-09,3.476678177598785622e-07,1.825038680960165015e-06,1.977943159758351258e-06,3.024967583676131803e-09,5.246329579587846308e-09,1.665995763739109867e-09,7.464583696102893972e-07,2.481227503367526877e-09,1.267162092456363287e-09,1.406525630943584182e-10
1.212037417582295228e-06,1.195648591392158480e-06,6.662565126855948053e-07,3.839638949318979150e-07,1.582859527195502992e-06,3.286265215299285127e-07,2.709310936451278732e-07,7.270176669510080431e-09,8.401959916159420126e-09,3.842497517869870063e-07,1.227228926359577649e-08,2.926021848106769640e-07,3.890171483731204116e-09,7.172678177256271529e-10,7.659454693814054113e-07,4.328474017053737511e-09,2.516238435738301447e-09,6.108877553604244456e-09,5.181659844433299084e-09,1.435091091822930449e-09,1.411239840222458465e-07,8.239125555103014191e-09,5.374084699985119233e-07,2.319943560615222499e-09,3.317279115152562951e-09,9.239117831466539364e-07,2.935896447072595436e-07,5.635027053734399408e-07,3.679002940377034614e-07,2.910726665830900243e-07,5.952223109848338463e-07,9.956728091107124936e-07,1.178310470478939956e-08,1.049032918549237353e-06,6.758032346255989820e-07,3.274422689715639901e-07,1.524543199441305068e-08,1.878815949155791124e-07,6.499656631797006669e-07,6.329107719211262131e-07,5.839118288810290969e-07,6.170443273675817509e-07,2.379732025004362778e-07,2.146375968436421410e-06,5.168919206086059788e-07,1.160155633517109612e-06,5.766806011893333134e-07,1.654811357441034629e-06,1.266346204527273776e-07,1.514882634556679525e-07,9.723929642061736353e-07,1.949430522192004893e-06,4.694317003247742047e-07,3.266533515603201540e-09,7.522519050590802482e-09,2.701579376476770406e-09,2.640179602508067362e-07,1.177501539678366717e-07,1.423590560687374077e-08,0.000000000000000000e+00,1.328326016445020045e-09,1.107542175788388573e-07,1.722792732268284710e-06,1.640649498821071066e-07,4.339921934655007449e-09,1.486870623439943205e-07,3.668842602650737811e-07,7.098655190184729820e-07,4.530082049315199057e-09,2.859426577847742602e-07,1.638974917502435647e-10
2.383402565512780837e-07,1.076007681883978099e-08,3.273314003814518147e-07,8.346301452291083301e-07,5.892165763159716634e-07,2.985070919409568574e-07,7.871845217426193683e-10,3.361051499086547916e-09,3.585070786277386058e-09,6.051147653902018443e-07,6.967251923416908098e-07,5.991733442415721803e-10,1.207640273713072262e-09,3.897256143911016138e-10,3.760316089582179025e-07,3.027449110320664408e-07,1.568005887091071426e-06,2.624266077773705507e-07,5.384121616139111290e-07,3.214591819073442490e-07,1.898521593067557539e-07,8.039367671024916313e-07,2.495163407141326158e-07,4.420855420983828397e-10,5.991747610510617162e-10,6.919097795631815877e-09,3.428496348014029899e-07,2.200220632593177504e-09,4.290855179693962862e-09,6.119024243227435065e-07,8.131427529519830471e-07,2.901234427028694205e-07,7.714196450576268718e-07,3.233657066365208059e-07,4.809608876494686814e-07,2.159341842251021413e-07,2.170171841518977528e-07,2.348656265194691071e-07,7.479758346023112193e-09,4.695757684161787540e-09,3.043657307757144544e-07,3.020281197195757352e-07,1.158143292353580242e-06,1.136658583526522943e-06,6.137192695587873848e-07,7.038173423150387160e-07,3.433927497169273358e-09,1.553539743159662264e-07,4.693499989491930088e-09,2.491935285007215709e-08,4.858760410371943739e-07,5.284122536569765135e-07,2.234327141011746787e-07,2.233657162402267001e-09,2.635582239629316431e-07,1.415890207745270738e-09,1.233632407644379321e-06,5.455917383617147349e-07,9.696870365046697766e-10,4.380746250243667554e-08,0.000000000000000000e+00,1.176079721593073769e-08,1.903394153316631268e-08,2.157472977059837221e-07,1.068611826741626564e-09,3.273404811174169242e-09,9.557107860685094726e-07,8.610853935315280575e-07,3.177683817282090174e-07,1.927298721826050253e-09,8.894490854038444874e-11
4.174905511127633276e-06,2.261853484336487365e-06,1.334413989664460091e-07,4.502718467845952312e-07,6.203458139241035999e-07,3.348688049076225204e-07,4.027060290672565127e-07,3.474546056929531343e-07,4.418228009401103415e-07,4.565293893521070019e-06,2.096202895827115348e-06,1.525167285014928522e-07,5.518966133302818806e-09,6.042830200562058027e-09,5.320797721837991027e-09,9.092057105537189660e-07,2.788437476821012998e-07,2.272482057014819981e-06,3.390846720821070824e-07,7.868469672624347333e-09,2.789316838787132905e-06,4.244427633722290240e-07,7.353407327522567638e-07,1.776057651786072236e-07,1.569538458963067967e-07,1.544519008703698896e-07,7.115842399083250929e-07,1.715474772173281441e-06,1.040173842639136112e-06,1.112999711439856253e-06,4.164715859918264024e-07,1.106225145362280588e-06,3.688357064995569510e-07,8.166027925340126726e-07,1.925351162126455559e-06,1.510031937481189321e-06,6.159655946226751295e-07,9.681328428582002431e-07,3.795243378426514666e-07,8.027597282170553583e-07,8.176166991012771107e-07,1.250197643366773668e-07,2.544221357417700190e-08,3.257712808787161841e-07,1.241243026189334609e-06,3.536173134090460868e-06,1.069221025246855418e-07,5.056752919729678665e-06,1.262216227268481976e-06,2.278556266651293848e-06,1.076664002479678430e-06,1.788604347323121584e-06,1.466927298698631094e-06,3.751662582842044044e-07,4.894047604367066132e-07,8.461604526101243432e-08,8.318075280999371439e-09,2.675093143654417682e-07,3.676151100056275830e-07,1.873940735913116264e-07,1.348625870016586944e-07,0.000000000000000000e+00,5.754974971540831286e-06,7.851756304186527282e-07,1.193699276787863854e-07,1.471352219177716147e-07,2.229539958342026291e-07,2.232552169584261354e-06,6.482514363489911457e-07,4.050420395684403871e-07,3.100832447714105303e-07
1.073861437099956263e-05,7.728523581042043839e-06,4.290558997961581416e-07,2.765761703393199836e-06,2.225089781690392178e-06,1.094210068745392948e-06,5.319804549364913614e-07,1.083034370733274306e-06,9.510005598882607889e-07,6.642027255139649873e-06,6.419771623405400990e-06,1.938637104991568403e-06,1.143622582425402937e-06,1.381688999183000186e-08,3.173840262708804947e-07,3.912941235569832757e-07,1.381275577422804795e-06,1.534866896558277187e-06,3.209315287737270180e-06,4.135248022272279322e-07,5.066106086258001077e-06,2.658320386712127566e-07,2.034853240543584652e-06,5.637181659657476146e-07,9.011417761992384198e-08,2.151964015121837550e-06,7.838672792291838422e-07,9.714220938350481935e-07,2.625844725894844411e-06,2.020653292732631363e-06,8.380592658505017677e-07,1.691362315470031506e-06,1.220231166050581376e-06,1.272414141412499576e-06,2.394585893814247989e-06,1.553173886676706631e-06,6.156332575194108970e-07,5.111948858863250576e-07,6.622700271341444018e-07,2.048529431799027766e-07,7.980411446504959837e-07,7.707538661124024744e-07,3.472751492404065875e-07,6.176774987744367358e-06,4.102430391079777075e-07,4.638219449055507390e-06,9.437295336553034869e-07,7.044795907052509644e-06,1.548272016230155356e-06,4.105480293945934523e-06,3.269505415427947776e-06,2.567220990261865609e-06,1.898584610948071688e-06,2.008173546163990728e-06,1.798132298497778651e-06,6.626926031356442593e-07,3.998872267715719055e-07,2.335774327522091240e-07,1.271329579623580412e-06,7.886246975802822299e-07,9.299534614868814672e-07,4.109115317747009947e-06,0.000000000000000000e+00,9.227283757881970721e-07,1.480355649552321593e-06,2.058939096692655094e-06,3.984151634962190785e-07,2.218204829499499397e-06,4.114266788443691796e-07,9.859523849292572180e-07,2.371124442720989848e-09
2.841749539083278229e-06,1.530859063470607985e-06,2.900075416828611913e-09,2.619449137073624117e-07,1.255875469631669495e-06,1.239309026746583957e-07,3.799044827049804131e-08,4.984238127465781714e-07,2.492016383051180436e-07,9.500321050829255879e-07,1.586653955749885610e-06,2.633786611207455243e-09,1.722578959914556152e-09,3.260251286401610009e-09,1.514921772870964260e-06,1.606608707696631811e-08,4.315017655283667806e-07,3.470150597525337539e-06,8.497925564630823311e-07,5.237163813402619047e-07,9.852761849742915149e-07,9.626762464629332870e-07,1.377169128964335525e-06,2.574466704911177064e-07,7.340485886269780477e-09,5.596155537334921971e-07,9.447854502173096813e-07,1.648451123087193960e-07,4.640908072350203401e-07,3.933784487026069221e-07,2.265546512919016673e-06,1.560496350833841069e-06,2.178258972839992199e-06,8.734935841621607514e-07,9.553292524852443490e-08,3.132471984459896103e-07,1.236233105993241673e-06,1.564519820306083950e-06,5.394020810258005219e-07,5.014062414467562626e-07,7.871422056996604882e-07,2.478650490855491055e-07,7.296779000037338921e-07,2.000814783100830293e-06,1.612965895860523848e-08,3.987803138993583533e-06,1.901990853621564791e-08,2.412077788968911307e-06,4.607047098404540671e-07,2.229262329700821107e-06,9.300319249922430497e-07,6.521856524704437941e-06,1.099568223178996966e-06,2.103791048962775245e-07,1.056278718944445377e-06,1.554949926179908720e-07,3.281997509883519229e-09,2.919314134371423598e-07,1.257737369780862280e-06,1.028420102848240015e-06,2.840938605026323579e-09,2.578464441676530335e-06,1.832455590548538195e-06,0.000000000000000000e+00,5.560207365034851932e-09,1.308520613288786957e-08,3.002959572087543476e-07,2.058797084599182739e-06,1.278861658610281928e-06,5.606963997935774904e-07,3.510476592883091153e-10
5.562093170956532995e-07,9.789345325711724949e-07,1.201766633647736591e-09,1.450055489520089662e-07,4.741168177969487734e-09,2.990952075414112067e-08,1.278396714685366549e-09,2.602351108155017067e-09,1.074212450859198614e-09,1.159959887542481172e-06,1.109671475252682263e-08,1.243410688278043977e-09,7.109241222791780067e-10,6.322720809894276339e-10,6.700252205059100915e-10,3.951511902642846526e-09,2.227304666001486541e-09,2.925466448869031865e-09,7.843285728794945760e-07,1.283583119111480087e-09,7.720709328932683435e-07,1.019272165547937015e-09,4.517337526440609144e-09,7.172182615373139630e-10,1.799785077512699175e-09,1.160873903399840682e-09,2.066271711857930898e-09,2.938590268371639177e-09,1.389704448993997821e-07,7.368145904434051601e-09,1.047596500702188351e-09,2.453966191946484671e-07,1.239543030000517294e-09,5.437970545274448847e-09,8.796412993331636291e-09,1.568823801836806466e-07,1.673860758450624251e-09,5.629287582731447660e-09,1.937940551100858487e-09,1.551095234310716104e-09,4.510380105870770387e-09,1.821260127981169902e-09,2.476679739444576604e-09,1.411831596356322861e-07,4.316590154972005570e-09,3.051436758798968544e-07,4.225629264923364973e-09,4.291410931828395106e-07,1.354976625723901952e-07,2.339526126727697415e-08,1.490498441763750082e-08,9.360886977293929201e-09,7.687314621651534236e-09,1.447263838602805059e-09,2.998755122484393407e-09,2.301001063826671879e-07,1.359108486406559882e-09,4.718474752985824233e-10,1.573173567736823750e-09,2.234684374730254799e-08,1.180946967024260849e-09,5.783130355808401311e-07,5.506540697861690913e-07,4.635927320467605810e-09,0.000000000000000000e+00,1.598756988139770213e-07,4.152060176002382621e-10,5.712079911778961715e-09,1.724326726734869443e-09,1.297796372594202355e-09,1.446848941578323481e-10
4.526717260479029887e-06,1.184037751751271903e-06,5.111050330042686328e-07,9.657275001360569334e-07,3.236890375069543105e-07,2.847065165057801357e-08,1.188892129095211434e-08,4.402672256791683415e-09,5.721828996490858275e-09,3.337703107519213175e-06,9.741000720027329160e-07,2.144510875513609996e-07,2.407035711117961347e-07,2.206840373216829297e-09,1.880526059954067223e-09,6.456591355568388753e-09,1.464428912803767314e-07,7.857396994256849907e-09,8.938651863736984992e-08,1.915097637983153836e-07,8.395120863723606346e-08,2.864082162223689793e-09,1.292674467014979882e-07,3.522818332756336041e-09,4.656938030966507980e-09,5.795402322747841531e-09,7.228534474108345453e-09,1.042458727914755911e-08,6.161611721538709955e-08,5.041804549830629559e-07,1.279241952764059558e-07,1.618160342319715553e-07,8.241122048961602959e-09,1.763960072143410643e-07,3.871577338402962850e-08,2.786224941580791487e-07,1.107225205575111706e-08,8.515392749569955857e-07,8.432977113985284680e-07,7.770806760915525995e-09,1.247326853084494778e-08,1.752336532240281224e-07,1.401109634237684969e-08,1.851118128400986516e-06,1.219822019638053903e-08,1.183190963384033404e-06,7.285632372465784344e-07,6.653223101455461409e-07,2.180845149871435201e-07,2.657203502454253336e-07,2.350981336685274881e-07,7.050181196654044155e-07,2.878443072408532711e-08,5.696168839775104056e-09,7.588360490745022507e-09,1.443662851277064547e-07,8.381945890788670661e-07,1.832738311542920273e-07,4.420505597443118462e-09,1.003000296234008512e-08,3.319947378435430688e-09,7.864390308768486344e-07,1.072283814681027654e-06,1.303279092948342306e-08,1.780504348491557398e-07,0.000000000000000000e+00,2.864418780099171667e-07,7.525150309410577222e-08,4.111546540775062678e-09,2.098666069733979638e-07,4.065540915471590604e-10
6.302178290214319890e-09,3.937319777687102565e-09,2.620207858751404131e-10,1.422493005823411112e-09,1.442835126575356016e-09,2.580677985180231162e-08,1.111679374773080120e-08,5.250760998022492480e-10,2.434141418771083252e-10,5.888362015818308794e-09,5.705114045847991193e-07,2.199078068853573688e-10,5.452586578545935134e-10,1.430365438012054151e-10,1.504788973840557805e-10,3.558824347287464938e-10,5.047023603803333981e-10,8.928214985305841451e-10,1.008390612753457092e-09,2.903803590761218034e-10,3.171131475348412125e-07,2.836054475191300533e-09,1.010423624468808008e-09,1.659956991042126138e-09,7.720707806857970028e-10,2.335503770507608164e-09,4.894731646440172420e-10,3.016240020785825723e-09,1.577168184240219846e-09,7.256709887355787701e-09,4.286777722754435362e-07,1.719433166843325944e-09,4.941492793716377202e-10,2.516090587842981786e-07,2.696763944486253480e-07,2.920439829324169970e-07,6.761504932582362031e-09,1.954168626073903837e-09,4.036832748603733890e-07,8.695829413289248763e-10,6.474981580884435073e-09,3.907357696408441322e-07,1.401308467711686107e-09,3.196551601444759852e-07,3.878864971427480931e-07,1.762792996515464772e-08,3.693490616964027923e-07,1.186142885282647253e-08,1.997540454466029862e-09,1.932409146101282962e-07,2.938865207761039805e-09,2.890941397361492761e-07,2.216892028010543699e-09,3.274092208598823182e-10,1.396564274187922363e-09,5.196581436886233745e-10,3.030100737451156161e-10,1.051973032442914407e-10,2.530542802702119778e-09,4.462102337745654353e-07,4.157507528187121644e-07,2.298521597625259063e-07,1.411580669172612698e-07,7.180957951584092936e-07,3.922004986272659123e-10,1.203188989049132422e-09,0.000000000000000000e+00,2.796380977923321023e-07,9.041354492328779108e-10,2.314515070481412754e-10,3.249433030173739383e-11
4.132481397977731821e-06,1.148937727313178233e-06,1.923961920875866803e-07,1.508810318097108103e-06,3.311619801914023853e-06,1.152279977766337827e-07,4.992823146432360107e-07,1.795786765131671675e-07,5.334423097034243368e-07,1.488520540145212566e-06,2.293287449856335302e-06,2.130361988893806303e-07,5.921562998572932672e-07,2.463229822019349996e-07,2.414963298024528717e-07,7.922294885864044461e-07,3.963719847294611136e-07,3.801287306515192162e-07,1.373120086563084895e-06,4.895511202409680349e-07,1.019389125517811120e-06,1.717250499715470915e-08,6.503529024332041901e-07,1.415922841594324292e-06,5.407666286213090841e-07,2.108117655694919247e-07,5.277167738926686574e-07,1.481514744784609994e-07,6.460177166353144518e-07,1.937261081999948468e-06,9.072153647096242033e-07,4.363641158601387928e-07,5.116334622646264811e-07,1.425389832094349842e-06,6.766173411072368288e-07,1.403091853385019618e-06,4.155856442672489059e-07,1.143180749150458741e-06,4.926762458326985815e-07,1.628905528435199662e-08,1.187451041811926846e-06,4.536848729050829354e-07,1.090768594764034307e-06,2.632203670989483504e-06,1.283497508340392510e-07,2.886336420683565945e-06,1.269792741494301343e-08,1.544245245043950724e-06,1.739026046211539099e-06,2.158486307848759357e-06,5.838075405716613264e-07,2.989530178546071044e-06,3.150701969000999828e-07,1.794884965227467389e-08,6.682608323714520354e-07,6.831211083572249663e-09,1.822372924427481115e-07,2.917656933454454121e-07,1.979431154928432960e-07,5.628448328623137735e-07,1.932508240304300139e-07,1.122414509824895372e-06,2.327136672172718664e-06,1.724288783411570155e-06,1.613933167661448770e-07,4.766645231504794568e-07,3.771544018198794059e-09,0.000000000000000000e+00,1.208573345208020637e-06,4.129459521187438303e-09,3.718315761483292477e-07
1.930682414412132810e-08,1.126316925388321413e-06,8.412319786194350716e-10,4.654628384728989296e-07,4.039110707673634952e-09,3.274127501810957646e-07,2.065210404608252174e-08,1.099341423511978892e-09,2.429755488405070543e-07,8.297565541237705785e-08,8.858351274427623344e-07,1.222265851833233118e-09,8.844039273197511791e-10,4.405149577541517294e-10,8.701660727462690743e-10,3.313284792587452798e-09,1.558007510474748476e-09,2.518747651544282065e-07,2.004896189368614080e-07,8.985032184859611997e-10,1.727085925284459793e-07,3.945452680147309448e-07,5.982484599474583070e-07,8.758630620611951162e-10,3.718448974972027440e-09,3.231474350748055474e-07,2.594887939364027238e-07,2.634911193991774798e-07,4.473612362823529676e-07,5.541072422084080405e-07,4.626628926450923025e-09,3.601238166034946134e-07,7.493287859467888515e-07,1.124351368901527155e-08,4.601433296593954513e-07,8.296125485245445883e-07,2.902511307023164860e-07,5.429828535697019544e-07,3.116903478221847016e-07,7.095460186053959463e-07,3.822155791415514818e-07,2.888515451287360794e-07,5.087558299432188933e-09,1.748637435443379058e-07,7.239610381619858717e-09,3.773100592763382363e-07,4.474991176359660382e-09,2.186642983148015956e-07,1.640178760156595814e-07,1.392763611698539769e-07,1.727289062229505472e-07,6.877181549264741495e-07,1.332744255558267012e-06,3.052725902124793315e-07,6.243236090797275953e-07,1.722484778674966493e-09,9.491427768124273210e-10,3.264511767860618937e-08,6.273151210924658272e-09,5.828111275027987451e-08,3.160966988628365351e-07,2.118991230551434992e-08,2.194515689691976702e-07,5.260093637168860192e-07,1.216400441202158493e-09,3.751150943083750279e-09,2.920040874872899924e-10,1.854627861767915677e-07,0.000000000000000000e+00,9.880514006239813653e-10,1.015159840004115584e-10
7.876686502604812244e-08,6.110872030311776084e-07,6.442201879425576877e-10,1.950711935853060652e-07,1.008013364250560298e-06,4.135620842304906696e-08,8.357764425824794258e-09,1.704612430208463203e-09,5.856085463633352407e-10,7.751141456820494164e-07,4.161328232497857590e-07,5.290566151300450423e-10,3.814213761471139515e-07,3.430824356809026743e-10,7.639601217418613556e-10,1.881390656393650828e-09,2.833514694363783922e-07,2.844910461050513416e-09,2.213626998704819046e-07,6.880788812907144719e-10,3.370037962312457443e-08,1.598424806488480440e-09,2.629177282893083299e-07,1.134297374734069800e-09,1.363714813737821940e-09,8.007616015920489938e-07,1.337734810061849757e-09,3.963879254759721667e-09,3.803780289647021477e-09,8.273671146822060958e-07,8.868339716608320431e-09,3.044553427795883247e-07,5.203844663736416774e-09,7.698056315264619226e-09,1.925451145124847889e-07,2.120624228414453146e-07,7.902245626281653012e-09,2.357699201313558054e-07,1.339957247955224772e-09,7.538942002599686242e-07,6.676172139220886991e-09,3.107542965001222058e-07,3.263023621509993976e-09,2.010935472854102779e-07,3.034684710925627721e-09,1.738421193516234670e-06,2.904298684255382734e-07,1.440438726885103621e-07,4.906856414119235824e-07,5.420852241268928860e-07,8.359491196200372213e-07,5.359627725596004559e-07,6.986221995324063917e-09,2.414772671050437931e-09,2.715468684643565780e-07,1.250199271588786420e-09,7.307932039353519889e-10,2.575802815734137544e-10,4.836958466780319636e-09,1.464758630312591952e-07,3.386066552159616131e-07,1.578275881902796682e-07,1.033337865901312881e-06,5.646501244437138587e-07,9.464023350188664586e-10,2.093458670434118890e-07,1.525811562551320569e-09,3.091945519791081637e-09,1.322200720414647387e-09,0.000000000000000000e+00,7.874586120035294899e-11
5.941170856384125335e-07,2.803717130145905482e-07,8.865335896794158707e-11,4.530891698053539669e-10,4.801477611383642951e-10,1.218706912888172774e-10,9.656029885084668093e-11,1.181522454741382702e-10,8.113791147362337193e-11,1.688720874086602151e-09,3.208461930440794607e-07,7.330231771368712344e-11,5.244431308079919977e-11,4.767866807064773563e-11,4.942728401594265270e-11,4.546047874770837756e-10,1.645763849748940239e-10,4.436721695863768566e-07,3.257869480291991034e-10,9.258470002402082485e-11,7.173632847032523311e-09,7.686179301792213571e-11,5.501908007230201957e-09,5.290872811031355989e-11,6.219323023779370017e-10,8.753982441156632857e-11,8.113310973955344120e-11,1.612632853216184433e-09,3.557677402288677958e-07,8.302101279533946609e-09,2.918014006041654372e-09,2.008277893747030491e-09,7.382970093559835853e-10,2.422519534650367011e-09,2.382995256825265630e-09,5.857514658478379805e-09,4.778310855111759163e-07,2.741936240816099231e-09,1.908203609936519926e-09,1.169659242746861929e-10,3.310691707129796016e-09,1.225494277998886848e-10,1.257635273642533082e-09,3.416664516735832629e-07,2.233437599208230992e-10,8.342033071712856765e-09,1.412340236990011697e-09,2.590205251766444227e-09,3.513012339454835884e-07,5.363189706959369801e-09,1.441336703493885684e-09,1.147094230390124723e-08,9.508216736547530130e-10,4.903722270010592625e-07,1.912863681095879537e-10,1.732188587659119623e-10,9.803238942267246415e-11,3.558141266687013641e-11,1.186307353755059021e-10,8.066701506897637476e-11,8.726060333053744054e-11,8.849307292852906272e-10,2.393642152207913263e-09,3.549950082036913930e-10,1.307330610562644893e-10,4.069598466646676278e-10,2.994877659720962455e-11,3.958801255008238642e-10,9.964131992387387410e-11,3.379384160042856114e-10,0.000000000000000000e+00
