0.000000000000000000e+00,1.059968419598521855e-08,3.874551106383540851e-08,8.708510467796144735e-09,4.253429573956904374e-07,6.030668876384281578e-07,3.328838918173633219e-07,2.703310517038999039e-07,4.786564563519095602e-07,3.688231785474835873e-07,2.013812583228274748e-07,2.973458768791130178e-07,3.306599090808969520e-07,8.980904434072181661e-08,1.471610763187173365e-07,2.170493806358909821e-07,1.250650584385296699e-07,1.741677965412870903e-07,4.127697605062013013e-09,8.596967379448152753e-08,6.737642583361991890e-07,3.568718737600484970e-07,2.494583909195456856e-07,5.288631552586483880e-07,6.421735783931562665e-08,1.008432964249181307e-06,8.725683725105180414e-07,2.497459270241550685e-07,6.478039198936649622e-07,1.130985362647941984e-06,1.101237769313451993e-06,8.927519605579165278e-07,8.372441690780160030e-07,6.997433456063463667e-07,4.821164534004215673e-07,9.955403914137229944e-07,9.562300228990008610e-07,1.765620616658455582e-06,3.840472152110212224e-07,3.597186223639599180e-07,8.873627449429299155e-07,4.235346368784069585e-07,1.134473405460550961e-06,1.709210350432453455e-06,4.980821783004839686e-07,6.744460995578201035e-07,4.374351243813096414e-07,2.484135480333206691e-06,5.710441691058592584e-07,1.721321512430452869e-06,6.573945741342117960e-07,4.220846920393877253e-07,1.230373201016092557e-06,1.872669879867686983e-07,3.184455176906102477e-07,1.194693546790209012e-07,1.095470919929532527e-07,7.302207639982247798e-07,5.398955103283339274e-07,6.504168284705788995e-07,6.197548958110347049e-08,1.125845505451207767e-06,1.482224913596615520e-06,3.632319866176527940e-08,1.830501476100653342e-07,4.105653247949817484e-07,8.119846505849137335e-08,2.656835306750092586e-08,4.020030857114013140e-07,4.384729606021376288e-08,4.347029637699100015e-09
6.457128227281458704e-09,0.000000000000000000e+00,1.190351093919186426e-07,1.617374303345588888e-07,3.852689600307346906e-07,1.038672894618877885e-06,3.646819713601861066e-07,4.929101044255331446e-07,8.099806437865438437e-07,2.666490611087114946e-06,9.808750943421274836e-07,3.168917734593874720e-07,1.844483501122036594e-07,2.890669668476652964e-07,1.109470183595449124e-07,6.207758303761744704e-07,4.529130576280025943e-10,1.414578138403783968e-07,6.930859875363916299e-07,1.424871806800565500e-08,2.456730001569767307e-06,2.203417911616483879e-07,4.106254454820257101e-07,2.678984449481266773e-07,3.390709482887129561e-07,6.053928306998177662e-07,2.017653251161518230e-07,2.416445010641512651e-07,8.688238002541506351e-07,1.330184186043921154e-07,2.133854918989779928e-07,3.936651646653403411e-07,5.982394965457245479e-07,3.186572141016720394e-07,1.898996294995077737e-07,7.503657609946287958e-07,2.830985551932805173e-07,2.499376689844363931e-07,1.024541353761637493e-06,4.804949691725584609e-07,3.307960976254242474e-07,6.972825282220029078e-07,3.552287335988734116e-07,1.455320227116285832e-06,4.197944567154016913e-07,1.147758526896900479e-06,2.270482451789526487e-07,2.788916438494008472e-06,8.337848466639439651e-07,1.413022617911202099e-06,1.260664873297075004e-06,9.754857334232424998e-07,1.392482206542512580e-06,3.754514114480579563e-07,2.577581793070099622e-07,2.708273338622384698e-07,1.602841595154660050e-07,3.255878851232957853e-06,9.504368720886964610e-08,7.603502682358557636e-07,8.411947779991509536e-07,3.880555807844731081e-07,2.181491458102417536e-07,3.173007142528720895e-08,1.695599304157874851e-07,2.506282468240943140e-08,8.005398110791747071e-08,6.984393569855106506e-08,6.953831885347622282e-07,7.970793676369814500e-07,2.268027819369447228e-07
7.458272756233585885e-08,2.068708338587485541e-07,0.000000000000000000e+00,3.482855177629895666e-09,5.688785876115554428e-06,7.050318295318561945e-07,4.215852955988918239e-07,1.513693417946761923e-06,2.725240791006195014e-07,3.588108296891849539e-08,3.610754465612725641e-07,2.497883455179145904e-08,5.044668210662445667e-07,2.005544955746716134e-08,2.266600036651271992e-07,4.467682366617345141e-07,1.679569888033477616e-07,4.025055190135272022e-08,1.684579829390797790e-07,2.999606221019249308e-07,2.098717538795361613e-07,7.245353103386275020e-08,6.254176029461047608e-07,5.564455399346316525e-08,7.067701054489660340e-07,9.338058874217144419e-07,1.150226522664828411e-06,5.064727963157497947e-08,1.943979207967920870e-08,4.032372397929336871e-06,1.106508864996164197e-06,3.199801337715417082e-06,2.993238551074874078e-06,2.114700445760849121e-06,1.363844690811855756e-06,3.144668187458789515e-06,1.205661313332194155e-06,1.333234117911506964e-06,7.133935992075403205e-07,1.627131308780268665e-06,1.709746983538050556e-06,1.070627098358876432e-06,9.827154575060786665e-07,1.937835954750369634e-06,1.166100063374057197e-07,1.854087300114631987e-06,4.375008320789087892e-07,1.108853316228542133e-06,5.155682698248984653e-07,9.069673094955907787e-07,8.858477890084862722e-08,2.704798621815836195e-06,3.767473796772081257e-08,3.034005543485381113e-08,9.453139379289128959e-07,1.530317033227800477e-08,6.580794845837925855e-07,2.438115265377836940e-07,6.369725666103243321e-08,3.476809297756278403e-07,1.697127776524873478e-06,5.214518113612623104e-07,1.648604329462601710e-07,2.379540104575421289e-07,1.346556607042071209e-07,5.354953850095467218e-08,4.645430639563071818e-08,1.022546275893566603e-06,5.647164404275176393e-07,4.281772039211832488e-07,4.584249067897841281e-08
1.799924658833615624e-07,3.284174054124875574e-07,2.273842979267058839e-07,0.000000000000000000e+00,1.305166006197462753e-07,5.161983805594431095e-07,5.673308747003102501e-07,3.542729624840591658e-07,4.183654733403780157e-07,4.618490619730261383e-07,3.270662053529793561e-07,3.078191770973210998e-08,1.856980471111104316e-08,3.920476051207830346e-08,1.370669541340042892e-08,2.282003810253988364e-07,8.203248347142552539e-08,1.034137248470179986e-07,7.496719016690500724e-07,8.155349239313771681e-08,5.799531352211085196e-07,2.839666550827198713e-07,1.715950455660450137e-07,6.450859862539236021e-08,8.008598432254885074e-08,2.845832403146590005e-07,1.493663487646124136e-07,5.056787480176471344e-08,4.837123955139549630e-08,5.417037514500951909e-07,2.802091233876733091e-07,4.980889045865628283e-07,1.653564841699227210e-07,6.493737575314670844e-07,1.730204910129927752e-07,3.525242991226334434e-07,4.827597273461618038e-07,3.578522479718099429e-07,3.495431368506732689e-07,7.124464310577799299e-08,3.264610372633977884e-07,4.454060001093428064e-07,4.511836646104955531e-07,1.149829194133107424e-06,2.995399552174139185e-07,1.057280596598888445e-06,8.090230162684200652e-08,1.342453481890222927e-06,4.263511648767069763e-08,9.404776002518415207e-07,7.463630021060175074e-07,7.386457775428843210e-07,4.227363631014923092e-07,5.124010115800338922e-07,2.751605039665874739e-07,1.975260691320779568e-07,7.061692682204340988e-08,7.064122913036581713e-07,2.546244285115067409e-07,3.356569154507349860e-07,3.715690745892680238e-07,9.962732152601060594e-07,3.980113150688292165e-07,7.614780246018349536e-07,7.064597736828582799e-08,2.183222148986463803e-08,3.044670655242054838e-08,2.028849427642983503e-07,1.514381457462211298e-07,1.765355484153508261e-07,3.114332010830750143e-08
2.072391723776409796e-08,5.012292278763474844e-07,4.409137090127070539e-06,1.549427614905227286e-07,0.000000000000000000e+00,5.882758772257107722e-07,6.217644833187907361e-07,3.196458576923943002e-06,4.056300860981968017e-07,6.438112392346519364e-07,2.742155795344506542e-06,3.727003466535901104e-08,2.611826772840372991e-06,3.471639492671792696e-08,4.174135444219869653e-07,9.447984146593450910e-08,1.785727119300772792e-07,7.472881836613168871e-07,2.026143683091041354e-06,5.622166643087154346e-07,7.966095799136470518e-07,5.096523243041461591e-07,8.332543292397975225e-07,6.349272790038076360e-07,2.598665532688852622e-07,4.333685555997914839e-06,3.156490196034572272e-06,5.560252543993662665e-07,2.644012989719675627e-07,1.093654498125561743e-05,3.236964619688324988e-06,2.905505191029262290e-06,4.108458307562467342e-06,5.054556460531648583e-06,1.413924453438583288e-06,6.550247791271578054e-06,3.790720308632085160e-06,1.359799562284946740e-06,2.156610935588130752e-06,1.609993327921544190e-06,4.003404499824519642e-06,1.822648811727099283e-06,3.023228655254133593e-06,2.937540409709076883e-06,2.063918818211863396e-06,3.957402236418729538e-06,1.124911574972736949e-06,1.398463987216335762e-06,9.975929949063275659e-07,3.899953707172331214e-06,7.890038584538810198e-07,3.696300634408496093e-06,6.076631318336128801e-07,1.164674192720363351e-07,1.824481825688446243e-06,1.091235084381548212e-08,4.215420945950583966e-06,7.777160840603560615e-07,1.396501275291462142e-07,2.087933339299525539e-06,2.483232627088995299e-06,6.742263092025494808e-07,1.574391914051303528e-06,1.337393732178009505e-06,1.876279325941420320e-07,4.672569976482138621e-09,1.195925919033168337e-07,4.509080306745023160e-06,1.228466350547642253e-06,1.036110028741255341e-06,1.460553601544010853e-07
1.846047234274264625e-07,5.923192346769680280e-07,2.535023490309072110e-07,4.564995902717810294e-08,6.803909916628100457e-08,0.000000000000000000e+00,1.197087919190467908e-06,6.130452123346579490e-07,6.993548980707441969e-07,2.015736560520493790e-07,7.969950207172071392e-07,1.675609794892412447e-08,5.550612426787368055e-08,1.303112763686954127e-08,2.121866571176087704e-07,5.593637378199806778e-07,1.910550550489861853e-08,5.844485696025126071e-07,1.183905835068360956e-06,1.387997748083017671e-06,3.561662378193609638e-07,1.685389577879782609e-07,1.013420436101491830e-06,2.675000112595675557e-08,9.492661725446382280e-07,4.469878335395791334e-07,9.165568546708915122e-07,2.421797348664220310e-08,4.280784499736809340e-07,2.128679205661679588e-06,1.048324019192446495e-06,3.168770817531889116e-07,1.220318704975337337e-06,8.303546365262049276e-07,1.030845119026632435e-06,4.097187531101444272e-07,1.480513941262961289e-06,1.126084046486481775e-06,8.963881909337370865e-07,5.580845285323162602e-07,1.647207526711024936e-06,4.971211175553458452e-07,8.093896715140485673e-07,1.459878575689527051e-06,2.526669817516878011e-07,1.770005858263546535e-06,4.797104336520554733e-07,2.285460385883890473e-06,1.202684063712605472e-06,1.165483066735504843e-06,7.628642312430952648e-07,1.890890391036281123e-06,4.918462019641385182e-07,5.423316020639282773e-07,1.106839158830159938e-06,6.193735907582652274e-09,4.902045071839028432e-07,7.707524693950290078e-07,2.289043145084530038e-08,9.808766815209445425e-07,6.352521672110316942e-07,1.824379829264464647e-07,4.726967125001850008e-07,5.527294755201499114e-07,7.980193643149469841e-08,3.672833921809090453e-07,4.765402083613211383e-07,1.062513483077448972e-06,2.336180341380784844e-06,3.806812681008109352e-07,8.948632229464307237e-08
1.894802156430948154e-08,3.316314826388116966e-07,3.390803646931243474e-07,8.132028478973018978e-08,3.650422127779753259e-07,6.696580503053491268e-07,0.000000000000000000e+00,5.517499508859348326e-08,3.359498091505343076e-07,3.054822409885782201e-07,6.331002167079575098e-07,1.754263409474128642e-08,7.820571563448946204e-08,3.847498361443987241e-07,6.365294321439852055e-09,9.890519824693713124e-07,6.089353467079633696e-09,3.598244716496023996e-07,6.415077523005753355e-07,3.920022419524101384e-09,3.340142869625876114e-07,6.991031244797508949e-07,6.255430284254960963e-07,1.691721445458371838e-07,1.389325815419231890e-07,4.719188738372523584e-07,2.707644778261172801e-07,1.017239512947661678e-07,1.493806831095367019e-09,3.962419846480886285e-07,2.810006812458070260e-07,1.030014264711480418e-07,6.181592859996218810e-07,4.639360882250791609e-07,2.994781879773034051e-07,1.650221304939144162e-07,4.404528102220396608e-07,5.643480472808581826e-07,1.807669792840726390e-07,3.182537521193630748e-07,4.778259161789746667e-07,4.074475510304154402e-07,4.641425509359804044e-08,9.527475326278994347e-07,3.397467087448527467e-07,6.773827881369716829e-07,2.281705722258443961e-08,7.140566221424281184e-07,3.527653674165896802e-07,9.463332898707714663e-07,1.686436679751845531e-07,1.936121842613803921e-06,3.515023440114633968e-07,4.306585131716976800e-07,4.742661413919592571e-07,1.722302645348389359e-08,1.095342113317150472e-07,2.729030136551963292e-07,1.732521814383284759e-07,7.431394744938209166e-07,6.729111887541594671e-07,1.966306842564384050e-07,5.193858149861639486e-08,1.001336339910666350e-06,6.779625959637278697e-09,7.090541588250394804e-07,1.992704874021812126e-08,7.121941720748940376e-08,4.306788565212535624e-07,2.968565260057032022e-07,1.885139630622006746e-08
5.506541649223016843e-10,2.465892729919324840e-07,3.520284422267662008e-07,4.684716803347398421e-08,2.343770637455960811e-06,9.845156830141912837e-07,5.562944487459037270e-07,0.000000000000000000e+00,4.746271146134931214e-07,6.714269053065864543e-08,5.878861516508341425e-07,9.426452602843664816e-08,8.292185138878940968e-07,1.199693235756470130e-08,3.921636171596291597e-07,2.091634123083968517e-07,3.754247997970742034e-07,4.283914673925160878e-08,1.180088058706229361e-07,9.409327136363509354e-08,2.862693027473750651e-07,5.156785281309208302e-07,3.043665566305076809e-07,4.595625308507504024e-07,1.496145920461944463e-08,1.197732744437177388e-06,1.149203383478830832e-07,1.182598312499884309e-08,1.365092102292232678e-08,1.733272362128624389e-06,7.430870911101865998e-07,1.337524474086912944e-06,1.494042297098491321e-06,2.362953658246401780e-06,8.707200867213064689e-07,1.877102303088298509e-06,2.768556430571214221e-06,1.274070872524210704e-06,4.368154794050558419e-07,2.293072148245104589e-07,1.134630025198270588e-06,5.589111751357798519e-07,8.243506911653802830e-07,7.349265491080107883e-07,2.800612972428891073e-07,2.082285177511326547e-06,1.286812248905782592e-06,1.300770237457120633e-06,1.983072028737302033e-07,8.705543043038270311e-07,2.398488485721832732e-07,8.589206622641194151e-07,3.573750465973087519e-07,1.360440286718707353e-07,5.294425780896095637e-07,1.915357008390088576e-08,8.790738876031622764e-08,2.358624193207546574e-07,3.262073918653804944e-07,3.139044825871499821e-07,1.733732329430027277e-06,5.740219294391256601e-07,4.554007525149968158e-07,6.541448239301972677e-07,1.341304407021835158e-07,2.171290182041876142e-09,3.709346101148854417e-08,1.440618851738280805e-06,5.761139616461265364e-08,1.896514809956237048e-07,4.132499587794220142e-07
5.699344528989781279e-09,2.567496684211750425e-07,3.410496239321733198e-07,2.496639568839534299e-08,2.683417627467390767e-07,3.370187640154645446e-07,1.991551410576911965e-07,4.455802221589497509e-08,0.000000000000000000e+00,3.921214145135202366e-08,1.281241175071842083e-07,2.006107977003547932e-07,1.146660428892185027e-09,8.937899161471848104e-08,3.891507859031100515e-09,5.770227309622541158e-08,9.806623704419849491e-10,1.586076969384275861e-08,2.794826594557792000e-08,1.158860750693681705e-08,1.685390520586615328e-07,1.339423532986554421e-08,4.014229042615561540e-07,6.738311395042680636e-08,4.634563652023622508e-07,3.317070654021648818e-07,3.896882857803173666e-07,1.192192177996762848e-08,3.168945808470272478e-07,9.443366982542391995e-08,3.531848445481762438e-08,6.904681254237621555e-08,5.229191814987404575e-08,9.646492374440874733e-08,4.851886495099230078e-08,1.288057289227288289e-07,5.938545311003437835e-08,4.174670004918909603e-08,4.737837200368786426e-08,1.618031545087776843e-07,2.426051773514468352e-07,1.783567582938113202e-08,4.058295454853817142e-08,7.344702532063152060e-07,4.451704905992552292e-08,8.575856560555458895e-07,9.143303423777787115e-08,1.122705683936529849e-06,1.635868520419357742e-08,4.620786666699863827e-07,1.033834094223884534e-06,2.825410092451252418e-07,7.052787615542702020e-08,2.171985880852044199e-07,9.338243399086750058e-09,1.137749594686957104e-07,2.117963073482188657e-08,6.107484662011921165e-07,5.392759131908647329e-08,3.192194122284225051e-07,4.858901677020570997e-09,3.569480882389446355e-07,5.204829741456420488e-08,3.324795771463480473e-07,1.146970834537042891e-08,1.151665493373771868e-07,4.722313219024659216e-08,1.963165588067383012e-07,2.370523218157532022e-08,1.212906322973964532e-08,1.041925518760784460e-07
2.886878631828059658e-07,1.197245983833396554e-06,2.956980625544726362e-08,7.069725854652784178e-07,2.676358677181495480e-07,8.196540417813154777e-07,5.719599007005482363e-07,4.327229006459284899e-07,4.534413440500184279e-07,0.000000000000000000e+00,7.829782921936958801e-07,2.146854842146617881e-07,1.150417719395600556e-07,7.335288206864610825e-08,4.822371382715622072e-08,1.592619323776818848e-07,2.058871845998408027e-08,2.894593798350127786e-07,4.075876006156539216e-07,4.191080484224069385e-08,5.226268130852541261e-07,4.542646094644019957e-07,5.983369689288957262e-07,2.115240582745390821e-07,1.270884531155869978e-07,1.366295936501057708e-06,4.493457693255812949e-07,3.306017459245131547e-07,6.722051215171496581e-07,3.541361082489409551e-07,3.349192558389428642e-07,3.292001473935210388e-07,4.086169484716049779e-07,4.445431697115868103e-07,2.804535393650591034e-07,4.678036960319765066e-07,6.055842762275962708e-07,4.355715021439392975e-07,3.743802660241284284e-07,4.259868288985259326e-07,4.698722899706139457e-07,3.567559290338647766e-07,3.756916661421267348e-07,1.740143138361705374e-06,4.336918636520395002e-07,8.181595187177103529e-07,3.854324451752424938e-07,3.579954646027369372e-06,9.800331282292736468e-07,1.434901132993146655e-06,7.875725611816258634e-07,5.573993939645731385e-07,9.864329851709525317e-07,4.031974354035276841e-07,1.761893619895748309e-07,3.129870413349568085e-07,3.042782383896736161e-09,1.133389498995034000e-06,3.207770879659562264e-07,8.219531793398971850e-07,6.868216329955344155e-08,5.279713868636248741e-07,1.017444782023618686e-06,2.242281697010241264e-07,5.189899005341116846e-07,6.804562920634094579e-07,1.469251007340874491e-07,3.980085354223348441e-08,5.628430860033776635e-08,7.188620225649674774e-08,4.357319846636824967e-07
5.293770150378871660e-07,8.141299947741735320e-07,5.711819156006795241e-07,3.052863544721474527e-07,3.065651084025929102e-06,6.783452917657181025e-07,1.097636894964179175e-06,5.449895280956804117e-07,4.480026608240641689e-07,8.554867965178280507e-07,0.000000000000000000e+00,4.979947655721034842e-08,5.654946292208010678e-08,3.983758732484103674e-07,8.334062284938068393e-07,1.073821599078539747e-06,2.087094566133378209e-10,1.055472832611347741e-06,9.343167615907735261e-07,1.524698879920477954e-07,6.047762855700687014e-07,4.929511790534798791e-07,1.987707864129095216e-06,4.033076889839965408e-07,2.200601670355065327e-07,1.087664410295880728e-06,1.652229373004988357e-06,1.880004794005523316e-07,2.828752299432149218e-07,2.246926929792347012e-06,1.859104402856890080e-06,1.475355413212536271e-06,9.924271218902581359e-07,1.287819607429888759e-06,1.291211029630199613e-06,6.837772799423385288e-07,1.697549713152778984e-06,8.655752108428308044e-07,4.618675543245258113e-07,1.734584379279730793e-06,2.476299664800124221e-06,9.322583311951025965e-07,1.284163287040396104e-06,2.342104146517642579e-06,1.327530571414431658e-06,2.018082561213736855e-06,6.027017329595874263e-07,3.810676396141779898e-06,5.687293375994737661e-07,2.570832548167060656e-06,2.435626517000674209e-06,1.217316605011187575e-06,1.507379389678805688e-06,1.275221300730579745e-06,5.498111290083853520e-07,2.063163859833482223e-08,1.030928852462148904e-07,1.226632553918675275e-06,1.088573156574986955e-07,1.068026064436559595e-06,5.048196264808854426e-07,5.853795320548423272e-07,1.075177969207348492e-06,1.793827122389990544e-07,4.476221875221857796e-07,5.239717186301501060e-08,1.648199398801349220e-07,3.113723275941837302e-06,8.645156552254109020e-07,2.265903748098935431e-07,4.770766426931580066e-07
5.581701488798022785e-08,5.773548150334090586e-07,1.847277556948735925e-08,1.792901090545353331e-09,1.145252973659371990e-08,4.151361183237576417e-07,4.115595918587570605e-07,1.475420678347698360e-08,5.347636950848901602e-08,5.334398866582339629e-07,3.804298249216300762e-08,0.000000000000000000e+00,1.425318714571802668e-07,6.609698963965834351e-08,5.982694896501764244e-08,1.209988405693200126e-08,2.039281623754268432e-07,2.547491656971201891e-08,2.511935274502957353e-07,4.044904200523286921e-09,1.961894837155019017e-07,1.485079446422714449e-07,7.978370430140910513e-07,1.517147175468453688e-08,1.776054039744660769e-07,5.294949136769500480e-07,4.638587502876438038e-07,8.354287269251152713e-09,4.905763391933634180e-09,4.983823840353239330e-07,2.225557980542416668e-07,2.078260746074795771e-08,9.345995024171265211e-08,1.028507966578190218e-07,3.523055056516977886e-07,1.895500962214337924e-07,2.870054055368136235e-07,1.885572521470621248e-07,3.212655851729720585e-07,1.654667299119627921e-07,5.244319436902121678e-08,9.229903316243872315e-08,2.367158923764675444e-07,5.595903271622156686e-07,2.941144356527265261e-07,5.376994385957275132e-07,4.802188003055556836e-08,3.504800908706084761e-07,7.730794723651638727e-08,4.069294187061386628e-07,2.786914793476427374e-07,2.526221261496919813e-07,4.915816655270637798e-08,2.377975418364232232e-07,6.739704152124760601e-07,9.596172751834192947e-08,1.717919561856589877e-07,5.511246952309974376e-07,3.478787375582680467e-08,2.053438408109659048e-07,3.256337898075227431e-07,1.618293882271713685e-07,1.640099079309321672e-08,5.196672865839395432e-09,4.166200449670670270e-07,1.681844148820764923e-08,2.853177937566429954e-08,2.880875105121970525e-08,7.230398525669254386e-07,2.507503652276674140e-07,1.486913554660056327e-10
4.496721947125512670e-08,1.356651558452922555e-08,6.259701433744032026e-07,8.740524425276365022e-08,2.815758165595571282e-06,8.553349847757218230e-07,2.271795948176208760e-07,2.923450107677334562e-07,1.602622214091017103e-07,7.388411763685526064e-07,1.103853297316399493e-07,7.065933800857566050e-09,0.000000000000000000e+00,8.189763973898342333e-08,5.273176812188962810e-07,1.052103555313218983e-08,2.373467846917828311e-08,1.482361624097397740e-08,8.188450394967368541e-09,4.316860963654530492e-07,4.420312155236575345e-07,2.307511611166116093e-07,3.381757096361987970e-07,1.728965560393832142e-07,1.430563987283076429e-07,5.476376941514892999e-07,1.139991289734041025e-06,4.815468982981346909e-08,3.858954037832068391e-08,2.419061887169289461e-06,2.467349728411825772e-06,1.777177047052117902e-06,1.234441647826852573e-06,1.450596720577374601e-06,9.255786520006486560e-07,1.658290053336552966e-06,2.970504054791909597e-06,1.292083296268324214e-06,4.480782172067377305e-07,4.930250392978141027e-07,1.476574358847675553e-06,3.405777255253680587e-07,8.802218334510346238e-07,1.020039490846372761e-06,6.047463327013528566e-07,1.814719495885669145e-06,8.225618935262557596e-07,3.839190711372410205e-07,2.601475246290251177e-07,1.633322179675959271e-07,5.596043357025412599e-07,1.183460398565897946e-06,3.466262757447448132e-08,4.057915537227001620e-08,1.754562418526362095e-07,1.208890197275116196e-08,6.615338046455070306e-07,7.803546560968668184e-07,3.144022117741577890e-08,8.260720758482929562e-07,6.928621052852965100e-07,3.683605992025478123e-07,4.394278958177043244e-08,7.398535683859181866e-08,3.021251493285919980e-10,5.116158401112495211e-09,1.647802469394078619e-07,6.361786689678814228e-07,1.873045802323928135e-07,4.163968153119550581e-08,1.781741826628997533e-07
8.935490919024180913e-09,1.968810757109681772e-07,6.053012062810405897e-08,2.291816167660000882e-07,5.333918264126981326e-09,1.010197889172229008e-07,2.282008302452864066e-07,9.202420077701275848e-08,7.243192537614148638e-08,3.116659659416130681e-08,3.261696609073208077e-08,2.535069758596002528e-07,8.185013273987896230e-08,0.000000000000000000e+00,3.301751300728753253e-08,2.302069164236114912e-08,5.077175615522091634e-09,6.733371721262942318e-07,3.609094412112560961e-08,6.668044686522067900e-08,2.370051438545939203e-06,1.359502304192100254e-06,4.076488235540682914e-08,3.377049026274609447e-08,3.847380521864163516e-08,7.221470625701148227e-08,7.452090245724998220e-08,1.433733326445956291e-08,3.123337279737936630e-07,5.546019698080366741e-08,7.896883279740939958e-08,8.022655897109202949e-07,1.683647668049108300e-07,1.306533193935214135e-07,2.282157877115468031e-07,6.962787674512844496e-08,3.566646200417203919e-07,2.391548025946095879e-08,5.351318132601226008e-08,5.550367553054145708e-07,8.176570549238079985e-07,3.713705480196145158e-08,5.155413362385888509e-07,2.617700570504701297e-07,1.223236240790089999e-07,1.516598968302008039e-07,1.402734439909425418e-07,1.716133364322766645e-06,4.815275502160445456e-08,6.355483737566795433e-07,2.244930044644300720e-06,5.436193044526765455e-07,8.823991192466919871e-07,6.074353569553166668e-08,4.654700920860140398e-08,1.446540114647142566e-07,1.547835432348212248e-08,1.426013237829795494e-07,1.809643953137433680e-08,2.013490156997415014e-07,8.139419255581115073e-08,3.140725400555560522e-07,1.118773682111528214e-07,1.223889488711001393e-07,1.796375475265263752e-08,1.165599622572847231e-07,5.585496231126039555e-08,8.388979823575053826e-08,5.179454455926402034e-08,1.572846277260218950e-07,5.005206098982703509e-08
8.484272423528078394e-08,5.601914858511703847e-09,2.142220276554529571e-07,4.064250828516235162e-07,7.927211447815715821e-07,1.379396837771048101e-07,1.850712333753119889e-07,5.774786931374169513e-08,3.262619246209215940e-08,2.418818793757134077e-08,3.989286771629794668e-07,7.485737221889593467e-09,3.814152651693151988e-09,3.548200099896881349e-08,0.000000000000000000e+00,5.506105635566078052e-08,1.149116643220022110e-07,1.638273090596548209e-06,3.208946758733410244e-07,7.772531789603582948e-08,3.171071699393366284e-07,6.907702006291406253e-07,3.271668808935312267e-08,3.201172454107241014e-07,3.897559018374460672e-08,2.525009135802764850e-07,7.364773138083486696e-07,7.580840940833017968e-08,1.096130557060021903e-10,8.572606043676518536e-07,4.321985356574658604e-07,4.222415076985029291e-07,7.002729057577010007e-07,2.537750687541131049e-07,2.938136280473826263e-08,2.715199624439248390e-07,7.911563186481214302e-07,6.038226475455143476e-07,3.163972335967967787e-07,2.405442144912819568e-08,2.184208551822306130e-07,1.445235656102607567e-07,5.725125262950814375e-07,7.011039043008228232e-07,1.670281108031073411e-08,1.096374177999015038e-06,1.882588307879033876e-07,6.275384417690098067e-07,1.459059746165688296e-07,1.064061379836453598e-06,4.289958400305500307e-07,3.352125125362794837e-06,1.938252230995001051e-07,1.491372549185092821e-07,1.649124897481705058e-07,1.262294376047830359e-09,8.575820979811007104e-09,1.721000806573511269e-08,9.437989518355314315e-08,1.915968916567952435e-07,4.701948685177652542e-08,1.503469492379113484e-07,8.513067929412695986e-08,1.636272619603013129e-06,5.787168984021310826e-09,2.270645984823682744e-09,2.145284603838380504e-08,6.043205756300411807e-07,2.662244683104506173e-07,6.539696737510729425e-09,1.138468650161247680e-07
2.195746167407505626e-09,8.674830194350187335e-07,1.005034156727848167e-07,4.779790213843443016e-08,2.971791801307536255e-07,2.880669138753837587e-07,2.402864312111323458e-07,1.311151523421359587e-08,3.620335914868876900e-07,1.326929580266658038e-07,2.140692130432043591e-07,7.187952356686243604e-08,1.359452914078461664e-07,8.514880845679542206e-07,1.051229501957679902e-08,0.000000000000000000e+00,2.733413430524884802e-08,9.929133851699527525e-08,1.305812989986323288e-07,7.218689419283881205e-08,1.886602589211000818e-06,3.921548605190882774e-06,1.542073989654490667e-07,9.512004336765932720e-08,1.029918725174320480e-08,1.282482908216482186e-06,4.075995340471373048e-07,8.944499844155115230e-08,5.754672986481035766e-08,3.244936055530954849e-07,2.324555263765700182e-07,6.830318270110622560e-07,9.017498868901532719e-07,5.180313523692214182e-07,8.027489604480353223e-07,3.451227187791116207e-07,1.847271065335447013e-07,2.381239771456411921e-07,3.428723516255912221e-07,9.558692064051727053e-08,6.698872601469567076e-07,4.504021214935950307e-08,3.786911625026106017e-07,4.177508388988606311e-07,2.340330677606120221e-07,6.446608784827990511e-07,5.910856597407193508e-08,2.246387833800514759e-06,4.905202906154522543e-07,3.061086633283498869e-06,1.883514268144381775e-06,8.857019613892162613e-07,2.501276828118561315e-07,1.995712342122597690e-07,1.242644905134701129e-07,2.084742931971792615e-09,5.674036655680100032e-08,3.961208022215456764e-07,5.758787873681719227e-08,4.044678142919738247e-07,1.185079144720144556e-09,1.797951197496075199e-07,1.667704398030437021e-07,4.764679497306310879e-08,9.230178272648187313e-09,7.123041112353216372e-09,1.386525931591166448e-07,1.123731397484902702e-07,4.214147576882021040e-08,1.557708364693439601e-07,2.148264947040395806e-10
3.691950182747970532e-07,1.584595103331033299e-07,5.805823020848113583e-07,5.562249054294189621e-08,2.724944009036145892e-07,9.805021046645805491e-07,1.524683877700228161e-07,4.386700624667633652e-08,1.991160685762846919e-07,3.546413962545190933e-07,2.702850038527887964e-09,2.173742008748825260e-07,1.045251891566832102e-08,1.459851051095641918e-07,3.560325071480489110e-09,1.727580121018999641e-08,0.000000000000000000e+00,7.289220752875050594e-07,3.476943566343925893e-08,2.392168306158782657e-09,2.340284859781575604e-06,1.020631647381751397e-08,1.253115379800216913e-06,8.089771603259748360e-08,1.374076701507448681e-07,2.686914451853507471e-08,1.920167428055836632e-07,2.324997224137197648e-07,4.413766747555748867e-07,2.612834145654300320e-07,3.052031510438858376e-07,1.912102163871202279e-07,8.544292917480774803e-08,7.544642733764688057e-08,6.236452050620639299e-08,4.464388533785713580e-07,4.445563023725068633e-07,3.544268565023467678e-07,4.510856497729544143e-08,2.661030481782025892e-08,2.140326609631878250e-07,3.852912767090282655e-08,3.297326463496114113e-08,6.513140810341572992e-07,6.967280053469703265e-08,7.651230448362098141e-07,3.154066718769333005e-07,1.032131044042124636e-06,1.875389459008314856e-07,5.312860660983256605e-07,2.398242002644414907e-07,5.055204010301307239e-07,4.917607590832237974e-07,7.048517344623408694e-08,3.052877535416861504e-08,7.264976095034910573e-07,7.341881676587163802e-08,4.780018612072230038e-07,5.534505229944943527e-07,2.797197118198868415e-07,2.066014221599017221e-07,8.513809931567822978e-07,3.264091630214814475e-07,6.741025733901566972e-09,5.044669510759704589e-07,6.627331711429985581e-08,3.078002090646285647e-09,7.218132178999652398e-09,3.347402168980109579e-08,2.565637763918641710e-08,2.535983026031757905e-08
3.499824266713697228e-07,2.144256625367823367e-07,4.760099322102345870e-07,1.179395093767260046e-07,5.824879426842620362e-07,5.303293082720003211e-07,2.740996354170199944e-07,2.749533164913585405e-07,2.549272705614233011e-07,1.094480758727559308e-07,5.357473881684662415e-07,2.391524759893085144e-08,4.514298655904459679e-07,6.658086106019159503e-08,8.137363872798416888e-07,3.461584977229181737e-08,7.185964277894472520e-07,0.000000000000000000e+00,5.162971878276523016e-07,8.704613665441166069e-08,4.193321736781430260e-07,2.049126025531096976e-07,1.894649486446068067e-06,5.231196664409055252e-07,1.240304148837735332e-08,9.921932346670899276e-07,8.930299583720439787e-08,9.230196877845385574e-09,5.828772959781487210e-08,5.677930685752104818e-07,2.015822116461505908e-06,1.307202399773919471e-06,2.457927296743804538e-07,4.995126496276068171e-07,5.013251762200295407e-07,1.941703603076970860e-07,1.465875644417635705e-06,1.801543857914187029e-07,2.344056854498078041e-07,2.018222491077646623e-07,6.783477771261519443e-08,3.229354208163106001e-07,4.368709947890578562e-08,4.261178470277334257e-07,5.788402751544722922e-07,1.812650165921915304e-06,2.623857206127488697e-07,1.644119956564634737e-06,4.474151163275353426e-07,1.334235162230951303e-06,4.276663346824833573e-07,9.951079985367979096e-06,2.534115501626544152e-07,1.646545015809039873e-07,3.779564862598579448e-07,5.388710589988137649e-10,6.467624185202603804e-07,3.643921388647496166e-07,1.306511487385024079e-06,5.584601591288582027e-07,3.731246197891176736e-07,3.869568618520608958e-07,4.682041972918075634e-07,7.013541004777760837e-06,1.507366918086889097e-08,4.276955037191955494e-07,3.681990563914926511e-08,5.159614159731629495e-07,4.029893142145631174e-07,5.775054260271278900e-07,4.629302894313432628e-08
6.803496967795010583e-07,7.232613209140588793e-07,6.104153433902156682e-07,5.346179115208599199e-08,1.928765862657886788e-06,8.658700098690278418e-07,3.267025225101111106e-07,3.128470981422329853e-07,3.775079738439894546e-07,4.081292762354791397e-07,1.908342584401946254e-06,3.559619592762312927e-07,4.393295951217435729e-08,6.123196893030670683e-08,5.807641468827946504e-07,1.196060911622750535e-07,2.424474395318992938e-07,3.564487500431727506e-07,0.000000000000000000e+00,3.468420106170095431e-07,5.488801811448488249e-07,9.056268453971158667e-07,9.253833787775957440e-07,2.513817837555569633e-07,9.355383611508708701e-07,2.476182563906835659e-06,1.703867768766761620e-06,4.518261531180821215e-07,2.357122946159155022e-07,2.345392393090820420e-06,8.128682911323316862e-07,4.911484819925829029e-07,1.575367676058523033e-06,1.616919634600821432e-06,4.580135831359476072e-07,3.801100419193270209e-07,7.906026385347839252e-07,2.962781034105365979e-07,3.627684856909469257e-07,9.930576619938907904e-07,1.019262963960589927e-06,3.890763580696515831e-07,3.112124866983329356e-07,8.811870808628674476e-07,6.926894336870186284e-07,4.891798547067617402e-07,8.702723248744869094e-07,7.814420249582072108e-07,8.390510345258238439e-07,1.570561391515960875e-06,7.224395062995238837e-07,2.235985392317286485e-06,3.752583085900969805e-07,8.809406203133423405e-07,7.352957055297371156e-07,4.030151220746314031e-09,5.733175939179964725e-07,2.331969601592690683e-07,5.311248603476732309e-08,9.142382000370157051e-07,1.092265134272646621e-06,6.123902986513976803e-07,9.683446963132468018e-07,1.228980168652089226e-06,2.723275714077290705e-08,1.352055141637842069e-07,4.644116988680046685e-07,7.446920906692850332e-07,4.510507680309788128e-08,6.275142513680376691e-07,1.193157048497092002e-08
1.896412480428260886e-08,1.790871437066730863e-07,2.981540797044083017e-07,2.037153020616482607e-08,1.863308611471591964e-06,4.634875420253189866e-07,1.260792074379120997e-07,1.100989686230165970e-07,2.382455759918046371e-07,1.474841261147384009e-07,5.499553294816217485e-07,7.580008101074308412e-08,3.203853756374581268e-07,1.756335982595310742e-07,8.307045265887648996e-08,1.780131484779663999e-07,6.973754199960748139e-09,5.203784661270112330e-09,1.299049200307262246e-07,0.000000000000000000e+00,2.151127208340778086e-07,7.547931325392691939e-08,3.394352959864057665e-07,1.713700390101976425e-08,1.019583508618385649e-08,6.131435506745698492e-07,2.501625326563103348e-07,1.553982028974872765e-07,5.783898149689087791e-08,8.012771791810389688e-07,8.217454628738083592e-07,9.917349534913689158e-07,4.815978977815547254e-07,7.938437964410093706e-07,1.331781654353437887e-06,4.682709184104818460e-07,1.128487266707250539e-06,4.974184740435973018e-07,1.107257107325151931e-06,7.080456061735406260e-07,8.245938412778361348e-07,3.015605393519855519e-07,1.135188242631768700e-06,2.094148075496659039e-06,4.288409210887222805e-07,8.032046880814775331e-07,1.159543796278347651e-06,1.087017522128106493e-06,5.261086456903084781e-08,1.534545432653588979e-06,5.848839600620389681e-07,4.271039463308239378e-07,5.247451914575972242e-07,1.717432140066803504e-07,1.782449437248590166e-08,8.723542301826370700e-09,3.790009598132614644e-10,1.395594962315770195e-08,2.555845939896236528e-08,5.904469484959598562e-07,2.027096156749490822e-06,4.037178857657090712e-07,3.109598033017823807e-07,4.331234329735168423e-07,1.488171472355101844e-07,7.746521360343121243e-08,3.018409888588311556e-07,1.436124864513470168e-08,3.992953265595630090e-08,6.762580012268339376e-07,2.463058090961392262e-10
7.127730846580032114e-08,2.519120161124289296e-06,1.407684335269027434e-10,1.985755256114257450e-07,3.028312731831840350e-07,5.624206576808885768e-07,3.292714178718108197e-07,1.689872633907915187e-07,8.581198273848551552e-07,3.661112288884475066e-07,2.922330889785542894e-08,3.838032336851013811e-08,2.270178602649048063e-08,2.732021369751029986e-06,2.350166166006826023e-08,1.837107698874053224e-06,5.720325750671946915e-07,3.412361868957034460e-07,4.192930273740928290e-08,1.482997501686858645e-08,0.000000000000000000e+00,2.604505305236114969e-06,1.003389363040337462e-06,3.864980842451245567e-08,4.490513938723455590e-07,3.559032574998347906e-07,5.670838416417947232e-07,6.086616768371458662e-08,4.787890961871467590e-07,9.756570089640155446e-07,4.216557811189811566e-07,1.663145977907312713e-06,1.258329349995510345e-06,1.605923607904641913e-06,1.720897819210467928e-06,1.129885300626986082e-06,1.116645501977352376e-06,3.399233591548809569e-06,1.663085381109385859e-06,6.289834582194734979e-07,1.395082076336532737e-06,6.731407816332202108e-07,1.002168954873284984e-06,1.740954368041365487e-06,1.890129201083886925e-07,2.531817248106458005e-06,1.017317913236043790e-06,7.149333773768966053e-06,7.923881430527026056e-07,2.856168219467268652e-05,8.270309465482411697e-06,4.472898820010308647e-07,3.306216588184898643e-06,4.844943780242375486e-07,1.900401133392853329e-07,3.269647458650538029e-07,3.645224449809196692e-08,2.967446127034176078e-07,5.114041569355929167e-07,4.209816568572144158e-07,5.533619448407826755e-07,1.107858002617699333e-06,4.321089571842978500e-07,8.107990807741564349e-07,7.991897531266550389e-07,8.732996256692763940e-07,3.124511419328607229e-08,1.518327345273312619e-07,3.686901096875746535e-08,4.233951161687749256e-07,4.954781885697913661e-07
6.079106277465979015e-09,3.053015974092256616e-08,4.360739274819809815e-07,2.484982455838259505e-07,2.058720816892336025e-07,7.400578073941883382e-07,3.601496085862418919e-07,5.015872489987220457e-07,1.788477691912195112e-07,3.499853470541261283e-07,3.115494285749055574e-07,4.844511954556469950e-08,1.110670421041837469e-07,1.208767999221161187e-06,3.040715653380015575e-08,2.236926630573871556e-06,1.702066037948143711e-07,1.015129687067564471e-06,2.055309930892118827e-07,7.359091402669349495e-07,1.259343525926323253e-06,0.000000000000000000e+00,1.311149926010750311e-07,1.123108511447687143e-06,2.732176597805147011e-08,3.168406059226832119e-06,1.365715263703049944e-06,6.863840240877785221e-07,1.329514851240070801e-10,2.276370393736730614e-06,2.987863035476296863e-06,3.548168919593480183e-06,4.570708275473144743e-06,2.754810528134666743e-06,1.804748731227978613e-06,1.670695548377682351e-06,5.053198907645642941e-06,2.635863362966452641e-06,3.755166849847560629e-06,6.105070041582717226e-07,2.705507613292186723e-06,9.686574939675384234e-07,2.138054370817456444e-06,1.488330954717108741e-06,1.975654798810794469e-06,2.737787562715545326e-06,9.247633642482770075e-07,5.224851887335180473e-06,3.509609023127451084e-07,3.038839466620090627e-06,6.959242839586922973e-06,2.127832781967111718e-06,2.959233295409441060e-06,5.017309491157743905e-08,6.600537685495272833e-07,4.641849941892180567e-08,2.033559563463460295e-10,1.852782545006697085e-07,2.715395692312936024e-08,8.578330068839906338e-07,4.794591055432240559e-07,5.352736663445001171e-07,5.570665798584511923e-07,3.384705915278183497e-08,1.013083687411698244e-07,7.728948099496761437e-08,2.642478575420254445e-08,1.293586252843221393e-06,8.540143473861597016e-08,1.359500235848512895e-07,7.295894391894613387e-09
1.538820720304611089e-08,2.343769840550209870e-07,7.146081167808954628e-07,3.993260180573327197e-07,1.812099388080884537e-06,1.014061523041148472e-06,7.747005448801572658e-07,2.792898303894906045e-07,3.356594120915242530e-07,4.564699703485455420e-07,5.770861020716450472e-07,8.390702945479800670e-08,2.726639368607441260e-07,1.377016030459788678e-07,1.477740937957632706e-08,3.505378940748570111e-07,1.031213788363602879e-06,8.953489776500478404e-07,4.437642685240723822e-07,3.076447205199794342e-07,1.423717111275407411e-06,7.702623783189029947e-07,0.000000000000000000e+00,9.243299803403311937e-08,1.898920427190700363e-08,9.608222150994160303e-07,1.077938295752655675e-06,6.572674312197241121e-08,6.398418349195104262e-09,9.009483786600258304e-07,1.169580120339347319e-06,6.688357578655982813e-07,5.673503417589904643e-07,4.525768751801631533e-07,6.123201648254531211e-07,7.412966607642841361e-07,9.186804593062562389e-07,5.865457003056376384e-07,2.251193811563321840e-07,1.236282866480547649e-06,5.902148094943031395e-07,2.199743341740539173e-06,1.312994529503738035e-06,2.229599103814746204e-06,7.176758021027004388e-07,3.704013339455182193e-06,1.085875627828867954e-06,2.508216891870923453e-06,2.546254019813128065e-07,1.378099374113547775e-06,2.558387627958713655e-07,2.545668040736455907e-06,1.024917915652893845e-06,5.051965868420123193e-07,7.822980493078967946e-08,5.880106084006664970e-09,1.575912670691894501e-07,8.832336667409980929e-07,1.245185130820994742e-07,1.019667757384685083e-06,1.791530069894548995e-06,6.801934466823114142e-07,3.701534498381475387e-08,2.397058185588311530e-06,1.820047833792792461e-08,2.378774121209722848e-07,6.655771580126581618e-08,8.300070593506944880e-07,3.457011112588624127e-07,1.184650373132963566e-06,2.450969408896125636e-10
2.067055076578891103e-09,5.331219267521166161e-08,9.203542374186860795e-08,9.203379211589912309e-08,3.084968135996465686e-07,3.442272091832146489e-07,2.973102582269541564e-07,1.229639634987675026e-07,4.535683171997790210e-08,2.274733218778097582e-08,9.125205714504246470e-08,3.473792574017217162e-07,2.926946936640361769e-07,3.352090455749342392e-08,1.809343200323780397e-07,9.092832489602241071e-08,1.119675256260778893e-07,5.701265291034817430e-07,1.417326191399958158e-07,8.030477270685281627e-08,1.665481722498952124e-07,9.398370131572151329e-07,6.602424046775401988e-07,0.000000000000000000e+00,3.548952474537090145e-07,2.270170008689505076e-06,1.535636569755686744e-06,7.199242005702551835e-07,7.709638959233265386e-08,1.998400300769243589e-06,1.588715790032827638e-06,7.081209695290727519e-07,7.644977936642822913e-07,1.625538155289314440e-06,8.813086087387418244e-08,1.396675305919411065e-07,4.835292996006760491e-07,8.057832528256121431e-08,1.846094764437482941e-07,3.559716865519933776e-07,3.318369193268446888e-07,1.020615160048950413e-06,1.121517528555000981e-07,4.292178526876897626e-07,2.872601659251035661e-08,4.279013765117146548e-07,1.911611774894837243e-07,3.524277860278067704e-07,2.176373078964823673e-07,2.975992282973738622e-07,2.938396008550150360e-07,1.733071924352018619e-06,1.917439117119579674e-08,6.617730177561192746e-08,7.560140175496103689e-08,9.858629213194876156e-08,3.550456217693009355e-07,1.045230121663815365e-07,2.866989680652608925e-08,9.192078827028551846e-08,1.671308155482246713e-08,4.767818632448875814e-08,5.221823147209562201e-08,2.887596347629855691e-07,3.334737945319900781e-09,3.758139915142563603e-07,7.647467077705104106e-08,2.211632489356178031e-07,2.658748298574635014e-07,7.909982331134247773e-08,1.893077781804904909e-08
9.983652436620157868e-09,3.417335419548212951e-09,3.383343658880444210e-07,1.181670288610291849e-07,2.668622479255201256e-07,9.035969056390338567e-07,1.592234446331174416e-07,9.971479927788906559e-08,6.888263210453384210e-08,1.979327961251210641e-07,3.698868727548236909e-07,6.946443458295084349e-08,7.827035347614320845e-08,3.033614470120915204e-08,3.665129860476052467e-08,8.192513599213734162e-08,7.373861476617057515e-09,8.492601891031372131e-08,7.557375930995387789e-07,4.292298609038507968e-09,2.715059211906153422e-07,1.107716372327763519e-06,1.318414276521210142e-07,7.929320473547944220e-08,0.000000000000000000e+00,1.416256368787295748e-06,1.427233738220667180e-06,1.500246730184016320e-07,2.833450183215522550e-08,8.912807623932980793e-07,4.001205540046020459e-07,5.107140448799088938e-07,3.727997446181324320e-07,6.173740860283131624e-07,4.164748195924518817e-07,3.670035714748714733e-07,5.525954166513849392e-08,4.335940361970106351e-07,1.896803694430025496e-08,7.775608996776124491e-08,2.273718272247346100e-07,1.439622400577238290e-08,6.989845574843027240e-07,8.330066082644058310e-07,1.959093007295143460e-08,1.788093369172916281e-07,1.322637236681894182e-08,5.460492354913300640e-07,6.055713076612172570e-08,4.661871277118874921e-07,3.788421854539055884e-07,4.384125519058211189e-07,1.469941137575392433e-07,8.963966029898067184e-08,3.335122506594517663e-07,3.328197814340491825e-09,1.127845882822222540e-08,3.500638583413592721e-07,1.891303331353810878e-08,5.865911511536714767e-07,9.158609724420664444e-08,7.940278679531088308e-08,2.598865610603883194e-08,2.520515886357157238e-07,8.856636547050425092e-08,9.823912504421932910e-08,4.349662173343212292e-07,1.061731596541791771e-07,3.963642800889458162e-07,6.303937913112874499e-08,4.672619995710551888e-08
2.842427026627353239e-07,5.553968011007432397e-09,1.022433751950109954e-06,8.722740560859579729e-08,2.356743681135230694e-06,1.360793873646146873e-06,1.648683123490858468e-07,1.121368524999318600e-06,1.447745686380297569e-07,6.544393496712904951e-07,1.665736344219814908e-06,6.202360461094236377e-07,1.120836914391657155e-07,1.298767151392403025e-08,4.898178557827537634e-07,1.101900457444302084e-06,1.444956575270919524e-08,2.844209063250801339e-07,1.831795388930063329e-06,7.803841271319663494e-07,5.837130836062983920e-07,3.881088169146850693e-06,7.198754361107008790e-07,3.907875209477041077e-07,1.015963095162350544e-06,0.000000000000000000e+00,2.412905961664791411e-06,4.953451585754570951e-07,9.922703194982907652e-08,1.533901990201391548e-05,5.376594376933257768e-06,7.251758756196468088e-06,3.089708610774666619e-06,7.727468519758795795e-06,1.145167785131567922e-06,1.949697776803264347e-06,4.590281100106800227e-06,1.792264676935726566e-06,2.890688497771600223e-06,1.293647781817207214e-06,4.356063928052808387e-06,1.054906662381439982e-06,5.161405948142641002e-07,1.258033344757117121e-06,5.842368309361997196e-07,9.455324900743305326e-07,1.972889380769663483e-06,4.629386596257461135e-07,3.416028023640694661e-07,9.424469815820945201e-07,5.133019522030738304e-07,1.698523299276117754e-06,3.273981432581977384e-07,5.892633182227399554e-07,6.747757051134623350e-07,6.216882798248118528e-09,1.008656702033930904e-06,8.439810574390758207e-07,3.459698013689478449e-07,1.178613211696274839e-06,7.494947697978130916e-07,4.017348433788590206e-07,4.638784255138148441e-07,6.496674409897717082e-07,1.644547589829064501e-07,7.380335897715277630e-08,2.776088189260381548e-07,2.309593042045015401e-06,2.194253680266992785e-07,5.500826078126754448e-08,8.881060127343544512e-10
2.264274710688981441e-07,1.230075978626323884e-07,1.684203493655197109e-06,1.202825832144235205e-07,4.063444007459672921e-06,9.461538872558956979e-07,3.251143517080728891e-07,1.754485409829077124e-06,1.023270978001507273e-07,3.869005617982480057e-07,1.800559934049948365e-06,7.516166405428887647e-08,1.225065850735227276e-06,1.358886273371161950e-08,5.307354641648648615e-07,2.970936996149110259e-07,2.304158307423028378e-07,1.450422905727484507e-06,8.764167283549691659e-07,3.879313169493801661e-07,9.115214822252702932e-07,1.557873072352851783e-06,7.631550307841784271e-07,3.535773220721309054e-06,8.658451533104226803e-07,1.171809307452119097e-05,0.000000000000000000e+00,1.762377098484674361e-06,9.623612211194017992e-09,1.394152992157221720e-05,1.296435374655993923e-05,6.337619785776204247e-06,5.324269875969863829e-06,1.220180124607817550e-05,1.063120257958884428e-06,2.345289423890634475e-06,7.972658521087331332e-06,3.133383106057199560e-06,2.699814901160056322e-06,1.936375580184834169e-06,5.238253914715065004e-06,6.915632379163702399e-07,2.305493419252895392e-06,2.625363120981986829e-06,7.853462969141308063e-07,1.624445744975751235e-06,7.592831018594271364e-07,1.291399945927966041e-06,5.785577748078297204e-08,1.199166338815920753e-06,8.124194654032413998e-07,2.955022153643206196e-06,6.735483119526625950e-08,1.881775795472779274e-07,1.328064167893533332e-06,4.280870396790662439e-08,2.596062919307436823e-06,4.520880653742181922e-07,3.478601236233731057e-08,8.393956894143451098e-07,9.849210564035968264e-07,2.562616514119184220e-07,3.100207019822955008e-07,4.281000777601424447e-07,1.498266404161729097e-07,1.043598581596119278e-07,9.152259073185630556e-07,4.327935381673600213e-07,8.606035471520939963e-07,6.795277865684513413e-08,8.499356747747548087e-07
8.202195928563307726e-08,5.427156376459158207e-08,9.161000262581449565e-08,3.018057354695827452e-08,5.162144508769595714e-08,3.027890463010810445e-07,1.720784737050358767e-07,7.377967111861112268e-08,1.869043245999352266e-07,5.210661348609249742e-07,5.923187994926418104e-08,3.111815184108558444e-08,9.079789140269472807e-08,1.547164753999104228e-08,8.889329971134421157e-09,1.785449201519822376e-07,1.229170002834044274e-07,4.914853611612814749e-08,9.682325179366528250e-08,5.840667593648855387e-08,7.329859926665193410e-07,1.734167854283177852e-06,3.417643579365184182e-07,1.008525478424890070e-07,1.118396760194087921e-06,2.839129237873275005e-06,4.513158635367493953e-07,0.000000000000000000e+00,2.183313774753182980e-08,1.241965717900881979e-06,1.244083648103357136e-06,1.886388064442040460e-07,6.066716059603126629e-07,8.152746871757685770e-07,1.438074943508336126e-07,5.134650853902243892e-07,1.298484317488063039e-06,1.693096146138893004e-07,3.289858044448374665e-07,1.148811146266354357e-07,6.408712081000471198e-07,2.555304013658388086e-07,1.796669733142920761e-07,5.284948413224556236e-07,3.181116869280696572e-07,4.098466551617084063e-07,2.320034763594338742e-07,1.178966606625959729e-06,4.600002842017541566e-08,3.800526501618711688e-07,5.096831665463136907e-07,7.575461168507647063e-07,2.425766662966480062e-07,5.425953409656008690e-07,1.101407291721012293e-07,8.842825411047036556e-08,1.536323277832141272e-07,3.323389155899388121e-07,6.950660674994023571e-08,9.275735858081064050e-07,1.193315037381769016e-07,2.985000139832230076e-07,2.093415980018346141e-07,9.829757839345101498e-08,2.914579917218687502e-07,9.813435611689603735e-09,8.086897119787991473e-08,1.111229918244014468e-06,7.744801892430087313e-08,1.596138108360443952e-09,1.968984564851078461e-08
2.106563700342891338e-08,9.826104924046105595e-07,1.263125558172185005e-07,5.732695986088910321e-07,1.652946595334810761e-07,3.925792323425991040e-07,4.562610750044796057e-07,4.951461256168160186e-08,4.726117593911229390e-07,2.069584262120359923e-06,6.678899043058104488e-07,1.906423019703582452e-07,2.140391393857727679e-08,5.080884735028739434e-08,8.360843275005307003e-08,2.693655570735938348e-07,7.443715465492421671e-08,1.293814590874730922e-08,5.257574662463521448e-08,4.891669200231556339e-07,5.927606655966389955e-07,2.203236793560386874e-07,1.336147570114480615e-07,7.847033013815755204e-08,2.110175981457609913e-07,2.091861975931552075e-07,9.739952040405645200e-08,1.414100327761403169e-07,0.000000000000000000e+00,3.533439393716580539e-07,2.335483370353312790e-07,4.447067824627679172e-07,2.075914298897948665e-07,2.267778532912863624e-07,1.245757193428028659e-07,7.676547774006232236e-07,1.181150453801977135e-07,2.312807660894546629e-07,4.559743698856890353e-07,4.590272399821748751e-08,2.077822236456615734e-07,2.118074016927484477e-07,1.003929959513843088e-07,1.065891430127773937e-06,2.229112621788870065e-07,3.963148869180235947e-07,8.399690565442028267e-08,1.434830567554162872e-06,3.740308062953275996e-07,3.671600403847771568e-07,7.529608831635400532e-07,4.855326842909313884e-07,3.229245913140476429e-07,3.460271702312374403e-07,5.476453734537812862e-07,1.551430166433771035e-08,1.620735536706246965e-07,1.160565124850611731e-06,4.277075519376182174e-07,5.781057721327714570e-07,1.208084018013491560e-07,8.718761649629886913e-07,6.477382022343339326e-07,1.843736289655068311e-08,9.746964150585206641e-08,3.455195861569135616e-07,8.233006968130222490e-08,2.700092144808839667e-09,3.645936518280426474e-08,2.339793714328723523e-08,3.905930861420934594e-07
6.306267287380315782e-07,1.005076645919816996e-08,3.659449457601860747e-06,1.154822502522105203e-08,1.262210135746989447e-05,1.683662715217088647e-06,5.427897356925736803e-07,2.384592142177688965e-06,3.925239178612883445e-07,3.034145955004615627e-07,2.796021178594700513e-06,1.244871562834706716e-07,2.196316150684066322e-06,1.241931487866646841e-07,5.657347312117000365e-07,6.122951307309042666e-07,2.372222593345570416e-07,1.274284656054871696e-06,1.734208773338919493e-06,1.293150510433536032e-06,5.450570656001187990e-07,3.777935968526746389e-06,4.766053913556450345e-07,8.650426308948738249e-07,6.394288565865992557e-07,1.734683954572656143e-05,2.221245973507695939e-05,2.337277008437873763e-06,2.191147571255248025e-08,0.000000000000000000e+00,2.486056234361877951e-05,2.726532625632159811e-05,2.974748434670987965e-05,2.985078402343627522e-05,6.265759735375674733e-06,1.416544495001187089e-05,1.619374765434945776e-05,9.733012768622337522e-06,7.553283247296002508e-06,5.190782975258791537e-06,1.067189984438948366e-05,3.497801078967609027e-06,7.727839260413026448e-06,4.578896427875834783e-06,2.262089844008281777e-06,6.047472055126379087e-06,1.256414265325747827e-06,1.676461151056462116e-06,4.779638467371243358e-07,1.765289613330634413e-06,1.921948230073686797e-06,2.223810636098082852e-06,1.049092298619289773e-06,1.337297738728693489e-07,1.782414098784150889e-06,2.953617204795399853e-08,2.675411917273026425e-06,2.146769548386955567e-06,4.533086798698982044e-08,4.766372734104485109e-06,1.238176836534627183e-06,6.800629311429447053e-07,1.528615203388605007e-06,1.263554958533698302e-07,3.453914186385912744e-07,1.573669736395791435e-08,5.238141974615341788e-07,2.115769052517692245e-06,8.292644492920275730e-07,1.661370319036539201e-06,3.044621376278396089e-06
6.853458622241241407e-09,4.027295615716392537e-10,1.965108691361610980e-06,5.901985448888696416e-08,5.194436014388939918e-06,9.353889926808022647e-07,1.315091000437673921e-07,8.018032618540928249e-07,1.468896157135694533e-07,6.364561636867890050e-07,7.165936087938222830e-07,1.714448863295057106e-07,1.041261117717861664e-06,6.612889644752640605e-08,7.429044055512844120e-07,2.803473891202999045e-07,4.873051861268540048e-09,1.112243796703915473e-07,2.739822210756658663e-06,1.778890855223109319e-06,5.906978931014146150e-07,3.798879334637056398e-06,1.652303635566243374e-07,5.757997824632446591e-07,8.718393244201260256e-08,4.521663254231625557e-06,8.054772432388701616e-07,3.762164671359394826e-07,3.435901668243358274e-08,1.430199141302776120e-05,0.000000000000000000e+00,7.695220717872288196e-06,1.623538073251311859e-06,5.284146385650897348e-06,2.274244901082683021e-06,2.987063919843914003e-06,1.010314894282182415e-05,5.970368144819972047e-06,3.271854894658925171e-06,4.639286732719818271e-06,5.353000493567648683e-06,1.342845856859740969e-06,3.311419720014283231e-06,1.844286725765497223e-06,1.779205499283914419e-07,3.391685078493109486e-06,1.549387706463958719e-06,1.341489911125219976e-06,2.661714809585586279e-07,1.251462518857579129e-06,8.836036642248540554e-07,1.148816777817664086e-06,3.592395572604825503e-07,8.394098616233812519e-08,1.870106214626533952e-06,3.612325425906827625e-08,1.324010343389629526e-06,1.184734432249588454e-06,3.703773287573970559e-08,1.883806623912135540e-06,3.610207439221044001e-07,6.751933439764057982e-07,7.845245142750878756e-07,5.437581538140346779e-07,1.431724229976349838e-07,1.840076636181677054e-09,7.149213332780547811e-07,2.208725668847254937e-06,5.457576826145324025e-07,4.079524084865641503e-07,3.806528681777906125e-07
3.123759150985637185e-07,2.032179768683699381e-08,2.323258269461605832e-06,2.655585491344933548e-07,4.776289055384080435e-06,8.782103912808032963e-07,5.697782806286554838e-07,1.290901418771566819e-06,3.544715619184314935e-07,1.782445683565029725e-07,1.216871458944571291e-06,2.336567025361318499e-08,1.049735176539670101e-06,9.403614689465333409e-08,4.431808701525231132e-07,1.514093708119142045e-06,8.708514332091534868e-10,5.371367060817953973e-07,9.624151651857712084e-07,8.121494503423586932e-07,1.126029623320453410e-06,4.587118743901908403e-06,8.896874425656851369e-07,6.867197654912443203e-07,4.510611327712221160e-07,7.381026432309831410e-06,3.104066728703824733e-06,1.019563951888379105e-06,1.867855272134720431e-07,1.587819599010337099e-05,8.749875065426228186e-06,0.000000000000000000e+00,4.976193136032707734e-06,7.349743744731869061e-06,9.183924992419011411e-06,1.293729348154954668e-05,6.617887032363965990e-06,5.894876946201121304e-06,1.135952698804145581e-05,4.005167071049250605e-06,8.722114321827385659e-06,3.088316741397657186e-06,5.365776865228958702e-06,6.819329924530054373e-06,1.937365006070953177e-06,6.612687874813109357e-06,3.451868108721170493e-06,4.398531725182421354e-06,6.885181325402651430e-08,1.859816233437025677e-06,5.050898880292689229e-06,8.556942839680858470e-07,7.831201895996626243e-07,3.626717298971328314e-08,8.087693043950574621e-07,1.244849176553641972e-07,2.049143867626761966e-07,7.464030863547932340e-07,1.280170913742554065e-07,6.474215456124901091e-07,2.703936967034765210e-06,3.315950060932458545e-07,4.616397419763647238e-07,1.067398447652680517e-06,2.417943542707327087e-07,9.830872275394783248e-08,8.909240119471487256e-07,8.735764179510868063e-07,5.582587959865594375e-07,8.005530079907447997e-07,2.061994223436849430e-07
4.023985824664305456e-07,1.800988056355195560e-09,3.074551564204396906e-06,6.485482965211057667e-07,4.945728181619852341e-06,1.032821309203944348e-06,4.455098855810695021e-07,2.394849141869005606e-06,8.855851902527220203e-08,7.508741278994639575e-08,1.534826625992140517e-06,1.234263683815282773e-07,9.635902031277862589e-07,5.521816196048522865e-08,1.865864464746680825e-07,1.518769005985155041e-07,8.152020309438435184e-08,2.726641188502506304e-07,1.457127681653958276e-06,2.204387476977875037e-07,5.315893533127617738e-07,6.411418924666077667e-06,5.116667149934228655e-07,1.072995953552187101e-06,7.765919963829467540e-07,5.107334217400168995e-06,4.192367661752370436e-06,9.517603036883863575e-07,6.021190424464348957e-09,1.555881779030135099e-05,4.538943340383815991e-06,8.245536200330276042e-06,0.000000000000000000e+00,7.312264140797924732e-06,4.870822225555766759e-06,5.408516861386778155e-06,7.249628679493282732e-06,9.703567990930507062e-06,4.608748923705019546e-06,4.281561840689804438e-06,1.025906315866901556e-05,2.491806365347225188e-06,4.770462730055521752e-06,3.652512237475996937e-06,3.694858669300582640e-07,2.664225223057401687e-06,3.140489392804671451e-06,2.457313349078228784e-06,3.604804883510291734e-07,1.180029647793266051e-06,2.678487995951705921e-06,9.858587093015843771e-07,7.487492335297620412e-07,7.226645101863916007e-08,2.108214213286148256e-06,2.054270559226308394e-09,2.705379560065906722e-06,4.386023596097747878e-07,3.380008689755100125e-07,1.203522511739457668e-06,9.045923335659517555e-07,4.113451217619973218e-07,9.512736069433325189e-07,9.596173959651703128e-07,1.703967669660707873e-07,4.949752810488820171e-08,8.501268035477714951e-07,2.319317827684140833e-06,3.222745969130423134e-07,5.927473679436552016e-07,1.126232823003211384e-06
2.017228762727658239e-07,1.271353464023047745e-07,2.049912207678688937e-06,2.208896124788646604e-07,9.963354768605739103e-06,4.239546180074647467e-07,1.870090433388642401e-07,2.715333469505321897e-06,4.596747228500176953e-07,2.321225395547010871e-07,1.595869675260869890e-06,2.022313235161815206e-07,1.350694159227712876e-06,6.861127813383860333e-07,4.119168609621471900e-08,6.784173809890346142e-07,7.809437884420477613e-08,8.783113257745290679e-07,1.296844159332286429e-07,1.908880668969760311e-07,4.099200192622604819e-07,5.781454239629617546e-06,4.905375983893487717e-07,8.333020030579135390e-07,1.812368116898219642e-07,9.094493564914437998e-06,1.139595588188889435e-05,1.159839310135943256e-06,1.771451221387962099e-09,2.908646116559510390e-05,1.102135892203752601e-05,1.162366411666465664e-05,4.222948523059627508e-06,0.000000000000000000e+00,6.874735964685020135e-06,1.538105502778593436e-05,1.515580624815108656e-05,1.278244655940924124e-05,1.111206844074026080e-05,7.658765269456231805e-06,1.328325686202623341e-05,2.625111637484165980e-06,5.543940702982388842e-06,4.336970364536989885e-06,2.735094999793053487e-07,3.869498022184859639e-06,2.989420081048000530e-06,2.585856715514137449e-06,2.964498711745664424e-07,1.981576139761210467e-06,3.852196205193804357e-06,2.202131325213227073e-06,8.465624344460640340e-07,2.408926082052134971e-07,1.321023157688153889e-06,3.451882676333637473e-07,1.137214847977781651e-06,3.130856019461567500e-07,2.664441037564244133e-08,1.842876773196951137e-06,2.403565486507554536e-06,5.122126639708767119e-07,7.282082912191705974e-07,8.680392154078132708e-07,8.160603376553240014e-08,2.079079419560012263e-10,8.565314905406290085e-07,2.391121342711563988e-06,6.955548006442317657e-07,2.774453717448172228e-07,4.095069795323995600e-07
8.567784502694732242e-07,1.196297691072998067e-07,9.436685145034442909e-07,1.953406255167752957e-08,1.132168776911419693e-06,4.257039615540960545e-07,4.007079336327499822e-07,1.497133640757522405e-06,5.568498711709853218e-07,4.845856070583760014e-07,2.938422700062764795e-07,1.123899139272220374e-07,3.359574105982104813e-07,2.556895715060685702e-08,2.250426928650748218e-08,3.137788743535750438e-07,8.314525088211869439e-08,3.141701545399366950e-07,8.015469927250902674e-08,1.387964890167755086e-06,1.314873505054807085e-06,7.059845003820892481e-07,2.269502886004314442e-07,2.606085411565707618e-07,1.311106497684703891e-07,1.190709937199645701e-06,2.059084692759161179e-06,2.411782293946500947e-07,1.704895846545692621e-09,5.537719267050887251e-06,1.920569633560088404e-06,8.494052558076033678e-06,2.691659515651255883e-06,8.543367856408853157e-06,0.000000000000000000e+00,2.307262536570498253e-05,1.113255434542253119e-05,1.987571179795443550e-05,1.047921943937195617e-05,2.395973009883966380e-06,1.139910647741874888e-05,1.060685410269299131e-05,1.269116061607322939e-05,2.491696395200440980e-05,5.225134320269935998e-06,1.609042468760766187e-05,5.692555485778774500e-06,8.112597029409913303e-06,2.710486889701232859e-07,4.679410725219020149e-06,6.268194492990603659e-06,1.152089772067423725e-06,2.218195854683270343e-06,4.295361972635094508e-07,4.967477031169291697e-07,5.719126747792557690e-08,6.306775634750701355e-08,6.453524018742339474e-07,7.043553884953262206e-08,1.291602146402924045e-06,4.745584011331222975e-07,7.494972178211813405e-07,2.210639022050441659e-07,2.492506569510431760e-07,1.192276574854753063e-07,3.611913050668128366e-07,3.708192732208348212e-07,1.576886986192829862e-07,1.718961820344644120e-07,2.677704949179476840e-09,2.482439893929565530e-07
6.412892745355352647e-07,4.395870018362749219e-08,2.021401685519020186e-06,2.733550896099867538e-08,5.209273471666877772e-06,1.050754647494294419e-06,4.342536453124824199e-07,1.432867120429750240e-06,5.329005697785069893e-07,1.979630210434990402e-07,1.307150514810883924e-07,4.548371192585780822e-07,1.918260032807774859e-06,7.491420840316542691e-08,4.869869341986387459e-07,7.400316233456064636e-08,2.014060548508973045e-07,2.094856422689575237e-07,1.740025398262105432e-07,7.240756230788786333e-07,1.007922197346542425e-06,8.721969494248821406e-07,7.758244991440146423e-07,3.626180135671609191e-07,1.806249865800273504e-08,1.840632227799098205e-06,3.750180538046624956e-06,1.863447233444558144e-07,3.758187213011452851e-08,1.396284471500296552e-05,5.830110127621077892e-06,1.206131555542875350e-05,1.242896592866121763e-05,1.325929589111606539e-05,2.498645785993713618e-05,0.000000000000000000e+00,1.315003202024968836e-05,1.057379579561566037e-05,1.089624177612132380e-05,3.488791021187638860e-06,1.373368178736178684e-05,9.845511640795790725e-06,1.503873506144582788e-05,1.571460472415785989e-05,5.149853572239127732e-06,1.799979444551132762e-05,1.013972370751240433e-05,3.939098762021639644e-06,5.014143734645930806e-08,2.362367819238420161e-06,4.843371958948048615e-06,6.056839953997093893e-07,7.459139159227093068e-07,1.933751452861047730e-07,5.402183941595260033e-07,4.071401015837177478e-07,1.042317140714107730e-06,1.666870848061642613e-06,6.298000970210298124e-08,1.451876230640947698e-06,1.347898457577504371e-06,6.167346664871086659e-07,6.372182490630491477e-07,6.236181087494869001e-08,3.508366804002078317e-07,1.336947021650936943e-07,6.060149272887729511e-07,5.084581614240386042e-07,3.177926077733658129e-08,3.545966165029550008e-07,3.599573110307536901e-07
2.493235801580381118e-08,1.065134976597352470e-08,2.557037807667168748e-06,6.172663471919462202e-08,4.490591133934746345e-06,6.098423756585087707e-07,5.267110122711513412e-07,2.392407171121280323e-06,2.045180625893783810e-07,5.313711675400009451e-08,1.998437685712917999e-06,1.919168297061457642e-08,2.135976099821183384e-06,7.600881129468987463e-09,1.049982990419868756e-06,1.243568928076310244e-06,6.682748183188367490e-08,1.040101385792855500e-06,7.835034487728922678e-07,2.173361099715035717e-07,1.367333722638279299e-06,4.214345883800386137e-06,4.487423235416428839e-07,1.134348909670950841e-06,2.013530565776552225e-07,6.185402563608731430e-06,4.166793784014452890e-06,5.721455550018721221e-07,8.411004367009676776e-10,1.982195340153641830e-05,1.114008137583812233e-05,9.847887709815616040e-06,5.480477186589851212e-06,1.340391802577557996e-05,1.180710648827841955e-05,1.154440624343048993e-05,0.000000000000000000e+00,5.015725048654794920e-06,7.302695994914719408e-06,2.093139245802423403e-06,9.923541070799355213e-06,7.538428290884487503e-06,1.118928057673136426e-05,7.709511514924772459e-06,3.332318360207554787e-06,7.962781179519157332e-06,4.954373517979798499e-06,4.083570003673094614e-06,1.263173574718223266e-06,2.071577208350313883e-06,6.658058336114808007e-06,1.881307381005825977e-06,6.918012395611527981e-07,1.410535682050082924e-07,1.145537042089970770e-06,4.078006476477772244e-08,8.750602780653799367e-07,6.618061849248065027e-07,2.608697310827060866e-08,1.313042603053605145e-06,1.174138446755286817e-06,1.676959209641633591e-07,4.191149672455002349e-07,4.331238119339218091e-07,1.168318624247858080e-08,6.805932530481836045e-08,2.752928462604188232e-07,7.403322425082272784e-07,8.963441658162968865e-07,5.417293177068043979e-07,4.450492871079594702e-07
2.707108425600867759e-07,2.934093291097242077e-10,8.940441152233330235e-07,4.981875060552701657e-08,2.709676784614866863e-06,7.240417301657234181e-07,3.281806448478215594e-07,1.214542663212695737e-06,5.843548504169115016e-07,3.671544017668583990e-07,5.606006595412156577e-07,1.443140639662798748e-08,1.103841385246783484e-06,1.985101835108628263e-07,3.131485967968214271e-07,7.743891389450298262e-07,4.616846428204040607e-09,2.746862416175145168e-08,1.949909907579082057e-08,1.363534420587056222e-07,2.135774900030508810e-06,2.733208313422248382e-06,2.265963885297583645e-07,1.001789126628139734e-07,2.996313580890714235e-08,3.388195883880205735e-06,4.060154377412192165e-06,7.365945214160918812e-08,3.528415967292744375e-08,9.507520397999304280e-06,5.176661858720882898e-06,7.218727829070453726e-06,8.279030610182701330e-06,1.157097525866973336e-05,1.397923521392246088e-05,1.076008834518298461e-05,7.228024485886854366e-06,0.000000000000000000e+00,6.197623223457472996e-06,4.694174501243059097e-06,1.027402067211901219e-05,6.456546068985452285e-06,9.233486405585272986e-06,7.771030951485908867e-06,2.438533913102067595e-06,1.143169832972959473e-05,2.730819765810422263e-06,4.217363747014029777e-06,3.125098739988682615e-07,3.641184189439349319e-06,6.930096904949755739e-06,1.419208616579175318e-06,1.560643463103337959e-06,1.076660298632405707e-07,1.169258047027045695e-06,1.872487693518463100e-07,6.699411528430561529e-07,4.221609823512997995e-07,2.576859215493918694e-08,6.691976085274801217e-07,1.033029009587410981e-06,6.432429812998884105e-07,5.890025703709438240e-08,3.344401338837554536e-07,1.562801725178234104e-07,1.946625752442763091e-08,2.044005147080658522e-07,9.330009842217043882e-07,3.728880820736713026e-07,2.496008006351245228e-07,3.498806491056397046e-07
2.665781398032883223e-07,3.003205499903742797e-08,1.230928773958345379e-06,3.007585572339899841e-09,3.064458146241177442e-06,3.408670948699442896e-07,1.401072911970723484e-07,5.740291791575398683e-07,2.651836145592226696e-07,3.267593745096216622e-07,7.596949255642135366e-07,6.885102886474859790e-09,8.401500884681851968e-07,4.553871044024530209e-07,1.176597146469415479e-08,1.235597438366277266e-07,3.299475377212756982e-09,1.757444294084973186e-08,4.972630509314746477e-08,2.852297955631859246e-07,1.623921981348654469e-06,4.185913231499979250e-06,5.071574464599374043e-07,2.897614600148512115e-07,6.304056123050440192e-09,1.611002885022376807e-06,4.266336855298813417e-06,1.689114046641453381e-08,7.737656238871664575e-08,8.006324911932761313e-06,3.032143127648211027e-06,1.090999968113279587e-05,8.035655340231635753e-06,9.937081317571698112e-06,1.156549401785866976e-05,9.513256237655602233e-06,8.200130292502994252e-06,8.356035001177047181e-06,0.000000000000000000e+00,3.242541710979579818e-06,9.731079622228702152e-06,5.241441154880557995e-06,3.243732617742101672e-06,5.620724646407833731e-06,1.544105202306669748e-06,8.318003551081858628e-06,3.718330185407118505e-06,3.672708207326887191e-06,3.409370437914468482e-08,2.354210205135372711e-06,6.458291946271694997e-06,1.370878090273104185e-06,8.016728118996843405e-07,5.395633467956615339e-08,7.245871680555567346e-07,1.805795036044005019e-08,9.549812588183686670e-07,5.027843444228550878e-07,3.652775436266654876e-08,8.161854121372908438e-07,1.158965383135798587e-06,1.235224124555666104e-07,1.797763428821056214e-07,1.849476253368009122e-08,4.029073892805857957e-08,9.185387998794710294e-08,4.087008052085396791e-07,1.750358416292034656e-06,7.000135428059194142e-07,3.928553533878440149e-07,1.596002107865974316e-08
3.289964834426764070e-07,1.591679348168198760e-07,1.612408132407747973e-06,2.301494580587148735e-08,9.600447445765459088e-07,4.251907860728564836e-07,1.846938107179157959e-07,3.544414664032266069e-07,2.703473538558827099e-07,2.910475819324972105e-07,1.825476096809253833e-06,5.941935922103335629e-08,2.991371787478788446e-07,6.448670642068584098e-09,9.788907831836679185e-09,1.633965882683471630e-07,1.134881653660192086e-07,4.188923579294121303e-07,7.870976705617216174e-07,2.410226529552827077e-07,5.745613319799325112e-07,2.879934432834214815e-07,3.355113350356578537e-07,8.373950170265971231e-08,7.209772324828940713e-08,1.194973690713418216e-06,2.536448704288951779e-06,3.119903331069558363e-08,1.304009046105562575e-08,4.877124592937688893e-06,3.124932485794269921e-06,3.143353928031515980e-06,3.071958578735573010e-06,3.238255339715093451e-06,1.754715235003381996e-06,3.548174519665603753e-06,3.610154930343528989e-06,4.525085571193686317e-06,3.646815993406680275e-06,0.000000000000000000e+00,4.199644370801334045e-06,1.114733485894919656e-06,2.195236644335154537e-06,3.371263049508388245e-06,1.588441288358512586e-06,3.422777475397611454e-06,8.537362167260655831e-07,7.884089710664415587e-07,1.433738436923160103e-07,9.956769583763847108e-07,8.594776885389281488e-07,1.406894828000241733e-06,9.824586331266963181e-07,9.105211824466553783e-08,4.366117791392700949e-07,5.146991571302056721e-09,2.352125944560255315e-07,2.682404987082560007e-07,3.665621842854654982e-08,1.616301330995270113e-06,1.960084113926760721e-06,6.953989413809740485e-07,2.519994839021815789e-07,6.336816502398203295e-07,2.437595621558817096e-08,3.350427308914259220e-08,2.812497339996106247e-07,9.856097483309359131e-07,4.897054475928014181e-07,4.850009846773293516e-07,1.037323938864242822e-07
2.127379990047470954e-07,2.868558158207184147e-08,1.089249092563050624e-06,5.751838182173019207e-08,3.225247402934042135e-06,4.849214694640173132e-07,4.929221451884751489e-07,8.490177426084973817e-07,2.631443805810024168e-07,1.213992589449514934e-06,5.412148895779720981e-07,5.479918456073307044e-09,4.945934616118717114e-07,4.467324694785737610e-07,1.345802110419325485e-06,5.326025670111495863e-07,2.477073874645596041e-08,5.728274837171694589e-07,1.047708741911316172e-06,1.950386870444995176e-07,1.803374619217019060e-06,6.059890280622391014e-06,7.203696664948580260e-07,2.792540790170616150e-07,1.852730425690267293e-08,2.757502235881669418e-06,4.794032549245419733e-06,9.351072504913260045e-07,1.548414734718043051e-08,1.190529500595778987e-05,7.545229068388000568e-06,1.352457715433219785e-05,6.434301451696835193e-06,1.261363882089968836e-05,9.353990304348741374e-06,1.288656100078538206e-05,1.441181781042212971e-05,1.497044445881716823e-05,9.064614655498712573e-06,4.442551463369747927e-06,0.000000000000000000e+00,8.189242037168308205e-06,6.532038406512934433e-06,8.874761704828609268e-06,4.189113852369836719e-06,1.371369140820010968e-05,6.741165151746154968e-06,4.313469785011093014e-06,3.668301631687557163e-08,2.471672543117727855e-06,5.697141680012835566e-06,2.129165132648773474e-06,1.468787144896584561e-06,1.568703258729924049e-07,4.646067960249274918e-07,1.016826671355205147e-07,1.283183807901439011e-06,4.504831013696648390e-07,3.787748910236620278e-07,1.681720932937071113e-06,1.888042712457908236e-06,1.572311735601868071e-07,8.277256419677172267e-07,6.724530334477569753e-07,1.272686143474012747e-07,1.614979572864300163e-10,2.633777128589492501e-07,3.341491998163629071e-06,1.988258666228522153e-06,3.677439931807112649e-07,8.110839095400995734e-07
3.045437333770724277e-07,4.854074332380919312e-08,7.959368822533871906e-07,1.977057314207325979e-09,1.553940691413330660e-06,6.827687691408564440e-07,4.562854738300210923e-07,5.719627583619819587e-07,1.083965711763462709e-07,4.026091475564586183e-07,4.277861326888615540e-07,2.356151167128575879e-07,7.352969143223000620e-07,8.763275149515276774e-09,7.664970676139459140e-09,1.403046466047755167e-08,5.044492919370070530e-08,1.890517396608179656e-07,2.331965085421686592e-08,4.604296999859394892e-07,6.785062633843374961e-07,1.484879081584339861e-06,5.890182789566356390e-07,2.560820100313436465e-07,7.047766265339040821e-09,1.017988404787130466e-06,1.212438048957622187e-06,2.550304535894019836e-08,3.820380542156212035e-08,3.241508938067790408e-06,2.158285557994055171e-06,3.408215460492282847e-06,1.809191534814484828e-06,2.876463478091585206e-06,8.235373019152191092e-06,1.022351315962886989e-05,6.687001246441825260e-06,6.262277525778967767e-06,4.360132370809635048e-06,1.801099330681424989e-06,8.650814697925023178e-06,0.000000000000000000e+00,2.116800627295475215e-06,3.272034669515943915e-06,3.055693959154008724e-07,6.360663807760078703e-06,1.899824284089450706e-06,2.630056550807434328e-06,5.426470718121656512e-07,1.573455169705956812e-06,1.061743247094124210e-06,9.526111070562475905e-07,3.995066327893061369e-07,4.315981544194451046e-08,6.212289350530177107e-07,3.044833930243104713e-09,8.167286713753387004e-07,2.678025893924662813e-07,2.789104321660669829e-07,7.712329764308252037e-07,7.271165805664280814e-07,1.199515815247053620e-07,5.149415395807388795e-08,7.113731327628790882e-07,2.253910248024589939e-07,1.048011376946548639e-08,2.778039859442414286e-07,4.983770762903490515e-07,1.444880792394724255e-07,3.359540339601547855e-07,2.295429595737332302e-07
2.783118723202087585e-08,3.795444281048496338e-08,1.287689422818063288e-06,5.178579734985143047e-08,3.360990769369684948e-06,9.902691605918388704e-07,1.698881680428165820e-07,5.543880733481838789e-07,1.640568012663001349e-07,1.092113575806495116e-07,1.137072616677783129e-06,6.692738253518529751e-08,9.154582872344657604e-07,1.703215528428681566e-08,3.245125074452728066e-08,9.337269148141180009e-08,1.820131016420491864e-08,3.348334954508068828e-07,7.413060745210606931e-07,5.123594104411411056e-07,1.261471877439215447e-06,1.704304783822970879e-06,4.148503435259199636e-07,2.489697319794494116e-07,1.380855531100747965e-08,1.561414471842045905e-06,1.599899914669813358e-06,3.432843066118897093e-07,2.257954549031680544e-08,3.911694399977144698e-06,1.111931486397650174e-06,7.009751160257628530e-06,5.515919636308073154e-06,6.165369351544384448e-06,1.825787412957374602e-05,1.301349720078092712e-05,6.108211737435285078e-06,1.131082827298837505e-05,8.527232753059338873e-06,2.071669020804491842e-06,9.972757516000329590e-06,7.033232366000265698e-06,0.000000000000000000e+00,1.502709028671317993e-05,4.249914384163692761e-06,2.030777667521792122e-05,7.199367877878420064e-06,3.383669583821873302e-06,4.041866693427314559e-07,1.478179551005678858e-06,3.196926163392825060e-06,3.938060095906982042e-07,1.335097272595463938e-06,1.147365520522939015e-07,1.410559877610240364e-06,1.907903629229327566e-07,4.272233100617793800e-07,6.772801259884315095e-07,2.177430468263429775e-07,8.032428167931509406e-07,6.613151422190003702e-07,5.027926129490571822e-07,7.084410672972392291e-08,2.113092559358995164e-07,4.168236648473931343e-08,2.459647051927084008e-08,7.620420347405743322e-07,8.062325234728743877e-07,6.765899004275493101e-07,6.793361348266877176e-08,7.030000076479750239e-07
3.911736378648421188e-07,5.389526748926012988e-09,1.145057797240849332e-06,1.901591724659073931e-07,3.156897889490045906e-06,1.334878331235666145e-06,6.281428983112830621e-07,1.939774394165943193e-06,1.817322886339500980e-07,7.755834676429206558e-07,6.532472925723113369e-07,4.702913414752534100e-07,5.302866583931119274e-07,8.364330378419545461e-08,2.820405964761296019e-07,1.843673321399105852e-07,7.780449304723448929e-08,1.393232580394929831e-07,3.808099073819397027e-08,2.267221884453799596e-07,9.773570013196523788e-07,2.673575401121239355e-06,9.131230538847825294e-07,6.153756933866405656e-07,3.687696597504126995e-08,1.405804841172407667e-06,1.050775985422141511e-06,1.729498550970067133e-07,2.037472256208207022e-08,4.005173697020436345e-06,1.984617040203984594e-06,5.538720838235334132e-06,3.761068880648699397e-06,4.682317334696124319e-06,2.392299990574426867e-05,1.559838578786933429e-05,8.785887105962298190e-06,9.081642874647011935e-06,6.565705590225932312e-06,2.596571299515943455e-06,1.002312527833711426e-05,4.438826310811386100e-06,8.850753863932155587e-06,0.000000000000000000e+00,1.858024503712373436e-06,2.798529208061170816e-05,2.753524490782973630e-06,5.839024007030896235e-06,3.898146471518997322e-07,2.174796196091306007e-06,4.929588320338348342e-06,2.086061681471127815e-06,1.679664002517063910e-06,3.771696539126064731e-07,6.384338525764996008e-07,5.590781173930560897e-09,2.529349985684412176e-07,7.698124333079459422e-07,6.641129800698247037e-08,1.120056073927141599e-06,1.204420261785240810e-06,1.061664622202478914e-06,2.064276207921943123e-07,1.062398044672394536e-06,1.432691957056004447e-07,4.351945500160644124e-08,5.385135918669967454e-07,1.363619012479572578e-06,3.864318356143370479e-07,1.378391672198559161e-07,4.517164785507162649e-08
2.638208935922651362e-08,2.386502666900233682e-07,7.755922881409824799e-08,1.526670985200031593e-08,4.579091085247278010e-07,9.753490079455748609e-07,5.522181349132803586e-07,3.943530998198263013e-07,2.010000092848152184e-07,2.510488138259038132e-07,4.487388634334078448e-07,1.195500089867653365e-07,7.141724436570634317e-07,2.417094699550645861e-08,1.463000475788268118e-07,8.611143589190134025e-08,6.656006744941957491e-08,2.501818527308053914e-07,1.479164714259100568e-07,1.886056987876777798e-07,4.663529834647724954e-07,5.407075257965380816e-07,1.476533200702607598e-06,5.318535709647577893e-07,1.385107865680501059e-07,1.940887721951189415e-07,2.218888665911308997e-07,1.299892641167854799e-07,4.406643964770425386e-08,1.716643907040861223e-06,7.528694240203752380e-07,2.499532046231220459e-06,7.600509262021517223e-07,1.301695899753365518e-06,5.842147112449990646e-06,3.954265217071812213e-06,2.849584403880415853e-06,3.577656033817731250e-06,1.939965818711707519e-06,7.894034155376808593e-07,3.698258997256894126e-06,3.827706354907968256e-06,2.450917682117821107e-06,4.097565765954609269e-06,0.000000000000000000e+00,1.092450969140973003e-05,2.004601576726345618e-06,2.481529399164024440e-06,6.284659470600017267e-07,1.554283672254408196e-06,1.408176568550996248e-06,5.122110553857164844e-07,1.441686161413248090e-06,2.295438584735063415e-07,3.972457180655371809e-07,7.610834251110567294e-10,1.764474851904875760e-07,6.126422856463151918e-08,6.825631112774982914e-08,5.352559241981258513e-07,6.122942220757325290e-07,1.753676187608887466e-07,2.875651723962417841e-07,6.979302908595320532e-08,2.826204821359536323e-07,6.908009864706628784e-08,5.542725963456440163e-07,3.305148762866717551e-07,3.138170118944970709e-07,5.776757275424425792e-07,1.213496615171766910e-07
7.642662642240013047e-07,3.150634000625585336e-07,9.990197843580254401e-07,2.716368676662209861e-07,4.484780586934916338e-06,1.011474382881804713e-06,9.602677613800956453e-07,1.620387509156353265e-06,2.150835553114184617e-07,8.867601230979756694e-07,6.937662698569078324e-07,2.927061774089081009e-07,6.754999750254577298e-07,3.209438636050658076e-07,2.506878094395758708e-07,3.697318928029589613e-07,3.068794062410963561e-08,1.358175186966036375e-06,3.688328774295844673e-07,6.855764086218847294e-07,2.271431130583212705e-06,2.222271247737496635e-06,2.506155742199411887e-06,1.255438269079151938e-06,2.504003456730477209e-07,2.419432765964250691e-06,2.016053785572842899e-06,1.890991508552341911e-07,4.442719030415453530e-08,4.416659533993543446e-06,3.120969047846972713e-06,5.696848668972637101e-06,3.560954495424321658e-06,4.181685102094019472e-06,2.437209973675614618e-05,1.761639897241205918e-05,9.758852348806632235e-06,8.496153363837515246e-06,1.248712561688311063e-05,3.454044949258172026e-06,1.038621597023160071e-05,1.779236820260238162e-05,1.970412229736760281e-05,3.508497332329744604e-05,1.265018179406019551e-05,0.000000000000000000e+00,1.272465335086490353e-06,1.026846870500810643e-05,4.877103400573019180e-07,4.866028249006708460e-06,4.937348389342588639e-06,4.330633080854117766e-06,2.373080390031183522e-06,1.519862242299665472e-07,1.065018422721720865e-06,1.533746423081533460e-07,9.832294965123998977e-07,4.681036102259421034e-07,1.024977788704391256e-07,1.940584236144299359e-06,3.147614836284427495e-06,9.984390718625323836e-07,6.524890869957310714e-07,2.072452989745431023e-06,1.861218728032791588e-07,6.676383639665800068e-08,5.868639266121227088e-07,1.676980199784058436e-06,9.481357508043801337e-07,1.294037775966713661e-07,6.172197429249580274e-09
5.000159662342364940e-09,1.671755708138851230e-07,3.758757283245576835e-07,2.255298642280415898e-07,2.437766980579830317e-06,8.674422238030845447e-07,3.772440558647107373e-07,1.059544879191344571e-06,1.005015865456907615e-07,6.419033450816202617e-08,2.432655527972734595e-07,3.381600376786189684e-08,5.535831002490213140e-07,6.890510685650191001e-08,8.878200559893633405e-08,6.617839029439966539e-08,2.154136790027635767e-07,2.951265416240763217e-07,6.399671272846942189e-07,3.320171626479210511e-08,9.831133169280143577e-07,1.140758574439078819e-06,3.888592918609799518e-07,2.486106420999319415e-07,1.060575278959572532e-08,1.170413091541541832e-06,1.559537026514068437e-06,1.752735214772646527e-07,5.997252091488720448e-08,3.662289826864080555e-06,1.413411294081391592e-06,3.021376323935870791e-06,2.127891905957150360e-06,2.901729631210562771e-06,7.659160186288626975e-06,7.291126300226189626e-06,5.830033566089373072e-06,4.604513642017398757e-06,4.341691747444071528e-06,1.408527685470408105e-06,5.860865783067719589e-06,2.729681079199054826e-06,4.196700665115751462e-06,6.720207467571526724e-06,3.707658634905795186e-06,8.679265724611319589e-07,0.000000000000000000e+00,2.135518185159996829e-06,4.338948450904650002e-08,1.257952852979385797e-06,1.650339902344680584e-06,9.805989344075303451e-07,6.503090095899477635e-07,1.533575806507232424e-07,4.123585290418887229e-07,1.730151689792249242e-07,7.813224691570077681e-08,1.979792107593240318e-07,6.142734220706191019e-08,6.788449320762930051e-07,1.312750855086272506e-06,8.241598212847369299e-07,1.696053660325773834e-07,3.225505527894011733e-07,2.792112189287287932e-07,7.492422775546908865e-08,1.326117427198649399e-07,8.129875225444902885e-07,2.540678588532012630e-07,5.503794905845658078e-09,2.487456716769659902e-08
5.947832631226689666e-07,1.640185748684988298e-06,4.441907993648495380e-07,7.256155122877925006e-07,4.893059441519126951e-07,7.568193419922433673e-07,8.088524678811028845e-07,4.444666062386023312e-07,8.559156619368547435e-07,1.781469401829496693e-06,1.707763642609362083e-06,1.582914240132960885e-07,1.018200260613366166e-07,1.291335109159596479e-06,5.396431875646375892e-08,9.553957728794375766e-07,8.009257939989491516e-07,7.023457486354235438e-07,5.109102646838003761e-09,1.690215284279222872e-07,6.152366240747150921e-06,4.266769624673492297e-06,1.672813758239283878e-06,5.950086224561649315e-08,4.016510613425634676e-08,5.686711526820821938e-07,7.130200757643898176e-07,3.946414475239156595e-07,7.256673948544716522e-08,1.134412803743246697e-06,1.366309534186202631e-06,2.119941197110764027e-06,2.921631511472330313e-06,2.462379223950357035e-06,6.207970650540056081e-06,2.038662463141936418e-06,3.888851721183989785e-06,4.262350562567167407e-06,4.760613903868993898e-06,2.233896630841938219e-06,2.612087625551206531e-06,4.160282035306176104e-06,3.174947881912242018e-06,5.170420785186110067e-06,2.503506831864169848e-06,7.501515012771003183e-06,2.173516210625680540e-06,0.000000000000000000e+00,4.125206305206265773e-07,2.522670454348916098e-05,1.936232538622700448e-05,1.584063205318524878e-06,2.454997661822775709e-05,1.046560695425449299e-06,4.040176924844930846e-07,3.927001978524388067e-07,1.053146290405135945e-09,1.559106488809561330e-06,3.523852092754785458e-07,9.625346863953942736e-07,4.352853850285433858e-07,1.775845563818390748e-06,2.272348287540446324e-07,1.192689851303932108e-06,1.932759990422763270e-07,4.180726900471180420e-09,2.272663494300767574e-07,2.468592878980714297e-07,4.600271110752794439e-07,1.573134735495006825e-07,7.593278611778151190e-07
1.861777950320357377e-08,5.150559357731498423e-07,1.587433372804649295e-07,1.740659581825731590e-07,2.416395069754146009e-07,8.948405404318639679e-07,1.633874575284798660e-07,1.174301178666275863e-07,5.027486255974297685e-07,5.647473526289850682e-07,1.456994258749926244e-06,3.794328050703690101e-08,6.768623410787331509e-08,3.116770203622555423e-07,3.027876005884054156e-07,2.693431621068773307e-07,2.127170869428399762e-07,6.307861723996550093e-07,9.468279272056285635e-08,7.544483791287581189e-08,6.650680202103134399e-07,2.112719547267826768e-07,2.960568505650965225e-07,3.255728661661566333e-08,2.711550592447273241e-07,2.538187585820739741e-07,1.548102815739898731e-07,4.604513407020231838e-08,2.011418127143473835e-09,1.054877763927709413e-06,6.609880802766266288e-07,5.501071148777478513e-07,4.348236087847058647e-07,2.787070093228395554e-07,1.077427358470801855e-06,6.124394733560205384e-07,5.801713366878988182e-07,3.411761324044761652e-07,1.129617082514629137e-06,8.548109935658977803e-08,5.860976163195002139e-07,1.634832591327887417e-07,5.328505282767647529e-07,9.877490067947824308e-07,4.954118805640293441e-07,6.566698784643004721e-07,4.038170057621483482e-07,1.629344113144843740e-06,0.000000000000000000e+00,1.243480308590880622e-06,5.944511738884643985e-07,1.835950766611490659e-06,5.801578644004314467e-07,5.409262232219674430e-07,1.548258590602395633e-06,1.231556828184560961e-08,3.888202777261238339e-08,4.295411969429400172e-07,4.585561312999332207e-08,5.858262975012916340e-07,1.675479722556103668e-07,3.263486090349279766e-07,1.123702638174581376e-07,2.459196558024031389e-07,2.185095081447036721e-07,6.465369488175160140e-09,4.838945771228142257e-07,9.646597281347189785e-07,4.508849607317438132e-08,4.090154385436618908e-08,5.709474173639604764e-08
6.303432996865303097e-08,3.716911695567878638e-07,6.262384129072030292e-07,3.265814314240973857e-07,1.558503603835911861e-06,4.958334174748915308e-07,1.580475824997211221e-07,4.395391073280723449e-07,4.103567519982987345e-07,8.506595660751223289e-07,1.875361292028515213e-06,4.086992711078696089e-08,1.119035217699179595e-07,1.334873647861155246e-06,1.618704657401765767e-08,1.480229491809682150e-06,7.860214646174765467e-08,7.056864029820467028e-07,5.380751805889945476e-08,3.164341848674361368e-07,2.445698188739027027e-05,5.209666763490316979e-06,2.004503820639325562e-06,2.789008014654838161e-07,2.724403226352283087e-07,5.007371371664055118e-07,3.746494505735185439e-07,2.798669091841645385e-07,2.417624206500185293e-08,2.339002974187816806e-06,7.585564049228804757e-07,2.475638579716093021e-06,1.616135065890023797e-06,1.356687296215466063e-06,3.932529054435675399e-06,1.967108606496278155e-06,1.428588466669856369e-06,3.119277630939018074e-06,2.652970632404269379e-06,7.379721650572307359e-07,3.996162441545546371e-06,1.711403165753943158e-06,2.546242848869909477e-06,2.531135921401796821e-06,8.656325603970648771e-07,4.999907746398755284e-06,8.094676908517684369e-07,2.370573464036755573e-05,4.328519338474343736e-07,0.000000000000000000e+00,1.263473130517721864e-05,3.533996953235986157e-06,1.944009801882773142e-05,7.593590593230486444e-07,5.938906089660418851e-07,1.281137883985250876e-07,1.047957597980105119e-07,3.105796390626258903e-07,3.978566781461264285e-07,9.213559226550173180e-07,1.222768768516453366e-07,1.410880919394753184e-06,3.457859174965494942e-07,1.178541792083841233e-06,1.147214823928739981e-07,6.516732751569029338e-08,3.336218190525063943e-08,1.788413814580410933e-06,1.009723976756854314e-07,2.474561362454272996e-07,1.202401931493323738e-08
2.973032817795418242e-07,1.909176672930821868e-07,1.993491210442753347e-08,6.517395688710006504e-08,4.860753241040576276e-07,1.064175911806003182e-06,4.313041859271023809e-07,5.142035410972901174e-07,5.254939429876062524e-07,2.341435005405258381e-07,6.421829970557005851e-07,3.471414176543577559e-07,8.595242443144417640e-08,4.668665759964157451e-07,1.837111420238255631e-07,3.575979840395925089e-06,2.128310102341939078e-08,3.860358285550444260e-07,1.407252019968334759e-07,6.014305756542409701e-07,7.488867719347770441e-06,7.480748800678637929e-06,4.904831631074537736e-07,1.654251399247516301e-08,1.410560389727269405e-07,9.272842384324258806e-07,7.986833939150251044e-07,1.190476954898743851e-07,1.289967060846637117e-09,2.169647265187214379e-06,1.185851746070703562e-06,4.241105407553669610e-06,3.831828703267407383e-06,2.671929111145875619e-06,5.922789165873500868e-06,3.683657399077222439e-06,4.030147742949281187e-06,6.716435278083640313e-06,1.607798270727523965e-06,1.388313330946324669e-06,4.594960395008828263e-06,2.526383457946942695e-06,2.851806776838672701e-06,3.799486302399631703e-06,1.594667167749063388e-06,4.161760096917510108e-06,2.001780356967120980e-06,1.901438448118805523e-05,6.477744593619535217e-08,1.189538645912502690e-05,0.000000000000000000e+00,8.936117191059149665e-07,7.586210296242004482e-06,7.986055141114428097e-07,2.890553895700757504e-07,1.747823671202605178e-08,2.368971014990311246e-08,5.343265858315918485e-07,4.982640737000144122e-08,7.921638604738357302e-07,2.409484831397953894e-08,1.630569392539871312e-06,4.183136220667310570e-07,4.941748514990079725e-07,6.459597385146930831e-08,3.819523813810900196e-08,6.628685566273447967e-08,1.549799662055707252e-07,1.300872912143579552e-07,2.482139706920502424e-07,1.080542249866697841e-07
9.106183696510154384e-09,6.431724099720803270e-07,1.430040649803298979e-06,7.659724085470010883e-07,4.871734187976718678e-06,6.218387652027691345e-07,5.350885160441234542e-07,4.474457732978889597e-07,4.776101333392434775e-07,1.558059393018482191e-06,2.698496110806292940e-06,3.232589911258614629e-07,5.381235678748897691e-07,1.711078169321838660e-07,4.026919764572377909e-06,1.132321761361545637e-06,3.163869486711030223e-07,7.419961269749243955e-06,2.632159159837780541e-06,5.853859278852941913e-07,8.241421631726614505e-07,1.855701743139023250e-06,2.364907605355371786e-06,7.904502132106398547e-07,7.398882063086593292e-07,2.499737842623186514e-06,8.009255946216617438e-07,5.761787120952096679e-08,1.774990514952921329e-07,3.729799890370967904e-06,2.652226353221118353e-06,1.683674249774758533e-06,2.355805598596349460e-06,2.757403024304363521e-06,5.517867503247038957e-07,8.165762834549610763e-07,2.279919800889264540e-06,1.947941968191425002e-06,1.144309052738909201e-06,9.466751754984415385e-07,1.832761779983489111e-06,1.385870741021509339e-06,6.271254017792706534e-07,3.281219597021596233e-06,6.908481427116709997e-07,2.113956437619731501e-06,7.906713663339130973e-07,2.055223340664314595e-06,1.984193806511766054e-06,1.359229232702843583e-06,1.933950501495891568e-06,0.000000000000000000e+00,1.028114897178024397e-06,4.989737604673896119e-07,1.126352913601115251e-06,2.680257923955106864e-08,9.997404386303842381e-07,9.207190812664965798e-07,8.834670456955579231e-07,1.456303533608858230e-06,1.303917885916485092e-06,1.363070764058929307e-06,1.307170039956494069e-07,1.598838453528610699e-05,4.515008782582798886e-08,1.976440788231277034e-07,7.654300407332101737e-07,3.352813466936706463e-06,7.544304481484060456e-07,5.760480211554717272e-07,1.410155018110405983e-07
2.851041785022741083e-11,2.896133706180395019e-07,6.142525304041719653e-08,2.044905435776881542e-07,1.239231037331072743e-07,5.221871621132239211e-07,2.103547016275530330e-07,2.112109074516503864e-07,2.314059528682924805e-07,6.366818965304633331e-07,5.664098178449451423e-07,1.437084009877925389e-07,4.298444252767029535e-07,1.700878552382202027e-06,2.986105826143954860e-08,7.987403990889258423e-07,7.883140245481757237e-08,3.723389623103482174e-07,4.187234418655120778e-08,1.441090137763845805e-07,2.521353165365456125e-06,3.110465873546145130e-06,6.790383121218225439e-07,3.787598627197436819e-08,2.085338536672873967e-08,4.245657189981185062e-07,4.097299084228747277e-07,1.623760296625463956e-08,6.924889131111726516e-10,6.346668902625395554e-07,5.505000624134006497e-07,7.377209643346081572e-07,1.440578753950946025e-06,1.187445906318119668e-06,2.901352089639767827e-06,3.053571506855001254e-07,1.126508573532961818e-06,2.268800361217410196e-06,8.089477640092546186e-07,2.593644613812441267e-07,9.432021198255153317e-07,6.129535738673135996e-07,1.605901259782620500e-06,1.830571007620297328e-06,7.454495567775951703e-07,2.992453506928569025e-06,6.389076946507597377e-07,2.304329767087375208e-05,2.678248432358809582e-08,1.650739460894937109e-05,6.490570041758279367e-06,9.091493341306624861e-07,0.000000000000000000e+00,2.061446089637788678e-07,1.750751683493435967e-07,2.625154182973879600e-08,6.217201591830673166e-10,5.796039535606916278e-07,1.468202605874055738e-07,5.379353628573065258e-07,3.045222151350356032e-09,6.998508055573319218e-07,2.248549241195730204e-07,8.269965343434020931e-08,2.442717833244173367e-07,3.739335032702158374e-09,3.912474383138840299e-07,2.367142643877704816e-07,3.691637338294471606e-07,1.155235764397077862e-08,7.324293412372793061e-08
1.577596191615817707e-09,1.085771899865179431e-07,4.915970591849151170e-10,3.280616124435940249e-07,1.259030208856834500e-08,4.833190262498149804e-07,3.486509985311395889e-07,6.504769181365109290e-08,2.891999640577771205e-07,5.122040567634238502e-07,1.021059329698313669e-06,1.228715175424021121e-07,1.054734717026941478e-07,2.263534461039647630e-07,1.170575503982826579e-07,1.350980213166338659e-07,6.579219479205618125e-08,1.119191324274117957e-06,4.201577845113289417e-07,8.546800171141231673e-08,7.072967408301189900e-07,2.105531880631856269e-07,1.050797463686139854e-06,2.612560315046608008e-08,4.002822874960747645e-07,1.078065660977542670e-07,7.455783947051418864e-07,3.583735744009590267e-08,1.418719880381151038e-07,7.983992186625713775e-08,1.612422103251026963e-08,2.478395657518355080e-08,2.174203877183032407e-08,1.592298582502714401e-07,2.972146535266536836e-08,2.200718948696259360e-07,4.197039086295182955e-08,3.492027347673540351e-08,1.895581084174273163e-07,3.639672596469869055e-07,2.696384185843023354e-07,3.173975670843305194e-08,2.432845034396984505e-08,3.226340907823306262e-07,2.256781568244539351e-07,4.247810620009374640e-07,1.188326317933937497e-08,1.238516166755352924e-06,2.131373888699975086e-07,1.292645827863626562e-06,3.740815597393918044e-07,8.599823833334928232e-07,1.798985619394939363e-07,0.000000000000000000e+00,2.019445868833380034e-07,1.732019513550792545e-08,3.564271345904797194e-08,3.361440207925111987e-07,8.509541812770300457e-08,2.437102477420228309e-07,7.072417147591761447e-08,3.883713474501117651e-07,2.797287657741971177e-08,8.875501246721184233e-07,1.190097873105773487e-07,1.158215692961649390e-07,2.947370703125392657e-08,3.853857903765611624e-07,7.206955778301971990e-08,3.345961509409040125e-08,6.419966205567216419e-08
4.280251369531919438e-07,1.217815556889864976e-07,2.232775090765830694e-07,5.580588517499808882e-07,1.671867019052618045e-06,2.620058224034312445e-07,5.318427856098769776e-07,8.575983599088884078e-07,4.834955939414101091e-07,6.500166430018024250e-07,1.242130923469224045e-06,2.017261747441610193e-07,1.018549102743807474e-06,8.519028245493869711e-08,6.244895316487728637e-08,3.342523715314368786e-07,2.684280405900950114e-08,2.037684349248895105e-08,8.539613755994890142e-07,3.763548146389855132e-09,2.699770867265360556e-07,3.580304864260079680e-07,5.058109938754709699e-07,3.047817286371008887e-07,4.072340441761615512e-07,1.910221942832715250e-06,2.120366071640065862e-06,5.181422817820189817e-08,9.267354834475503700e-08,2.091859165316431849e-06,1.865638432526458133e-06,2.245803532914210555e-06,1.066157937001846155e-06,4.158104973802174384e-07,8.120939889456573628e-07,6.522323963113429150e-07,6.964966002779323397e-07,8.650261167307513678e-07,1.375624730285995312e-06,4.497983854085225965e-07,5.995901821141277463e-07,1.089421961767627252e-06,1.139344081330269545e-06,9.365293763733777302e-07,7.550094090795852132e-07,1.717175555074110510e-06,9.430455101294480571e-07,2.476306679220027919e-06,1.992250366536890583e-07,1.355512767881065697e-06,2.161029056724567427e-07,4.794284903664297624e-07,4.207603607812622676e-07,9.422561653840689647e-07,0.000000000000000000e+00,4.272725118676750039e-10,1.709901998846314743e-07,4.296173274715568967e-07,2.093204082540697778e-07,6.152635489984544574e-07,9.662965825746915849e-07,8.061704481382062987e-07,2.181261810082166153e-07,1.418257754864349478e-07,1.911874064297727851e-07,3.677608612116222934e-07,6.021856754303066095e-08,1.172471474252800652e-06,1.074833698551788302e-06,1.894284256387595103e-07,1.826886358825968250e-08
6.741915414843317274e-08,8.323834617299479017e-07,1.994377752593408451e-10,1.244114071045616204e-07,1.017905337657899324e-08,3.067423149836197452e-07,2.472402773526308618e-07,2.330342776561204160e-08,1.728005487838276546e-07,5.854122050031604425e-07,7.255862061350848434e-08,4.793839855517031824e-08,7.029338503894399394e-08,5.307026764704862772e-07,3.350895808538138000e-09,3.025680767940997914e-07,2.685384331675361038e-07,3.342599641712336446e-07,7.051326706311363581e-08,4.077570059507698611e-08,5.603519780784853716e-07,1.345779973705197842e-07,1.447440864082531350e-07,2.477313068763958306e-09,7.671540185428816280e-08,1.882279020104884036e-08,1.917824864306941571e-07,9.050083467812751435e-08,3.401347636338439480e-08,1.503826200256517066e-07,1.266377043415290250e-08,5.200260164221626560e-08,6.270611616523369791e-08,2.519058808613889785e-08,7.427682227474531423e-08,1.281610970016299691e-07,3.014916169166862870e-07,8.803604848459834588e-08,1.338779798578080064e-08,4.881718695386655206e-08,5.362896159839288501e-08,1.058369472371772883e-07,9.018446291444459752e-08,4.347532703801836994e-07,1.775628940225347152e-08,3.202312021274164354e-07,1.729368996474939941e-07,1.814789267606735525e-06,2.416053701301631732e-08,4.673333363246059692e-07,1.491713388427768860e-07,1.141922345557610769e-07,5.031414678867419233e-07,1.552289436959829100e-07,3.507573873726390655e-07,0.000000000000000000e+00,2.284603606274597727e-10,1.960991812038367675e-07,3.237793822219657115e-07,3.117552697984534614e-07,1.489613981339932230e-09,1.791623119140207230e-07,2.431187598796865114e-08,7.207213868263573324e-08,3.822792408070085247e-07,1.321803336781506737e-09,6.724860468590904468e-08,2.899416721312192352e-09,1.552762074094294456e-07,1.719566418300228090e-07,1.494769937639701536e-07
1.728616341264048960e-07,1.381409012346360336e-10,6.485800142714880880e-07,3.342789123249083557e-09,2.981796012393629252e-06,6.323419910605129130e-07,1.928080638836762331e-07,2.634894374133659036e-07,1.030466526937636369e-07,5.237687661422791497e-07,4.538637069204940625e-07,2.317037243925182237e-08,1.381172459071051187e-06,1.780928200899303624e-08,2.811370695332378892e-07,2.800543029549022932e-08,1.474539212360922718e-07,9.715091942382915272e-08,4.996661277591574147e-07,5.652964174346776934e-08,2.725382454217191395e-07,3.828037090735848965e-07,1.002967375319325168e-06,2.102112455328157696e-08,2.126584802805119722e-07,1.181618731205774920e-06,1.061493988150633717e-06,4.840202564817359511e-07,7.826207014153892301e-09,2.751578559412241076e-06,2.238967866333993328e-06,1.042642205326836638e-06,5.987647231765133311e-07,2.034632508689401539e-06,4.598675017268532545e-07,1.911424790824293458e-06,2.418726033656028834e-06,6.721347270368911092e-07,9.072410124414772593e-07,5.464280885480903530e-07,1.193282355900074701e-06,1.025751261659576408e-06,4.329873386303803355e-07,3.844195289868123680e-07,1.214364751864226927e-07,1.489615642626545071e-06,3.926001634698356405e-07,3.979651755969395642e-07,7.145174213812441928e-08,2.002654463577513303e-07,2.295382731692947924e-07,1.434588069466413842e-06,3.230917123184272463e-07,5.876036436801564724e-08,4.333553202552646823e-07,4.582478142148597822e-08,0.000000000000000000e+00,3.787168250773748347e-07,1.578950867291432322e-08,3.075864982476954812e-07,1.498349625296562788e-06,2.145185169908111599e-07,1.138726955165613575e-07,2.575318515452039218e-07,1.643199595117083680e-08,1.760735505541534926e-07,5.445656163108922638e-07,6.137796641514874814e-07,4.090188421648001866e-07,5.389337966083235793e-08,1.370461345272923710e-08
1.599752813244671556e-07,1.731386225906191805e-06,1.342783038767668944e-07,1.421387918405930444e-07,6.177143644597575643e-07,4.533740534992579223e-07,1.226525239417937491e-07,1.137067373503185325e-07,2.552816806188168071e-07,1.083737630302151708e-06,8.715786488405989899e-09,5.436924056894480350e-08,5.517265013973271058e-07,1.453287541471759698e-07,1.397663931311966736e-07,2.247781230794451315e-08,1.547742264492604049e-07,2.642496159743940721e-07,1.314469988281247549e-07,2.491502393537637474e-10,2.757660182241507473e-07,2.372311865668933716e-07,5.786344182818733604e-08,2.558660672604230866e-07,5.464005649187961232e-08,1.112767044360115053e-06,1.422559148065328667e-06,1.257168447324555714e-07,1.758798977009404442e-07,1.422782819258812817e-06,5.141036438340572075e-07,3.671188279130292028e-07,9.118241335538911286e-07,6.563851883317773308e-07,1.017497995762353824e-06,9.650801644262063552e-07,1.531240343747148882e-06,1.042181003683767100e-06,3.578920525799645339e-07,4.660902081191614951e-08,1.537634494160924277e-06,5.822692168610021619e-07,6.255540350744604551e-07,8.791367892515763242e-07,6.369489212847658854e-08,4.355838098153876243e-07,5.590824426304506643e-07,8.448343774911833129e-07,1.704431577668955241e-08,2.753458208366055663e-07,1.971867861813639372e-07,3.831980992202422013e-07,4.754751966951656678e-07,1.225830610492658610e-07,2.654493505556993623e-07,4.525611280592955748e-07,4.299295865932805303e-07,0.000000000000000000e+00,7.714593857118696167e-08,7.468662411639985353e-07,5.844289596690812597e-07,1.918963606139104175e-07,3.658343051718409489e-07,5.912505678918951696e-08,1.353589648757334309e-07,3.828610509380180491e-08,5.437182478073784592e-07,7.251461344397754928e-07,6.079857623062887142e-08,1.550187505451969450e-08,2.912657071044619048e-07
1.898478431579925030e-10,5.446027623662145424e-08,1.756149313981991509e-07,1.311508503355094123e-08,7.069938933998040675e-09,4.216322817289268422e-08,4.372220307002629283e-08,4.004172426994167395e-07,1.067080428233438827e-07,9.312666112974122619e-09,1.023647587853635483e-07,3.052912383840505421e-08,3.615353142706294109e-08,2.058950963748039422e-08,1.480638267822419734e-08,3.257793287899369118e-08,4.841285302815967346e-07,3.720826401561842745e-07,2.553655062993813205e-10,2.967835935445185366e-08,1.805714595864549674e-07,6.925100997603122983e-08,5.486054303333230218e-08,1.480018232214762894e-08,1.970156513493916477e-08,3.980207061007355836e-08,3.720777543007505748e-07,6.145546106976907959e-08,1.389745991016724483e-07,3.184569539035212757e-07,3.391340963942149458e-08,2.774608219822772467e-08,3.731624185674027785e-08,2.988274737259354674e-08,1.790529817588277793e-08,6.888978566764237160e-08,1.293018996109685504e-07,9.151231946520072082e-07,4.426225880289392976e-07,4.317735888917725525e-08,1.155330405760705013e-08,2.354485347836119475e-08,6.491428917791053317e-08,1.211618471486064356e-07,7.043930541290171572e-08,2.489864483708410704e-07,5.918113972286925318e-08,8.831962428181000957e-07,1.842757106043136267e-07,2.548437374497027365e-07,1.111569151026179920e-07,1.979546957008984889e-07,2.875370717486273679e-07,4.969396092685315327e-07,1.525411256523488492e-07,5.295810119108347207e-08,6.615403197133636032e-08,1.584320491672364823e-07,0.000000000000000000e+00,1.070427264153556682e-07,1.926164464516317063e-07,3.855350786895611275e-08,9.305534247518787722e-09,1.158879157847595931e-06,4.893469730885084470e-08,4.407617214654866321e-08,1.033048904027470361e-08,2.737798647554102306e-07,2.389904734261913241e-08,3.000240376634857803e-08,2.225130838752772861e-08
9.418107068401475033e-08,4.522253134054078738e-07,2.216947677458085953e-06,4.503506625623638335e-07,2.134948329936450367e-06,1.731480239347660925e-06,1.504475675609352660e-06,1.351569214263039550e-06,1.118636796464760746e-07,2.768636996604931876e-07,2.203305151131670306e-06,3.105184126517452137e-08,5.249561189784640954e-07,1.161625263967991259e-08,6.527351114370995638e-09,1.815383995931519064e-07,8.032713648539905193e-08,4.389722612770914915e-07,3.998256478859762263e-07,4.553481958380360559e-07,3.023505725258298625e-07,1.938106607039025622e-07,1.365181654968126277e-06,1.567158158582126596e-08,6.401801909287732745e-07,7.513707395664259317e-07,2.826947376434486718e-06,1.054635388050419793e-07,1.838713707645112765e-07,3.362543866340018170e-06,3.156086068251977919e-06,1.845576633433986861e-06,2.553369551640859794e-06,2.491631609700715832e-06,1.592611345013148043e-06,1.454874875421188886e-06,3.851821767950776683e-06,9.688168344537600157e-07,8.079000618079906951e-07,1.671313995609805741e-06,1.481160717221569648e-06,8.408829916431119822e-07,9.381930616517463234e-07,2.796872976148855108e-06,2.431084041912638431e-07,4.737079935352994721e-06,9.143001136023749591e-07,1.891584509728086069e-06,1.206851936605632123e-06,1.519221848387034607e-06,7.599192475526635469e-07,2.469018962638227847e-06,3.475524625759629183e-07,5.024505912138459372e-07,1.210915600498878233e-06,4.048810321794300311e-09,1.431665401011838716e-06,1.129784199245636307e-06,1.555714025117893898e-07,0.000000000000000000e+00,3.173277877224872502e-07,2.980340752285766463e-07,7.084927607826363076e-08,8.405148524078240486e-07,2.259671199899715133e-07,3.016381532585293480e-07,9.297452411721506245e-07,1.383668880683022132e-06,1.486538263682974174e-06,6.987075642117576996e-08,7.539304415501500303e-09
8.563065561375188961e-10,3.612790025571119884e-07,6.933941695226792818e-07,2.752904504695630606e-08,1.753796276414090359e-06,3.556058391147254111e-07,1.490238205884345631e-07,1.008819226598494265e-06,2.528580253550012869e-07,4.827255577433019162e-07,1.219663220463483232e-06,1.198922774499569546e-06,1.251616413411267681e-06,1.346787677187850681e-08,4.087785142017609132e-07,2.230272189713966267e-07,5.690597042668369908e-08,1.371690632722210558e-07,3.857964862589134992e-07,4.769509269580161968e-07,7.018053791429777074e-07,5.144420617411909971e-07,1.546367930057893701e-06,2.585557748644559154e-07,2.225195611451345219e-07,5.952751365821661205e-07,3.073401098891332603e-07,3.765160216596300094e-08,3.814128441914487214e-08,2.467757318675704733e-06,7.399713755393413863e-07,1.617816306915598846e-06,1.969624720642751947e-06,2.261938198145989694e-06,2.037700834051787009e-06,1.677251603976428988e-06,1.282772254062163710e-06,1.767607579902381775e-06,1.951728695611233267e-06,2.406926724708179414e-06,2.075617658561213513e-06,1.129854788475988762e-06,1.766833201460131608e-06,1.641578152271826034e-06,4.326802501369904144e-07,1.486831071553851181e-06,8.063187553261540267e-07,1.441222963896831323e-06,2.531146747094227594e-08,7.612535141461465940e-07,3.713527173001075410e-07,1.981634516820931694e-06,2.755309434130035365e-07,2.556116903845909554e-07,4.224865562985724111e-07,6.716504308818861035e-10,1.180661171589383575e-06,2.101138891489628593e-07,3.190868823359057508e-08,1.012551233547437470e-06,0.000000000000000000e+00,4.164082586157194081e-07,8.523937421245343241e-07,8.473054197195781929e-07,1.215807132304765000e-07,1.143082296345317207e-07,3.531678311340566211e-07,9.292421343549241559e-07,2.960829613658334596e-07,9.808349274194970453e-07,2.576858844990310257e-09
4.763020845903954499e-07,4.724234475427117984e-07,9.532297197067018337e-10,2.225898018379588184e-07,4.025602713808369218e-07,7.898700829822484673e-07,1.990893244547889045e-07,3.707756452549089211e-07,1.109573402265449334e-06,8.111530967090259370e-07,4.440467511002940238e-07,3.139750605970047395e-07,1.499993879035316724e-08,5.533266142655813357e-08,1.949471260153148312e-08,1.123200224143532609e-07,2.680845596667952116e-07,4.398972516458930052e-07,7.359037514417837118e-08,1.912905701848685049e-07,5.194461451591158287e-07,2.995042256805845429e-07,3.739457703979191297e-07,2.956741162452916906e-08,2.163919114229012542e-07,1.419801717407796683e-07,2.232395978333009812e-07,8.055382398917183987e-08,4.832647508856611698e-07,5.976024066013100098e-07,9.809982395253388079e-07,6.390695919173105990e-07,6.149179336162750958e-07,6.403953357408472648e-07,1.836922838397980904e-07,9.317246764947045663e-07,5.087799736610955454e-07,5.806206921118369259e-07,2.319768751864059152e-07,2.818418677249321792e-07,2.937190364007430493e-07,3.368815587153076475e-07,2.337505147247665972e-07,1.980376884691058740e-06,1.046021353763029358e-07,1.241924817280124433e-06,2.788883416131797453e-07,3.593257925577133648e-06,3.013724504298435961e-07,1.894942579528039742e-06,9.135546698400392284e-07,1.120897290650986379e-06,1.065401967933025465e-06,3.012652062280985852e-07,8.449236823489204927e-07,1.084511558515250435e-08,3.754472082997358436e-08,3.439258645999328050e-07,3.308733424287591815e-07,1.055142562343209161e-06,3.205029195409020502e-07,0.000000000000000000e+00,1.245079329790231901e-07,3.426888015655317100e-07,3.890652812248040368e-07,3.537793869077222408e-08,4.464490043268527603e-08,2.742274276551201877e-07,4.129277480285530729e-08,6.591589040287300141e-10,5.162680593757494965e-09
1.083907994535291257e-06,3.192866934936135094e-09,1.629914611920574530e-07,1.075095476460813643e-08,1.096310993978657794e-06,6.964361299203678900e-07,4.851596951830630271e-07,2.611556669837729621e-07,5.460973937253646244e-07,5.231993000815133968e-07,2.826371988668994121e-07,9.424719387402235059e-08,1.238085245074034280e-07,4.154656956646727373e-07,2.148681949284732372e-07,1.781930545461788057e-07,5.031809137049522228e-08,1.449680381725865467e-07,2.332290569835148580e-07,3.262625925527073155e-09,6.428863258801182309e-07,2.804905641039328750e-07,5.815595303557085382e-07,9.797355666072732766e-08,1.376480544634930937e-07,8.444410051513394851e-07,5.012163885513655199e-07,3.132660704446704696e-07,1.851683153680131892e-08,1.336918970681054359e-06,4.419891653593422841e-07,6.417301204148931769e-07,4.976736023663580276e-07,7.514924873788121756e-07,6.793248316181520178e-07,5.282915861326989976e-07,1.585234744024668900e-06,7.450390848281622896e-07,6.091050567146949996e-07,6.392168117037709313e-07,1.085523349825408323e-06,5.811630065649523372e-07,6.004929883659193833e-07,1.108189989692323900e-06,2.804340925437692626e-07,1.161805769629141242e-06,4.602786525555836505e-07,2.234738750678267698e-06,2.079469471464440247e-07,1.542040289446793732e-06,8.518022127075014426e-07,1.161994712992832236e-06,5.539904950600906831e-07,4.102544465126284611e-07,2.662553500144874100e-07,3.765614347552804116e-08,7.772635051342300741e-07,1.434590158662945981e-07,1.555700208467767752e-07,4.672286139351180013e-07,3.409394025702019161e-08,8.943307672241141891e-07,0.000000000000000000e+00,1.079049934638196911e-07,1.881106516025187691e-07,5.464766311338332325e-07,6.182568169719306515e-08,1.734857497649805545e-06,1.610337134229182855e-07,1.849927408487586155e-09,4.852455112510131872e-07
3.395732527676376576e-08,1.272235653379845096e-10,7.681488967481276877e-07,8.806274205311892138e-08,1.422368280296342793e-06,7.304503889145124200e-07,6.976915665292481145e-07,8.266707395059794828e-07,4.979071281664098405e-07,5.379728020629736097e-07,1.738076596926490934e-07,4.339988673788568613e-08,5.878648951402847958e-07,1.013891638808891730e-08,2.628943191052234844e-06,8.216516762282670616e-07,6.989848167066990559e-09,7.962138140908206767e-06,6.635851707835352056e-07,1.093989257335118761e-07,6.478932896783157165e-07,5.181375798935202449e-07,2.242721136062266821e-06,8.143733364976715981e-07,1.241917112517150823e-08,6.792494752556868467e-07,1.188166899189724162e-06,4.424858772815841651e-08,1.446157681175700242e-08,9.956691884258865650e-07,3.380363697398564775e-07,5.628916015732848861e-07,6.861175583952647895e-07,1.082368141937839065e-06,4.252177823745178871e-07,1.928185063397821935e-07,5.590134765770368912e-07,8.571410349330490667e-08,6.483303888836956175e-07,6.039724942914814232e-07,1.237051548936751716e-06,3.091517573851489580e-07,3.349416170923450633e-07,9.097047625653481858e-07,9.742015782481099347e-08,2.526646030738377236e-06,3.775021854877354119e-07,9.601716487150597054e-07,1.467184757773294266e-06,1.479836893027594322e-06,8.019302185343182613e-07,1.403948208911958977e-05,6.474859918016627381e-07,4.895209100589112185e-07,2.789041017985286540e-07,1.128180814551062903e-07,5.919535647131084633e-08,1.771194525561744439e-07,5.583077970840981199e-07,5.437766273173759492e-07,7.430504213213079642e-08,8.316216119967424725e-07,4.679730604229851957e-08,0.000000000000000000e+00,4.009288262488625089e-08,2.576512898603453388e-07,2.617534137433453850e-08,1.206387253109098511e-06,7.759503005781876408e-07,3.002814972335713637e-07,8.208979249145038451e-08
5.149875178064347114e-08,5.503396854075329740e-07,1.287940751661555537e-08,2.587792719320455622e-07,9.034697593854520593e-08,7.363950975085637483e-08,2.894791637068745146e-07,1.079795991783374163e-08,2.275538323625891291e-07,7.116870635620144096e-08,1.206363660812384303e-08,1.634323523962770954e-07,1.905519751749644093e-07,1.103359763276002181e-07,7.791428833689675815e-08,7.308478268131486597e-09,4.114739745152756926e-07,5.708132501744115063e-09,6.866223189955834757e-08,2.791783554809324473e-08,7.073033119610468979e-07,1.045182999617934271e-07,3.484734123625919732e-07,7.640037501190399554e-08,3.552803323173584587e-08,1.600168994923723911e-07,1.443252911505448734e-07,1.200932359894492496e-07,1.177165673978213905e-08,3.388823157034453062e-07,1.368622680687114096e-07,4.494256524599270041e-07,1.645136298311975513e-07,2.482902979966915729e-07,2.097888519270465271e-07,2.778814229655179482e-07,6.360354244811528771e-08,4.049028692114685357e-08,1.938639038843648262e-07,2.648138796814306633e-08,4.152649722888034115e-07,5.853584559387914730e-08,5.022690304791865483e-08,3.283286207581554736e-07,1.836668929829201118e-08,1.925755200983324213e-07,2.979375016167212153e-07,6.133378269865509338e-07,1.399356908078115435e-08,1.900864115938969997e-07,5.093873790837999396e-07,9.024248683892755441e-08,2.554170593118831616e-07,2.064920279744792309e-08,1.943218198476011639e-07,3.842426667374352494e-08,1.291647069565912570e-08,6.208035156593127304e-08,5.483840026846837597e-08,1.211119472183150419e-08,7.526771353314715446e-09,1.089486023172513238e-07,3.793641988429632303e-08,3.873146360298051711e-08,0.000000000000000000e+00,2.438260966854239378e-07,5.076608080683579283e-08,3.673963737826599185e-07,1.334300315936309156e-08,1.585971632223911039e-07,1.173686623681691059e-07
8.794288146805018426e-08,3.256386107343616006e-08,2.127817021655642198e-07,2.164034638343286914e-07,1.224904644995423618e-07,5.879950412690954142e-07,5.391863521448916572e-07,1.814412759258283012e-07,6.697700375676570992e-07,6.520170975014947923e-07,9.672877723724893949e-09,5.818370338486581897e-08,8.551957743953941701e-09,1.935652762302393461e-08,1.638710463784682243e-07,1.444062606057023481e-07,9.494647582128866248e-08,2.696357526766477372e-07,4.037820607863357456e-08,3.865540087384195114e-07,4.940305251767799411e-07,4.322583881943172558e-07,5.001005703185578033e-07,1.582061519488561799e-07,1.170662454245511074e-08,5.443600285340006796e-07,1.037127218109932082e-07,1.109096143636763037e-07,1.702630186496482307e-07,3.790752805793397859e-07,3.065917073404204695e-07,2.832101714320600097e-07,1.526111870036527825e-07,4.494981323783974589e-07,5.325516762034086417e-07,3.424965681065308516e-07,5.887261913077644501e-07,2.350838300877186605e-07,1.048940469765401234e-07,4.662853574328348889e-08,1.955707131549569378e-07,1.788686901185272780e-07,2.217788997329340303e-07,1.242810115025091806e-06,6.570343008959414324e-08,5.876671414749496105e-07,1.086002523147093548e-07,1.516848358732726175e-06,5.437449429989807625e-07,6.511567923697354652e-07,3.704699382588324053e-07,3.994026832967698859e-07,4.809586547711090179e-07,2.091162178184042636e-07,3.489027282741803334e-07,4.328671161680624522e-09,5.164499529378406730e-09,2.269986566927154055e-07,1.768052979062107645e-07,2.914605872710242346e-07,4.658454883792906171e-08,4.453171101746455595e-07,8.097569628710085430e-07,4.281785982081916025e-07,1.886944165105540413e-07,0.000000000000000000e+00,2.437537680279243525e-07,3.238737496292590774e-07,6.212581927082968105e-08,1.825798624670685045e-10,1.900737246916885505e-07
5.202032566543044455e-09,1.592626007426887531e-09,2.948928008320365943e-08,2.928923038875407168e-08,8.104097880211895225e-07,7.390916871905255175e-07,3.363385625713278301e-07,4.296830060729839112e-08,4.697203416201205428e-08,6.586318309601540748e-07,2.699996366646845005e-07,4.036850555498703825e-08,4.136344279558888012e-07,2.338585227428930353e-08,2.349632844678725009e-07,2.950092287761815113e-08,7.536295409830190889e-08,5.081514932402984530e-07,1.268738630654258880e-08,2.838297148585664549e-07,4.289031143300616635e-08,5.852277882999303595e-08,4.851726116096947303e-07,2.403554660256223366e-08,2.271476894271120229e-07,1.005646368964750637e-06,5.205135160129179301e-07,5.215547308328459533e-08,6.810240915824843713e-08,2.806765924585171035e-06,1.250951528648862071e-06,9.182792077251884455e-07,7.121433406936382606e-07,1.875763008622884487e-06,4.805269376653956076e-07,1.109708012534685753e-07,5.954588166238026611e-07,3.317949746218189295e-07,1.333140434683217594e-07,3.499728183312916402e-07,3.032009626650583583e-07,6.320257796537826616e-07,3.429352564035887353e-08,9.243260783110055434e-07,3.955392916811774136e-07,3.929566608008923630e-07,2.985979899601585892e-07,5.501442968338519444e-07,1.055023901586576777e-08,5.635631652007109072e-07,1.514021502091554994e-07,1.196407531572027867e-07,1.180879252983176960e-07,5.902183104066327886e-08,2.597080189169597499e-07,6.636641135200865072e-08,3.942227518262425954e-08,5.707944972117293834e-07,1.128021506287179290e-08,7.839043480692341649e-07,1.248403806744193854e-06,5.131557590438106272e-08,3.461662662567255117e-07,1.595212826625042787e-08,1.334506074590377024e-08,2.555613251782251377e-07,0.000000000000000000e+00,5.237722634940710766e-07,1.738902129959643735e-07,2.358191425766657028e-08,2.772908939486454352e-08
2.477312020065552159e-07,1.761035914229138082e-07,1.212154783460624138e-06,2.989462558314141701e-07,3.490129536938363259e-06,1.364822195114818687e-06,9.922271622593556256e-07,9.724528747178622745e-07,2.147076695714767808e-07,7.056890114866975351e-07,1.161623226057038773e-06,1.167644607752033757e-07,3.624584810337480425e-07,4.085670636314050919e-07,3.208748233242496777e-07,3.533014661706953414e-07,3.788334336937609563e-08,1.037189232290915271e-06,1.060457618588171893e-06,4.943592800814551051e-07,5.457904853792902676e-07,8.920899110816649191e-07,9.440562086794053983e-07,1.324161044244497379e-07,2.046705602404381757e-07,1.379400242260845604e-06,9.747999460145909727e-07,1.946840997963540792e-07,3.563348006546569385e-08,3.050130778679559577e-06,6.291551489264129366e-07,2.617291932793919190e-06,1.122644226774089835e-06,2.198236585865387750e-06,7.124938047332923351e-07,1.300949397290910338e-06,1.078032879916623520e-06,1.370624799750316520e-06,7.926767280239479680e-07,6.703796409054845892e-07,2.378676846774360335e-06,1.484346319857158923e-06,9.965218483723808423e-07,1.873799873482151932e-06,6.827973392849153426e-07,2.094094633600297654e-06,1.427758559358300266e-06,1.581029405451937422e-06,1.013425827662943140e-06,2.306103632234523812e-06,4.623599335196662945e-07,2.314887663042476046e-06,4.035106352342724440e-07,5.740273114112320595e-07,1.575102945621419956e-06,2.179258086375131344e-07,8.063198834890069789e-07,8.333213709247299495e-07,1.729874129263460136e-07,1.310140411612946829e-06,9.119049019958257163e-07,2.660866976646349950e-07,1.170746187026781286e-06,1.742200740808019199e-06,1.545218640154296004e-07,8.692851268818966632e-08,7.402183706060304315e-07,0.000000000000000000e+00,2.814354829482221832e-07,5.682235351944056557e-07,2.403067667177616183e-07
4.139067456280415023e-07,6.054896976526486964e-07,4.287341201210375416e-10,4.057699950406712877e-07,6.868474179179859193e-07,6.042724473491051384e-07,5.095358721722789075e-08,1.686866375539329590e-07,1.873664056228931783e-07,3.158426946250522202e-07,6.051645663119881155e-07,9.529440752319929479e-08,4.218203820984301094e-07,1.766311927946138734e-08,2.545570694769957845e-07,2.406680788489670013e-07,1.679696168160583334e-08,5.548685119249357222e-07,6.287060993871174630e-07,3.356818156162364853e-08,1.482160498184477303e-07,3.589351940821652597e-07,5.912967533025068402e-07,4.480137273097443513e-07,2.365135263379027746e-07,5.419386886700153428e-07,9.585565126882615200e-07,8.225332385804871245e-08,2.958088874086596935e-08,1.810184627266668077e-06,4.765001574217836020e-07,1.242532919757266563e-06,5.602340539198691180e-07,8.348737259772818623e-07,7.015646067599531388e-08,2.051473745364530282e-07,6.734048970394457527e-07,3.375036074626795247e-07,8.188010930104996558e-07,5.291706151356656413e-07,1.191841006420750971e-06,5.078809607721225253e-07,2.888877002971395379e-07,4.626020384925537428e-07,4.387669457508226435e-07,1.371119537906568696e-06,4.343377620465007239e-07,7.995449890816416580e-07,7.471033409222514836e-09,3.915058574509633018e-07,2.505179637611078258e-07,1.432501718664977755e-06,4.405076978138992970e-08,5.080565259466419095e-07,9.233974050495666012e-07,1.550471285972377295e-07,5.007750694927786966e-07,5.835540533923169605e-07,6.535506265793021315e-08,1.121048838420832719e-06,4.254203021270913553e-07,1.438330754212480886e-07,9.066162540406267889e-08,2.060136421329079127e-08,3.732448559803797641e-07,6.177453764415739632e-08,3.521765279262397615e-07,4.730333028319072235e-07,0.000000000000000000e+00,4.288246962054786002e-11,1.647152229576848722e-07
5.205829143907261633e-08,1.021844311425293566e-06,1.792625603899664256e-07,7.797728791920313837e-08,1.414316969411194677e-06,6.400273034495373836e-07,1.134932729813766111e-07,9.955720412852582032e-07,2.772609554615045837e-07,4.320632774608005823e-08,1.984086188812107572e-07,2.632252054165445243e-07,1.161703950170715032e-07,1.733344145850534141e-07,5.680801888174970497e-08,8.969472730899389930e-08,2.578525093648912837e-08,7.582940505093753561e-07,8.268942859276420562e-09,2.626697575940183040e-07,1.305752612521888235e-06,1.623182286369291424e-07,9.425014178335832626e-07,2.096897877320534543e-07,1.788948835105552108e-07,2.046010990098021385e-07,3.363168431301571666e-07,8.364272725307725070e-08,2.280872965550445682e-08,1.153440537726619828e-06,2.138627683079180950e-06,3.676227996387585515e-07,7.393329335070061708e-07,9.534575704915153147e-07,1.836241308329475557e-07,2.062768449935920717e-07,2.859134052275732029e-07,6.035316041510214220e-07,4.518851098715055137e-08,5.500007809910206061e-07,1.020086975091718696e-06,5.809951977506010740e-08,4.730344665360443065e-08,9.824206093849432458e-07,6.285219385885282938e-07,9.359204079467317159e-07,6.463817805809529986e-08,1.863047744225352870e-06,4.238480742879133562e-07,1.024615754342668108e-06,1.785747844773209923e-07,1.940272891035280935e-06,5.769864663108458174e-07,2.653292720404980882e-07,3.525597340953854552e-07,2.615806954320251994e-09,2.633485571485238315e-07,2.236139016081491334e-07,4.440754045066037428e-08,9.884987091170459965e-07,2.245948111617701842e-06,1.516353537504534078e-07,2.869378891209097107e-08,4.286383585414296321e-07,1.590321642937455504e-07,4.599599802138280719e-08,2.935114983888829576e-07,7.842589223136685989e-07,4.548943498370135986e-08,0.000000000000000000e+00,1.404263942555821874e-10
1.330644143981398422e-07,2.391363186418809787e-07,4.576609335956884201e-08,1.894898246799845586e-07,2.116513360763254775e-06,8.521375578935018477e-07,5.380237039322550318e-08,2.020056991614195675e-08,2.610000232430359328e-08,6.853894127553415872e-07,2.662548281981481650e-09,8.576074884699383339e-08,1.048064170895371855e-08,4.794717301170314125e-08,2.197053799075756721e-08,1.281227213797581252e-07,1.704870975809181621e-07,5.349426602628061451e-08,4.544758176310178907e-08,1.180710474530940807e-07,1.106513244322724941e-06,6.017290794961791386e-08,1.901702822849112898e-07,1.248186730985343162e-07,4.904879375661690651e-08,5.185960693414129671e-07,5.899683062238601977e-07,2.435890520052453458e-08,1.765381202768202942e-07,1.580179405616996657e-06,1.021782170676151268e-06,5.286541531738023093e-07,4.311421766794705472e-07,8.474610586166874387e-07,2.500133415419864684e-07,8.530667462049645064e-07,5.833804154883071851e-07,4.353839172553205519e-07,3.293468340175151832e-07,1.051972446414658568e-07,5.571323721751759840e-07,2.712801496655946675e-07,6.318048215819346348e-08,5.233249770327244878e-07,1.257593988186342346e-08,2.390620775297785981e-07,7.062192938831389010e-07,5.789033452492225436e-07,3.775832441984510567e-08,1.848333545951363190e-07,1.958589338157240177e-07,2.239183425802090491e-07,2.446894294619958530e-07,6.396588715578210971e-08,1.930380162371998669e-07,1.497593927881902868e-07,2.963631351376136627e-07,7.646060678003870968e-07,1.917643080161645068e-08,1.908147981318170541e-07,2.845747963866048887e-07,1.704620654785719267e-07,2.225664570830522085e-08,1.773265247222203701e-07,1.129445535769874911e-07,1.958061628249560974e-07,3.606471596235256962e-08,4.901681749423211311e-07,6.902925443633584627e-09,1.768356200330936724e-11,0.000000000000000000e+00
