0.000000000000000000e+00,1.576000066770836648e-08,3.873814003795514021e-08,4.771982841640520645e-08,8.096338001394864457e-08,7.380149050553809538e-07,4.544702460784237215e-07,2.262981030505541579e-08,2.952881407362971224e-07,5.329037648355729185e-07,3.424580889534174366e-07,7.138757963172077049e-09,3.664025163114063360e-07,1.484183957546244348e-07,1.457938575743662644e-07,2.327649446241087934e-07,5.618324687004352361e-08,3.045864572205317133e-07,1.549630579281217714e-07,2.274228634461103532e-07,1.865094302857678109e-07,1.580755275244019327e-08,3.059892246469507617e-08,7.465963613506935669e-07,4.289012403574165973e-07,1.870572119617911181e-07,2.337936843376572709e-07,5.039873200579176988e-07,5.099752861595493666e-07,2.796179824776455289e-07,2.893066093482116933e-08,1.214664866005523153e-07,3.625171168980759601e-07,1.229413315436985847e-09,2.318341377024959174e-08,1.920452477120787540e-07,1.226543321522412258e-10,1.655988166927501777e-07,1.482694847066412310e-06,1.096224756086117839e-06,2.246158201295754765e-06,2.102604258082906296e-06,4.250330982623575000e-08,3.192097210299043440e-07,3.086782194951995286e-07,3.101564005028770384e-07,6.254439409623440086e-07,3.738974171466300655e-06,7.806359128961682976e-07,1.266413165098123131e-08,6.014310502374497553e-08,3.312054294903803028e-07,1.795430835228217942e-08,6.018970319228770843e-08,1.403978170430537670e-07,7.500267282694369347e-07,8.803791016883935540e-06,1.412126434248442136e-06,6.393287198440171461e-06,1.384755603479421341e-06,7.827024037589430783e-07,4.328675595752681407e-08,3.199578917135065018e-07,3.095067959446872078e-07,3.127508562705979359e-07,1.156003057071773760e-06,6.265859752010579991e-07,7.806359128961682976e-07,1.266413165098123131e-08,6.014310502374497553e-08,3.336788393302812059e-07,1.755928384742362084e-08,2.022871017401438472e-08,1.404598064874412952e-07,6.134169073909910964e-07,8.150924091370339325e-06,1.412126434248442136e-06,1.386825821980972539e-06,6.346872650431381233e-07
7.814739071911521292e-08,0.000000000000000000e+00,3.033336532578657806e-08,3.413590382921402856e-08,2.591052881012518855e-07,9.926841107969753637e-08,9.499959117023889427e-07,5.490911739919667651e-07,4.229730480014990635e-07,1.165466418418298879e-07,1.391901837865823430e-07,1.372198996491147372e-08,3.329541934526493795e-09,4.187375792605401434e-08,9.652583803920793243e-08,2.637657876044799500e-08,2.222670305756708456e-08,1.516605230152530176e-11,8.287241505576553157e-09,8.189634932202977460e-07,9.546360638727337694e-08,6.244818028036412124e-07,1.960582563982111757e-07,4.364847411732843666e-08,1.095313416843242669e-07,2.050721948829311471e-09,3.600495013012333325e-08,9.184695536464418718e-08,3.028702890193788096e-09,1.922044644621339571e-07,2.346650389793489395e-08,3.945105114357895089e-07,2.493823311472413905e-07,1.436036057296871632e-07,3.455652252970741282e-07,8.027391882397219901e-08,8.134319538170150141e-11,6.812719685359654580e-09,2.595695401227060300e-08,1.577714549755640787e-07,1.235822245858785809e-08,6.584180692907736512e-08,2.609545627040761072e-09,8.608684230134665952e-09,5.561129715365620322e-08,1.639102149221140788e-07,2.333558146970875507e-07,2.191847148625418642e-07,2.252042639403030643e-08,2.545330199261248717e-09,8.474024202158882851e-07,7.564460371964036451e-07,5.845175365670969005e-08,1.389473867472180957e-10,9.268675496522421471e-08,5.396677724690074159e-07,7.750319620900131282e-07,6.485572127970301340e-08,3.362186234467939550e-07,9.210763353286639808e-10,7.676832075490583130e-08,2.437306047534945645e-09,8.744596383942887683e-09,5.597438807514648014e-08,1.613492199967471834e-07,3.276475912498615197e-08,2.340205634429923597e-07,2.252042639403030643e-08,2.545330199261248717e-09,8.474024202158882851e-07,7.544457775692121390e-07,5.812112883838356549e-08,7.314849306000632147e-11,9.277751501150240263e-08,4.436274789086914594e-07,5.452221892051563635e-07,6.485572127970301340e-08,9.032907914920399482e-10,2.198516252220077773e-07
3.868834378812202636e-08,2.981969876784595594e-08,0.000000000000000000e+00,2.907210922261696315e-08,4.909091272935896559e-08,1.972653564398930889e-08,5.082911277926083599e-08,5.199060942196454706e-08,7.737305376224759397e-09,3.884070777402139993e-07,3.421691636979304595e-07,2.289994258575711798e-07,6.367805847395836574e-08,7.798477165185349074e-09,1.621436532912337942e-08,8.017135340429544356e-09,8.359451725474166157e-08,2.026474582805848470e-07,1.246657068845080225e-08,5.746779010894123388e-07,3.072960529912514575e-10,2.348156642438861189e-07,2.988630877145925618e-07,2.491995525795610228e-11,1.195341795230077238e-07,3.897107322426263230e-08,1.890457783272074771e-07,1.683997815758485982e-07,6.058465545964621607e-08,2.384909565288388139e-07,2.359940883076328675e-08,2.619073553939216003e-07,8.175960338334423284e-07,3.388428503189127592e-08,1.834171553356102433e-07,1.161270188814483366e-07,7.454692077345780013e-11,9.180723495206475936e-09,3.627853942037305124e-09,6.589517164091357456e-08,1.722537238377270226e-07,4.583030074420131156e-09,1.099973481142855439e-07,1.402240491900276773e-07,4.524344953010364977e-08,2.534756710629038997e-08,6.540779836710799116e-08,3.882439337262934968e-07,1.504554611407876665e-08,2.378750218187473186e-09,9.896267654435216905e-08,9.630838919229397501e-08,5.776759146501072861e-08,6.583739702049035732e-09,8.806979487527465046e-10,3.525262771240998446e-07,1.705057814293688671e-07,4.578028010357228066e-09,8.029404776771914050e-08,4.424347260733145823e-07,3.564499696063252408e-08,1.107837659224103852e-07,1.397467947337484128e-07,4.555526362213073217e-08,2.457419874688036959e-08,1.578708598968819638e-07,6.574496919942264864e-08,1.504554611407876665e-08,2.378750218187473186e-09,9.896267654435216905e-08,9.493445405882702126e-08,5.720091847255651563e-08,7.435200998009846911e-09,9.099662800544097539e-10,2.821360558828210359e-07,2.139303915247508863e-07,4.578028010357228066e-09,4.434255074045010617e-07,1.024221612574341516e-08
4.251101508513854470e-09,2.312133267595539572e-08,2.117382499609476652e-08,0.000000000000000000e+00,3.325327768013583221e-07,3.087914874359792881e-07,1.644613206901139020e-08,2.593980063869209707e-07,5.893381305434438994e-08,6.878491252386059097e-08,2.108163194437643387e-06,6.698305691910775661e-07,5.530463567137084349e-07,1.749147670896546080e-06,3.724527845702774691e-08,8.139103941629201834e-07,5.399052070495149514e-07,1.107032018450966742e-06,6.990803215393079788e-07,1.744145543637990235e-07,8.811661828113142451e-08,5.577291101871711926e-08,3.173558056717478715e-06,4.949950246020337237e-07,2.000075216949215360e-07,4.720178649181248938e-07,1.385416397016626496e-07,6.676051735927580707e-08,5.008544019082835059e-07,1.410325451556081235e-09,2.715408380346780556e-08,2.652015121836293823e-07,3.472169633558985246e-07,4.745422276752501489e-10,4.126637190998019035e-07,2.614616428285308234e-07,9.862957458635451155e-11,8.277530413119287771e-10,4.256311289455088348e-07,3.202271033812457998e-07,3.667780143337086953e-07,7.703699602068090723e-08,5.645702067334085449e-08,5.679807195967982871e-07,6.478173347782943216e-08,3.241777597739806491e-07,3.536007769683172118e-07,5.592432139109996368e-06,3.780180649756381824e-07,8.706693122375628237e-07,1.356646313309429614e-08,5.305565425745537346e-07,1.190097638182782620e-07,5.386994199702608718e-08,1.798288237084988641e-07,1.035387292352826293e-08,4.461589332884030853e-08,3.765614820479257670e-07,2.225975217823992002e-07,3.109516317898155033e-07,1.039537285535364661e-07,5.542010102841193852e-08,5.671899606594435771e-07,6.428364922636844910e-08,3.205685184641171338e-07,2.633070833939157319e-06,3.530127478554594110e-07,3.780180649756381824e-07,8.706693122375628237e-07,1.356646313309429614e-08,6.008051225012002787e-07,1.180700438517284164e-07,5.065154405152176114e-08,1.797328078198908883e-07,4.403192521358408025e-09,2.546294893528326299e-08,3.765614820479257670e-07,3.097354247749621861e-07,4.251375575912717585e-07
8.072255691849773080e-08,4.184852752871386070e-07,4.900324186157282980e-08,7.987026112581543543e-08,0.000000000000000000e+00,1.417867180761847444e-07,9.850212694072445070e-08,9.285264296663191101e-08,1.301281531083672890e-08,2.838594019772376340e-07,4.453098780792196881e-06,2.261536327043522423e-08,9.958663268089917413e-07,1.578842343127092209e-06,4.362430213114583103e-08,5.898775641434692657e-07,7.641396355870818294e-07,1.756271133381612506e-06,1.000772174883438085e-06,2.904279062489203927e-07,1.918471315885392269e-08,1.247260637255252817e-08,4.518207202351071306e-06,6.075574237800967423e-07,6.136604953672494244e-08,1.791305083883596417e-06,9.021718896958352446e-07,6.723314429384809823e-07,7.813085714840284055e-07,2.228685619861663188e-07,3.004138950839752522e-08,1.742695031561847577e-07,4.465417197305841967e-07,2.494917349674340050e-07,2.478766663237726228e-07,2.914731353186910035e-08,1.556048315231260166e-10,1.083568377998698693e-06,6.727763629363916987e-07,1.599809705224740147e-07,1.046458808682982073e-06,2.282744332938113615e-06,3.334027887699880443e-08,1.074041535752893928e-06,1.761586036711177552e-07,9.840909316078546213e-07,8.089328765076884170e-06,9.700421641065753005e-06,1.929612704175686909e-07,1.164162993247206057e-06,1.229503768320604760e-09,5.900379813853907693e-07,5.675652013606202025e-07,1.521133522215367425e-07,1.995396312994440135e-06,1.603532245257181441e-07,8.247782618506482387e-08,2.278185405955242043e-07,1.645454528807654526e-08,9.103204217939692302e-06,8.667597804754646170e-08,3.238696700690782186e-08,1.072318068162031463e-06,1.751685971836723372e-07,9.751880206208916179e-07,3.109132071828234735e-06,8.082219626423267584e-06,1.929612704175686909e-07,1.164162993247206057e-06,1.229503768320604760e-09,5.850683487545167001e-07,5.651488514750217572e-07,1.450710125103563888e-07,1.995198911443851133e-06,8.197307455707351390e-07,2.872768754835111112e-08,2.278185405955242043e-07,9.099171584815283928e-06,1.351256881656489133e-06
5.488484583127735458e-07,4.647569366816597599e-08,4.197780185143595671e-08,2.406369346129594801e-07,7.783657722277729464e-07,0.000000000000000000e+00,3.337992352200440874e-07,5.344529471147116812e-07,5.062432703921352155e-08,3.364333330233068011e-06,3.398678894961812319e-06,5.962992682179196645e-07,4.382048849818681267e-06,1.585851380930346849e-06,2.082871924383280086e-07,4.059285512954425078e-06,1.234411698399849174e-06,3.478447993905656039e-06,6.624071458353703426e-07,7.347625459043966823e-07,5.575078813837402930e-07,4.816688159921050616e-07,1.203193202157184884e-05,8.380337505057898977e-06,2.016012748518122457e-07,1.309169397936969793e-06,3.359808819172444491e-07,2.214333509440784961e-06,4.947299327353735190e-06,1.691804143441213046e-06,4.399516902326255369e-07,6.313554591181014881e-07,1.152762201551162007e-06,1.921430878210745307e-09,1.171017166517282495e-06,6.252287104624336406e-07,2.008984422551831199e-07,1.266536874223976052e-06,6.843798591192778018e-06,7.051149234189351469e-06,1.079495646673794975e-05,7.160330749083744796e-06,2.000541643730740588e-07,4.324280893619459206e-06,1.326523529969701145e-06,1.465182005950413334e-06,2.574368205916641311e-06,2.656013654089088810e-05,1.599035801417483288e-06,4.359627650752042306e-06,2.948183400915073011e-07,4.437611998875702668e-06,1.720880171672677012e-06,1.340068264167211673e-06,9.207405867127179596e-07,3.221924638837502269e-07,4.058977666113486742e-07,4.148932760919574154e-06,4.676620329962918582e-07,7.821746547502824571e-06,1.556967835641474760e-07,2.172103212584039944e-07,4.311928815170067469e-06,1.317813826960607441e-06,1.434161198578417442e-06,6.397103652536579525e-06,2.608144398043027976e-06,1.599035801417483288e-06,4.359627650752042306e-06,2.948183400915073011e-07,4.392823989707545456e-06,1.733435438916592998e-06,1.357672961546590150e-06,9.739549933029682430e-07,3.321745154402211900e-07,2.361210464908240760e-07,4.148932760919574154e-06,7.893897111385407754e-06,2.251382584572953504e-06
2.456634694413686739e-07,8.896870001039009701e-07,5.445707834703741709e-07,8.018086083175705562e-08,1.116679987676375287e-07,3.729907920821020510e-08,0.000000000000000000e+00,2.723470813244199340e-06,1.820195208035604753e-06,9.114060268718136542e-07,1.952126052328047678e-07,3.190176613750774580e-07,3.026659247421512969e-07,7.110998754544251076e-08,1.895280140749215260e-08,1.885977436601322336e-10,1.094486583817511382e-07,3.847144138902750139e-07,1.248957909236288793e-10,6.190345442577992132e-07,1.086906226165123969e-07,4.946375527832997015e-07,6.468877106336130127e-08,2.219349689033099335e-08,1.135173683155951669e-07,2.884897564674150276e-08,5.502421470603433305e-08,1.078331428463977444e-08,2.519589864224878103e-09,1.465378598354950976e-08,5.189681920209571307e-07,3.763414282540376074e-07,2.639460036766674267e-06,8.700953183237407825e-08,8.120458810966428688e-07,3.202435313351455377e-08,1.692880483277212575e-10,1.695507782693315321e-08,4.278179861134969376e-07,1.236533165196249846e-08,5.179190868175290573e-09,5.588931263123222311e-07,2.329946605205113285e-08,2.554182760989651456e-07,2.340761157048553946e-08,3.727551564842823336e-10,3.587842371039977040e-07,1.039803322568588191e-06,5.799852146465467011e-09,1.593871035460906234e-09,2.595433332643990254e-08,5.610928772951832108e-08,1.970470459080639561e-08,2.884646004753649493e-08,4.927681653591004240e-08,1.446458081648324415e-08,2.549923917426996694e-06,1.700526783734739498e-08,6.941102778781502496e-07,9.051082156610231024e-07,4.193154331418693949e-09,2.248379898183897517e-08,2.563030237111253392e-07,2.378950918843978267e-08,2.774584837937857551e-10,1.104298576342319979e-06,3.600062156393734898e-07,5.799852146465467011e-09,1.593871035460906234e-09,2.595433332643990254e-08,5.745972157051980271e-08,1.937413621535913499e-08,8.542770036351368804e-09,4.932997539633593510e-08,5.577498599818920435e-09,2.326604303928865151e-06,1.700526783734739498e-08,9.072901936693592951e-07,1.931989869178786611e-07
2.374072961008745314e-09,1.414684578770172221e-07,5.051598561173685501e-08,1.691237656245284968e-08,3.289923870083027656e-09,2.667364034506595317e-07,4.491701355669695229e-06,0.000000000000000000e+00,4.050155451349192152e-07,7.603365197324529905e-08,8.602610671179421988e-07,3.956940522032979124e-07,1.973051461338046424e-08,5.826302290213622836e-07,1.539482584130737280e-07,2.311264347097943800e-07,1.659060499205467473e-07,3.153337830069466398e-07,3.784400326293151615e-08,3.436011696661726046e-07,2.940499714662630997e-08,5.790158489465435221e-07,2.567639211290634188e-06,4.241859046079940092e-07,3.153539989850523325e-07,4.519967484179935870e-08,4.640413534436560213e-08,1.800670611832538675e-08,1.572205809183647025e-07,2.297638575591970791e-08,1.087855381390768726e-06,2.551518998335754263e-06,3.261183107101497024e-06,1.097087730591822254e-08,5.319283780469252941e-06,4.182641499853172469e-08,1.783019195336513816e-10,8.711931612691928257e-10,2.258403608642492608e-08,1.557647133774233858e-07,3.838402735884942047e-07,5.481467203886660259e-08,9.110750504678434481e-08,7.875623228407306764e-08,2.094043712107133053e-08,1.649060147607232336e-07,1.917480964041462942e-07,4.361892468005947975e-07,4.057721103336640714e-11,5.571093615712964080e-07,1.034358439211001189e-08,1.264334917189050384e-07,4.457154935064861627e-07,6.612076065032209511e-08,1.018914854833506773e-07,1.153510568455314917e-07,3.098291639794025945e-07,8.890725070269479245e-07,2.396022999163871742e-08,7.952689777333224484e-08,3.984236216133701569e-08,8.939038257296166402e-08,7.838316228390265330e-08,2.058236001175021728e-08,1.613072586311544371e-07,2.771752532767140536e-07,1.927102245834276666e-07,4.057721103336640714e-11,5.571093615712964080e-07,1.034358439211001189e-08,1.241749312349671510e-07,4.439264649915356727e-07,6.149172529510774857e-08,1.018117328794172198e-07,3.042967465910010329e-08,1.185573933297861539e-07,8.890725070269479245e-07,7.884565396982346422e-08,2.626492296881626487e-07
3.347345072090510696e-10,3.078594649429137613e-07,4.497015068561467244e-08,6.670888174573726683e-08,2.333787250925592787e-09,4.137611287869056082e-07,1.396683831680404425e-06,1.758930149377593946e-06,0.000000000000000000e+00,4.504251361118865692e-07,7.205958917064558167e-07,3.979215822260102812e-07,1.260948257728385308e-10,8.678461811485741276e-08,1.630747157190683857e-09,5.160600921949128621e-07,5.064779833195337936e-10,8.132686737084492248e-09,2.064258632122276297e-07,1.906625570709575373e-07,1.321262443911904039e-08,9.425858928335546936e-07,4.575583649119572520e-07,3.924201235362991477e-08,1.408154940983770263e-07,1.298751968400233290e-08,6.662773323881092435e-08,3.428122544177249861e-08,6.932208333008015038e-08,1.766868035266410137e-07,2.465954147575513264e-08,9.723351384449542179e-07,5.469212917186083010e-07,9.332967198689002500e-09,8.919157833673484065e-07,1.429630505350119007e-07,1.415082548839844991e-10,2.183070923146278606e-09,6.554772349971568173e-09,2.120641366861804402e-07,3.312882605441291331e-07,1.086241689779374235e-07,2.444364673002171325e-10,8.682325281562644480e-09,6.394641454277470436e-08,9.741888403637461870e-09,2.666198868045509606e-07,1.693081752523712391e-07,3.045572766412440335e-09,6.356744680107492198e-10,2.172454553826489804e-07,1.415458054411492608e-07,1.507957426044760230e-07,2.476515033100844055e-08,9.263787597202014820e-09,7.662773971075521515e-08,8.399840870602434026e-07,8.328282749854915330e-08,4.819477809689982716e-07,6.149162618121793340e-08,1.598799676707057800e-09,1.771864601621506220e-10,8.677333891937079583e-09,6.333963843926655544e-08,9.044857284543270088e-09,7.907107218692244024e-08,2.667140057955579148e-07,3.045572766412440335e-09,6.356744680107492198e-10,2.172454553826489804e-07,1.392727955555468111e-07,1.495212183197988006e-07,2.238259157758108747e-08,9.254358226611516716e-09,1.342501663182842975e-07,8.747593981542761120e-07,8.328282749854915330e-08,6.197131882627395143e-08,1.478812812908377715e-08
1.945346577719705694e-07,2.373089899071698091e-07,1.394875941977534679e-07,4.300232493253472231e-07,1.173330852183567451e-06,1.267323764740289793e-06,1.668158085894242029e-07,2.077420768514879892e-07,5.314785618737340328e-08,0.000000000000000000e+00,3.564859095216703546e-06,5.579633510154793493e-07,2.131827067351593318e-06,2.341129973957809301e-06,2.117393541807333271e-07,3.189834806481222909e-06,5.140902166782534358e-07,2.765508883845133652e-06,7.828236716465395539e-07,7.345034703873931724e-07,8.121690860207275960e-10,3.365535515434709467e-07,5.906742220679134047e-06,1.954830931027749624e-06,7.579090799231855662e-09,1.291652041883461764e-06,3.397477933795139023e-07,5.281461976871358344e-07,1.317612848885764070e-06,3.507987928941545978e-08,6.218084311632153148e-08,3.072404291165147401e-07,9.666247803651646760e-07,5.153273723920802145e-08,1.130850702051274660e-06,7.171410615107365800e-07,1.018329603499012677e-09,1.549463934349491706e-06,2.099588566329969740e-06,3.263419900117196475e-06,7.075569301627096595e-06,7.837822391701792379e-06,8.850254473394893551e-08,1.989845235413125782e-06,4.932991863556309274e-07,1.726074209241310811e-06,5.775070266110339080e-06,2.664649740062789669e-05,4.039251285909523350e-07,3.905367669739356688e-06,2.134575344573742682e-07,1.450741962545849104e-06,8.368560761586256572e-07,4.857472685389401789e-07,1.165549833047798209e-06,4.507701541578743899e-08,1.021547142970045419e-06,1.162276311589060184e-06,1.917990834040905596e-07,8.039359027601374099e-06,1.314786675590585985e-07,8.470786190280467221e-08,1.984331512152263239e-06,4.889436171410317543e-07,1.826028579490839056e-06,6.776992445259480172e-06,5.914831530835340845e-06,4.039251285909523350e-07,3.905367669739356688e-06,2.134575344573742682e-07,1.475282640157504513e-06,8.294108897108804038e-07,4.560257379798450487e-07,1.165104970486078433e-06,3.007904423790581998e-07,6.228967367666264565e-07,1.162276311589060184e-06,8.020669647631409525e-06,1.425308843229819448e-06
4.196350320222953850e-07,3.814173427962772407e-08,1.023995279856129987e-07,2.468857175747551432e-06,5.790817247588139115e-06,2.541995412608114021e-06,7.017013431281928164e-08,6.326991033346280118e-07,9.092730149281854963e-08,1.671988444667896542e-06,0.000000000000000000e+00,6.991834423810518368e-07,8.254054143606166083e-06,2.960633030262197862e-05,2.046587608334140908e-06,8.196097653185087744e-06,7.439683172409130092e-06,1.268401787030908978e-05,5.133671622591673952e-06,1.286480910951470503e-06,2.428453118405909092e-07,2.858083325276803774e-07,7.032750426590152952e-05,8.770797538909411118e-06,1.397055153778348036e-07,4.768385245053996340e-06,2.883291685458354307e-06,7.661621661675609528e-07,8.222882468672497582e-06,3.834360532165050890e-07,3.145346926777668841e-07,6.268653653707015565e-07,1.474763195073574607e-06,3.820875162200721211e-07,6.283035008792477000e-07,9.617970972193252065e-07,8.088233317168744190e-10,5.850384843141769704e-06,2.001879110248229441e-06,1.863436379733005117e-06,1.049123969120243803e-05,1.050312424024388082e-06,8.755972311281577455e-08,8.905324786689420460e-06,2.097589807460622889e-06,8.857403527909587051e-06,1.213799970027468924e-05,9.926230632876492503e-05,9.698708910956746922e-07,3.866067664359344138e-06,2.405481282192307140e-07,3.296313098553346265e-06,9.900477171708368358e-07,9.109094071274286573e-07,7.729387393417618969e-06,4.730696323536834532e-07,5.688828712988035590e-06,4.394537783933055463e-06,3.234834123458823285e-07,4.238831232313678256e-05,1.763416527974407696e-06,8.416335157055482879e-08,9.096936871681175123e-06,2.089655404035632231e-06,9.161385335898313936e-06,2.052021456730463843e-05,1.221440335926793125e-05,9.698708910956746922e-07,3.866067664359344138e-06,2.405481282192307140e-07,3.335383841461187850e-06,1.014376395372551567e-06,8.725979679982591943e-07,7.728749688431714950e-06,1.295887350771485458e-06,3.798638607722125137e-06,4.394537783933055463e-06,4.236306573406624197e-05,3.505411597053518470e-06
1.133731770114367702e-07,4.047749532538573606e-08,3.386667278184945677e-08,8.782799592194857024e-08,1.437797727445766107e-07,1.452156312196447445e-06,7.813982380481056843e-08,7.571910945036869946e-07,5.396229261122724539e-07,8.548332391395724304e-07,9.710461524490128213e-07,0.000000000000000000e+00,1.389765915779912086e-06,5.771640490110198201e-06,5.537650370181836908e-07,2.431431825709384757e-07,8.615167748500698765e-07,6.443949073985476109e-07,1.945811223555517209e-07,7.615595094528405595e-07,1.370472307872848265e-09,8.034386955713774872e-07,1.599287432501935867e-05,1.733598726888633538e-06,1.089926840572817139e-06,6.628951580130026953e-08,6.218846776182969204e-08,6.605228742619841515e-07,1.345524788983187774e-06,6.906331492347791883e-07,5.885989665781244291e-08,8.321350636269039834e-07,7.367052447590033971e-07,1.087377960335690855e-07,9.590221196848364391e-07,2.327022777919551729e-07,2.185264281109474607e-10,1.042995591380878168e-08,6.835160586352119401e-07,2.421235843408772068e-06,1.541505983474887094e-06,1.258112916696527710e-07,1.909168990005895010e-07,1.727275560644477545e-06,3.353717676180523821e-07,2.791745007267999518e-07,2.803171070220238086e-07,4.828311807355410106e-06,2.433677744545902412e-08,8.151606005223706789e-07,4.665034586219364418e-08,2.735965160142199123e-07,3.715790500723864738e-07,2.224778722168361010e-08,2.360154993443455511e-08,9.703520018382882680e-09,1.118206809649952704e-06,5.356279783081745777e-07,6.498399593156432389e-08,1.113157792848338153e-07,7.393055546262577399e-08,1.880652002176876207e-07,1.725044472321146576e-06,3.336537401338654982e-07,2.740020323546098712e-07,4.528615081925000536e-07,2.822723999877207981e-07,2.433677744545902412e-08,8.151606005223706789e-07,4.665034586219364418e-08,2.697885495826021385e-07,4.055982557064305091e-07,6.838644914924199265e-08,2.357438573518030121e-08,4.216929244040160796e-09,1.031704050844353869e-06,5.356279783081745777e-07,1.122856840960797766e-07,1.987641780949386252e-08
5.814731866978703340e-07,1.108063105493468634e-07,3.407625963123698383e-08,2.150004213433099426e-07,1.756563035033421484e-06,4.227426528516155675e-06,1.044016223305856991e-07,3.333893442728386285e-07,1.144671039661883724e-07,2.911610871312978615e-06,7.203622533503142068e-06,2.677111118715561206e-06,0.000000000000000000e+00,1.056584558135033937e-05,2.877041463267121474e-06,1.237158560560406201e-05,3.722825017573776910e-06,1.367421508630812705e-05,4.505139757958227600e-06,4.177633724925404535e-07,8.296896520191060076e-09,3.760220103769920114e-07,2.915707734209660335e-05,4.892343424965418208e-06,9.446531283348259992e-09,2.646708726568404105e-06,6.738568250234813388e-07,6.729589730744050606e-07,5.125745498402915346e-06,4.623444506792982075e-08,3.305178520072374345e-07,6.999385434032809773e-07,1.631410678265295106e-06,4.975338189286639096e-08,1.284094376549595685e-06,3.481385460774952154e-07,1.120831680040731390e-09,3.744909267515861040e-06,4.471263955395650443e-06,5.608727875230030198e-06,9.831779790672461359e-06,8.522503979940192453e-06,2.936840054681137074e-08,9.076700351593096697e-04,2.116876352328307630e-06,1.001837538033554250e-05,5.920025780464095272e-06,6.895468289598576269e-05,1.624824976980284423e-06,8.427729105553317308e-06,2.780591474338595590e-07,1.669834809399998014e-06,1.935058363068262553e-06,7.862126568488044605e-07,1.054108014579366780e-06,2.845211013955612427e-07,1.216140810296853823e-06,2.430645348344376316e-06,1.039882446260972436e-07,2.139419668660186616e-05,9.684421987867251420e-07,4.098287182476709707e-08,9.111255150475028449e-04,2.107042163531494604e-06,1.005022853321180481e-05,2.054769124830661939e-05,5.905808553074802605e-06,1.624824976980284423e-06,8.427729105553317308e-06,2.780591474338595590e-07,1.649984837026605972e-06,1.958595238562908093e-06,7.888966685269872259e-07,1.053633506417304286e-06,5.409450739664662912e-07,6.043905417281780034e-07,2.430645348344376316e-06,2.136345284996030164e-05,3.107922967866075005e-06
3.288240071985546665e-07,3.590123759773559767e-08,2.077413655192073418e-08,1.259564864429870491e-06,1.882584650723362531e-06,9.804621535461770163e-07,1.344126022778696210e-07,7.311254765902606897e-07,5.547459917999634756e-09,3.779288246062853126e-06,2.489866978566757306e-05,3.488065926388264621e-06,7.766880334416461685e-06,0.000000000000000000e+00,1.643426128009084352e-06,5.793699376864845592e-06,4.770028518913009583e-06,7.979295802958637804e-06,3.113826741358075622e-06,2.477385252913416573e-07,2.227468619250154075e-07,2.460057100994728688e-07,4.805124029137973474e-05,5.773261634913262255e-06,2.366369273314348634e-07,3.083570406811620207e-06,9.229762381656789915e-07,7.697025384226119601e-07,7.327343735682436726e-06,1.074851705252240281e-08,3.949024529306582038e-07,1.151395878628075966e-06,1.257552274280993782e-06,1.168092819124110108e-08,8.577462600774618513e-07,6.262161334553025562e-07,6.339668143113533339e-10,1.656157618029160926e-06,1.638940443575761278e-06,2.029795830351343700e-06,6.606308443328464968e-06,9.247139584194713993e-07,2.846928692949893567e-07,5.786332871015293496e-06,1.850045222604756754e-06,7.989880198284192152e-06,6.417045664217258213e-06,5.086610030938446664e-05,1.032174081723094601e-06,6.563060072104716040e-06,1.346954699669574542e-06,1.750483094202172248e-06,1.517525817661350650e-06,8.610928073126386512e-07,2.351925347395282774e-06,6.823256096911433650e-07,3.429440212333345486e-06,1.958822014411273685e-06,8.304802530828999090e-08,1.292987601548818108e-05,1.089967742361780504e-06,2.789168601917330582e-07,5.867433907235829433e-06,1.987863362102693355e-06,7.937661859419189897e-06,1.090720871047634844e-05,6.498063686731656337e-06,1.032174081723094601e-06,6.563060072104716040e-06,1.346954699669574542e-06,1.790579802655706475e-06,1.551061083067049465e-06,1.064715472623571634e-06,2.351504574423214641e-06,1.119758118997129268e-06,2.051481907735025843e-06,1.958822014411273685e-06,1.291149728338806767e-05,1.382664018734938974e-06
1.453612413035978382e-07,9.411541731569761993e-08,1.672753380259175166e-08,2.297152212186838928e-07,6.899629065897864724e-08,5.481323257169672683e-07,2.938766862382152357e-07,1.053131884284431797e-07,3.408096020673884504e-08,6.462339451922645682e-07,1.322458210940857374e-06,5.915036657316658187e-07,3.743741263752005287e-06,1.583418322819400537e-06,0.000000000000000000e+00,3.571905244278381209e-06,1.169309852817437324e-06,1.940005494871451933e-06,5.993916143518077239e-07,2.336564424647869098e-08,8.753527059586684274e-08,4.435925921844271664e-08,8.056187389065614496e-06,6.524747441486446163e-07,9.088494688038030901e-09,4.314342502973943307e-07,4.406822605170543933e-08,6.882314242853304531e-08,8.068674057855357958e-07,1.472365191409362362e-07,1.704092178819328228e-08,2.521721360034066409e-07,6.056072346730111462e-07,1.939110560348080445e-08,3.578974190193782640e-07,4.251587888548541062e-07,2.800949823859867262e-10,5.000728981622426970e-08,7.566221557806740472e-07,1.139149326696953767e-06,1.729876402211192314e-06,6.254235796942275259e-07,2.564895531917713916e-07,2.083557318317052283e-05,1.824532600170725739e-07,2.584355073230747613e-06,4.906730476946826112e-07,5.571718066379045177e-06,7.705922888155086656e-07,3.249820979926085868e-06,2.254215478401268392e-07,1.187324129696461740e-07,2.716936722302971928e-07,4.620704307967162578e-07,2.047931905805968813e-08,3.304489382212227546e-08,9.129208647135373344e-08,9.483924492356047825e-07,2.678147460989517700e-08,1.168827826687550480e-06,3.826638303324057816e-07,2.527207989629021695e-07,2.086475669240074710e-05,2.263322041702913056e-07,2.563776027638319251e-06,2.915473050909381500e-06,4.869400831351997740e-07,7.705922888155086656e-07,3.249820979926085868e-06,2.254215478401268392e-07,1.703145670042456114e-07,2.694559168884963091e-07,4.456394241803166258e-07,2.049018630105921967e-08,1.565522397532529381e-08,4.360597350034618170e-08,9.483924492356047825e-07,1.165489853459829026e-06,2.006879478221447864e-07
1.150146685034694765e-07,4.642003490826589109e-08,2.773083154194025026e-08,3.786112702830573159e-07,6.624689614941278584e-07,4.427381028003864542e-06,2.500363658764044271e-07,5.883691683249135997e-07,3.948307418815664379e-08,2.233169767529969225e-06,6.363825710701291021e-06,1.719861225705725716e-06,1.295780283584826375e-05,5.686765099871566459e-06,2.624414137247108897e-06,0.000000000000000000e+00,2.630674103128454074e-06,2.255091918389417305e-05,3.004676282812371878e-06,4.594071455275054666e-07,6.646685668629329417e-08,6.635685418721210112e-07,1.846494226438002135e-05,5.069381005295437186e-06,1.335562135367658606e-08,2.339434904037514646e-06,8.772810506796762059e-07,1.248618551643722016e-06,5.984311087727961835e-06,1.954337164374385226e-07,6.085287574477295468e-07,8.114110011082279036e-07,1.550051626815797822e-06,2.191294104822391317e-07,8.426534032199535464e-07,5.547691756761419945e-07,1.798484204924704431e-09,2.547959808273949406e-06,2.985180400484040229e-06,7.460269697594154694e-06,1.166456089991023497e-05,1.377857369385510079e-05,3.692775808741178231e-07,1.148814950899691604e-05,3.775448017944144747e-06,1.856801414245142683e-05,1.320075385432006537e-05,6.482778168951375806e-05,9.363698072652492155e-07,3.017931270076728813e-05,1.037766622671185820e-06,2.510897614818365109e-06,1.159817713142537944e-06,1.149609795661660455e-06,1.319118386982125164e-06,9.514720073720322333e-07,1.344831661216305529e-06,2.810334221739791752e-06,1.758539501462325206e-07,1.785150758735389183e-05,9.137274356547899556e-07,3.586443443028092716e-07,1.154843753848776292e-05,3.757993255958747751e-06,1.866288824647311406e-05,2.080728567885003458e-05,1.338414620950974413e-05,9.363698072652492155e-07,3.017931270076728813e-05,1.037766622671185820e-06,2.562672693224926620e-06,1.194890127982658445e-06,1.257826718498506829e-06,1.318575324961692645e-06,1.704734515544388617e-06,9.307486365180508248e-07,2.810334221739791752e-06,1.788453700128662865e-05,4.884061795148844832e-06
2.029954057871539505e-07,2.111769678154052516e-08,3.137115103540674676e-08,4.261112003484705265e-07,1.546504602532565509e-07,4.360872215964342928e-07,1.054587130740138012e-07,3.588263095581037049e-07,3.170457276389665114e-08,1.907218116970316471e-06,4.612741184350331349e-06,1.110117915565085799e-06,8.348071449648262945e-06,5.472694632543819861e-06,1.164299203404923873e-06,2.058963496644751141e-06,0.000000000000000000e+00,5.250571702900439452e-06,1.387376916362258795e-06,1.489114027252802510e-07,3.175187297061260797e-10,4.022432988050700018e-08,1.431900981252353333e-05,1.743956438214544872e-06,1.548886546474073923e-07,1.298762112815083661e-06,3.683233361144401168e-07,4.129452513643459615e-07,1.974850054232813586e-06,6.577743733098533317e-09,3.947001174818434352e-08,4.458465229259818923e-07,1.237333597611708137e-06,1.767813152421206930e-07,4.541348426801830663e-07,3.177761090332713461e-07,3.911890437373394069e-10,1.087694699308296613e-06,1.390906448840017594e-06,2.239953808431357338e-06,4.245995289657612498e-06,3.894775954927246312e-06,3.970092904975488719e-08,7.824911494829700761e-06,7.074674583421772878e-07,2.737863125586370879e-06,2.071365394193962729e-06,3.271319792106543839e-05,4.213218198130200192e-07,3.870141145264959611e-06,2.831949064825645620e-07,7.299047731256210681e-07,9.605621413849423327e-07,2.264770653524411660e-07,1.887510276134795064e-06,2.291768062371925706e-07,1.284540669028393581e-06,1.356192775825055173e-06,3.569874733999515018e-08,1.130735787793211140e-05,2.100827159209214719e-07,3.813345184146877747e-08,7.813078593455929411e-06,7.040114373184905693e-07,2.714250877110916847e-06,7.675990134953390498e-06,2.065146190867120740e-06,4.213218198130200192e-07,3.870141145264959611e-06,2.831949064825645620e-07,7.214507343397383579e-07,9.555399722610895908e-07,2.136049559424115651e-07,1.886467004593583129e-06,4.189762888713943476e-07,9.806337602209930610e-07,1.356192775825055173e-06,1.139440384900766946e-05,1.048320303728694021e-06
4.262913454065407649e-07,7.759877118113848085e-08,3.571318932050708971e-09,3.239521316218122203e-07,9.878354883514757666e-07,3.174646208159215907e-06,8.688039375680847072e-08,5.124696712890047366e-07,1.899942159789479654e-07,2.531809072273458585e-06,9.325382085412543825e-06,7.449880164754449986e-07,1.576102266425376472e-05,6.465650040743536344e-06,1.690836182299152700e-06,2.267122752440979135e-05,2.772613204651019755e-06,0.000000000000000000e+00,6.664951643810154568e-06,3.271701224131789691e-07,2.180950930782465892e-07,3.149190994712392935e-07,2.333500136264625888e-05,4.288963669291835210e-06,2.905351960974286382e-07,2.009039535132577706e-06,1.520387628575153261e-06,5.220421910012195041e-07,6.864701727411140176e-06,6.594730078457092903e-08,6.639743775829865507e-07,7.661308365945506440e-07,1.877935640815526875e-06,2.613092120225732185e-07,6.840919049846436186e-07,5.035590384271110648e-07,1.272442096234727670e-09,3.021920344628279834e-06,4.581540855017466415e-06,6.606111483472914156e-06,1.086516234798754858e-05,1.438754527014769798e-05,7.273575118364349805e-09,1.347878603526562093e-05,2.366954898860377139e-06,1.311814832259881034e-05,1.805299560352178757e-05,7.535285778034906269e-05,1.651767313055187076e-06,1.812599617784664053e-05,3.570359455285671746e-07,3.516712937035629550e-06,5.922352948261298053e-07,1.778096037333586024e-06,2.381243722459374510e-06,2.143734081466615191e-09,6.685741531244294453e-07,2.793779701446039709e-06,2.304639553012609662e-07,2.597991864315077614e-05,5.684128377260088931e-07,6.129534324930532712e-09,1.365705290004236679e-05,2.356019499813862375e-06,1.338026799679405186e-05,3.347712742735479892e-05,1.833504828513271771e-05,1.651767313055187076e-06,1.812599617784664053e-05,3.570359455285671746e-07,3.483757779838725511e-06,5.854416899354955519e-07,1.825160839389367327e-06,2.468767120469531253e-06,4.162142198088762281e-07,3.118689743366792216e-07,2.793779701446039709e-06,2.593869334514717985e-05,5.122560339391180254e-06
1.543450083646450626e-07,1.349145872332591340e-07,3.325170948945266032e-09,2.573689044817213774e-07,8.713245986117474169e-07,5.727738295047813235e-07,4.438783979269218227e-08,1.313748873081585376e-07,3.509410183063679456e-09,1.149987552756141180e-06,4.712458716371361208e-06,6.279062800365421340e-07,5.756446469583418892e-06,3.544629809227346124e-06,1.682638731023805001e-06,3.959323656865665754e-06,9.010150228354710523e-07,6.355626193055617258e-06,0.000000000000000000e+00,2.034075064648221399e-07,4.461660015228964671e-09,4.349741259189653985e-08,1.085289840476022014e-05,1.906254528838642531e-06,4.954224972985665710e-09,1.310577979834889725e-06,1.633769134803031471e-07,1.982118894513969562e-07,1.515767401890930399e-06,2.818011981556024342e-08,1.684594561960377682e-08,5.945653084727901102e-07,8.680952015567965322e-07,4.120259334183389135e-08,2.067551167844990439e-07,4.535063410770081633e-07,2.974759982439803531e-10,9.455070750889611489e-07,1.002511945255480975e-06,4.540639005983607399e-07,2.238180036920611331e-06,1.512787460277073563e-06,2.004344785132365645e-13,6.305060727243027666e-06,7.987756071481443774e-07,1.855297365047194738e-07,8.738661962782660723e-06,2.194254429948810470e-05,4.346347498410737428e-07,4.955247725276802550e-06,3.965718946491334384e-07,8.985255494209751501e-07,2.838678147674811727e-07,4.065660344663232226e-07,6.302077454455496558e-07,1.982439101282681424e-09,7.673507481693243338e-07,7.098539960447816362e-07,9.267614141336422536e-08,7.168463616199608611e-06,8.831270484477074032e-09,1.398887270863388373e-11,6.296636115033643113e-06,8.722495600363302860e-07,1.811882159875742751e-07,5.992487041181840729e-06,8.726928915478251956e-06,4.346347498410737428e-07,4.955247725276802550e-06,3.965718946491334384e-07,8.924447545907890193e-07,2.814884061636409448e-07,4.489791065846458841e-07,6.301605533302184087e-07,2.451378327183165373e-08,4.878066986431329112e-07,7.098539960447816362e-07,7.160147163818362094e-06,1.071772965630173167e-06
1.863704507500977805e-08,1.060466676779716359e-06,4.809211753226571588e-08,1.634217746120488751e-07,1.494299020346969218e-08,1.702039984665029980e-07,1.463114888812493723e-06,4.975665831616721403e-07,3.593784946822938492e-07,3.027632194790153657e-07,2.181070432693371496e-06,1.195671449525292698e-06,2.823563505940882459e-08,2.196161277695561506e-07,8.140552710843410985e-09,1.985772796492309513e-09,1.898973225566626676e-07,1.657432619211938642e-09,1.925965643124747033e-08,0.000000000000000000e+00,9.220407659435449984e-09,8.158193159907077203e-08,6.234236561956860851e-07,4.447269427098445899e-07,2.278727252211047822e-08,2.144669572954090999e-08,1.475198003826913443e-08,1.617216034779012428e-07,3.566845035779662258e-07,1.696652815836651165e-07,1.176902545193008902e-07,3.757820274473700215e-07,1.276827872979203216e-06,3.022642839610802891e-09,6.084451405394538153e-07,2.811417347130345370e-07,5.082775937312959829e-10,2.311277859773726213e-07,3.413427214671004432e-08,8.455177491142812656e-07,5.659764961524942378e-07,2.831460154585886020e-07,1.976911168050621574e-08,5.780097857162106672e-08,5.641355930515236072e-07,1.316920692045133269e-08,3.597681411393695086e-07,3.788425765611384662e-07,9.774658625685109663e-08,1.208014522907085133e-10,8.734270591123646169e-08,2.417947584633193967e-07,2.129925539484420875e-07,8.788812404488426171e-08,1.002181519104585854e-07,1.271559447777975984e-07,1.715120207582854837e-06,1.642271629461000521e-07,2.944469692036065600e-07,3.485707859542484116e-07,5.524898457184562307e-08,2.096691618303458999e-08,5.768829366627522716e-08,5.634258576709438663e-07,1.167959535204851634e-08,1.172805654610280690e-07,3.620201228832462802e-07,9.774658625685109663e-08,1.208014522907085133e-10,8.734270591123646169e-08,2.366139280951301981e-07,2.295704536169700761e-07,7.923882736016038792e-08,1.391744742476124251e-07,8.150204493246324602e-08,1.572983725808268438e-06,1.642271629461000521e-07,3.458530981166971104e-07,1.332520301900721128e-07
3.906803173363216713e-07,7.437532983002016306e-08,1.098399864127216327e-07,4.161837577178027004e-08,1.393315661370785253e-07,6.684139765802767665e-08,4.331630019579086892e-07,1.532892731074835060e-07,7.946999566350330562e-08,1.096138088308765247e-08,1.402508148583567884e-07,1.960537775543594015e-07,2.725932018215746828e-07,2.539018636296488673e-10,2.589193278271694082e-08,9.659115171329944119e-08,2.835914815677836737e-08,2.237772869807394384e-07,9.901312234276115359e-08,2.197205762149911396e-08,0.000000000000000000e+00,7.796546299933680862e-08,1.622844870445486843e-07,4.284341615730030701e-08,1.620154640539267770e-07,1.852582164206810239e-08,1.679784092207656696e-08,5.324481342940119162e-09,3.506020134309568897e-07,3.948626994908455213e-08,5.117086720782711327e-08,8.186361030053745321e-08,2.578851030364202586e-07,3.954326053720419914e-08,2.683399990056003989e-07,2.154106485047081047e-08,2.111964535986072602e-10,4.116946157433903545e-08,1.160682209394344560e-06,6.735643939703727019e-07,1.039598363851858768e-06,3.929707511504456268e-07,5.557461486617157966e-08,3.899952894942356600e-07,1.171654927224142459e-07,3.145803389262908892e-07,8.187740730183359044e-07,1.457151723133160460e-06,1.578254844340049460e-07,6.892996751909362786e-11,1.263425229375407189e-08,2.591228598106353609e-07,1.823514922138122462e-08,3.605474757005888734e-08,8.096143038063997445e-08,1.269590844666163943e-08,8.943905171348394658e-07,1.026701386927558649e-07,1.533143747469622769e-06,4.577989999258371919e-07,8.138939245664963078e-08,5.677118720179011088e-08,3.912033531504924984e-07,1.180211132240677512e-07,3.183598710047644629e-07,3.489938674598774826e-07,8.206421483277757356e-07,1.578254844340049460e-07,6.892996751909362786e-11,1.263425229375407189e-08,2.621179634250364641e-07,1.869601302600453845e-08,3.949468663529614082e-08,8.104366896876103911e-08,3.950122418859480507e-09,8.659596139670007438e-07,1.026701386927558649e-07,4.596577816989649428e-07,4.163749891038005071e-07
1.342901133980565225e-07,1.469908481219814851e-06,2.386897165376305496e-08,3.506640753978053874e-08,3.544917668178668438e-08,4.156062085075650742e-07,2.153345003424164058e-07,4.556175949665894840e-07,4.951893023892481262e-08,3.889688552426972771e-07,8.845637439237313039e-07,9.122437726293322377e-07,2.341117771174350671e-07,2.768903444229499843e-07,1.094727929587831498e-09,6.213017467183148217e-07,2.566274353150443975e-08,1.119682649927970921e-07,1.813262276429361712e-08,3.573942096268255248e-07,1.252606196110353738e-07,0.000000000000000000e+00,1.663323745782746509e-07,1.585594205873634817e-07,5.189311388413141521e-08,4.185703517093188744e-08,8.049926720111827294e-08,2.633002166794457561e-07,1.311316306780708851e-07,3.400925561855628074e-08,1.349819701085783818e-07,2.621281922842469837e-07,2.045165674605041212e-07,1.457135868732599302e-07,3.111170642014453855e-07,3.411155861112791676e-07,2.589309529615367530e-10,3.412800386087717525e-08,2.636446670300852197e-07,3.994692245687422383e-07,4.608498175410315734e-07,6.121326352390962705e-07,1.252339653915520711e-07,2.491907765993567870e-07,3.944591605081090023e-08,1.312503558325339448e-07,1.343844854078254330e-07,4.368460235515092106e-07,1.858310316358398119e-07,7.313963676582300987e-07,5.436219689089328406e-06,2.731168216773676510e-07,4.128421181366103636e-07,1.113132941534034702e-07,3.040029122524074250e-08,8.881043663046354793e-07,1.004958151359367529e-06,4.904804422131281246e-08,1.434817359463631830e-07,9.373732036859627046e-08,1.460458851327600591e-08,1.732845817044523098e-07,2.481027587364489352e-07,3.885529708914357202e-08,1.275669420703235818e-07,8.876754202155055380e-08,1.335724906171989254e-07,1.858310316358398119e-07,7.313963676582300987e-07,5.436219689089328406e-06,3.079690718998039891e-07,4.103497857854191679e-07,1.411626780570983600e-07,3.035295955250210561e-08,8.602609516623116420e-07,9.296123962023820389e-07,4.904804422131281246e-08,9.269701548078946759e-08,2.088454672652010279e-08
1.597390145047343036e-07,2.402257285565607220e-07,8.637189782056434327e-08,2.935617439131696417e-06,2.349241340031048762e-06,1.002243828233925080e-05,8.008135994256103536e-07,8.788604622370942674e-07,6.182206765402925684e-07,4.972402243103798607e-06,3.866613563120929254e-05,8.100072679685417639e-06,1.762680962176631368e-05,3.416582809813901333e-05,5.257350789597129376e-06,1.603223660499198888e-05,1.149007447689499329e-05,1.993129862849928841e-05,6.855113172987765510e-06,1.106014203039814613e-06,1.212582226959298109e-07,6.976686813728201814e-07,0.000000000000000000e+00,1.324084540996669266e-05,8.603061418528427293e-07,4.339009197406875339e-06,3.549987519549443208e-07,3.800938998509242679e-06,1.384913393695644966e-05,7.744872025979455550e-07,1.453659963897169972e-06,2.398506688859672060e-06,4.280347658329108085e-06,1.609454887704474836e-08,1.439125012319877977e-06,2.596934287462028985e-06,7.273569863917295291e-09,2.017765427828817957e-06,1.970804030793851401e-06,1.668477230162714500e-05,2.056387355559283122e-05,1.096034083487981695e-05,8.578129813377373846e-07,1.703158975112981151e-05,4.492914437287263141e-06,1.414634807951692219e-05,4.393393024539351875e-06,1.518417985318173827e-04,3.231207906447339025e-06,3.056139490380499046e-05,2.531230435569244235e-06,5.032441140073863850e-06,6.239704417505936999e-06,2.793868695860866366e-06,2.783466908501811894e-06,1.396584931916805774e-06,1.462098456995871816e-05,1.102161412374448621e-05,1.701544032164560704e-06,2.334413253483674520e-05,5.135562875764022570e-06,8.778272020555440609e-07,1.702587195756248973e-05,4.541636499760230925e-06,1.426512672344244392e-05,2.305035512299094134e-05,4.610254059644560772e-06,3.231207906447339025e-06,3.056139490380499046e-05,2.531230435569244235e-06,5.036030530360126369e-06,6.344956538271841587e-06,2.909376464499540864e-06,2.733675926647977131e-06,2.714046511712223025e-06,1.264120771338516590e-05,1.102161412374448621e-05,2.335173213392022164e-05,4.937953183581971021e-06
3.493115560568368394e-07,9.409659322492808185e-08,7.376548817425216963e-08,1.150864581697804183e-06,3.441099249541424517e-07,5.510358483596838116e-06,2.790746798906000367e-07,3.737041940184099283e-07,3.694566960031585659e-08,2.842323542629638911e-06,8.667340224893307435e-06,2.510309772469217928e-06,6.632608933619472396e-06,4.935697945971382978e-06,5.794295222023068919e-07,3.889973434441947071e-06,2.335874711236886959e-06,4.120719902533499233e-06,1.454482537916671843e-06,8.193985236759347081e-07,1.103933851651839895e-08,2.855360033186767781e-07,2.390755228416496786e-05,0.000000000000000000e+00,3.913692613308128031e-07,1.216400433634516717e-06,2.094481440985261876e-07,3.823178218969847279e-06,1.204612325491132235e-05,7.384393886038010212e-07,1.874504793725919444e-07,6.403648218417340312e-07,8.002983910368180600e-07,6.035695996320626808e-08,5.089613774859786865e-07,1.382421572957502347e-06,1.408128532338934083e-09,7.563563325601295074e-07,1.566495490550974924e-06,3.383204020472418900e-06,5.760209269998152079e-06,3.346820428010473422e-06,1.609194531187027360e-08,5.544709511886721441e-06,8.389300260288987495e-07,2.937759696160058283e-06,1.531842119891437056e-06,3.648732083254967336e-05,5.092097948666285107e-07,4.301910903703196277e-06,8.888330219103256833e-07,1.810861077874280349e-06,1.706559888310699805e-06,1.331557622176588472e-06,7.419182494417326218e-07,1.970797557849944541e-07,1.572786086714357657e-06,2.950915129030158736e-06,2.604408673766704594e-07,1.007436060083975679e-05,1.002646561468329771e-06,1.429108507601777688e-08,5.529590715053165563e-06,8.743480673409690036e-07,3.027223522363085321e-06,6.918443121839577942e-06,1.524530677270625942e-06,5.092097948666285107e-07,4.301910903703196277e-06,8.888330219103256833e-07,1.866401816632776235e-06,1.755227081457413277e-06,1.574447960932609564e-06,6.876429155110761964e-07,6.192183171333564353e-07,1.008350820737344784e-06,2.950915129030158736e-06,1.004959701863610171e-05,1.861028085827620617e-06
6.376717131177275330e-08,2.505146958292241083e-08,3.009039070922233980e-08,2.192978440061189454e-08,4.109782452361024314e-08,5.599705632979351191e-09,2.023261090169141425e-07,2.725205756739939388e-07,2.477041229309137713e-07,1.954508026760761526e-08,6.285951312069340900e-08,1.311273766839118660e-06,7.588091246904336104e-09,2.344748980559009328e-07,1.017300863585070450e-07,1.697984573597981683e-07,3.257999837626859075e-10,5.448858148759706333e-09,9.140260942343912799e-08,3.538168640465948398e-07,6.955306180198479492e-10,2.229328850723610535e-07,4.796520847117321125e-07,3.199730701069933291e-07,0.000000000000000000e+00,2.104599293730134713e-08,3.408144141434809392e-08,2.554623915088811195e-07,4.733599859444424873e-08,5.766464058488136363e-08,4.128904314861569971e-08,5.562546210180059107e-07,7.375608974771418843e-07,5.359755055176058717e-08,3.346645131875068031e-07,1.649600059876233379e-08,9.399028260736315300e-11,1.268096439886364055e-07,4.059598984054366389e-08,1.008215358175210969e-07,8.618130593105090062e-10,3.047663090513171735e-07,1.889442065003701414e-10,2.160117719754237318e-08,7.113407109248694488e-08,1.231892229170109085e-07,2.730046412532653624e-07,4.725731825286639187e-07,2.074813463800630031e-08,3.378286585619139717e-08,1.795890555519200728e-07,5.976894312446731177e-08,5.170009714901169793e-08,2.455509218159812265e-07,1.075195448728666443e-07,1.081202125137543539e-07,2.797344782162809807e-06,1.560252303163235109e-07,1.025250675525591632e-06,6.688782293965185418e-07,1.546976121684244501e-08,1.404488142700243649e-10,2.183554949620021825e-08,7.060076094084722048e-08,1.208811759729408563e-07,6.303996722656139762e-07,2.737688453700387191e-07,2.074813463800630031e-08,3.378286585619139717e-08,1.795890555519200728e-07,5.868813397160994926e-08,5.110405490396452267e-08,8.698171481558785404e-08,1.075750240401753582e-07,7.179845184667592313e-08,2.410521493113044148e-06,1.560252303163235109e-07,6.702301246396278907e-07,4.722598496385883197e-08
1.861572788554145962e-07,8.163151897973093654e-09,1.129726383619883963e-07,2.689696467219349081e-07,7.213054430406405662e-07,8.784456881622114249e-07,2.883287028741659519e-08,9.690300983851216353e-08,1.309221893641124252e-08,1.953858804001532392e-06,4.258683029408564375e-06,6.700881018213517888e-08,1.878019976524418741e-06,3.002940014205870689e-06,5.771044983724096130e-08,1.372470078841037091e-06,1.290841983170604853e-06,3.414477547268547622e-06,7.208462821811098440e-07,5.142901111308958266e-07,1.829412720227001761e-08,4.809411359813353333e-08,6.271727717619223524e-06,1.218137305524012637e-06,1.411163484218545913e-07,0.000000000000000000e+00,1.081259710274787747e-06,3.881524924887709706e-07,2.170107386302678424e-06,4.600243911422517250e-07,1.006134530361298375e-07,1.314989786988492494e-07,1.866840911603478287e-07,1.772572624059127941e-08,5.701552263810151777e-07,8.250023852389545705e-08,3.588459668306442420e-10,2.007875248530255619e-06,1.553279154423483437e-06,5.333259620110523788e-08,2.929232364844544713e-06,6.956835828436483685e-06,9.406571111224582888e-08,1.873190866482007088e-06,9.001093056485726494e-07,1.472729653442871380e-06,1.501658326549550422e-05,3.064884805264595896e-05,2.615791315535357809e-07,1.981132795168092451e-06,9.639548336475351232e-08,1.440453551257942471e-06,2.889496765422268219e-09,3.405920855821252996e-07,3.451357252220353550e-06,1.377961851421503476e-07,1.093179429203057321e-07,1.111858638625752777e-06,2.780432508189323287e-08,1.772447885411054038e-05,6.493905078715528104e-07,9.161444805179081001e-08,1.947606429497687467e-06,8.963994954268890157e-07,1.544553861568713617e-06,1.229320724991875189e-05,1.501068459424770540e-05,2.615791315535357809e-07,1.981132795168092451e-06,9.639548336475351232e-08,1.429282498552138063e-06,3.134539822577181947e-09,3.249275085548944055e-07,3.450686129358774600e-06,9.474068960390666959e-07,5.304199623057790416e-08,1.111858638625752777e-06,1.770887887745025170e-05,3.989616552264539188e-06
3.227955375334303429e-07,2.849027217367883474e-08,1.269669107653933830e-08,4.706263123682418582e-08,3.611613282412566216e-07,1.877575235392087430e-08,2.807313294882087771e-07,2.684937167509790644e-07,8.050274566835747386e-07,2.598277815256048172e-07,1.730915142768963294e-06,9.851009851898150539e-08,5.540566190224994090e-07,1.726222083983917965e-06,1.939255812810844170e-07,7.467753105916459504e-07,8.644025598489080694e-07,1.283161497805998900e-06,6.640586694864085850e-07,1.466009645486213130e-07,3.303627287757591987e-07,8.098135465728111877e-08,2.832554397139541536e-07,5.372308091908965269e-08,1.188441785083513058e-08,1.053173368662524490e-06,0.000000000000000000e+00,2.064846156073872122e-06,1.523099525789525813e-07,7.482454092144995792e-06,1.435253987276602210e-07,6.108852595108667930e-07,9.021107402828953529e-07,1.079737484452707808e-06,6.575049252576346295e-07,2.482648790857443953e-07,1.343509175577732710e-09,1.299558741930257280e-06,7.290990968176357559e-07,2.697316437895924120e-07,3.976810810262286948e-08,3.354153011947067874e-06,3.637299120931033075e-07,8.765606006566985178e-07,7.293962075265885366e-08,5.289746855412083192e-07,4.865012465758962499e-06,1.272642563475544439e-05,1.001061713113186431e-07,1.520085729372839677e-07,4.485155607008920595e-07,1.066840794194911411e-08,8.149237920113742085e-07,2.209623730749239751e-07,1.047237512837552558e-06,4.433407609968567194e-07,1.064953504714457755e-06,5.376543389132655371e-07,4.298754603180801721e-07,9.766631318970892149e-06,5.533976561803615175e-07,3.545505210667664646e-07,8.815486014731165623e-07,7.485526151522922879e-08,5.432542243242181863e-07,7.571691562027396813e-06,4.879275802348544865e-06,1.001061713113186431e-07,1.520085729372839677e-07,4.485155607008920595e-07,1.056366174307758026e-08,8.082134303610836442e-07,2.427315498658546127e-07,1.047859670461153094e-06,5.922210376975204037e-07,1.016776015613674391e-06,5.376543389132655371e-07,9.785851694243548316e-06,7.999694735658027390e-07
3.503898979678994664e-07,3.701902909102923601e-08,2.450239718820226788e-08,1.939182344788425795e-07,2.925702938884924268e-08,2.609292847710195772e-06,3.681159606893765571e-07,3.995299181668737477e-07,2.044639114871036722e-09,1.570908504633919248e-06,1.104283962869040569e-06,9.775296532081005940e-07,1.852705186722107054e-06,8.259252750835476215e-07,4.458307552606099240e-08,1.028061061067700425e-06,4.681773629642611560e-07,4.243493142509823849e-07,6.488326135091021877e-08,1.954894673048759943e-07,2.276604336230408522e-07,5.520645164849345201e-07,3.390482348100704492e-06,2.210078173273334718e-06,8.905758103337990540e-08,1.386170855179570676e-07,2.805612336649641386e-06,0.000000000000000000e+00,8.597607910757781893e-07,3.192812274775051245e-06,6.476475250920603063e-08,4.251060945220690137e-07,7.882949174831500505e-07,1.156191674379227519e-07,2.833009757078490679e-07,8.194095002893869165e-08,1.410497874713919155e-09,2.123229784867018900e-07,4.145961655579881420e-06,1.398347942371580725e-06,5.349410920559247353e-06,1.503350099018146847e-06,2.678444746928919280e-07,1.692689999415635833e-06,7.839270841908407742e-07,2.954367027392878729e-07,2.479882241183798551e-06,7.091572000908518297e-06,1.308358639473491666e-06,4.295909184646339597e-06,9.307020780762279458e-07,2.285656039637298985e-06,7.953569836251891528e-07,1.701039821205442365e-07,4.386327402215885215e-07,8.774583163539645762e-09,2.530429813483922831e-07,2.457624432135158178e-06,1.376436177191320561e-07,3.485867712928033997e-06,7.660948686182706328e-08,2.921916594695766502e-07,1.686091077967749722e-06,7.773970081555279666e-07,2.832670688670669439e-07,1.219898051445244545e-06,2.469119378345044791e-06,1.308358639473491666e-06,4.295909184646339597e-06,9.307020780762279458e-07,2.301952640876847962e-06,7.866215601279259896e-07,1.503713848452554555e-07,3.951724023603336810e-07,4.390560514096248129e-08,2.194648790347006349e-07,2.457624432135158178e-06,3.472296666161093980e-06,1.246578290347094912e-06
2.894229983799292993e-07,1.254715244984770835e-07,2.920355278099402760e-08,4.048597045362481136e-07,1.746186664814797007e-06,4.829903529186573096e-06,1.609808313566581511e-07,5.637033571722417145e-07,6.300139626956333026e-09,2.261512609588172658e-06,8.331803503198991019e-06,1.604164823594820216e-06,5.864376286868833750e-06,7.796579257574282894e-06,1.116817472499849924e-06,7.048072674404874224e-06,1.383699291982611851e-06,4.282154070063810268e-06,1.849311738195001634e-06,4.176308138428788322e-07,8.633728329115904739e-08,1.765294391761494578e-07,1.741389549956814917e-05,1.007723232090876575e-05,1.810284357409686540e-08,2.433324938525302834e-06,1.895973181341659317e-07,9.086492659961645931e-07,0.000000000000000000e+00,8.192244103723604043e-07,5.741833860417099383e-07,8.457688669769621351e-07,1.303043762526342027e-06,3.294463111942849404e-07,6.721318954815613809e-07,2.124142328102049406e-07,9.702667885506473946e-10,1.012306467195458873e-06,3.129817824430437102e-06,5.596381728056736918e-06,6.337697430185748926e-06,5.491834795683406292e-06,9.104802038393252181e-08,4.556004082906210339e-06,1.406833624347655166e-06,3.690202046100441015e-06,3.538749062708990703e-06,4.338739115453786057e-05,1.400480025115896172e-06,5.456555791463602120e-06,7.515954028636888744e-07,3.011074370386453964e-06,8.932845862676166468e-07,5.763136195949023168e-07,1.042683576093763283e-06,5.123180950946560866e-07,2.599011626562514633e-06,1.496562599337832057e-06,9.024632330862880908e-08,1.363990943473523452e-05,6.745117902706352366e-07,8.724968044824502579e-08,4.618780144140901082e-06,1.399577714858902164e-06,3.647794709765270350e-06,7.842588583285339855e-06,3.527753457046628278e-06,1.400480025115896172e-06,5.456555791463602120e-06,7.515954028636888744e-07,3.042388375877568223e-06,8.868393623196949908e-07,5.845636640064051487e-07,1.115281590280256801e-06,9.491911933012845151e-07,1.885427473093235254e-06,1.496562599337832057e-06,1.361892634313477534e-05,3.763986402109503038e-06
1.824040896941307438e-07,1.780225148576570062e-07,4.199996934722470734e-07,1.830580101780938192e-07,1.008296773073459610e-07,1.209052052756308224e-06,2.989725203803427467e-07,3.137753196816082677e-07,1.131956340507367432e-07,8.521248649360352502e-08,4.172472900032733824e-07,7.681871057201472320e-07,1.066870916471034365e-08,1.373057709670649257e-08,5.750689926919168724e-09,1.548560610838963404e-07,1.400829498133371839e-08,2.026677434016362026e-08,2.464801298591011159e-09,1.516361334705946457e-07,9.697846100733468457e-09,4.372557926250380207e-07,1.463271630189152446e-06,4.899071074693244506e-07,9.973598873313475287e-08,6.896951934642243160e-07,8.882741285392692349e-06,3.795309569367760306e-06,2.910191842236267823e-07,0.000000000000000000e+00,3.241270431572494548e-08,3.538735296191334603e-07,6.251411728006641546e-07,1.595709061185053586e-07,3.165505061195778065e-07,1.869536400830562512e-07,1.222759525872109008e-09,4.581736052112652970e-07,1.077760067069368361e-06,1.431257558676762545e-06,2.337003337238839532e-06,4.170947787343749504e-08,1.967541802142576000e-07,5.694450481717241412e-08,9.482089740128320486e-08,5.233287862915280826e-09,3.849926803801140816e-06,4.253882524720254531e-07,3.806460341200159099e-07,1.200177527042194172e-06,1.412246378428209460e-07,1.062551145568743998e-06,8.602034913329321210e-07,3.122818888467553396e-07,4.514788996300356991e-07,1.413099684736537261e-08,2.552027777088301225e-07,1.264254951228204938e-06,2.765735492980016003e-07,2.737002819725127508e-06,2.736599024455587709e-08,1.904798805139478126e-07,5.773617910566631044e-08,1.097662517108354382e-07,6.525507760745657919e-09,2.448035246533326522e-06,3.860014344482778963e-06,3.806460341200159099e-07,1.200177527042194172e-06,1.412246378428209460e-07,1.078202801375750383e-06,8.760161004606585701e-07,2.864560655843115489e-07,4.519507919610474774e-07,8.535041634431858225e-08,2.408776742032635585e-07,1.264254951228204938e-06,2.747907407255868177e-06,2.000097719392633395e-07
3.166555093163129852e-08,1.677375680968234470e-07,1.915560120539425144e-08,3.958996155728126723e-07,1.096951746190403973e-08,9.721924984492248048e-08,6.119909897626084889e-07,3.606479662453316181e-06,1.449175897447227417e-08,2.340195920209265473e-08,7.532973023387658600e-07,1.384845905318911304e-08,2.490967956458725166e-07,5.407183743502210369e-07,2.925343411123202584e-08,3.997319705118646497e-07,4.240406643364892949e-07,5.007945438589960852e-08,1.007720778981931585e-10,1.561551021287981463e-07,5.451129223596489458e-08,1.238206075219491050e-08,1.836104551077570829e-06,7.656758956306624536e-07,2.430195654919885908e-08,9.164254419873839645e-08,7.742725040481844898e-08,3.332203811324347207e-08,1.133292113952603078e-07,1.348397304842763258e-07,0.000000000000000000e+00,8.608539708337992063e-07,2.275984327224001571e-06,1.057180244007701170e-08,5.606091044699743986e-07,1.350151746314152917e-08,6.092497506608483310e-11,2.091986030352387695e-08,9.591532444745610590e-08,8.439462462115442794e-07,5.630281580685315547e-09,6.080297505110847171e-07,1.689290261411634158e-09,2.233114806634042787e-07,2.543714087982381249e-08,1.081552442285364405e-07,8.082324124151415608e-08,1.904417155027038991e-06,1.351442528210072478e-07,4.137411042571110598e-07,1.271225882618531224e-07,3.823107164298196198e-08,2.075490253870701010e-08,4.565863959156407100e-08,4.405831357865274601e-07,1.235829582580239262e-07,1.821185700993561240e-08,1.893597693779195307e-07,8.939114795216869507e-09,7.265937879703898191e-07,3.243230382865470016e-07,1.803070802493192166e-09,2.227687482888922998e-07,2.565702996233586508e-08,1.064930848698660303e-07,2.941780363371178164e-07,8.049090596776198465e-08,1.351442528210072478e-07,4.137411042571110598e-07,1.271225882618531224e-07,3.747725200661458578e-08,2.045449563404426077e-08,4.341509343367124907e-08,4.404281952491256222e-07,2.531828461561920237e-07,2.113160306744416073e-08,1.893597693779195307e-07,7.257001947694956130e-07,3.772671524888814054e-08
8.468985450193155699e-10,4.366479123998651219e-07,1.372923204377116661e-08,2.052716115321406985e-07,5.335988133059855526e-08,2.437718848167279845e-07,8.900130518036804941e-07,2.958881289245100366e-06,1.346126339703590729e-06,1.149110955550278575e-07,4.213655861319072196e-07,4.070488730700908350e-07,6.035952148246273722e-07,2.632512066028813238e-07,5.972114381956199966e-08,5.445352491950943478e-07,2.097855924537327583e-07,1.969612394384347150e-07,5.906123053522368945e-10,3.114179527728448264e-07,2.720566612217029065e-07,1.932977400831626722e-07,2.000790559605391098e-06,2.077440215665472585e-07,9.310410032309534755e-08,1.658109865675799213e-09,3.170843693920227803e-07,2.011909439469004840e-07,9.196304239488010798e-07,4.850661483180199112e-09,9.615937273296980888e-07,0.000000000000000000e+00,1.437373804661693715e-06,4.154749192444301012e-07,2.600193842209392056e-06,1.007172101699211440e-07,3.043636085409742448e-10,5.511884059523746088e-07,7.785393885560808741e-08,7.275035040328827998e-07,1.443251251291602204e-06,2.193315434582495144e-07,4.191765050870098843e-08,6.011163635171817086e-07,1.062372367546623924e-08,1.673263164755185067e-07,2.412549068526093640e-07,1.387450854810170789e-06,1.592162350978926233e-07,1.225870426288041509e-07,5.304721631014294784e-08,1.923088593291991132e-07,4.286180792150494386e-07,1.196712260072069593e-08,1.614667507398485169e-07,8.325260008194534484e-08,1.476880081552492331e-06,5.594359862247902454e-07,6.860896291134542950e-08,1.728029537435493477e-07,4.734198877524045709e-08,4.050953923050135414e-08,5.991235010838932417e-07,1.036105468831225244e-08,2.042733724729080947e-07,5.561047768455774506e-07,2.403744404586817746e-07,1.592162350978926233e-07,1.225870426288041509e-07,5.304721631014294784e-08,1.886228200217111120e-07,4.254319075967659995e-07,1.455515694355394018e-08,1.613826563230588751e-07,1.333750851989024791e-07,1.164824108034447397e-06,5.594359862247902454e-07,1.715309785786411103e-07,9.929820259229672031e-08
2.084697388364213342e-07,3.103489056247912166e-08,1.534954068446435759e-07,2.149316433603879126e-07,1.459784451828219153e-09,3.902125590741475866e-07,3.056805141580846931e-06,4.430823753018164703e-06,3.255410637666660709e-07,9.321393058887704968e-07,6.534728281956826922e-07,8.727837574306184021e-07,3.948259419313810066e-07,6.917223847149996435e-07,2.624158911577878108e-09,3.740417436473840020e-07,1.517643955943923593e-08,6.614186795253000043e-07,3.196355534902204083e-07,1.071935477263448323e-06,3.181685717903228877e-08,1.174103866186784642e-07,2.261732279196276777e-06,4.877249540573658358e-07,1.763400898456930814e-07,8.395054841444247102e-08,5.146251613756761777e-07,1.579264380416879257e-07,2.012641172978997098e-07,6.314629107540884047e-08,3.840220500161855634e-06,1.238346267050693525e-06,0.000000000000000000e+00,7.019333265948989867e-08,2.356966612969923088e-06,1.940947820982965806e-07,4.017142003567677506e-10,2.221394179803948755e-07,1.674079303868691135e-07,1.815382843767514272e-06,1.162666346401957792e-06,7.642760384105492855e-07,1.482573643517028058e-08,2.473900765649469990e-07,9.828796382790598826e-08,5.314557843053438649e-07,1.185371430606892759e-07,2.888710700784068153e-06,2.781114624229325004e-07,1.528366576288836475e-06,1.374933358353827734e-07,7.868653308677788534e-07,2.919046246218754482e-07,3.786922809723754770e-07,3.873132270660587744e-08,2.620098738675504849e-07,8.001378005565376812e-07,1.114182387957561659e-06,1.183542108451642830e-07,1.389987963567538853e-06,4.750600212561204396e-08,3.216031034831609217e-08,2.790434703803394227e-07,9.720857910743676097e-08,5.216266058423633202e-07,1.879069327419914199e-07,1.192067817085859444e-07,2.781114624229325004e-07,1.528366576288836475e-06,1.374933358353827734e-07,7.797501712476252273e-07,2.889532146521826151e-07,3.612587736958065862e-07,3.871493678768953346e-08,2.364929545820900319e-07,9.016537260099321433e-07,1.114182387957561659e-06,1.384638801307254513e-06,8.935384359482604851e-08
1.954733877692214505e-07,1.431128475936890455e-08,3.672577353910371577e-09,2.903775974478231711e-08,8.620075038413550164e-08,7.133601215172615461e-08,1.513309819738669238e-07,3.789318687108152450e-07,1.341946996699825322e-07,6.534309472514465639e-08,5.648420699472122836e-07,3.668497538298737903e-08,2.095711776780824000e-10,3.584227542244943173e-07,1.999090920684037767e-08,5.559426553061386015e-08,1.767536102989462072e-07,7.331054893546896727e-07,1.572342720981687340e-07,3.318212376178374817e-08,3.106099427426626639e-09,2.864631682753393253e-07,1.376170877113287188e-07,1.948166618476728438e-09,2.940505869760244953e-07,1.440117362891094457e-07,8.042035277105863660e-07,1.713150017520358194e-07,1.051372616756603588e-07,1.503898842596927989e-07,9.491440519563895381e-09,2.888423119491019028e-07,4.911304812592070925e-07,0.000000000000000000e+00,3.099553034969400018e-07,9.270961200082390803e-08,3.770867696971556035e-10,1.803377282233897223e-07,7.321072891438521763e-09,5.468118043288087571e-08,3.866608476840245913e-08,3.350329306916640667e-07,2.519872954867229422e-08,1.437923127072260713e-07,3.699205431901144977e-09,3.139163364117505420e-07,1.468672237798730890e-06,1.669289705500754949e-06,4.242776515433559263e-09,6.132202005378396292e-08,1.784106630303725802e-07,1.723085143962095825e-08,1.209486624778922812e-07,1.766645949939866623e-08,6.369598805357241149e-08,2.738611949324041360e-08,1.573734392218159524e-07,1.464211677215703559e-07,4.462287585828914672e-08,1.395937336065917126e-06,5.609536925597001704e-08,2.396291127312444604e-08,1.449053471129315422e-07,3.919430111574945117e-09,3.194309958162163585e-07,9.384925615164611944e-07,1.470760106667717644e-06,4.242776515433559263e-09,6.132202005378396292e-08,1.784106630303725802e-07,1.828907786088462982e-08,1.192269838117733255e-07,1.532523465956576089e-09,6.378092524246282357e-08,7.616615208682782943e-08,1.850561581411665146e-07,1.464211677215703559e-07,1.326423556284037699e-06,2.331576193038521554e-07
1.553279082900241507e-08,9.078797248401656595e-08,2.749160397243365264e-07,7.278924418705157204e-08,1.539721427231627262e-07,2.762076514983351705e-07,1.589293431575637838e-06,5.656305889100314145e-06,3.598457547105399267e-07,6.181966661929463161e-07,2.204169914589282015e-06,5.584801103921883090e-07,1.371650803861541435e-06,6.097230016045330956e-07,6.348417081115649205e-08,6.616525143948650146e-07,9.748801010897080427e-08,4.083346804756589092e-07,4.094151526167815584e-07,1.996464562248894176e-07,8.717826750492856617e-09,8.906640439518970136e-08,3.050677837985946178e-06,5.526899163277152151e-07,1.055902423134652537e-08,8.487050300880092692e-08,2.239995359601274643e-07,2.347356888861928403e-08,1.169680657249575032e-07,3.831583285270941184e-07,1.387829763038155599e-06,2.220889639797702586e-06,2.547275223805144375e-06,5.085375498663688193e-08,0.000000000000000000e+00,1.681628966830366104e-07,2.528716626864476361e-10,7.422955468496168338e-08,2.539221279225180615e-07,1.751806957685986190e-06,2.364362024951388743e-06,2.696507120983999371e-06,5.228784876667938272e-09,7.829208821299821775e-07,4.040402399156574691e-07,5.348694592906488944e-07,1.118654630888073958e-06,7.622466219306144638e-06,5.080785446465333564e-09,1.003502835031860105e-06,2.677420691746782860e-07,6.775051050232860619e-07,1.059499580657600239e-07,4.942438315414884010e-07,1.002763794081158686e-08,2.529059051333330836e-09,2.436045060658109375e-07,6.697904617075567391e-07,2.664305734353110681e-08,2.181945915052936626e-06,1.160929136844837593e-07,4.780565830346034465e-09,7.808849488854024188e-07,4.018655706665975739e-07,6.699407139631609736e-07,2.210190409333001549e-06,1.118181116424640747e-06,5.080785446465333564e-09,1.003502835031860105e-06,2.677420691746782860e-07,6.705231590158629379e-07,1.045563168782659718e-07,4.776569257269774813e-07,1.003292314355937726e-08,8.619158526302156930e-08,2.291753720048620868e-07,6.697904617075567391e-07,2.177603449862214566e-06,9.212862945007358248e-07
1.914665880687491554e-07,1.081025996411639848e-07,3.797830106056852456e-08,2.624418647997106969e-07,6.384683232374949396e-08,1.503802681648302279e-06,7.322378514349809694e-08,1.860976759086739590e-07,1.408259407950503109e-07,7.819649947127574257e-07,1.332190522663286786e-06,3.400485785739001400e-07,7.770157485242450891e-07,7.530815762327835173e-07,1.267810311172901168e-07,4.614916688438915146e-07,2.055848186996680336e-07,6.440650816713746920e-07,6.705237869085815581e-08,1.078389146995489377e-06,1.469471978428652793e-07,2.978753625619774308e-07,3.101044496942207777e-06,9.388592837757745244e-07,5.971284228790539631e-08,2.087658300287816338e-09,1.122456017955228686e-07,1.030016198848617753e-07,7.651714176470209071e-07,3.007288200405937509e-08,1.684597397378633380e-07,1.138401231402856170e-06,1.012805750322158569e-06,2.403864355997105195e-10,5.616015441605179734e-07,0.000000000000000000e+00,3.689271359855861068e-10,8.153176048498353177e-08,8.070005080592198881e-07,3.444506533601980910e-06,2.278584555862158063e-06,2.700290107379477126e-06,1.092258566417591929e-08,8.720885753292795467e-07,1.977424521071175169e-08,4.615650601425854997e-07,1.799082352806103993e-07,8.346386939470943955e-06,5.541538900422975944e-07,1.090899618467431213e-06,1.105816874643653588e-07,2.241080181032500571e-07,5.845468410735391412e-07,7.844905023886832232e-07,1.885492468532198037e-07,3.281177205879044893e-08,8.858614091803176661e-08,9.037515168989037855e-07,4.668403038461110485e-08,5.751429188221169941e-07,1.036103244285656801e-08,1.014256497691055075e-08,8.699720044163301577e-07,1.945725411125152251e-08,4.530210422123738022e-07,3.069217347436045059e-06,1.809296452636998081e-07,5.541538900422975944e-07,1.090899618467431213e-06,1.105816874643653588e-07,2.198182487769740743e-07,6.152211172975285826e-07,7.596537197130534518e-07,1.884084285423068022e-07,2.213407213114263507e-08,6.537438695021988814e-08,9.037515168989037855e-07,5.724628539086310411e-07,9.245558457440155603e-07
1.226156446477927495e-10,7.710388199828707936e-11,7.419797784396735284e-11,8.470278505746549160e-11,1.560199522603766491e-10,1.692977372308509663e-09,1.256772652052570739e-09,1.420127838041937997e-10,1.416735677327117637e-10,1.028207668556311617e-09,6.524278146590411936e-10,2.017675382637788553e-10,1.142731093649915157e-09,6.408923901356277834e-10,2.810271338052195138e-10,1.623675036024528154e-09,3.937660405691004838e-10,1.300781480161635544e-09,2.989086333874969820e-10,6.692528240832422523e-10,2.119921299189876479e-10,2.438292746002751548e-10,7.443392594678585281e-09,1.442886178625351668e-09,9.298703492467228811e-11,3.604673712473924648e-10,1.373619249696635674e-09,1.443015196893094282e-09,9.845946834256867934e-10,1.111227536762078936e-09,5.575060703048067132e-11,2.106186523873889106e-10,2.233325693199216363e-10,3.793868714181442243e-10,2.223237159300451982e-08,3.701673551128683079e-10,0.000000000000000000e+00,3.191930711807226082e-10,1.023679516075967109e-09,3.073901735946085219e-09,5.505539390379064167e-09,4.709566437054935682e-09,3.515472871591434830e-10,1.037359197842703219e-09,5.956501905761980131e-10,5.276823294170344544e-10,1.205255382389253429e-09,7.430259265464378241e-09,1.508671971434579967e-09,6.055784976041199826e-09,1.158913861886144199e-10,1.372750260013536563e-09,2.630512902072329738e-09,5.443605790749255282e-10,2.705526905350317947e-10,3.859760858662205161e-10,2.663288274097895519e-09,3.323888786131574859e-09,1.991509280149100939e-09,3.252026485767560272e-09,3.762867038476474554e-10,3.540606152484208101e-10,1.039016442771606428e-09,5.972500376993594114e-10,5.320372475138960620e-10,2.226544724013205275e-09,1.207456131235649856e-09,1.508671971434579967e-09,6.055784976041199826e-09,1.158913861886144199e-10,1.378800131146073209e-09,2.635212220723738375e-09,5.542225357921581955e-10,2.706721209492095955e-10,4.677976065229031585e-10,2.283548117833761978e-09,3.323888786131574859e-09,3.256197774368396420e-09,1.223244025250970369e-09
3.228572947377908283e-08,1.492224628515872245e-08,4.136869023698868165e-09,6.818966198923151192e-07,9.417340423463012157e-07,4.626890552903772236e-07,1.912327568793227341e-07,4.653013789209436658e-08,2.416421927115320866e-09,1.019008695114149119e-06,3.619062588867677708e-06,2.046586505957846058e-08,2.096428284170261730e-06,1.412235040494249077e-06,2.439883960730658640e-07,2.974156696851463224e-06,1.185102408562948623e-06,1.510919199461402443e-06,9.440635674441698566e-07,1.478617096665150928e-07,2.843057286590408643e-07,7.139552327368768261e-07,2.706152808145183503e-06,8.478120544432934811e-07,1.250069453761337033e-07,2.778629090104862495e-06,1.324042869402978169e-06,7.347059068360292128e-07,1.580872025045652357e-06,3.323446744818025952e-07,1.918092891333307779e-07,3.734295806826191285e-07,4.181202717947651033e-07,2.940457519930627589e-07,5.343360382456408054e-07,2.894404229273437097e-09,3.174589832322039663e-10,0.000000000000000000e+00,1.086713258925750400e-06,1.020724684308113100e-06,2.408610161202573033e-06,8.714305970878263895e-06,1.268000801163493319e-08,2.217298976283736582e-06,2.389093646014623552e-07,1.534577288491173101e-06,2.074974627011423771e-05,2.267787045039497689e-05,1.828914534545297596e-07,1.970980043857769495e-06,2.799108816025720283e-07,5.938976291145785897e-07,4.632049691603624921e-07,1.756614275620110747e-09,4.270028477691196304e-06,3.718697783498012569e-07,4.125374053110247512e-07,5.276504064087730516e-07,9.257854202986331547e-08,1.971955501483545033e-05,2.735944066975091841e-07,1.343898881649930036e-08,2.213252642503229048e-06,2.372737982971419830e-07,1.612134245920921342e-06,7.337379154491677026e-06,2.090657933029866134e-05,1.828914534545297596e-07,1.970980043857769495e-06,2.799108816025720283e-07,5.867794912104918934e-07,4.598016899776590997e-07,1.062388013272266652e-09,4.269556672794040146e-06,1.033107341693132732e-06,1.516698189458989860e-07,5.276504064087730516e-07,1.970445803412946729e-05,3.639096712077184983e-06
3.332086212970469574e-06,4.563747246073194998e-08,6.041875625253326623e-09,8.655384571688101670e-08,4.298215244640340725e-07,7.213614860370576034e-06,9.298949885620978524e-07,1.626693110529180150e-07,5.598479674025941089e-08,1.308136999407819344e-06,1.623733476445028892e-06,4.655929390139561873e-07,3.960087764842628880e-06,1.779498295089509706e-06,6.047966853349267350e-07,4.176288257156113473e-06,1.675559320397930068e-06,4.606273697393164779e-06,4.507054788119614406e-07,5.155991079141347264e-08,1.108119406236881143e-06,2.940465839558653605e-07,1.039052563698032344e-06,2.154598553749042064e-06,1.743779339255426278e-07,1.534180173975193939e-06,7.219102908034153862e-07,4.735880145086858276e-06,3.820580990405610377e-06,5.369198839042894284e-07,8.193136416899269918e-08,5.177181535766322140e-07,1.073993433366565376e-06,3.155367093651070982e-07,8.541851550514124135e-07,1.574928505661631317e-06,1.006076815234586232e-09,1.071978279204972390e-06,0.000000000000000000e+00,1.066552044229221369e-05,7.934020117279875565e-06,1.206407140453038859e-05,4.338305246191077194e-07,3.770042688329231713e-06,1.089039510021694882e-06,1.336901725337482144e-06,4.223765780001328221e-06,3.329555334186177069e-05,2.178492896628346448e-06,1.190431760042043623e-06,1.840492387377155623e-07,3.016432397818584213e-06,2.813513934805981154e-07,1.879569450567506045e-06,8.770552445634423983e-07,1.669539117820802858e-07,8.168152282302668915e-06,1.949153151531586339e-06,8.571833492609020689e-06,1.116122660705937407e-05,4.279571511527246101e-07,4.408630171252863147e-07,3.776891910461285547e-06,1.094295465168352469e-06,1.354551930398697379e-06,8.429566230686148613e-06,4.234234680402340294e-06,2.178492896628346448e-06,1.190431760042043623e-06,1.840492387377155623e-07,3.037553175107736253e-06,2.854425198733034352e-07,1.923280778058498018e-06,8.775394120011856273e-07,7.844021840660869308e-08,7.421165413664132266e-06,1.949153151531586339e-06,1.117811060964024893e-05,5.206447918230159395e-06
1.220434324340149366e-06,2.952259947541111077e-07,2.229207079288038245e-07,6.767419933399802715e-07,4.862694381887634088e-07,6.625110505158252637e-06,3.649264479485864819e-07,1.436057962565946839e-06,7.495910027524180296e-08,3.482177471141233852e-06,2.259240283452298250e-06,1.212526069695564451e-06,8.008962002804983598e-06,1.719264726577111018e-06,1.716510196113821673e-06,7.737060960928876500e-06,2.168494454646340846e-06,7.271568169146166565e-06,5.589385170278629582e-07,8.941418857172278415e-07,5.036043860999151179e-07,3.391956644007694708e-07,1.814076598458218552e-05,2.888235343727659457e-06,1.778408005451017798e-07,1.896740569241856046e-07,3.917075805393415732e-07,1.496811816868481400e-06,4.206431343864475852e-06,1.302737005614308864e-06,1.468627683746145131e-06,1.288225455299654123e-06,2.372291925265994144e-06,1.013380747903559290e-07,9.134605207078647545e-07,3.351869221423646166e-06,2.920252611165871334e-09,9.550825559492517223e-07,9.827772957801462789e-06,0.000000000000000000e+00,1.977375838583683511e-05,1.222810427386443398e-05,5.154877496233825492e-10,6.043523667887750896e-06,2.107714318641814875e-06,2.209640835594445595e-06,1.489159950709022159e-05,8.599644414095394894e-05,4.772782442685894998e-06,9.139818245421329587e-06,4.935323840639561410e-07,4.022085259536438664e-06,3.469160297867193644e-06,7.355035959695925222e-06,2.738592539978682685e-06,4.693870563271846053e-08,6.462244155197847328e-07,5.853680884048653646e-06,7.461108124690903231e-07,1.630688740745929541e-06,8.579727371031957459e-08,1.091713598771164322e-09,6.025022928330973964e-06,2.093109705421521151e-06,2.203095512984642290e-06,2.663629998517629857e-06,1.491879258602152162e-05,4.772782442685894998e-06,9.139818245421329587e-06,4.935323840639561410e-07,4.052993771935040887e-06,3.442936710852211781e-06,7.349566206225389884e-06,2.740019645524307071e-06,3.350905446855793681e-08,3.108822000130984397e-07,5.853680884048653646e-06,1.636229002553485911e-06,6.224298357395245616e-06
9.481946064749518097e-07,5.960966773017396191e-07,1.475678635611612277e-07,8.784074514371254942e-07,2.588838844012794831e-06,8.710817168906637929e-06,5.831214672331777123e-07,1.432513918458767370e-06,1.430604760320840643e-07,5.522457096311215437e-06,7.572734720706860103e-06,5.971810796713160163e-07,9.089118765624986784e-06,5.772817252415154065e-06,2.281340909676820969e-06,9.953591264606080396e-06,3.827102282757628385e-06,9.765665153662413285e-06,2.510688379157931663e-06,4.435900993120347671e-07,3.133245663793053198e-07,6.766064243628646993e-07,2.709122968665702845e-05,7.567521487349581175e-06,8.006841394092633968e-08,2.877419490409844882e-06,3.467171375296453090e-08,4.618919553167885355e-06,6.279504129346963989e-06,2.306998480594474077e-06,3.817233221315642673e-07,1.378105512572862857e-06,2.506980559017091625e-06,9.905075143174418247e-09,1.019111467506500397e-06,3.426776721895084386e-06,5.031178721573444015e-09,2.348653389431342915e-06,8.967093394783237441e-06,1.977132767508778187e-05,0.000000000000000000e+00,2.877406514446274015e-05,3.746307457563517335e-07,8.221548132179905223e-06,1.951296307440787165e-06,4.993441443716048624e-06,1.053779226525177158e-05,7.170221208399232121e-05,3.448823534826162846e-06,1.331994965698448677e-05,5.857266933715305801e-07,5.073403401622459469e-06,3.520280838117019868e-06,3.038208537017522074e-06,2.830319392812633530e-06,2.736037934588624798e-07,6.388585558079687841e-07,8.971503827446457519e-06,2.179053619118641807e-06,2.257923973535742545e-05,3.238742126520949123e-07,3.572725327559232731e-07,8.190512644594959642e-06,2.002475194882189796e-06,5.094808821201690016e-06,1.470933799724755513e-05,1.060114648590191050e-05,3.448823534826162846e-06,1.331994965698448677e-05,5.857266933715305801e-07,5.106521491141932518e-06,3.558818024300399255e-06,3.072731286926290263e-06,2.716538064025311214e-06,5.708216411482763425e-07,6.195802549236516449e-07,8.971503827446457519e-06,2.271403406799770713e-05,7.789859056526888663e-06
1.717280904511620003e-06,1.934087568075888165e-07,5.789222549587812982e-08,1.724438005658450555e-07,1.544653441259260261e-06,9.588412285211382955e-06,8.981677912984095840e-07,4.405126634990467097e-07,5.832810670382002480e-09,6.972933139015839320e-06,2.644892633655979727e-06,2.024405623404794039e-07,8.179311044283532863e-06,1.081824932694856893e-06,1.625797886256801723e-07,1.291277113846983263e-05,1.851322023070939555e-06,1.351990530472194705e-05,1.586969078929012892e-06,3.726902573749875903e-07,6.347499269777273640e-07,3.970226855991383690e-07,1.080126903995681546e-05,4.925645973929360859e-06,5.908359502997236553e-07,5.638695578164167433e-06,2.208334019655802921e-06,9.298593380232184143e-07,6.310432556358361543e-06,1.967067073482173209e-07,5.679778262203609512e-07,7.812647572276532271e-07,2.432191224678316388e-06,7.195094068571949385e-08,1.377805282896909065e-06,2.445445360477945250e-06,4.363935340605066541e-09,5.107335970916567614e-06,1.118702253001978244e-05,1.608629925610376523e-05,2.389516014638041393e-05,0.000000000000000000e+00,5.320547623648807028e-08,7.305795041641699148e-06,1.952556234042655315e-06,2.676481866537766595e-06,3.476452364198438219e-05,1.297460854980142953e-04,5.430467480980074419e-06,1.713679108114042041e-05,2.001904977380759734e-07,5.043623599826756706e-06,2.134396482583289332e-06,2.213016772298116730e-06,4.319094846193271757e-06,4.107449332816448853e-08,9.478601619206331956e-07,6.090965092447234882e-06,9.943618586329623981e-07,7.189405800563940826e-05,4.764474837177632619e-07,3.220982407576487901e-08,7.279158935243496901e-06,1.971901807711639825e-06,2.819699046095362368e-06,5.658455162754946462e-05,3.476390803625728889e-05,5.430467480980074419e-06,1.713679108114042041e-05,2.001904977380759734e-07,5.010727895049245877e-06,2.129442756288831016e-06,2.192115965857340854e-06,4.387171264924828743e-06,4.212453001890575296e-07,1.266395396954126803e-06,6.090965092447234882e-06,7.211106719941390850e-05,1.877715346457582501e-05
1.813070471522143173e-07,1.059005313856207449e-08,1.046749932310275651e-07,1.558446509657000177e-07,1.775233292414827503e-08,2.952322161836167539e-07,2.595705063851298637e-07,2.180693069606850127e-07,4.791348253914771570e-08,5.678014148637249321e-07,3.349485765337886103e-07,1.004713631793544555e-07,1.279478926190409077e-07,1.285078624592485890e-07,1.989664056122994146e-07,5.689603077702133944e-07,1.404772340855822995e-07,7.279199011731746230e-08,8.101052651539522041e-08,3.750315990737630509e-08,1.332413769707979166e-07,3.057695034590785313e-07,7.373583729738024428e-07,1.866657762843053052e-07,2.117025832616898523e-08,6.137184005085930305e-08,4.266263829242484781e-07,3.970232566445022310e-07,1.242363817772514421e-07,3.152194066547638819e-07,7.365893523490483929e-07,3.926909283478963193e-07,7.702900240957053844e-07,7.972682518188780220e-08,3.930163779369178019e-07,3.074545523918011484e-09,3.494450456913893717e-10,6.163421335723691274e-08,8.631817864090161673e-07,1.079583890337395734e-07,1.745922470595119545e-07,9.087151777953453571e-08,0.000000000000000000e+00,1.107261603451440021e-07,1.699886817237991381e-07,1.309570880137561336e-07,4.527342744093183988e-07,3.745577081721563074e-07,2.935283560492727807e-07,2.960720766059533318e-07,2.355605599592850514e-07,8.614335055894416921e-08,8.404720231603363366e-08,1.867413532107743959e-08,4.842438977465884470e-08,4.384806080467429456e-08,2.695403192123777977e-07,9.526194305155298347e-07,1.077160058004472351e-07,6.125900631972201059e-08,7.486065522581738926e-09,0.000000000000000000e+00,1.101073556419631591e-07,1.684678103780548877e-07,1.267155183582691351e-07,2.088158386880195876e-07,4.547924699061854610e-07,2.935283560492727807e-07,2.960720766059533318e-07,2.355605599592850514e-07,1.036487821367879402e-07,8.282589494893880875e-08,2.204344722411124402e-08,4.852767311235666506e-08,1.306671250320334608e-08,2.597700993401988631e-07,9.526194305155298347e-07,6.217320758953795554e-08,5.709832554955502302e-08
3.158777268037482434e-07,2.423858286063903795e-08,2.040404415798596421e-08,5.695830327443623724e-07,1.732126737473684549e-06,3.738884748126980877e-06,7.970465018594503906e-08,5.449747820353048341e-07,2.692782968725855814e-08,2.689819340252299691e-06,7.803935671571843224e-06,2.194409421979847169e-06,1.922435565351176214e-06,1.067390558101414567e-05,1.604636212917734070e-06,1.057751926111857047e-05,3.544511202376453086e-06,1.244264554176799717e-05,4.128622657452828132e-06,2.305967169920862664e-07,2.184082884515388830e-07,2.405839661558740615e-07,2.825428146674933632e-05,4.267934240922140997e-06,5.659223159734785464e-09,3.140140021394691548e-06,5.755650362919779255e-07,5.319826333169724859e-07,5.173582307822406509e-06,1.489099512511319270e-08,2.259651980417355921e-07,5.464818695257733192e-07,1.077786545841731664e-06,5.465535954862485526e-08,1.350275358072997922e-06,6.464965081671693743e-07,1.029813331306335043e-09,5.019086953848707893e-06,3.812177376649375048e-06,3.450163263270828465e-06,9.256482739326485015e-06,8.053661436701973415e-06,6.208235278759339554e-08,0.000000000000000000e+00,1.660774453437830505e-06,9.715720046339074148e-06,7.763213501583300145e-06,6.457353077312874296e-05,1.677053588558786991e-06,7.958397448311392989e-06,1.844917718433524287e-07,2.068784755238590828e-06,1.435904286737228860e-06,1.793135667334041558e-06,1.301644427591014558e-06,4.267651234875529516e-07,7.959852553377574207e-07,2.049309986736275793e-06,8.345652595144529735e-08,2.025490702286856208e-05,7.825322934041259436e-07,5.894601338341959958e-08,5.332543791914572395e-09,1.707563128677417819e-06,9.638048965078610951e-06,1.932465921857046134e-05,7.745424169228356162e-06,1.677053588558786991e-06,7.958397448311392989e-06,1.844917718433524287e-07,2.047101082298240050e-06,1.458577211695466694e-06,1.730322863059384217e-06,1.301168209110869531e-06,9.473089040803132538e-07,3.784205101622751215e-07,2.049309986736275793e-06,2.022874523109096227e-05,3.626915152267976943e-06
3.064475402879835965e-07,1.812941408310369553e-08,1.867491286389323191e-07,1.365208232406538412e-07,4.287170946553759110e-08,1.259143671574416941e-06,2.346258035742310306e-07,3.399416926087224596e-07,6.169210123675839430e-09,1.294333400284620509e-06,3.112527559071351910e-06,1.046256405934502792e-07,2.207761018363209956e-06,9.274209828348258171e-07,1.015696909891742767e-07,4.528250863260153961e-06,1.118966633999070262e-06,2.474272804822315884e-06,6.357398387824053872e-07,2.071283961065932804e-07,8.243220370056907741e-09,1.289593418230361098e-07,5.328583587510812505e-06,1.121082117620456273e-06,7.478610410366114826e-08,8.176599869304095035e-07,7.226041847074668080e-08,1.305151989361287742e-06,7.349470370846682472e-07,1.360811258110408129e-07,3.851018236715094791e-08,3.574347272484377146e-07,8.738125367830591446e-07,7.914786045464421655e-08,7.334584580271236057e-07,1.064806480499907060e-08,5.906970623856066408e-10,1.470713475483855896e-07,7.358856229538107225e-07,9.997126507439829991e-07,3.030130375696657679e-06,2.230849469311015755e-06,3.435373774877187441e-07,1.441903822446772195e-06,0.000000000000000000e+00,1.823548421828585612e-06,4.298353587002941416e-06,1.493145845618497692e-05,9.271378261725664237e-07,3.137112393767059441e-06,1.305888603515497757e-07,9.020907837275523140e-07,6.769903041863939611e-07,4.574906990572032553e-07,5.388790940869996153e-07,2.314841927182769613e-09,6.827390858383779122e-07,1.187477099112051555e-06,6.298174713820542593e-08,5.941663058877166823e-06,2.265282074661128524e-08,3.373648464768363516e-07,1.435982696655476033e-06,1.162077381601713345e-09,1.800235880357561051e-06,4.343584520416329372e-06,4.286352826104746561e-06,9.271378261725664237e-07,3.137112393767059441e-06,1.305888603515497757e-07,8.908070382576323992e-07,6.721144768594927873e-07,5.765325258975302350e-07,6.076971200303997516e-07,1.201133717224402314e-08,6.436238459194332607e-07,1.187477099112051555e-06,5.927507121402442608e-06,1.320254133938426787e-06
1.298581143395948187e-07,1.963376650929670772e-07,6.230849660950594699e-09,8.370600194069091439e-07,9.640571062388040539e-07,2.150609058498434668e-06,1.172439979881249490e-07,9.695247576664199926e-08,6.832757221038234620e-10,1.847491217257176464e-06,9.448287236006255863e-06,1.562026246362198230e-06,9.945017166102883461e-06,1.026403814619933946e-05,3.634058843489122520e-06,1.971955163578270931e-05,2.490208822545996932e-06,1.458635102168433222e-05,6.649525320437038112e-04,1.684340478946805057e-07,8.600919095384629381e-09,4.245386513160211554e-07,2.042850531143211010e-05,3.454961645474812842e-06,2.427658900096262411e-08,2.420244641310777843e-06,8.079839018125478560e-08,1.744488061106023200e-07,4.419747035260370998e-06,6.177630704456624016e-08,9.978056423177662165e-08,7.224394240381741115e-07,7.146854369681114534e-07,2.350719986159225701e-07,5.163981884308105224e-07,9.147504957587533778e-07,2.836193323121256126e-07,1.894987729164834436e-06,1.805737649524337551e-06,1.023723461143268760e-06,4.779138144276885749e-06,3.583071500884542535e-06,6.984426202024318489e-07,1.072873989976613143e-05,1.835242356465601661e-06,0.000000000000000000e+00,1.152887958817816907e-05,4.058417299003558873e-05,4.736609770331522522e-07,1.268063272654615552e-05,3.151724694861808632e-07,1.151491455791334741e-06,5.193014529980366054e-07,9.966928078283573312e-07,1.086670116389597806e-06,1.129489812950657652e-07,1.434035523903782415e-06,1.805542066605697203e-06,8.200659500612927698e-08,1.312367019058578331e-05,5.884198859976860988e-07,6.891314361087219713e-07,1.071343773353113642e-05,1.908020364817358794e-06,6.016819940447177823e-10,1.314059614123262013e-05,1.150811349863450267e-05,4.736609770331522522e-07,1.268063272654615552e-05,3.151724694861808632e-07,1.138774239405971295e-06,5.146234200287938826e-07,1.023761913888922387e-06,1.086525131529702955e-06,1.755696845067914012e-07,9.615862914269844007e-07,1.805542066605697203e-06,1.319873587379611224e-05,1.613477291489580159e-06
6.570754667700494799e-07,3.031225260525241640e-08,2.768532621310243586e-09,5.050357988753518844e-07,9.390354744728646611e-06,2.072325852931858866e-06,3.789567315628793869e-07,2.478959562817988462e-07,8.025571311903510705e-08,5.725085646753359848e-06,1.206330780234985966e-05,1.689299000224917415e-07,7.929939173338592732e-06,6.102049606483016234e-06,3.151942469741457016e-07,1.278185009338609422e-05,1.331334045066109657e-06,1.489016059436570495e-05,8.491556330462189377e-06,7.052215872338129606e-07,4.465630096542748831e-07,3.110124220700889867e-07,3.248961782814025135e-06,3.269313910781799168e-06,2.860110285468559867e-07,1.460708487803531267e-05,5.281829523743389604e-06,3.513739403774875714e-06,4.824741789879798320e-06,4.479443989306265150e-06,3.949603602894853879e-07,3.482806858143161830e-07,6.798884166515498728e-07,1.500029537481306283e-06,6.770484521238915261e-07,1.014839477907077216e-07,1.266609071465639582e-09,1.935356257108628930e-05,4.332850175167281222e-06,1.647266368165672468e-05,1.296721605661402427e-05,3.709558531698450628e-05,1.225618834027778066e-07,9.514916719120729651e-06,3.592784949833267888e-06,1.189098274627649531e-05,0.000000000000000000e+00,1.052942704137836217e-04,2.514903058763817177e-07,1.437277607325903091e-05,1.794157589694384649e-07,6.220636981619869295e-06,5.227547084105630347e-07,1.487252189400857528e-06,2.335559100736986005e-05,6.014491873749433606e-07,1.094202328254132772e-06,8.940334573680618479e-08,1.737816134976177505e-06,9.023456720823763049e-05,8.695161590043737173e-07,1.271139069726360078e-07,9.580899709182811455e-06,3.578570952419648082e-06,1.271969984311040557e-05,1.203766736239018821e-05,2.886019753252564900e-10,2.514903058763817177e-07,1.437277607325903091e-05,1.794157589694384649e-07,6.246929947296908514e-06,5.290981862749402546e-07,1.534435949574200607e-06,2.352872747177917539e-05,3.116722822156326857e-06,2.051152151996516171e-06,8.940334573680618479e-08,9.033328443491822233e-05,1.359887231538813505e-05
3.523805210119781564e-06,2.913807464191329314e-07,2.052053160390737142e-08,2.199722428285498304e-06,5.695654153437814788e-06,2.168279953878716039e-05,8.595093353610259511e-07,1.031154699248436740e-06,6.319586653606087530e-09,1.938664375116463611e-05,5.203671804605738797e-05,3.471013387764969703e-06,4.776130194631904817e-05,2.930036150857332484e-05,4.560257563347353488e-06,4.156152343206223106e-05,1.811697419592784669e-05,5.534614213311025538e-05,1.219959317186909387e-05,3.920659446092531109e-07,1.289625393656664627e-06,4.618933314992867754e-07,1.401264005503260004e-04,2.602417752767399186e-05,5.267613390673909206e-07,1.592401761809617941e-05,1.102612598759848946e-05,5.073668717779256058e-06,2.607548706375777497e-05,3.005561854383133096e-07,1.602401685790851131e-06,1.958046606817027662e-06,4.840638529913327864e-06,1.879050481552110665e-06,2.584175967012491543e-06,4.582957848096922996e-06,7.492980318468286176e-09,8.826527537860252959e-06,2.980821370688219738e-05,6.874235015453126541e-05,6.842760109815353891e-05,1.152339229514134559e-04,1.670401914475910329e-08,4.248425319176504789e-05,9.839379806212176661e-06,2.676609191367052996e-05,6.612868743101109608e-05,0.000000000000000000e+00,9.593787107852190825e-06,4.301880257511825535e-05,3.176944282803162927e-07,1.610952919198907211e-05,4.374039323651172238e-06,1.014416210713125123e-05,1.245284716784949116e-05,5.265246339644390759e-07,2.471528098446817965e-06,1.502957897197168498e-05,1.411714682162531511e-06,1.595827466832756120e-04,3.528081449373367133e-06,1.265672927996181619e-08,4.262980148398233976e-05,9.841351846192436081e-06,2.687157800538892373e-05,1.192975213789528353e-04,6.692994311417216249e-05,9.593787107852190825e-06,4.301880257511825535e-05,3.176944282803162927e-07,1.619314183000371374e-05,4.417721793588428529e-06,1.020225840662462986e-05,1.261924834829902367e-05,2.493178916248042455e-06,1.584743455151382179e-06,1.502957897197168498e-05,1.597340364201324796e-04,3.663014782820489773e-05
2.705717322528856070e-07,1.371604524005907234e-07,1.908354012074909245e-08,4.237879129898082463e-07,3.045012222733705062e-07,3.276049397097662469e-06,2.591170855976097170e-07,3.561026016217831475e-07,4.064141048514901758e-09,9.600619050659013972e-07,9.224274123853561215e-07,6.593170703827663169e-07,2.124610896626551209e-06,1.511731682824840484e-06,3.041347799588592253e-07,1.278628610498283168e-06,1.027510886329720709e-06,1.451735206359222466e-06,2.367108222869262143e-07,5.172959786490619997e-07,5.641666049110105285e-08,5.386614036136006076e-07,6.436224744042987208e-06,1.050298166449628427e-06,1.754931920848258533e-07,3.535239023723244740e-07,6.565730514592106393e-08,9.837112670598575972e-07,5.486011438005248490e-07,8.433336971117435368e-07,8.307415846149945330e-08,2.955731652717986176e-07,8.724205672877767620e-07,1.041412713964252064e-07,7.719542901139791603e-07,5.531169551611756902e-07,1.470711365049317503e-09,4.886898244912971227e-07,1.669636086451044307e-06,4.874817862055861081e-06,5.514238433931356397e-06,4.885604181300450308e-06,5.433991541647500891e-07,1.113397355867910236e-06,6.426801364519244221e-07,5.895524391883038829e-07,4.256621670324853948e-07,1.401612770012191138e-05,0.000000000000000000e+00,3.790737398162735682e-06,9.168425419520482796e-08,5.178156770547463146e-06,1.793852178214257459e-06,8.723991799475403842e-07,9.538013303418249482e-08,2.065931207579307070e-08,2.304185220344844384e-07,2.848677134031896080e-06,5.191450892756248514e-07,4.052176051443297639e-06,8.909942547356455595e-08,5.313812611142688797e-07,1.105555670813658761e-06,6.734944295432436311e-07,5.712069086145985283e-07,2.759413335101175106e-06,4.224929479749224978e-07,0.000000000000000000e+00,3.790737398162735682e-06,9.168425419520482796e-08,5.133784605015896094e-06,1.780629927896679220e-06,8.631108462394071947e-07,7.433929307867985045e-08,8.052603160309202037e-08,1.833118227173939030e-07,2.848677134031896080e-06,4.034889214902783123e-06,1.577162299792163474e-06
8.455462627655662620e-09,1.938697227666017151e-07,1.550302859060164248e-08,4.729562861763556430e-07,4.960788895222146311e-07,4.989692898275010553e-06,7.640177591815414534e-07,5.763706173760454984e-07,3.037817707254452318e-07,2.397924230178383828e-06,3.535625302872280207e-06,7.824222825242100105e-07,7.795276520688085615e-06,5.810249218092678428e-06,2.120851250104344159e-06,2.661175197756753883e-05,1.864010809079549096e-06,2.317511665852156510e-05,6.603611344958606074e-06,6.978781907841786540e-07,2.040796531353891609e-07,5.758481898586065472e-07,3.310930845271069760e-05,3.602393656892360096e-06,2.164891920910167694e-07,1.596096254507527976e-06,2.170836510362519164e-07,3.031411310553790616e-06,3.115642201999558126e-06,8.285881538714903952e-07,5.804179059685514992e-07,1.251301848137907255e-06,2.108085498335629076e-06,6.875596247388976604e-08,1.164591605421644716e-06,8.770154140906326725e-07,5.486800339134731836e-09,1.050342722758855436e-06,7.375831179480031876e-07,8.647844201879446526e-06,9.714185917642787621e-06,1.465397812974999979e-05,3.448964843872921325e-07,8.437121794794018152e-06,1.427339322332192766e-06,1.144096565842553407e-05,1.239462853230004918e-05,4.544434562728470050e-05,1.665147142868251613e-06,0.000000000000000000e+00,1.013978517317254336e-06,2.175255138797620278e-06,4.440506214299764087e-06,1.788031226351518730e-06,1.414032324294213165e-06,2.353990331276141589e-07,2.975121952170795844e-06,5.258261399725582361e-06,1.727620653100823649e-06,1.502244671058296596e-05,1.346838224046172320e-06,3.469259632753952569e-07,8.447541947638276410e-06,1.439547798767145567e-06,1.154461833210040599e-05,2.519797113678543871e-05,1.250334300110234765e-05,1.665147142868251613e-06,0.000000000000000000e+00,1.013978517317254336e-06,2.221747345217307947e-06,4.502654375722888712e-06,1.712668270975853338e-06,1.454713228932836899e-06,6.044228149557820769e-07,2.465343879079741337e-06,5.258261399725582361e-06,1.496487404297152322e-05,2.402343037918203206e-06
6.689187349254496772e-10,9.992711074039554316e-08,8.888236301689153896e-08,8.794880928340782499e-08,3.739941115801715253e-10,2.305997933748897452e-07,1.611143589701781152e-07,5.955465610559277076e-08,1.868969346575496733e-07,4.434441331187260700e-08,1.032336984396902443e-06,6.977224775731420006e-07,2.413695926242542285e-07,5.764604066592482363e-07,5.854831520909959931e-08,1.723337374176002357e-06,1.665116783586307313e-07,5.057536054626067663e-07,1.771106312710173649e-07,2.100469629447494698e-07,4.218399601053826227e-08,6.560145953853932269e-06,2.193927343745201008e-06,6.081571527038353138e-09,6.760111861517627514e-08,2.739843227534343014e-07,1.992947524800774817e-08,3.027374428745446385e-07,1.732583636911018267e-07,2.519898497932017503e-08,3.327489511653611782e-08,2.928071184655996783e-07,3.421846417411433580e-07,6.820535108080093155e-09,3.116252837116873331e-07,4.511608772288949603e-07,1.225952177617142239e-10,7.603398781071324875e-07,2.407057604816607793e-10,3.363678301242857302e-07,7.135879142230466741e-07,6.706620399353340504e-08,4.134787784100741748e-08,2.514421109130884522e-07,1.020346040875833321e-07,3.620783596369384420e-07,1.615067879465164506e-07,4.732860700912693447e-07,6.891388680862225396e-08,5.853322654484131791e-07,0.000000000000000000e+00,2.497029103624310602e-09,5.037557964508174067e-07,5.884632272602230628e-08,1.931248938715403231e-08,1.117596282145044004e-07,1.036572965350862043e-06,7.620374194438044422e-08,1.770196916731304892e-07,9.723952226985662607e-08,2.296754583528253048e-08,4.211749770309005630e-08,2.506616056699666336e-07,1.531946315707615324e-07,3.572887442334425864e-07,2.372621324679188669e-07,1.973253407084451926e-07,6.891388680862225396e-08,5.853322654484131791e-07,0.000000000000000000e+00,1.080485984539017039e-07,5.024603614033161672e-07,1.933381709950922965e-08,1.930139459228240684e-08,1.870403492724694107e-07,7.918859597988068994e-07,7.620374194438044422e-08,9.650323746295468506e-08,1.076984494889962400e-08
2.754061289883119936e-08,4.569851967221489590e-07,1.906782181208997970e-07,4.289480050139888572e-07,2.865093860212345721e-07,2.580630537554790523e-06,1.695852069549332970e-07,5.193271481754947013e-07,1.534738388179971042e-08,8.788016620516311594e-07,1.525482588101207086e-06,3.700447865160859454e-07,2.368638327772754384e-06,1.514235275178059876e-06,3.302647983477817042e-07,3.367925473844665860e-06,4.731707724618085459e-07,3.417413808672783655e-06,7.575143723457247450e-07,3.018925661648040799e-07,4.856314527337347743e-08,4.355221588865377346e-07,7.317339793199548309e-06,1.191484471585027490e-06,7.131362681027483326e-08,1.099620032790239024e-06,8.263566887963019593e-09,2.475340266789660012e-06,1.119495200900586596e-06,5.195582266978018871e-07,5.968351419071065015e-08,1.054998511913291526e-06,7.617306108441361159e-07,3.829229322518740202e-08,8.224620298383846043e-07,2.456467846997211195e-07,1.343302016206050928e-09,1.083015542342299879e-06,2.876690261555356788e-06,2.053153605070015571e-06,9.282622705743408161e-06,6.481820481448573826e-06,7.719072447342587587e-08,2.035717625699238543e-06,5.953888602254412934e-07,9.961348427087209920e-07,5.098939747360645326e-06,2.424872729015877391e-05,4.603978889232619239e-06,3.316750499735037676e-06,1.335296293236173113e-07,0.000000000000000000e+00,2.535035409950229608e-07,7.933195733004310973e-07,1.632825532362936395e-06,6.083771303639918592e-08,5.907040063759230045e-07,1.579918775776413619e-06,4.195393562497502088e-07,7.822432163277674922e-06,3.658073397253474001e-07,7.315753695558847473e-08,2.028922076171806445e-06,5.900726929388570497e-07,1.018440862902817117e-06,4.172290512831739078e-06,5.078111932058888492e-06,4.603978889232619239e-06,3.316750499735037676e-06,1.335296293236173113e-07,1.252735262042517317e-09,2.623829081792560588e-07,8.304899373111335752e-07,1.631840976204488338e-06,1.804286177974397448e-07,3.244417342443191915e-07,1.579918775776413619e-06,7.801229061081797354e-06,2.460724280306962188e-06
1.996240462211381038e-08,3.168080968239885337e-07,6.103545894539561177e-08,9.244708665037951698e-07,8.017639580503144835e-08,1.746760503185401037e-06,1.029929863767661610e-06,2.815203645495427397e-07,1.154418078565968727e-07,1.041772184713956261e-06,2.267494022436703945e-06,5.819363303562212509e-07,5.856945587738863742e-07,1.653275196246243419e-06,5.310642966192222301e-07,1.209720253279573098e-06,8.633613748674986705e-07,9.811459898396119622e-07,1.095689807438845839e-07,5.087823659183364818e-07,1.756839360318759867e-08,8.056850250791354982e-07,9.615700529108647874e-06,2.258799223006110619e-06,4.928417805393370155e-07,1.334779303648065918e-07,4.116538126512748661e-07,2.178242805931184307e-06,3.490909396979830769e-07,1.306606919755556902e-06,4.520028382551012789e-07,5.017694666061680058e-07,1.422758336223287217e-06,2.248959750371896363e-07,6.059006280218583677e-07,5.315405166386146931e-07,2.517247815414128030e-09,7.192169722260629342e-08,1.900840972011101636e-07,2.444519799906031320e-06,3.972737353458103757e-06,2.469722218124890523e-06,1.940077107762509892e-07,1.261455873479913442e-06,9.385165588988155889e-07,1.816043548581126178e-07,1.360243981569837072e-06,6.901961180937908091e-06,1.678782860389977357e-06,4.781061458340333186e-06,1.955791530135374457e-07,8.714017820968064822e-07,0.000000000000000000e+00,2.327462035172728899e-07,5.417304912558458934e-08,2.430698040435512536e-07,1.594866707742219826e-06,3.223822147829655568e-06,4.956962514287426978e-07,1.367833045077549434e-06,9.042068090796658179e-08,2.291820044994533297e-07,1.253516080720669646e-06,9.291191917483488191e-07,1.689902325110021931e-07,1.442173896612988745e-06,1.329011081608157550e-06,1.678782860389977357e-06,4.781061458340333186e-06,1.955791530135374457e-07,3.138557097504619050e-07,0.000000000000000000e+00,4.508319705125914844e-07,6.835675858950375340e-08,2.420231058860093071e-07,1.545070926069829001e-06,3.223822147829655568e-06,1.355844053965002437e-06,7.308067847067378193e-07
1.783870323440939642e-08,1.335669119037394297e-08,5.048620060873149421e-08,3.646751474054252580e-07,2.024116330594389059e-09,1.650911753347614179e-06,2.381589845744612159e-07,2.185224292396850163e-07,8.921421914080029928e-09,5.426727180733882458e-07,1.595743829582244612e-06,2.747081819615493354e-07,1.642704766514499131e-06,8.051214445616071924e-07,2.410283407898673771e-07,1.995466992024430450e-06,3.570755544086600823e-07,1.039080258670843841e-06,3.999065477469318178e-07,4.941704303290662206e-07,1.297773519589375014e-07,1.078323271663724553e-07,4.080372670618867788e-06,1.277149950125612606e-06,2.433933353628100312e-07,3.913900315520054088e-07,1.706758819696746666e-07,6.164938879142724360e-07,1.654777036839082425e-06,1.811957388005763194e-07,2.179445805283570723e-07,1.558392294404488544e-07,1.191546700326445591e-06,6.324639170855787841e-09,4.579716442906793657e-07,1.242079127897981051e-07,6.156588333928690329e-10,2.817590531600978680e-10,1.721490553613315897e-06,3.293345854874985863e-06,2.410191657105756232e-06,4.223554332394370529e-06,5.466329741076417082e-08,2.225016740835550603e-06,4.172708180717965570e-07,8.161465281968589447e-07,1.054937801738146927e-06,1.351487516400154847e-05,3.447509137447924077e-07,1.495579895318157373e-06,1.471363174482705515e-08,1.058857603416735955e-06,4.668478584489272903e-07,0.000000000000000000e+00,2.049376426890397862e-08,3.915290799716526525e-10,4.877829932443217258e-07,1.680254769639223541e-06,1.516444096252673132e-07,3.048235886263187790e-06,2.143984083138648586e-08,7.671883921904142174e-08,2.285175858923270189e-06,4.141113134986680346e-07,8.012928670787276042e-07,3.955379523137903538e-06,1.058591803621969021e-06,3.447509137447924077e-07,1.495579895318157373e-06,1.471363174482705515e-08,1.048279291299573037e-06,4.876181596706057388e-07,0.000000000000000000e+00,2.048827401861659226e-08,1.971211832274151884e-08,3.090603393749208186e-07,1.680254769639223541e-06,3.039971350336622067e-06,7.709774045093194210e-07
1.397222150709242634e-07,9.374315348998246760e-08,8.471702531646359407e-08,4.719530160032184301e-07,1.373362440782132827e-06,1.038055840657879230e-06,1.806140904793538127e-08,4.226296607460608139e-08,4.311260815851974556e-08,1.327684781795149393e-06,4.055850601845113836e-06,3.592761126814728567e-08,3.020522673099980069e-06,2.186196869540399291e-06,1.392957899966839566e-07,1.182910888385537039e-06,6.571736060273680638e-07,2.158407887598945336e-06,4.557453005042182113e-07,5.572968051501909040e-07,2.186571284552831522e-08,1.479156490716864991e-07,2.917978001444694397e-06,1.278968048083401706e-06,1.063513562305053704e-07,5.379077201726930108e-06,1.264337303929184358e-06,3.004080380648862223e-07,4.093977432370940693e-07,5.538925443025424429e-07,4.801114521078712361e-07,5.686922363966964627e-08,2.986432091375587594e-07,4.314611745169014298e-07,6.221005613743640671e-07,3.234561948169997236e-08,2.693356033838580218e-10,3.954080693127578541e-06,8.899375157370757611e-07,3.138765033211250463e-06,2.264326592494963252e-06,4.359577305486115481e-06,1.456613011673350982e-09,2.794534555755095333e-06,4.873746128346362002e-07,8.545538972882319584e-07,2.610638843320942584e-05,2.216404986693008044e-05,2.797677119958364973e-07,1.623202424443936620e-06,1.539208189875345843e-07,1.073121335920126321e-06,5.693072375036207267e-08,2.101368222169794674e-08,0.000000000000000000e+00,2.275174367689604432e-07,5.290915574649654932e-08,7.433962244768689749e-07,1.271747486177062790e-07,1.736952793153146753e-05,9.540265006846811990e-08,1.702051490689074899e-09,2.788842520914595643e-06,4.851380884784973966e-07,8.443896904590642161e-07,5.081638715311509619e-06,2.608558262227323295e-05,2.797677119958364973e-07,1.623202424443936620e-06,1.539208189875345843e-07,1.130164858251650309e-06,5.595468172165329207e-08,1.810352717631187595e-08,1.218025550436664105e-09,7.312275554251892465e-07,3.602945320068954778e-08,7.433962244768689749e-07,1.735550856277937495e-05,2.326695880400987495e-06
7.403321514120287812e-07,2.642662190903758933e-07,4.855719612360006302e-07,5.672233958679807072e-08,2.236489215352691611e-08,3.024661984387192165e-09,3.610426881506087766e-07,2.990647292000489406e-07,3.478579516107633485e-07,5.035001722594313329e-08,1.415582863135143508e-06,4.401417453454156944e-07,1.148625171149173528e-07,1.801573848828641149e-07,1.071530774005665375e-09,3.746551102875227837e-07,2.284723434745015931e-07,1.304476233234408611e-08,1.302398072889938458e-07,4.746952288697642243e-07,1.661213734015158637e-07,3.140789545583306426e-07,6.036358144455775856e-07,1.722260734396596675e-08,3.636234541781836032e-07,1.973283142399908832e-08,2.473709754548765060e-07,1.513426012950626459e-07,1.761561250979607461e-07,3.176382960450645254e-07,2.845329818444323987e-08,7.073765262963507519e-07,3.956360571823454460e-07,1.147181028333741651e-07,6.614026013240336635e-07,2.715282632167137458e-07,3.834726902793493460e-10,4.377765323719593379e-07,8.341092925413772124e-07,1.342328233698046204e-09,2.076098542207532410e-07,5.709561747225882993e-08,2.561828769569915334e-10,3.636396579487329298e-07,2.178363098934704766e-09,2.227592816799169235e-07,4.917860439278457975e-07,2.007519926360074410e-07,7.909696811342800494e-09,1.282565291481009517e-07,1.076498599446620023e-06,2.903954614638796106e-07,7.215114370652834662e-10,3.926745011549255326e-08,4.928984123105185957e-08,0.000000000000000000e+00,5.072545866995758667e-06,1.722277110691408801e-08,2.626542636620591228e-06,2.994308551727884278e-07,9.795061239830232192e-07,6.191273557680157084e-09,3.630607985998443342e-07,2.242571807659253856e-09,2.169441514062493418e-07,1.437287905231465886e-07,4.898465210341646918e-07,7.909696811342800494e-09,1.282565291481009517e-07,1.076498599446620023e-06,2.852210445826209563e-07,6.383002944962903607e-10,4.428604983376902941e-08,4.930368731354513933e-08,1.283035995040778135e-07,4.578117656455851046e-06,1.722277110691408801e-08,2.976051827919403582e-07,3.138702389855132063e-07
8.958147478824562333e-06,1.028991761728455627e-06,9.743145347964662748e-07,4.114116158576000386e-07,3.499226021592862546e-07,3.669690619513028271e-08,3.040529692664200539e-06,9.819834166208419700e-07,8.837206272467773047e-07,6.007394984868577530e-07,5.129245467673131818e-06,1.726751219885386283e-06,1.567231149224540200e-06,7.163034287137644798e-06,2.462262592393120438e-07,1.409611444767844927e-06,7.020889210678976969e-07,5.848219844366813927e-07,6.851702289737848833e-07,1.686449013010762490e-06,9.775025438469666386e-07,4.645722422245392396e-07,1.626316482218797193e-05,1.444712987963966170e-06,1.497411629248528565e-06,2.019043602555943506e-07,1.687036426756653582e-06,4.971842060367581923e-08,1.119424270915614220e-06,4.103870309965439871e-07,5.698264315480819710e-07,1.425191135208151630e-06,1.587957898280255711e-06,2.488838607294259203e-09,9.790862714913844991e-07,2.278266038687769795e-07,3.302469177508013496e-09,1.273231945242202409e-08,9.259551172282353931e-06,5.043114041339615213e-08,3.068797593982512063e-07,3.854471625964155676e-07,5.173813652451403454e-11,1.343728169728373112e-06,3.434737274664605259e-08,1.097964958160694278e-06,4.693271585190697262e-07,1.902228393174756186e-06,1.752466858763064015e-09,3.019533375227504686e-06,9.865415967641250555e-07,7.475764970704674764e-08,1.211714973132831048e-06,2.924979943236618583e-07,1.848225248009762162e-09,4.343725612747665570e-06,0.000000000000000000e+00,1.801969450911194844e-07,2.601989848298063196e-05,7.413831704448102963e-07,5.348016089220886395e-06,1.502109946661835251e-11,1.335040859247868325e-06,3.333418923716195591e-08,1.124970730892598604e-06,5.964867944831598553e-07,4.401623734796263423e-07,1.752466858763064015e-09,3.019533375227504686e-06,9.865415967641250555e-07,7.903448641256827591e-08,1.214431865655141278e-06,3.606386692911831080e-07,2.350423738718908937e-09,3.691712257958495332e-06,5.164177434700055499e-06,1.801969450911194844e-07,7.320363433965472140e-07,2.761090825496905087e-07
1.133193283249878209e-06,2.906724248428760271e-07,1.752047966147895237e-07,7.827368454657292836e-07,7.782357487510067216e-07,2.991311199244513978e-06,2.496045549941434201e-07,1.041532674870593852e-06,5.245259455211680503e-07,1.337261584933447963e-06,3.016076354577657201e-06,1.192304635561878016e-06,2.888547160024441065e-06,2.100703861370147032e-06,4.613271192036679543e-07,2.236631404086078342e-06,1.596939254988286489e-06,1.635755277595939716e-06,6.675983674700426978e-07,1.197781831181708519e-06,1.668569277802584248e-07,7.273255561175000546e-07,1.512098632639400870e-05,2.550077244308286942e-06,6.516944527019118088e-08,5.165620130159041133e-07,1.796889818683420507e-06,1.651899768327610977e-06,1.714308632660084746e-06,8.807290903690155748e-07,3.603303677789515152e-07,7.873255135104851304e-07,2.097898634600890023e-06,4.173361383966113951e-07,8.784617122308207753e-07,1.000352748954790676e-06,3.145696844184288982e-09,4.474449214730090839e-07,1.069899511433528553e-06,5.641511608661408086e-06,1.131389517692088625e-05,5.783579308126898131e-06,9.925827472068249286e-07,2.867368418081760978e-06,2.049244022511883216e-06,1.489924725955363092e-06,2.287566603800991255e-07,2.072761242599999867e-05,1.910446207963231855e-06,7.381729505947085084e-06,8.747047690487956149e-08,2.579589637501654243e-06,2.546173547294784556e-06,4.496714652497443786e-07,5.411057122507274325e-07,3.270276587636152884e-08,5.222647032534823714e-07,0.000000000000000000e+00,7.768852453864920018e-07,5.431007503035822691e-06,1.563308369373414157e-07,1.049256749491709799e-06,2.889856307311575208e-06,2.076743443632297067e-06,1.484353695236823620e-06,2.955819837205348737e-06,2.335137649290653088e-07,1.910446207963231855e-06,7.381729505947085084e-06,8.747047690487956149e-08,2.603465416266501606e-06,2.600711395409796952e-06,4.442855839331862381e-07,5.407384551397506066e-07,1.794973228789870130e-07,3.857796227967500633e-07,0.000000000000000000e+00,5.469807441676443810e-06,1.678672613041792803e-06
9.519008618825600015e-06,1.393272923663742161e-07,3.115951344865268724e-07,1.811268179655773282e-07,1.575174830886867752e-09,2.588686261288219918e-07,1.471340817410403706e-06,3.280832920666943031e-07,4.406679688337465394e-09,1.828034983194622140e-07,7.762448428976080234e-07,3.010765543884427849e-07,2.160573262738920905e-09,2.407512795276391394e-08,6.757274954613049646e-08,9.772410015178004646e-08,1.123720505602000335e-09,2.832586745253215927e-07,6.828024002795293135e-08,2.538760451380923050e-07,1.611709231633452200e-06,1.937145938987567665e-07,1.658995159191055092e-06,2.317760169210306476e-07,1.543174294061158617e-07,8.891722622617778223e-08,4.925995644982065258e-07,3.294857146358404073e-07,9.640988690586285078e-08,5.205735628860359154e-07,6.040963639698127337e-08,3.971484274378831492e-07,1.388830384766512982e-06,3.667159691550115835e-09,6.398864918942136594e-07,2.389825829587370408e-07,2.212233082659582528e-09,1.904806073630991493e-07,1.273340092283495816e-05,1.335413409675470020e-06,1.345522717861483333e-06,5.537027844945839431e-07,6.725904815384293711e-08,2.617618647093764561e-07,1.346332975928621071e-07,1.483613385511348178e-08,2.285114472284694472e-06,2.272713552345166238e-06,8.152475457719678677e-07,2.524235245390617462e-06,1.002494512535558797e-07,6.358801444870377970e-07,1.254261648757359427e-07,3.151843245950421865e-09,1.310911728490496873e-07,1.788709811668818946e-06,2.989705139854632323e-05,3.196038990761062133e-07,0.000000000000000000e+00,3.412993932362532524e-07,3.740177105251140244e-06,7.191016811498279095e-08,2.637449954302172639e-07,1.378544150273708189e-07,1.796522827834780040e-08,5.792496738757156869e-07,2.295598688814386598e-06,8.152475457719678677e-07,2.524235245390617462e-06,1.002494512535558797e-07,6.521158442303565963e-07,1.286183998258555739e-07,3.033127459446897108e-09,1.316768026834039347e-07,1.608444728439999278e-06,2.503957688253058794e-05,3.196038990761062133e-07,3.466981041263540277e-07,2.601105475613809757e-07
1.599146327065389342e-06,1.907012724179293538e-07,9.316157877492009766e-08,1.446031276036834030e-06,5.905710038117404106e-06,8.238942436182728087e-06,8.769746786516700650e-07,7.176745937621050616e-07,2.241955199195655963e-08,1.138189537616793486e-05,2.849374073013080368e-05,6.023108578796045769e-07,1.674163524617956685e-05,1.685458998398706119e-05,2.130525527987913301e-06,1.541931400674134367e-05,7.183925847227316753e-06,2.540009115030859824e-05,5.484749499990496894e-06,2.880146266627219083e-07,4.693979205563750537e-07,1.842506788804339940e-07,3.280154707830871386e-05,8.085040334435000204e-06,4.111914872315366800e-07,1.759241206858385521e-05,1.121229008750812440e-05,3.171981962795342208e-06,1.149011652430842811e-05,2.533229878527023808e-06,9.545593165354164605e-07,9.635137542956264518e-07,2.204928726618500992e-06,1.524704022545006587e-06,2.072230111826689651e-06,2.398153747262954394e-06,3.082667078385936414e-09,1.332331832655632846e-05,1.070749753269703561e-05,1.096869556256132736e-06,2.357911213115661996e-05,7.919715718959453247e-05,1.507675332722564175e-07,1.713443925222185094e-05,3.672522575876965222e-06,1.104986308992907413e-05,7.829872361188886182e-05,2.284657031776146489e-04,2.947864079990939617e-06,1.644195398477175398e-05,5.205763030627767381e-07,5.896472111185081305e-06,5.050307045469576846e-07,2.260261033153187794e-06,1.462387327179470410e-05,3.475890938766458508e-07,9.334006461273863911e-07,4.569698865234878070e-06,5.813965550576197887e-07,0.000000000000000000e+00,1.348875157288476658e-06,1.587779327007775539e-07,1.709710744943498571e-05,3.706491235245211457e-06,1.177077467053740327e-05,8.839547667949605627e-05,7.833259808963282723e-05,2.947864079990939617e-06,1.644195398477175398e-05,5.205763030627767381e-07,6.024802123080433907e-06,5.199655053977709236e-07,2.231843449056475415e-06,1.461984682397883244e-05,2.434240924923659076e-06,3.996390816104067218e-07,4.569698865234878070e-06,9.936234872145490724e-10,2.450434891921343902e-05
1.265859171136469546e-06,1.795434109565712745e-08,4.355951180907829813e-09,6.148083318601680906e-08,1.072226505695496464e-07,1.251668221098954455e-07,6.692950349451093864e-08,6.030166417758673571e-08,4.302608104194928198e-10,1.152544092598541793e-07,2.271589977277553582e-06,3.005670913919613000e-07,5.358107308597026338e-07,9.255841291407961489e-07,1.354553866181022622e-09,8.261590864770743146e-07,7.651629431615687676e-08,5.189891934369087011e-07,1.391490815014516841e-07,2.405757649457220138e-07,7.530460694880695867e-08,3.700870352517966952e-08,2.992732700991618704e-06,4.314807062295058169e-07,3.150908096796649652e-09,1.949589681892472596e-07,1.949622947407829907e-07,8.015009007360437910e-08,7.213685212774445188e-07,5.162820214492000086e-08,2.011278331404250155e-07,2.217995047573387375e-07,5.803136279415101166e-07,9.882455100897032936e-08,6.650090267986838940e-07,6.696202043617060729e-09,3.764659786140945810e-10,2.050860744551816006e-07,2.917262162046297305e-07,1.632779705473222090e-07,2.276757674411152062e-07,4.647799018878725035e-07,6.686462067417682753e-10,9.386664223114611795e-07,2.852048345109229137e-07,6.764825675304775452e-07,5.526029358356738823e-07,7.867506683047933015e-06,3.814077605204063087e-08,1.149642492854996278e-06,9.003098331659761750e-09,6.314554707652681915e-08,2.650010934792360991e-07,1.719636248237167273e-07,1.310116751715391482e-07,4.966748168241170662e-07,9.113021296340046454e-06,2.542669182621222898e-07,4.786734490949290805e-06,2.323795297762886024e-06,0.000000000000000000e+00,4.924189193091305721e-10,9.367716641463300150e-07,2.831699839928101812e-07,7.308719189700364797e-07,8.478815431086740409e-07,5.500109100710224473e-07,3.814077605204063087e-08,1.149642492854996278e-06,9.003098331659761750e-09,6.108372744093359711e-08,2.626566581717367747e-07,1.979966034679968325e-07,1.309097881175859583e-07,3.948836171708802062e-07,8.152415519807317416e-06,2.542669182621222898e-07,2.317644322012097008e-06,6.167036612365395644e-07
1.825952867139294554e-07,1.036422412813952771e-08,1.035422203931493422e-07,1.567239693181180342e-07,1.835588306070009308e-08,3.155978355242935703e-07,2.599691577016711123e-07,2.174856695703675119e-07,4.681032267500454303e-08,6.019102257703166870e-07,3.569215316429208677e-07,9.896521292219478758e-08,1.493118346528190000e-07,1.249379514281503107e-07,1.956538133523568878e-07,5.958383370847701273e-07,1.373337605516986383e-07,6.900270258295599017e-08,1.192573644763588001e-07,3.746222182255218219e-08,1.349498672666378668e-07,2.918482715396270991e-07,7.804399087483560470e-07,2.079837617085531434e-07,2.162883955911681310e-08,5.944004880652917866e-08,4.567755335559421209e-07,4.255436451768114819e-07,1.471765553412382826e-07,3.071065855005273875e-07,7.351041481224895108e-07,3.938639823538023796e-07,7.563622835258221199e-07,7.743427215795464884e-08,3.930117069224218355e-07,3.339807442960640340e-09,3.519281973055636779e-10,5.981587718449867996e-08,8.723762981725061989e-07,1.328955612918448810e-07,1.627315413648441493e-07,7.375061040951521542e-08,3.691253848917244602e-09,1.070605348252283723e-07,1.658770681256634312e-07,1.272990420673074886e-07,4.600159196081513708e-07,3.824687437905192292e-07,2.852626589233624295e-07,2.993967708004471181e-07,2.331465022275273531e-07,8.202893819417258836e-08,7.889439512728678602e-08,1.989695221351261146e-08,4.971008342673639965e-08,4.219232482637969883e-08,2.783616438101115653e-07,9.690798088120957874e-07,1.128386791926201187e-07,6.620183780724439889e-08,6.671408931119135470e-09,0.000000000000000000e+00,1.064626736154459968e-07,1.643725270249314523e-07,1.231086162637626228e-07,2.136006473079235265e-07,4.620966426456860526e-07,2.852626589233624295e-07,2.993967708004471181e-07,2.331465022275273531e-07,9.907737213334177333e-08,7.770760409274910476e-08,2.337926674681577346e-08,4.981462178463108506e-08,1.230623187068775546e-08,2.707445698398115728e-07,9.690798088120957874e-07,6.715563161213289098e-08,5.993734153293610585e-08
3.166598166953702675e-07,2.431230571338924444e-08,2.020842211683818972e-08,5.683417387706113291e-07,1.831480204405949154e-06,3.723440734103027116e-06,7.972262637930757267e-08,5.439098371884791201e-07,2.660898361079201532e-08,2.680974949937295647e-06,7.895158190713363078e-06,2.190641310809331479e-06,1.912951455822643822e-06,1.077357091961631613e-05,1.766854359480617617e-06,1.055133546038830148e-05,3.536833535143264987e-06,1.251985995967173386e-05,4.121340585599267322e-06,2.278602095762991356e-07,2.193542786442787196e-07,2.400168530378977568e-07,2.841051150853033999e-05,4.319033195351973416e-06,5.726336999041966210e-09,3.132563664513299627e-06,5.796949270447150318e-07,5.275711583130913530e-07,5.238523953973752331e-06,1.472202083010350570e-08,2.253846702672254716e-07,5.461704070346925310e-07,1.080097220393187523e-06,5.534517619758944699e-08,1.348383488759515499e-06,6.437133985495809988e-07,1.031559505221077119e-09,5.125085855133015832e-06,3.819492865552274244e-06,3.431651327221183434e-06,9.326106197303299508e-06,8.072651144163082252e-06,6.133447626875626640e-08,7.477526090002015509e-09,1.653715095408546393e-06,9.815908314985398949e-06,7.745222699760479147e-06,6.466909630865168713e-05,1.668299105706737834e-06,7.921781242469763248e-06,1.841047095286004892e-07,2.059235153579661123e-06,1.458253508208872811e-06,1.787174254852183550e-06,1.298102778941609287e-06,4.245008072784340088e-07,7.891185740555087459e-07,2.106756486884136602e-06,8.388243116888861363e-08,2.065502813205331522e-05,8.322673239181936717e-07,5.821560489145595691e-08,0.000000000000000000e+00,1.700391274795917219e-06,9.737970328335694958e-06,1.928564909028618495e-05,7.727439280965355076e-06,1.668299105706737834e-06,7.921781242469763248e-06,1.841047095286004892e-07,2.037587157834602825e-06,1.481028403150817709e-06,1.724439269619553352e-06,1.297627413001717881e-06,9.436060864454402341e-07,3.744321237537500792e-07,2.106756486884136602e-06,2.062852506256180181e-05,3.615967137528306615e-06
3.072760367062569744e-07,1.825535455094665531e-08,1.872504726093022227e-07,1.295278079936392444e-07,4.235086657909815211e-08,1.248708174706591930e-06,2.349567112654412938e-07,3.393176899781442556e-07,6.335052037938129431e-09,1.287211749172281514e-06,3.193327108786103392e-06,1.042011229925720809e-07,2.402489683372444016e-06,9.240205811003223456e-07,1.005649340373481043e-07,4.508667314682768208e-06,1.114094221973477130e-06,2.463215425718522727e-06,6.327490427670088913e-07,2.053377579825094887e-07,8.490146601546777124e-09,1.284259048130661424e-07,5.334129489490611673e-06,1.112735899205093619e-06,7.422899148644935693e-08,8.136900536951993891e-07,7.402102447807391134e-08,1.295979893934611466e-06,7.291282366427289958e-07,1.336824574605905058e-07,3.829433859045881977e-08,3.574686380184792612e-07,8.735376992641915251e-07,8.012409355306141783e-08,7.327358444439547375e-07,1.035867628457332116e-08,5.922941149188338925e-10,1.457361508187807096e-07,7.404258714079964717e-07,1.055904650767599314e-06,3.136481565387997733e-06,2.210381160547173434e-06,3.411871267845677120e-07,1.608531955012916527e-06,3.953506044409885205e-09,1.816246370197036740e-06,4.281380993425088754e-06,1.509805647651731902e-05,9.624569282072741806e-07,3.152323003852894403e-06,1.307930952965725979e-07,8.949347065957136183e-07,6.988841034619496701e-07,4.539843792813015963e-07,5.361630554436943560e-07,2.141517938811291197e-09,6.763292899345829446e-07,1.175636402331941553e-06,6.429319751445700662e-08,5.981365699668951265e-06,3.624910265299229907e-08,3.350307919637813119e-07,1.602302788695515108e-06,0.000000000000000000e+00,1.792963356114291512e-06,4.460036483913307307e-06,4.269403634353656156e-06,9.624569282072741806e-07,3.152323003852894403e-06,1.307930952965725979e-07,8.836861083704047655e-07,6.939167565172035528e-07,5.725132615408581249e-07,6.047856568207474729e-07,1.183881726124280378e-08,6.379352803700787907e-07,1.175636402331941553e-06,5.967139666542389615e-06,1.311582918738220917e-06
1.318027837494952366e-07,1.937157933991453001e-07,6.565849741616052947e-09,9.455614918600976497e-07,1.056438121306866129e-06,2.109204604027001967e-06,1.170666339012577640e-07,9.627216066754252466e-08,6.062143712554448399e-10,2.003638259364512315e-06,9.503358950088985782e-06,1.551285012743699932e-06,9.972418940019594523e-06,1.033465043845171200e-05,3.606645256104894193e-06,1.994167871244022068e-05,2.568298086842256615e-06,1.523444863866063893e-05,6.677871702955313470e-04,1.644180613150824589e-07,9.384265775546190457e-09,4.186775995995315214e-07,2.043367749218385677e-05,3.407298183128530736e-06,2.500023713724781395e-08,2.398288478974234322e-06,8.681714140359591082e-08,1.858860964202443640e-07,4.463948397152877438e-06,5.699739284737632316e-08,9.968722201501386662e-08,7.243310975837142637e-07,7.114084029832370785e-07,2.399313945566685502e-07,5.148211514528773817e-07,9.752910898498056830e-07,2.830222745051492138e-07,1.976895652442404015e-06,1.825191229811569119e-06,9.885804687080909887e-07,4.783781650361634763e-06,3.604297110558980600e-06,6.875641741057416320e-07,1.064014728748935899e-05,1.812685523935054414e-06,1.242734946163807629e-08,1.265512275373609537e-05,4.147912949153016320e-05,4.572501065841294406e-07,1.278540358583721012e-05,3.121287023571863091e-07,1.175717844494233305e-06,4.973742625421777575e-07,9.798886309212336439e-07,1.074496208154437878e-06,1.408364899359606120e-07,1.394137265193430449e-06,1.839983156812921080e-06,8.103065428502905672e-08,1.366260350564088521e-05,5.798548442314000208e-07,6.783039712085592424e-07,1.074428076680494101e-05,1.884911846706680364e-06,0.000000000000000000e+00,1.344091832602861713e-05,1.263315822519740695e-05,4.572501065841294406e-07,1.278540358583721012e-05,3.121287023571863091e-07,1.162798913822845376e-06,4.927835081531646956e-07,1.006563940597339367e-06,1.074350912872914312e-06,2.045498200348518828e-07,9.312727992727142111e-07,1.839983156812921080e-06,1.373823726414155752e-05,1.643536303623520535e-06
1.153548849803855347e-06,6.320611450246352461e-08,5.747600069189661101e-08,1.814432639190164898e-06,2.087521287308869457e-06,7.169562305858763389e-06,1.906545206119000568e-07,3.472777100257958869e-07,2.936322547498983472e-09,7.959862762728592365e-06,1.795933470935294482e-05,3.090320018191356667e-07,1.583991649995244660e-05,9.010015026968276613e-06,1.796606294846213915e-06,2.138907538207181883e-05,7.122277445482155510e-06,2.544602957437167202e-05,6.358551603545093100e-06,3.165096119414253311e-07,2.861687955135005925e-07,2.077573076197053721e-07,3.733992062075272301e-05,5.936713565539023208e-06,6.234475129423191926e-07,1.210570838614971023e-05,8.617474250585412901e-06,1.697362556173173299e-06,8.497121297389458969e-06,2.133678146603192203e-06,8.266801101020020536e-07,6.583559010588519889e-07,1.494022374060930749e-06,1.010769499462664775e-06,2.120724880330056044e-06,2.864341533663573274e-06,2.223591855163771279e-09,9.365172200196099651e-06,9.198233877577131239e-06,1.625869691225637749e-06,1.411036284358975901e-05,6.360274369743975037e-05,1.781439978957542817e-07,1.557305171995385895e-05,2.695901559594204343e-06,1.424767986630653148e-05,1.144882099064027950e-05,1.812864551013667334e-04,2.082816098704168498e-06,2.505180538847133240e-05,1.500242889956846683e-07,5.440695742761575231e-06,2.275737814856123973e-06,3.150476459788637646e-06,7.577799638840536480e-06,2.109731163235456117e-07,6.708903796956151597e-07,5.490446164669841431e-06,5.898764779395650141e-07,1.100514622683407062e-04,1.181904733324444303e-06,1.853523807138688658e-07,1.553852187057820449e-05,2.736178788439712886e-06,1.463265876170440478e-05,0.000000000000000000e+00,1.147126858783981734e-05,2.082816098704168498e-06,2.505180538847133240e-05,1.500242889956846683e-07,5.386794612248867780e-06,2.314250726045224995e-06,3.145127158160180932e-06,7.360582789371557378e-06,9.987390167777510908e-07,4.949659473680816145e-07,5.490446164669841431e-06,1.104645591717339995e-04,1.285692297083532080e-05
6.583810964629403006e-07,3.055256145849284435e-08,2.832681410237693718e-09,5.041998014873056724e-07,9.377657596622547973e-06,2.059098191199040683e-06,3.801223597728274870e-07,2.486816287239568930e-07,8.089266667711783484e-08,5.705757227745301352e-06,1.225949025428731496e-05,1.692245680895234180e-07,8.072167993246321229e-06,6.086065755183423743e-06,3.131510626137900466e-07,1.291127172567716661e-05,1.325827623433748858e-06,1.485555872776093248e-05,8.606919295225482636e-06,7.084899758741555001e-07,4.482397259202534438e-07,3.105496423511864342e-07,3.324905223621680382e-06,3.252977658624758880e-06,2.868560770286274630e-07,1.458528804335782723e-05,5.295293489691480781e-06,3.604991363979036584e-06,4.808596833413520484e-06,4.491399524173856336e-06,3.939561952071985824e-07,3.481902189507606480e-07,6.799329452467272676e-07,1.503778822306076783e-06,6.789267295772459108e-07,1.026515692853042646e-07,1.269125907133597617e-09,1.932757425840898969e-05,4.343170115169970177e-06,1.650539879860765430e-05,1.296750031484015167e-05,3.698298220183109764e-05,1.238319962666850201e-07,9.580976509761530540e-06,3.581560226071186419e-06,1.186803300114985314e-05,1.962949276570160262e-08,1.063383345219201444e-04,2.646148550638252239e-07,1.437159102506134522e-05,1.806124536105025222e-07,6.197717702103421897e-06,4.857846656681192941e-07,1.492422033922227538e-06,2.332827301103206988e-05,5.979677985790935626e-07,1.103992992262571031e-06,8.609835074876020473e-08,1.749475715127079758e-06,9.066277174933490952e-05,8.657751644286611875e-07,1.284106666762558091e-07,9.647052635980412426e-06,3.567365521106642407e-06,1.269569668916534380e-05,1.206137774464268963e-05,0.000000000000000000e+00,2.646148550638252239e-07,1.437159102506134522e-05,1.806124536105025222e-07,6.223905719665037674e-06,4.919178932015944837e-07,1.539725811623505170e-06,2.350126956728165118e-05,3.106661714950738232e-06,2.064240429415595956e-06,8.609835074876020473e-08,9.076135347839817049e-05,1.356428900165053496e-05
2.705717322528856070e-07,1.371604524005907234e-07,1.908354012074909245e-08,4.237879129898082463e-07,3.045012222733705062e-07,3.276049397097662469e-06,2.591170855976097170e-07,3.561026016217831475e-07,4.064141048514901758e-09,9.600619050659013972e-07,9.224274123853561215e-07,6.593170703827663169e-07,2.124610896626551209e-06,1.511731682824840484e-06,3.041347799588592253e-07,1.278628610498283168e-06,1.027510886329720709e-06,1.451735206359222466e-06,2.367108222869262143e-07,5.172959786490619997e-07,5.641666049110105285e-08,5.386614036136006076e-07,6.436224744042987208e-06,1.050298166449628427e-06,1.754931920848258533e-07,3.535239023723244740e-07,6.565730514592106393e-08,9.837112670598575972e-07,5.486011438005248490e-07,8.433336971117435368e-07,8.307415846149945330e-08,2.955731652717986176e-07,8.724205672877767620e-07,1.041412713964252064e-07,7.719542901139791603e-07,5.531169551611756902e-07,1.470711365049317503e-09,4.886898244912971227e-07,1.669636086451044307e-06,4.874817862055861081e-06,5.514238433931356397e-06,4.885604181300450308e-06,5.433991541647500891e-07,1.113397355867910236e-06,6.426801364519244221e-07,5.895524391883038829e-07,4.256621670324853948e-07,1.401612770012191138e-05,0.000000000000000000e+00,3.790737398162735682e-06,9.168425419520482796e-08,5.178156770547463146e-06,1.793852178214257459e-06,8.723991799475403842e-07,9.538013303418249482e-08,2.065931207579307070e-08,2.304185220344844384e-07,2.848677134031896080e-06,5.191450892756248514e-07,4.052176051443297639e-06,8.909942547356455595e-08,5.313812611142688797e-07,1.105555670813658761e-06,6.734944295432436311e-07,5.712069086145985283e-07,2.759413335101175106e-06,4.224929479749224978e-07,0.000000000000000000e+00,3.790737398162735682e-06,9.168425419520482796e-08,5.133784605015896094e-06,1.780629927896679220e-06,8.631108462394071947e-07,7.433929307867985045e-08,8.052603160309202037e-08,1.833118227173939030e-07,2.848677134031896080e-06,4.034889214902783123e-06,1.577162299792163474e-06
8.455462627655662620e-09,1.938697227666017151e-07,1.550302859060164248e-08,4.729562861763556430e-07,4.960788895222146311e-07,4.989692898275010553e-06,7.640177591815414534e-07,5.763706173760454984e-07,3.037817707254452318e-07,2.397924230178383828e-06,3.535625302872280207e-06,7.824222825242100105e-07,7.795276520688085615e-06,5.810249218092678428e-06,2.120851250104344159e-06,2.661175197756753883e-05,1.864010809079549096e-06,2.317511665852156510e-05,6.603611344958606074e-06,6.978781907841786540e-07,2.040796531353891609e-07,5.758481898586065472e-07,3.310930845271069760e-05,3.602393656892360096e-06,2.164891920910167694e-07,1.596096254507527976e-06,2.170836510362519164e-07,3.031411310553790616e-06,3.115642201999558126e-06,8.285881538714903952e-07,5.804179059685514992e-07,1.251301848137907255e-06,2.108085498335629076e-06,6.875596247388976604e-08,1.164591605421644716e-06,8.770154140906326725e-07,5.486800339134731836e-09,1.050342722758855436e-06,7.375831179480031876e-07,8.647844201879446526e-06,9.714185917642787621e-06,1.465397812974999979e-05,3.448964843872921325e-07,8.437121794794018152e-06,1.427339322332192766e-06,1.144096565842553407e-05,1.239462853230004918e-05,4.544434562728470050e-05,1.665147142868251613e-06,0.000000000000000000e+00,1.013978517317254336e-06,2.175255138797620278e-06,4.440506214299764087e-06,1.788031226351518730e-06,1.414032324294213165e-06,2.353990331276141589e-07,2.975121952170795844e-06,5.258261399725582361e-06,1.727620653100823649e-06,1.502244671058296596e-05,1.346838224046172320e-06,3.469259632753952569e-07,8.447541947638276410e-06,1.439547798767145567e-06,1.154461833210040599e-05,2.519797113678543871e-05,1.250334300110234765e-05,1.665147142868251613e-06,0.000000000000000000e+00,1.013978517317254336e-06,2.221747345217307947e-06,4.502654375722888712e-06,1.712668270975853338e-06,1.454713228932836899e-06,6.044228149557820769e-07,2.465343879079741337e-06,5.258261399725582361e-06,1.496487404297152322e-05,2.402343037918203206e-06
6.689187349254496772e-10,9.992711074039554316e-08,8.888236301689153896e-08,8.794880928340782499e-08,3.739941115801715253e-10,2.305997933748897452e-07,1.611143589701781152e-07,5.955465610559277076e-08,1.868969346575496733e-07,4.434441331187260700e-08,1.032336984396902443e-06,6.977224775731420006e-07,2.413695926242542285e-07,5.764604066592482363e-07,5.854831520909959931e-08,1.723337374176002357e-06,1.665116783586307313e-07,5.057536054626067663e-07,1.771106312710173649e-07,2.100469629447494698e-07,4.218399601053826227e-08,6.560145953853932269e-06,2.193927343745201008e-06,6.081571527038353138e-09,6.760111861517627514e-08,2.739843227534343014e-07,1.992947524800774817e-08,3.027374428745446385e-07,1.732583636911018267e-07,2.519898497932017503e-08,3.327489511653611782e-08,2.928071184655996783e-07,3.421846417411433580e-07,6.820535108080093155e-09,3.116252837116873331e-07,4.511608772288949603e-07,1.225952177617142239e-10,7.603398781071324875e-07,2.407057604816607793e-10,3.363678301242857302e-07,7.135879142230466741e-07,6.706620399353340504e-08,4.134787784100741748e-08,2.514421109130884522e-07,1.020346040875833321e-07,3.620783596369384420e-07,1.615067879465164506e-07,4.732860700912693447e-07,6.891388680862225396e-08,5.853322654484131791e-07,0.000000000000000000e+00,2.497029103624310602e-09,5.037557964508174067e-07,5.884632272602230628e-08,1.931248938715403231e-08,1.117596282145044004e-07,1.036572965350862043e-06,7.620374194438044422e-08,1.770196916731304892e-07,9.723952226985662607e-08,2.296754583528253048e-08,4.211749770309005630e-08,2.506616056699666336e-07,1.531946315707615324e-07,3.572887442334425864e-07,2.372621324679188669e-07,1.973253407084451926e-07,6.891388680862225396e-08,5.853322654484131791e-07,0.000000000000000000e+00,1.080485984539017039e-07,5.024603614033161672e-07,1.933381709950922965e-08,1.930139459228240684e-08,1.870403492724694107e-07,7.918859597988068994e-07,7.620374194438044422e-08,9.650323746295468506e-08,1.076984494889962400e-08
2.833976990311357608e-08,4.544689304771298497e-07,1.887225982819142298e-07,4.304234256529181375e-07,2.830640413033803507e-07,2.673031826991989197e-06,1.704116318114827783e-07,5.171296786026576643e-07,1.597797268418242942e-08,8.986717564294537546e-07,1.510998187009339920e-06,4.062701753963544536e-07,2.342425707088313756e-06,1.498549497077086149e-06,3.654032310999319915e-07,3.328758623829621912e-06,4.664453092837545299e-07,3.550660081496531225e-06,7.496394156655920611e-07,2.994473726965641028e-07,2.956799973429416907e-08,4.347188808197310947e-07,7.480694630999952477e-06,1.240701902687529394e-06,7.012966993086564797e-08,1.089231416981618351e-06,8.467075432708484833e-09,2.445063099196818875e-06,1.182531780195504085e-06,5.105833040974221605e-07,5.916184348384780834e-08,1.049732260016615831e-06,7.602346168375193258e-07,3.999029792323982138e-08,8.198366758076351387e-07,2.411326783392068003e-07,1.349076573971668504e-09,1.073131811847132295e-06,2.896773883796266208e-06,2.078111831721385234e-06,9.271302434450121572e-06,6.529033180276818157e-06,7.472168155040336560e-08,2.110701795341540434e-06,5.861871981067388935e-07,1.076165923468290544e-06,5.120658158850388889e-06,2.460407185983839250e-05,4.619100718674586164e-06,3.625406075634633254e-06,4.075421202897096426e-07,3.346094904645436190e-08,2.988387308279902636e-07,8.651147336977554197e-07,1.621348503677269458e-06,5.858589922708923227e-08,5.799478184898048231e-07,1.628333331652928395e-06,4.319002386162901735e-07,7.964220372565290851e-06,3.601837040825573130e-07,7.074885108676267923e-08,2.103724567977554945e-06,5.809078164260212530e-07,1.098782169619977060e-06,4.195826408193784831e-06,5.099830720792231098e-06,4.619100718674586164e-06,3.625406075634633254e-06,4.075421202897096426e-07,0.000000000000000000e+00,3.084356761874774675e-07,9.460221587100942323e-07,1.620376031054871175e-06,1.997128715345053629e-07,3.172784390876645698e-07,1.628333331652928395e-06,7.942749019764909116e-06,2.482399310831191716e-06
2.031696266548516324e-08,3.247285402004654558e-07,6.051234067813561850e-08,9.221270903495634478e-07,7.925183944823351591e-08,1.732044625873630720e-06,1.027993147716174790e-06,2.798484591782010973e-07,1.144077382359485221e-07,1.060542909130625990e-06,2.265981145394287157e-06,5.798129908371242983e-07,6.001382695450503425e-07,1.644641677105733836e-06,5.277708282345037247e-07,1.221329257182255652e-06,8.583212609316748754e-07,9.969224274176889651e-07,1.080903409211097500e-07,5.053857770803981786e-07,1.803961966258392853e-08,7.999967875871733588e-07,9.552723867579425914e-06,2.243834435017516737e-06,4.916541282300384031e-07,1.317846210394042772e-07,4.177362513814405750e-07,2.196956557309508543e-06,3.616288508480898859e-07,1.324846222945469996e-06,4.527674509086990749e-07,5.035842978929673687e-07,1.421286574984349962e-06,2.224793196022602338e-07,6.054332162691304866e-07,5.278913183183824405e-07,2.521550440106131966e-09,7.068952342397480764e-08,1.934876787427163020e-07,2.474205792807201441e-06,3.987583329832422193e-06,2.485742347366501164e-06,1.919001764423909296e-07,1.281468452084600429e-06,9.322682375460509397e-07,1.790038117255423055e-07,1.329412562044268238e-06,6.954750204026335196e-06,1.695831731357843195e-06,4.845407802638422652e-06,1.970578627453879008e-07,7.683300396336185834e-07,4.767822035916919628e-08,2.296597362793913576e-07,5.321614183851239152e-08,2.405563917098767824e-07,1.636354976874822255e-06,3.255162929182242815e-06,4.906532042724136228e-07,1.351607949654382545e-06,8.920722766016719781e-08,2.268897651626602996e-07,1.273453193298859164e-06,9.228986650341742988e-07,1.664781360659797180e-07,1.473077263863975013e-06,1.298723606980019479e-06,1.695831731357843195e-06,4.845407802638422652e-06,1.970578627453879008e-07,2.450994960506217752e-07,0.000000000000000000e+00,4.464526846831502561e-07,6.727829460970601151e-08,2.594228159563414608e-07,1.590612706560087192e-06,3.255162929182242815e-06,1.339684957543056776e-06,7.422641162940434965e-07
1.966688685615610428e-08,1.305698433080448462e-08,5.293557121601671207e-08,3.642356178176494474e-07,2.795884569997280598e-09,1.573881391278453001e-06,2.444003402141443358e-07,2.206998922707332660e-07,1.035096263074989416e-08,6.278408298727273000e-07,1.676503781748049327e-06,2.702814299123292922e-07,1.817303735346291683e-06,8.853221557723351478e-07,2.294090511363076780e-07,2.180855958024616323e-06,3.401202364426761604e-07,1.130789059277910296e-06,3.841007262807436621e-07,4.761050399668935057e-07,1.357712013733255031e-07,1.072853066349937957e-07,4.231359958429474145e-06,1.268790092965069408e-06,2.478594948718852263e-07,3.740724891649696620e-07,1.897633044906895158e-07,6.111617627030801881e-07,1.778026348272389524e-06,1.832850726601361196e-07,2.127230266216714209e-07,1.854320027376532498e-07,1.177030420263028863e-06,1.714872921140964417e-09,4.534190401366754940e-07,2.214412354373328610e-07,6.267499687299158709e-10,7.970678506004953392e-10,1.763496064397739830e-06,3.312240906375397137e-06,2.368282051669497439e-06,4.118680896198936064e-06,7.249070444190932625e-08,2.287119735450580658e-06,4.391705358285015766e-07,9.003080543776527909e-07,1.089856531100153714e-06,1.364866864786983905e-05,3.414645116105354658e-07,1.528486053388641771e-06,2.357153623694966030e-08,1.138676238441680236e-06,1.320243142784986815e-06,2.908467863822774387e-08,3.546969789240880532e-08,1.140750375340251600e-10,5.195782387885929797e-07,1.857247454151127579e-06,1.536748627451121266e-07,2.905103606338140733e-06,1.956244779360641057e-08,9.690517605890970852e-08,2.347421197336309654e-06,4.358917923669670814e-07,8.844757175835869245e-07,4.009616843363619296e-06,1.093623945147410135e-06,3.414645116105354658e-07,1.528486053388641771e-06,2.357153623694966030e-08,1.127581631507115638e-06,1.391283894838925087e-06,0.000000000000000000e+00,3.543752495659674821e-08,1.684772419146667690e-08,3.525797514743858790e-07,1.857247454151127579e-06,2.896961846305666074e-06,7.714423708446082086e-07
1.397988852587324074e-07,9.379136568164653146e-08,8.476342045928595131e-08,4.746656922103952991e-07,1.372883501085251738e-06,1.036933918788183619e-06,6.954349094521001504e-09,4.227140509581293439e-08,4.304052797251563027e-08,1.326740402069967843e-06,4.176368961787087477e-06,3.596421475476044603e-08,2.918896391426272139e-06,2.185652076722384320e-06,1.392292837243872912e-07,1.180216953351844702e-06,6.564194829384081332e-07,2.157678952373981132e-06,4.553603743674657121e-07,5.565857458085593938e-07,2.191801518850896542e-08,1.478667586694409809e-07,2.962726548352168962e-06,1.278138303915646236e-06,1.064095000481454163e-07,5.377086637112928404e-06,1.265156051372280195e-06,2.996699683889794719e-07,4.093408843923309062e-07,5.544701190160232920e-07,4.790982221140902601e-07,5.690842156457837040e-08,2.987022302060799239e-07,4.316984012428014691e-07,6.218799429921088416e-07,3.240915731158729301e-08,2.694832606351966236e-10,4.113450209272438613e-06,8.905375169818219565e-07,3.141023399097122432e-06,2.315884809793188740e-06,4.358595701459471800e-06,1.475188292546760876e-09,2.793139400965422931e-06,4.870791608382022730e-07,8.536579049158800524e-07,2.610009220871853963e-05,2.204574084341589713e-05,2.789285369932047415e-07,1.715913521297923065e-06,1.537921082330901789e-07,1.070887381871248830e-06,5.665968044068281031e-08,2.091489494152885768e-08,1.352764522087783252e-09,2.272313074334307629e-07,5.335223428085980210e-08,7.434031048367199867e-07,1.276985308422112915e-07,1.734956411679590492e-05,9.523247985888426749e-08,1.722176286495358538e-09,2.787445688592344451e-06,4.848430462956649804e-07,8.434966584561766903e-07,5.075649908384126412e-06,2.607979313596460867e-05,2.789285369932047415e-07,1.715913521297923065e-06,1.537921082330901789e-07,1.127859425367105265e-06,5.568580603529312082e-08,1.801162454217530288e-08,0.000000000000000000e+00,7.306180431841875875e-07,3.658359864828492091e-08,7.434031048367199867e-07,1.733554218214519775e-05,2.415681483955600412e-06
5.964493013220199329e-07,2.068955862619652237e-07,4.400982038503898676e-07,8.410589578642501528e-08,2.118927466934060873e-07,1.528762356992574922e-07,3.684912422878952144e-07,4.510244072425726833e-07,3.284095476216552265e-07,1.215899340388511954e-07,2.800672339727819689e-06,5.515850525756611956e-07,8.548034846228413157e-07,6.530074603802583883e-07,2.550642547345450628e-09,5.612300250537488875e-07,6.568813981212510512e-07,1.423089872173478467e-07,1.772143221259328001e-07,5.557610118631779871e-07,9.669392509933079742e-08,2.783484309804788821e-07,1.113927717290902983e-06,6.278727266668347201e-08,2.826514390671698569e-07,4.305513274704932354e-07,4.820819158637725926e-07,1.571396982565389953e-07,4.336012317212643142e-07,3.631781730189115361e-07,1.849219029566888880e-07,6.714759617252672902e-07,4.688683478842714553e-07,4.656855499645595333e-08,6.804489200936473091e-07,2.446571108805507494e-07,4.664659102234087885e-10,6.889258631228355437e-07,4.870876536849164121e-07,1.717756831156460239e-10,5.470644700037539361e-07,4.386998481492962889e-07,8.582486320331616241e-09,9.630312878126277642e-07,5.836234540989870265e-08,5.667286788192137005e-07,2.316023078514633929e-06,1.705250308260200215e-06,2.628608870182199574e-08,3.320819214926148009e-07,9.028397364584049122e-07,7.960558002142217863e-07,4.709434456674660686e-09,5.129679915967767967e-08,7.142808114862616482e-07,5.713104263767477235e-10,4.361629118555977019e-06,3.410698925525454787e-09,2.150155458323716689e-06,1.995814882616011914e-06,9.536587596592773767e-07,1.047923140757363223e-09,9.606396359667918163e-07,5.744346468416505770e-08,5.560878762787759300e-07,7.816264843293085124e-07,2.309459191874334049e-06,2.628608870182199574e-08,3.320819214926148009e-07,9.028397364584049122e-07,7.863551691847552570e-07,4.402345323290418638e-09,5.757614578887123349e-08,7.140651351281075082e-07,0.000000000000000000e+00,3.951488570784388961e-06,3.410698925525454787e-09,1.990846088678666475e-06,9.506729739772456945e-07
8.232763548895600641e-06,8.496495183518940543e-07,7.233969391719319581e-07,3.812957844751260976e-07,3.188262405490374086e-07,5.291224102307672938e-09,2.618462354560661721e-06,9.933991462994574480e-07,5.390867665160773885e-07,5.442323124237970725e-07,3.132077524490298924e-06,1.391389841778383282e-06,1.160003085563153434e-06,5.360839417693126778e-06,1.866292030558943195e-07,1.016987962218565756e-06,4.687220403092179730e-07,2.632515391547193052e-07,3.761395225816278175e-07,1.278439263443818932e-06,1.065438544577237974e-06,4.479635742050048863e-07,1.298830657360680576e-05,7.931722946768630335e-07,1.429688684113956084e-06,1.044794370080673030e-07,1.214344613079469807e-06,7.106302239665923554e-08,1.087007016076068395e-06,3.106886077111260484e-07,5.223020825184726724e-07,1.329877687903831610e-06,1.387085340471397551e-06,2.136794479490843162e-09,1.197341445807384024e-06,7.740891649822622370e-08,2.856861169508537709e-09,2.109751132165323539e-08,8.714434826261887199e-06,2.214732527502291333e-08,9.663870093535780379e-08,6.320182087425160981e-07,1.890244876105831066e-09,9.181353932269640715e-07,1.489351804309662717e-08,4.577264864934184182e-07,8.972757136755293805e-07,9.776154772107490956e-07,2.703370738526671730e-08,2.533061379577823138e-06,8.862548893454841308e-07,3.022508453890688659e-08,1.127256845259256708e-06,2.197471385681539006e-07,1.753167366328780003e-08,4.006831593890213047e-06,2.575698561438937486e-08,1.828738195452113702e-07,2.313750403057543054e-05,3.184138916801358881e-07,4.725968724363286280e-06,2.889745992174472126e-09,9.118837461641651692e-07,1.496957387902836672e-08,4.825149523159320275e-07,3.419012338432413998e-07,8.780908593936794097e-07,2.703370738526671730e-08,2.533061379577823138e-06,8.862548893454841308e-07,3.157085224916211764e-08,1.132105878801097153e-06,2.718617134721383558e-07,1.802185550101157185e-08,3.394194140392355790e-06,0.000000000000000000e+00,1.828738195452113702e-07,3.128210674742689117e-07,2.569095267493753590e-07
1.133193283249878209e-06,2.906724248428760271e-07,1.752047966147895237e-07,7.827368454657292836e-07,7.782357487510067216e-07,2.991311199244513978e-06,2.496045549941434201e-07,1.041532674870593852e-06,5.245259455211680503e-07,1.337261584933447963e-06,3.016076354577657201e-06,1.192304635561878016e-06,2.888547160024441065e-06,2.100703861370147032e-06,4.613271192036679543e-07,2.236631404086078342e-06,1.596939254988286489e-06,1.635755277595939716e-06,6.675983674700426978e-07,1.197781831181708519e-06,1.668569277802584248e-07,7.273255561175000546e-07,1.512098632639400870e-05,2.550077244308286942e-06,6.516944527019118088e-08,5.165620130159041133e-07,1.796889818683420507e-06,1.651899768327610977e-06,1.714308632660084746e-06,8.807290903690155748e-07,3.603303677789515152e-07,7.873255135104851304e-07,2.097898634600890023e-06,4.173361383966113951e-07,8.784617122308207753e-07,1.000352748954790676e-06,3.145696844184288982e-09,4.474449214730090839e-07,1.069899511433528553e-06,5.641511608661408086e-06,1.131389517692088625e-05,5.783579308126898131e-06,9.925827472068249286e-07,2.867368418081760978e-06,2.049244022511883216e-06,1.489924725955363092e-06,2.287566603800991255e-07,2.072761242599999867e-05,1.910446207963231855e-06,7.381729505947085084e-06,8.747047690487956149e-08,2.579589637501654243e-06,2.546173547294784556e-06,4.496714652497443786e-07,5.411057122507274325e-07,3.270276587636152884e-08,5.222647032534823714e-07,0.000000000000000000e+00,7.768852453864920018e-07,5.431007503035822691e-06,1.563308369373414157e-07,1.049256749491709799e-06,2.889856307311575208e-06,2.076743443632297067e-06,1.484353695236823620e-06,2.955819837205348737e-06,2.335137649290653088e-07,1.910446207963231855e-06,7.381729505947085084e-06,8.747047690487956149e-08,2.603465416266501606e-06,2.600711395409796952e-06,4.442855839331862381e-07,5.407384551397506066e-07,1.794973228789870130e-07,3.857796227967500633e-07,0.000000000000000000e+00,5.469807441676443810e-06,1.678672613041792803e-06
1.601087774598962961e-06,1.778676319954254432e-07,9.362543273665504992e-08,1.438515977345693956e-06,5.897650973082917977e-06,8.212421709018959357e-06,8.785172270457179224e-07,7.168046382419141474e-07,2.208086283141575414e-08,1.135698362999289591e-05,2.849255784664339811e-05,6.034565813136578527e-07,1.670813500556922392e-05,1.682940217451734297e-05,2.125059528870515169e-06,1.544468905086995408e-05,7.171289711342835638e-06,2.535792456022577755e-05,5.558812015275405247e-06,2.885011502736141001e-07,4.711537274792048670e-07,1.833803143046354979e-07,3.306819985051151527e-05,8.169916445566015109e-06,4.122196567978972981e-07,1.774234701612749352e-05,1.123132129376446798e-05,3.158213439059351006e-06,1.153722354870914077e-05,2.543174667993144189e-06,1.016878706515606109e-06,9.935387255757643679e-07,2.201783018841513524e-06,1.528647213821837233e-06,2.071722506235465111e-06,2.446673064969195773e-06,3.086409430893815015e-09,1.330607603943659252e-05,1.072290773004683600e-05,1.085463152568460307e-06,2.350922559479044229e-05,7.914087781958201574e-05,1.521263982417857232e-07,1.710235795048661712e-05,3.662768892464233055e-06,1.103057604277784732e-05,7.835550901719432512e-05,2.284417214613304733e-04,2.933935728419100878e-06,1.646738010210146619e-05,5.191150069409380326e-07,5.877233167341682040e-06,4.977594881198929879e-07,2.252112656456682221e-06,1.460672330844444042e-05,3.451990984389165428e-07,9.258553155083707576e-07,4.545865268226745395e-06,5.871601466334008867e-07,5.203539924346508271e-08,1.344088434821115801e-06,1.601759148403273284e-07,1.706505204816890939e-05,3.696670966737990622e-06,1.175067485974443985e-05,8.851973567760486480e-05,7.838930510504123217e-05,2.933935728419100878e-06,1.646738010210146619e-05,5.191150069409380326e-07,6.005287515529208022e-06,5.125766520724547544e-07,2.223687674884412043e-06,1.460270629214337930e-05,2.427097734905686651e-06,3.959747710945592248e-07,4.545865268226745395e-06,0.000000000000000000e+00,2.455014374019780471e-05
6.320391886377188302e-07,3.332735016548285852e-07,1.897400853883720651e-07,4.047143285719135809e-07,4.264071189200153632e-07,3.052024816411026531e-06,1.159703405358960551e-07,1.493939287644030282e-07,6.840269290456079283e-08,2.842737361784637760e-06,1.992809779340537534e-06,1.633708731584094583e-07,3.764116687775376672e-06,1.081865797489948936e-06,4.937493086610206626e-07,4.713253254553909877e-06,1.695595066088725866e-06,5.655744017893985485e-06,7.122416235775260572e-07,6.615389883700068759e-07,6.733029799611022991e-08,1.055292509577153762e-07,5.914122967105320749e-06,1.054252571805007212e-06,9.187994327198951013e-08,2.473349850783081841e-06,7.958705544409972122e-07,1.289381838818616123e-06,2.141354635953786441e-06,2.099548334322504746e-07,5.299357794655831808e-07,8.121903583069893012e-07,1.317134966530820570e-06,8.973899478491053031e-08,8.325463938442137226e-07,9.820734264798475980e-07,1.218348163582740203e-09,2.485404051541392052e-06,5.274861327664598246e-06,5.729752641812084596e-06,8.573360088049375248e-06,2.284848174382949197e-05,2.073414524609149854e-08,3.764956065896848786e-06,2.198137960154186069e-06,1.748139393958270929e-06,1.412007670606569727e-05,4.403676499999578772e-05,1.427849572694336571e-06,6.056171852204348916e-06,6.142772890105740200e-08,2.361008121614741418e-06,5.993711016873723419e-07,1.832775804990996312e-06,1.596234243400863087e-06,9.869533027565210650e-08,2.777550333795982407e-07,1.197152656834747313e-06,6.120275655281976391e-07,2.313048952786690232e-05,6.347666843546561898e-07,2.267074701966366182e-08,3.753610795747779564e-06,2.186979784741124524e-06,1.717618991328687578e-06,1.441054045658873759e-05,1.418932342363599615e-05,1.427849572694336571e-06,6.056171852204348916e-06,6.142772890105740200e-08,2.381727568464838604e-06,5.926907080436312191e-07,1.942529481828614786e-06,1.595624379589113790e-06,4.111477961024699940e-07,4.036496882520702002e-07,1.197152656834747313e-06,2.309938354716436590e-05,0.000000000000000000e+00
