0.000000000000000000e+00,1.239201597606619708e-10,1.116559416245186842e-08,1.342513096877160755e-10,7.243330258481553822e-10,3.415934811253472208e-09,4.862347809843674270e-09,3.758098900816549418e-09,3.911545501385800758e-08,9.075537348286623010e-09,2.886633081176851838e-08,5.576250256985098526e-07,3.875767208550430669e-07,4.614236996724135083e-09,4.034208635785774938e-09,2.390562904142255146e-09,1.714409246683050004e-08,3.371865829097955007e-07,6.551299774301413168e-07,1.816207915835814925e-08,8.309538002906687664e-10,3.530744081752933990e-09,7.803349917568026959e-09,1.412463559780864774e-07,1.417984755562241987e-09,9.048479292091437986e-10,3.685948561264540052e-07,8.985182492020576740e-09,8.682097942923092874e-09,5.388401825911715459e-10,2.408990196665086813e-08,3.189581081418437778e-07,1.837435508158605661e-10,2.949002639316816358e-10,3.362825107229749371e-09,1.700831007767330049e-08,1.728997107868752478e-10,3.798901784005020189e-09,1.346735404703497965e-08,2.817702356376771970e-09,3.742778442509104998e-09,1.412847610363193045e-08,7.661752265687380053e-09,1.886208397610460654e-09,2.976487729590972367e-09,3.138988267891248281e-10,4.497746141305853673e-07,4.503161748927508356e-10,6.574150955098718116e-09,1.670429407376686279e-09,2.759012853263418127e-10,2.337930568445162940e-09,1.273879719231837838e-09,4.809450913168859399e-07,8.375299541524748058e-09,3.261625609700359740e-07,2.902262024276911061e-10,7.786516500184736140e-09,2.601334686040569615e-07,9.756266756403237853e-07,1.826470123161301409e-09,3.376767443559833271e-09,3.096879754687874569e-09,2.028307338643864578e-08,5.561823990793831090e-08,3.410380629656956452e-07,8.843422247515184124e-09,1.161991719021672072e-08,3.110335471361634536e-09,1.285860755360934104e-10,3.388284897884993132e-07,7.672424236948361695e-09,6.162124946033655875e-10,1.195943468634635319e-10,1.137895524713294929e-08,1.916434382515943203e-08,3.774065096957805816e-07,4.413408386511438896e-10,4.363273063336081399e-09,7.187360932667499991e-09,1.575788735706591890e-10,3.007639952031926939e-10,1.332267360977311844e-09,3.748372147821043700e-07,4.154207874674323191e-07,1.302935614351446289e-08,4.975560468536719055e-07,3.355919740107877181e-10,3.900776564449123970e-07,1.563384529439035007e-09,3.080656690249751810e-07,4.869143462569064688e-10,5.602500602365769871e-09,4.238996605219676043e-07,1.160515560558490751e-09,1.779886829055642104e-09,3.230255990025279977e-09,2.149003603658185820e-07,6.668882053298241724e-09,2.678716391798577039e-10,4.783729954511626868e-10,4.481063247734846131e-07,3.940845029726115819e-07,2.119126210424739391e-08,7.155723682305487438e-10,1.422034412907554638e-09,4.499387033859178171e-07,1.298578664864064680e-09,1.546728848337350569e-09,2.043084549084832334e-09,2.713884334194732763e-09,2.945659800290529384e-10,4.252731448371989133e-09,4.379454666694242711e-09,9.201717992668226663e-10,1.215839976890498340e-10,2.913853848477792676e-09,1.226697459629221223e-09,1.445832414874472824e-10,3.534937868090273664e-08,1.867911750005298665e-08,1.187835666501990135e-06,1.988940731775985886e-10,9.433142697260199130e-07,9.057560809974260608e-10,1.542904341533597628e-09
9.795019928264168362e-09,0.000000000000000000e+00,3.983524834726076289e-08,7.612422738317925936e-08,2.446709262426550380e-07,4.119387924914251500e-09,1.938044539338964225e-07,1.051436772143687057e-06,5.228568898416641371e-07,2.910109227127381690e-07,1.413834185181507768e-07,5.934684369032381336e-08,1.087419404234672848e-06,4.889181772359903319e-07,1.011173176354540729e-06,3.392150270150104321e-07,1.693470434262089010e-06,1.121725462278251411e-06,3.394924493427505266e-07,5.089462966550041709e-08,4.933121546469695156e-08,5.612720305775168055e-07,3.808195460904059298e-07,2.840072777283486636e-06,9.625410183446081304e-08,3.355353238039783952e-07,9.561906948016590771e-08,1.923782268930519327e-07,8.592345745545462311e-09,1.076786441369243052e-08,9.697710887348450849e-07,4.361800923724081418e-07,1.009111217417301140e-07,5.541885522727207528e-09,4.895222779666898572e-07,2.070748756843826263e-07,4.038471194760172280e-09,7.774270877296924822e-07,4.416039730494337920e-08,5.069975513393422409e-07,1.972720605040186641e-08,2.853367966690300955e-07,9.288017580477891522e-09,1.559017776478828302e-09,1.490847912083786522e-07,5.356357964464463377e-07,2.841130252014677749e-07,1.877900817875842496e-07,9.002650167652336257e-07,5.276067540009892040e-07,4.193854597086848230e-08,3.263125142497543107e-07,9.228272909638248232e-09,8.355830944346421079e-09,3.027536949057697463e-07,1.175763983491434683e-08,1.321597513373213047e-06,1.171046805262296403e-06,5.704638451971645066e-07,9.693842994846698100e-07,1.891101262367908508e-07,8.358054790046144413e-10,5.289950179049403103e-09,1.541422208006744457e-07,3.594822858154550998e-07,1.686276212181719437e-06,6.205035445524613272e-07,9.940894483218280367e-07,1.296732607603966598e-07,3.089090554115786473e-07,2.870451693451817729e-07,6.881978021960759536e-07,3.006548379554051538e-07,2.731094473731084042e-06,4.275507517320851349e-07,1.895598670209623502e-07,2.269382031730280710e-08,2.015998803940971335e-07,3.266862575807375118e-08,9.991923713187425882e-07,1.185095074577815549e-09,2.369641842691385872e-07,8.691088855389028059e-07,1.705903704673181697e-06,1.746657370294060074e-06,6.382228262855287591e-07,2.934974717123872935e-09,2.110007137967338966e-08,8.028824550241539504e-07,5.207329276505323760e-07,4.077138499591556799e-07,4.642117839325456431e-07,1.280317041728806185e-08,2.706280215491012344e-07,6.803733745449692264e-09,1.980385284028319811e-07,5.374136641172107742e-07,1.265622860959811353e-08,3.655109257242008506e-08,5.240389570627293123e-09,1.919363704716223842e-07,2.175238291124996847e-07,4.588982451046369970e-07,6.750947966869604216e-07,5.747592858361639197e-07,1.862655137487081075e-07,7.463136107319222118e-07,5.502441498424237098e-07,3.646821602463040992e-08,1.120715713983870332e-06,5.592548524854876340e-07,2.181479537213561978e-07,9.979260165910813391e-07,2.908372446653502404e-07,1.910603045110528115e-07,1.565763654635398458e-09,1.952058598587159713e-06,7.304306531926942214e-07,4.557176002335811239e-07,2.633771314911902721e-08,9.177460891917468946e-07,6.329879661209647610e-07,6.270145635108075430e-07,8.245688009383399416e-07,1.571762351088009415e-07,5.841553801168422467e-07
4.062396128128524005e-07,1.973064089581691536e-07,0.000000000000000000e+00,3.831214910428635342e-07,1.736295748447326184e-06,2.731068774823268071e-07,9.352300474624912149e-07,6.980383607618425580e-07,9.926282027201826210e-07,3.702877250792096724e-07,1.045446533474367783e-06,1.110745336741073267e-07,1.696955654364181267e-06,4.443894455747951511e-07,1.258356797804141291e-06,6.006019841286394911e-09,4.743692200248305672e-07,1.370966518254692824e-06,8.097733095858677190e-07,5.094744575241500659e-07,5.766250916868227825e-07,8.195667693437950083e-07,2.617821010083062733e-07,1.414891978532531640e-06,1.677983288224691593e-06,1.305997584167950947e-09,2.266904776899227187e-07,6.864536373748824562e-07,1.823326018265198780e-07,1.827025219282940864e-07,2.530868571995005906e-07,6.564646634055920032e-07,9.766584786945278909e-07,4.538848403734020004e-07,4.594044701422030276e-07,1.973848065387025267e-07,3.294844865861864118e-09,9.942705972554212140e-07,1.228884218903096077e-06,5.492906583301585885e-07,1.374999757039217661e-06,7.974973397194662614e-07,2.113565640380677365e-07,1.615339262117485144e-07,2.768044808423216333e-07,1.683458802390956749e-07,1.170471728201269666e-08,1.627902656244556105e-07,2.076590667165918375e-06,4.199116531882332932e-07,3.804182020132077884e-07,2.699105849205980106e-08,1.753638404773750998e-07,1.221653457351906506e-08,1.373134945471129737e-06,2.226336791014195765e-08,4.781285197408216149e-07,5.124537612045509896e-07,8.372552471345616504e-07,2.338432386848942036e-06,1.572680819366686523e-07,1.325210822699888988e-07,1.666546342967947611e-07,5.435506118243542353e-07,2.843428967053633388e-07,9.520952268378719708e-07,5.258273838832641732e-07,5.675725657246404780e-07,6.683527451652234419e-07,6.367514749581728360e-08,6.042414843915876720e-07,6.346566301134246445e-07,8.437859838819417696e-07,5.349924292176244941e-07,2.295954985265567268e-07,1.585351416119830856e-06,9.749854034266461259e-07,4.837540255322516977e-07,6.974421051173112471e-07,1.568581099115656205e-07,2.273292414091674288e-07,1.069285382832990192e-06,1.690606712206191066e-07,1.228444118841898356e-06,1.931794728151196877e-06,2.905893276719079894e-07,9.225879716692518926e-10,1.726557159978050827e-07,1.655901594119246949e-06,1.457982696203774517e-08,1.427187738225758061e-06,2.549173020033567015e-07,4.926236211914372608e-07,2.196475940224903581e-07,1.330188072691849863e-06,7.131349950321490243e-07,7.358568101819837004e-07,6.507979246494537947e-07,4.478159577853648136e-07,1.396240819532509842e-08,1.418102066766987013e-07,1.092999580850203092e-06,8.334937984678973942e-07,8.017453022736946563e-07,3.158635326417051659e-06,1.169044769340939052e-06,6.597240433538577372e-07,1.311337237265937559e-06,6.634310497820742543e-07,1.370020633012090550e-06,1.852302138721650534e-07,4.545223537492846919e-07,8.666838652772522208e-07,4.768427579910854275e-07,9.082658065278581207e-07,1.592726081061745347e-08,2.482221207119163652e-07,9.434260862820806205e-07,3.119383736124235087e-07,6.349851187283972703e-07,4.441056389123406998e-07,2.407470881999028315e-06,5.524520640170323203e-07,2.198555982365201429e-06,3.240458597234463471e-07,4.981870750974786363e-07
3.206021838852183074e-09,2.102425479794844519e-08,2.442192720566075877e-07,0.000000000000000000e+00,9.316913261700659973e-08,3.165084015165891849e-07,7.978575496426034265e-07,1.513213919653129064e-06,4.223075105571929582e-08,8.373738494352788225e-07,1.920913127412338578e-06,1.376041612045052997e-07,1.437438461636837766e-06,1.078607451221370459e-07,2.084516522660625656e-08,6.072144189990784726e-09,9.087162675793675827e-07,1.168608487391411911e-06,3.670452369934603514e-07,2.320865655530830430e-08,3.018682968325454036e-07,3.798638696113427679e-07,1.092332627283974137e-06,9.410462438652601461e-07,8.405293748353981048e-08,5.815440888581948936e-10,2.119917856442532507e-08,6.375536296639129756e-10,2.162106558130204208e-08,7.351108124326431877e-09,4.230054384968467585e-07,4.509562934613896153e-08,1.052670207031365549e-06,6.974557369817961974e-09,1.953797821246735320e-07,4.833336431314678323e-07,5.002584669478955444e-09,3.896719535304533361e-07,5.619680317789681853e-07,1.624649308648939903e-07,1.498876136309753673e-08,2.270302795852417398e-07,2.397649238253260755e-07,5.405042395488559959e-09,3.167431473002272117e-08,1.506187534717916053e-08,1.915379897049736014e-07,2.143352691841939480e-08,3.139664760632688877e-07,2.964483574576898127e-07,2.089250848904995613e-08,3.234981982265147481e-07,1.841432033890268125e-08,6.148866698980716480e-09,6.595991316859472137e-07,7.680885030126492793e-09,7.296774608134853115e-07,2.143921990818603400e-08,9.181194975216448636e-07,1.176833980863907665e-06,1.770492052759859545e-07,8.787770620407353378e-09,1.103519086017333852e-08,1.879733814189278012e-06,3.910846960624709232e-07,1.443672083934769356e-06,2.114504440594447564e-06,5.301858203894121371e-08,3.486291094403367112e-07,1.548765180265706615e-06,3.095770248698950557e-07,1.172967408343360232e-06,1.221173822769231876e-06,2.908784647866187009e-07,1.821482340068608471e-08,1.067128384355497572e-06,4.395824680829607118e-07,1.388415934688968588e-08,4.753905104357920665e-07,6.246638894808357312e-07,9.125630041073613251e-09,7.148488363526145599e-07,1.555205073857475628e-06,9.006928656079685559e-07,8.078516217287471006e-07,6.721416582472272265e-07,1.408003808235603190e-09,1.011130144593013042e-08,1.177178317534425478e-07,1.906080363226390650e-08,1.206047051691285902e-06,9.053654192946320386e-08,4.365105155586336849e-07,1.798761407018354003e-07,1.975119220460630383e-07,1.882598314498217853e-07,3.950184564891977480e-07,9.041349624597004940e-09,5.625546105075105225e-08,6.309960585365739246e-08,1.114458595164043918e-08,2.038146504535478182e-07,4.250183623712561463e-07,1.010319222358702512e-06,3.245449147608966890e-07,4.572933913220943958e-07,1.091910396369959529e-06,8.039955890897619208e-07,4.745300144326275828e-07,4.840609913683497501e-07,3.743600853616679765e-09,7.965681215433836250e-09,6.584905623251618560e-07,5.105215763645377226e-07,1.618735782091767603e-06,6.598359263080745678e-07,2.914114465202791265e-07,2.797604265593593725e-06,1.656507922169720926e-06,1.018015846795024832e-06,1.086210065235371035e-06,3.235801008847599884e-06,8.060164364150548288e-07,1.428100091488348530e-06,1.406407393473331141e-07,5.096536375441357377e-08
9.594602201718690870e-09,5.138327785169230929e-07,3.782982235057410376e-07,6.635998754282828963e-07,0.000000000000000000e+00,6.482804450893415463e-07,1.498904018663478498e-06,3.584015477178314026e-06,2.069084288550912756e-06,2.581440189149085273e-07,8.699245458196475448e-08,1.787826167527282200e-07,6.787346465262454324e-07,1.512630050473883907e-09,3.775098297842919052e-07,9.002671972555984360e-07,1.175620944833685585e-06,6.284889535231519521e-07,1.463445363214856848e-06,3.606139285115293225e-06,4.467685438473030235e-07,8.422275515842363716e-07,6.389626240408050593e-07,9.913409715250524406e-07,1.805543423146362405e-06,4.706780928322904916e-09,2.076282050181409290e-06,1.816405860575771163e-08,2.581865653589269417e-06,4.973250863301734783e-07,2.093570196316006865e-06,3.237672873731745092e-06,1.048483738718645711e-06,4.079676130733039152e-07,4.496246068965571894e-06,5.552003508740797200e-06,1.586224445078313228e-07,2.145233750825203264e-06,1.640065581655200266e-06,1.311451903715881094e-06,1.055291862926332383e-06,1.253028829938720219e-06,9.976897351613476273e-07,7.309906832766628236e-07,2.805081360100762383e-06,5.813266118202463971e-07,1.123261430413747391e-06,7.978280217150114398e-07,4.472556680276381605e-07,4.073167596015931001e-07,9.541062192255247531e-07,1.202598099767624795e-06,2.368367456785211143e-06,2.038475215178804135e-07,1.185759294691745846e-06,1.817741472206876643e-06,2.641746610134641749e-06,1.664002384220818780e-06,1.212645410579812497e-06,4.491755739300271046e-06,1.060452417286047396e-06,9.001978314232883513e-07,3.333084866815650332e-07,8.501883768605275619e-07,7.413928048693099706e-07,1.939335045897412534e-06,1.808604677834980788e-06,5.327645256631448114e-07,8.347292480649929797e-07,8.427105781634664921e-07,2.008166138026451285e-07,2.353517145786521165e-07,6.952132432715812103e-07,5.171078715960024075e-07,2.146934573421764055e-06,1.121988536144016075e-06,1.361634035781187064e-06,8.326875923889716912e-07,2.683921786432657529e-06,2.685558203522026472e-07,4.917588004714371960e-07,1.666678611412098135e-06,1.608468046760342151e-06,1.835802725285504842e-06,9.610438270675009495e-07,8.566846833867144929e-07,9.001976494108634119e-07,1.512553380902723888e-06,1.118416824388540153e-06,3.705596232574086670e-07,8.743738384779228950e-07,2.066034668876136970e-07,1.240316080799825789e-06,1.888779264124728970e-06,1.998991183767343384e-06,2.983213756137792788e-06,3.088124452291779978e-07,8.379298174380707340e-07,1.217720041402615900e-06,3.134525190241231509e-07,3.581953744167384396e-06,2.326842369666289841e-06,6.349732331619506372e-07,2.323530408720136029e-06,8.348417588076056822e-07,7.364503269851371942e-07,3.019757452933160215e-06,5.628366260495864925e-07,2.312216187366998227e-06,1.771844406662651303e-06,1.520488934937309907e-06,1.463891690626470442e-06,4.028059536587378587e-06,1.957220679339654945e-06,5.840862457023201005e-06,4.957888152579138668e-07,6.981304145428845237e-07,4.008860226037255465e-07,2.322465553412670090e-07,2.126190151920161141e-06,1.877819016293734767e-07,1.374003843294399177e-06,6.685123857512982838e-07,7.666077054121915306e-07,8.088709924649067533e-07,1.529635902001322472e-07
3.279056611313254317e-09,2.215484688646644906e-07,2.990824152117728093e-08,4.448277723118125856e-08,1.008699454846004971e-06,0.000000000000000000e+00,4.428500776031533017e-07,9.871678219055676900e-07,1.112019367638311914e-06,1.977179549762233149e-08,1.241145860770094359e-09,1.299359793593126463e-08,5.314052820825484463e-07,4.489862398803699021e-07,1.382854827446861798e-08,3.599273424375265614e-09,1.852891085731348981e-08,2.858913303115193436e-08,8.527536095908852855e-07,1.844429438363008601e-06,4.324625760458357816e-07,3.540196927718322876e-07,4.713386988309963331e-09,1.952893483414673179e-08,1.150109788571311592e-06,2.078956580867490044e-09,7.641358692297824713e-07,7.049811424235075967e-07,1.213750613182592377e-06,1.894014801304420520e-07,6.957218756076983990e-07,9.467018854576311844e-07,8.090040794938742642e-08,2.264280550001314575e-07,9.607365130494728278e-07,1.761258456269698937e-06,2.174748686969513131e-07,1.238037840409248296e-06,8.616667809172410252e-08,6.598158626173920047e-07,6.065180163607845356e-07,9.493227098434936861e-07,1.551843390324342951e-08,2.215553868075458577e-07,1.579825604996080697e-06,1.447573724979645055e-08,4.155684505995862449e-07,4.245682404947059574e-07,4.777990470902308242e-09,7.168971250085862875e-07,2.092288971173915640e-07,1.757477213717253987e-07,4.463354431660487904e-07,2.353495555662520736e-09,4.639005849075366355e-07,2.539078108468521837e-07,4.708818595427911125e-07,2.302985958795437754e-08,1.929875184288920947e-07,1.620204448557808893e-06,7.331940443648928153e-07,2.193138068699219335e-07,1.738424308710044302e-07,8.228039933629260511e-07,5.519722852440961970e-08,1.772495777901895222e-07,5.288738215070902903e-07,1.891793422107390503e-08,7.505093119225705618e-09,2.079206114893760956e-08,4.740033852025930026e-07,5.639105942252870561e-07,2.770662390681909112e-07,1.466494327102054888e-08,1.258067036941356137e-06,3.115671135401354797e-06,4.100371708422044778e-07,1.738691829316463028e-06,9.172052055729079019e-07,2.371968774189927686e-08,6.151305042036515541e-07,2.089802388291930560e-07,1.058030871406532340e-06,6.749097844359132346e-07,5.076787112858691892e-09,4.502903110949509448e-08,8.553045369421130324e-10,7.697502616330521103e-07,3.877691137993261021e-08,4.582470044834518385e-07,1.660353306286035658e-06,2.438422158720701093e-07,1.347843840797374196e-06,8.642111333916145274e-07,7.337227247785513027e-07,1.073039784723250347e-06,1.433339630662150037e-07,1.687799909266236537e-07,1.220930499901070921e-06,2.217477224209469253e-07,6.559628673926990091e-08,2.269067641408653634e-07,4.870489112388277462e-07,7.557354249714033111e-07,5.603243371432920741e-07,4.644602178050940805e-07,3.469584269535989424e-07,1.833455267453337319e-07,6.151899263053121139e-07,9.325586879634861428e-07,1.188340454642283396e-06,1.970030643687280014e-07,1.079129114668796136e-07,8.758925949299302385e-07,1.197370202975759799e-06,6.205649763382105588e-07,6.351489796863000961e-09,2.149405417463266803e-07,2.493819897680598725e-07,1.381821567712409648e-07,4.164133303550519161e-08,2.485512425138298175e-07,4.797839114176269491e-09,5.612790995833670703e-07,8.710950190504677536e-07,4.990807615859549472e-07
3.731110435157526235e-10,2.355282312990456245e-07,7.275148124807757615e-07,5.420568638345945337e-08,2.880970018373151373e-06,9.658977809668442031e-07,0.000000000000000000e+00,8.082403185392815041e-07,1.811944387376340699e-06,1.302592434237444677e-07,7.069874480918582220e-08,4.246846664391156443e-07,4.343550370799151524e-07,8.614518714466531897e-10,1.724696246956184438e-07,4.849011443160675104e-09,3.193227402799893512e-07,1.536976853539452370e-07,1.937039609414019802e-06,3.816446280554917288e-06,1.068711668132493748e-06,2.392216300584305868e-07,2.428143752622883348e-07,7.449439666614937542e-07,1.454223105580855009e-06,6.310176922983878836e-07,1.762617218652093036e-06,2.817008829031704904e-07,1.757333135631445397e-06,1.576001903006482394e-07,1.970112083094895949e-06,2.201863537525842941e-06,3.593286912225492167e-07,4.570721939682312026e-07,2.021904730431928436e-06,1.093472743146516485e-06,1.867777784629063598e-07,3.706932039492453838e-07,1.796043310828374953e-06,7.974774536912003157e-07,1.169465098033264686e-06,1.393373887719860381e-06,4.994120055403092580e-07,5.735766956192265664e-07,2.094798151928066902e-06,1.901724366096095273e-06,4.331459184629423500e-08,1.865180876545132013e-06,2.842645681750138211e-07,7.065031412886115400e-07,1.090000333014466247e-06,4.189023676543820622e-08,3.108471697944596852e-06,2.470373293629469139e-07,1.354093398030885642e-06,4.719195678580581109e-07,1.026653359246236032e-06,8.706144429442213472e-09,2.704066709536834890e-07,3.872653228228226624e-06,1.069926093650962834e-06,2.204907834286922081e-07,1.479748008885962448e-06,8.580570308781815994e-07,7.718891449012896728e-08,1.886179178616928932e-06,1.056136847565731483e-06,2.781201803436592887e-07,5.116737913398890324e-07,2.047936547616394956e-07,5.116250152482928906e-07,5.216738790242498397e-07,3.175536634479963422e-07,5.442660756599426313e-07,2.550215606902925922e-06,1.292867886259610003e-06,4.240773104108623365e-07,1.533135862686669123e-06,2.083961230799323865e-06,1.852389782041888144e-06,2.512201472846404451e-07,2.346747439161928924e-07,1.546203215642424652e-07,2.297162343227657138e-06,7.713130545069989326e-07,1.806298080894729788e-07,2.563488449410150955e-07,1.796788489726609806e-06,1.190289067779511613e-06,4.086203493981354069e-07,1.844355383178695060e-06,3.319300779335363423e-07,2.370804934200212892e-06,8.686527129091740673e-07,2.730411358658302206e-06,2.543369115393416267e-06,1.029251505231603784e-06,6.760694165017870732e-07,1.489283865766927874e-06,7.871303917555310190e-07,1.655565505765875115e-06,1.937191328040769122e-06,1.431279548203978971e-06,7.051674928740136617e-07,8.065616287631946520e-07,1.904499848960871864e-06,2.984469001243448140e-07,1.359262136335770983e-06,2.166126348826009770e-06,1.547785480644943042e-06,1.308598233554648080e-06,8.583381948162246204e-07,3.289038128114001749e-06,1.067600564436885498e-06,3.142506172500749286e-06,2.096145300679355930e-07,3.502451748842095474e-08,2.026453364983707078e-07,5.802253079741653642e-07,3.058692076412315298e-07,1.170178017820953882e-06,5.802863822215772760e-07,1.864100060048309547e-07,7.432808563642961162e-07,2.864046034290311794e-07,4.598954276616694385e-07
1.037376951099258358e-08,2.016345554268106037e-07,8.863982614750450227e-07,2.205720996703926989e-06,2.896977945675805132e-06,9.391817049142537569e-07,2.947497394553422760e-07,0.000000000000000000e+00,1.430389036399741459e-06,9.029500776737439131e-07,5.017684890132955029e-07,1.152814699311223605e-07,2.113850254342835699e-06,1.299243757213251611e-07,9.227555673203879346e-07,4.768906067346965314e-07,4.050686377874439602e-07,4.493106176288166196e-07,1.659353113714669447e-06,2.583414534203100401e-06,6.903607920654772980e-07,4.980824712699106361e-07,2.534231978833490668e-07,1.831365800423233172e-07,1.483915104652743961e-06,2.065308638329613387e-07,1.034888182049918557e-06,3.973760395450080571e-07,1.703420690794295357e-06,1.280247542213568316e-07,1.342201987988826629e-06,4.380501638120923313e-06,1.843184815336735686e-06,1.492645913103401454e-06,2.062891693746687937e-06,1.064977091840875845e-06,4.289436198304413457e-07,4.299606154714514189e-07,2.685000495961370448e-06,7.047845876188921452e-07,1.336148971330259294e-06,3.046124277663193994e-06,1.083135999541156103e-06,1.152489860008442417e-06,5.557987376654946976e-06,1.366445416174667622e-07,4.331758182722482365e-07,1.274519080892789460e-06,1.029499819837285007e-06,1.139891059162055563e-06,6.523547388875809668e-07,8.950909498331674462e-07,1.408248548587562669e-06,1.995318736846748685e-07,5.351964544936305020e-07,1.840723589168705594e-06,1.124298070663668276e-06,2.193818569231412720e-07,6.601984849658705602e-07,6.693953941059700033e-06,1.055903086155958561e-06,5.014252978973855061e-07,1.397630382772360069e-06,1.909021197775955215e-07,6.179513692202752996e-07,2.658710772035484073e-06,2.316858079459409364e-06,4.695096388180159780e-08,5.686420725617637787e-07,7.832785960465668530e-07,1.021706761864824409e-06,1.266460248244447381e-07,9.201555219920497594e-07,4.881517339817099949e-07,3.075192779635874376e-06,3.496664795838403165e-06,2.963862329905438565e-06,1.379724388696288881e-06,5.184904583276695497e-06,1.598123358187338725e-06,2.400966838007476498e-07,2.328297164204727539e-06,1.607162751529927449e-06,1.082811428775733510e-06,6.816394353204833558e-07,5.396265549787607207e-07,8.758203027922221869e-07,4.641263842570113158e-07,1.514822101235524876e-07,5.811172117788949693e-07,8.474763119096516325e-07,1.712108244060935424e-07,3.091747800854735595e-06,1.020287532891835835e-07,3.075305160178616054e-06,2.240812819806919817e-06,7.877746555267613898e-07,2.611287972772889487e-06,1.833652876240966965e-06,9.117426315115131898e-07,2.021361980491381996e-06,8.010461973393151634e-07,2.551719332598067406e-06,3.399088767293803654e-07,2.485571077436028399e-06,1.556438540964957593e-06,5.322650774556673264e-07,1.742473484211713765e-06,5.082244664121298126e-06,2.610129004310518017e-06,1.468884615587674867e-06,8.705123076389277867e-07,5.443424604349798501e-06,5.854875906714416704e-07,2.473114642203542916e-06,7.336575297423477776e-07,1.304214781037584846e-06,7.790644428652403001e-07,5.067513732809982691e-07,4.907465740288423025e-07,6.996364238356886662e-07,1.877937997669294869e-06,3.685898117906464898e-07,5.138814257361947958e-07,1.014726621885924789e-06,1.488849963349311324e-07
5.215699770370638643e-10,2.286329672247914196e-07,9.384453987536966113e-07,5.915965389693829572e-07,2.790441173356626876e-06,3.663808358282217623e-07,1.253412691883964768e-06,2.078213845104142275e-06,0.000000000000000000e+00,2.621059484370773400e-07,2.056197800378260366e-07,5.400703892873009492e-07,4.086662979858501397e-07,2.923663942986504818e-08,6.966483004949917692e-07,4.191587748223509388e-09,3.595457774581799676e-07,1.093564347389400447e-07,8.745931321797917734e-07,4.545369587061245175e-06,8.064257684245912557e-07,3.295614994586277684e-07,7.665208742297481626e-07,1.722220923325326494e-07,1.483376764263148837e-06,3.422180059411710103e-09,8.518187177583670918e-07,3.702848601645757009e-07,6.846839274902885226e-07,6.290717589826961583e-07,4.145062816227143881e-06,3.564577727437509379e-06,3.255226625576023590e-07,2.880197964270030499e-06,4.028876285320799256e-06,1.980456062160906186e-06,1.815838784528494636e-07,4.242791900257469012e-07,3.162066693440435493e-06,2.635722503739611614e-07,2.250280248398182357e-06,2.388955767250922575e-06,1.775267170783360520e-06,1.085892833923535478e-06,3.948652139575043165e-06,6.580452509166859696e-07,1.234414917661127634e-06,8.612438762971535899e-07,7.508724154343477737e-07,8.338506645203399020e-07,1.622890634115168812e-06,5.472177534188584815e-07,4.321303042870066684e-07,5.460679804257633841e-07,2.517080575480654728e-06,2.862501935311038592e-06,1.270262952806329211e-06,5.157080735632608706e-07,1.665747453188106770e-07,2.732347553250443181e-06,1.128092421059565454e-06,5.743863407535277708e-07,5.467286283719315042e-07,6.989142287949202385e-07,3.904468622939109610e-07,1.424012897379122555e-06,2.580999502298554586e-06,3.783832638143217610e-07,5.627106746510629784e-07,5.009405951492945585e-07,7.968111881321901531e-07,5.210878282259207057e-07,2.301521114226709370e-07,4.618464436169382710e-08,1.397029224651318415e-06,3.019000866353542009e-06,1.450689575898471692e-06,1.879972667714423433e-06,2.683861720771687558e-06,4.383505978876451590e-07,2.443097730277379656e-07,2.686719620653253578e-07,8.511464384339397346e-07,5.352142837076596166e-07,4.196913763237962211e-07,1.652546165298835893e-06,5.693953114447430539e-07,1.390154118922306277e-06,1.253717584341607332e-06,1.303805382416367254e-06,2.280894498742190805e-06,7.624949158677904249e-07,2.061265942234282938e-06,9.946503766133644730e-07,1.796100329257787991e-06,2.125560126094993491e-06,4.413231039781294181e-08,1.190867531393171054e-06,7.046433461924922638e-07,1.111079933195079724e-06,3.915722284158581925e-06,2.595072145083756532e-07,1.156670175347025157e-06,5.499669320997380588e-07,7.744744297863992037e-07,1.948186052355875442e-06,1.242209573624868107e-06,6.258621329605209348e-07,1.922023015565454770e-06,1.557343505252640762e-06,9.582069184907184719e-07,3.691347001573487313e-07,2.338516127458024475e-06,4.391654763703871608e-07,1.688139847119706721e-06,2.147405241143715278e-08,1.810397481249217666e-07,4.703472728145089768e-07,2.250619810731348276e-07,3.333263295753164299e-07,1.968436470711991036e-07,1.343509658127806917e-06,1.147606173817582702e-07,7.196921149361998409e-07,6.553340989663120427e-07,1.853625082818823530e-07
9.832330827798398289e-09,2.762089402645822580e-07,2.519270160294915383e-08,2.143509336043761833e-06,7.064022346466250610e-08,9.626710835597927340e-09,4.592932740963281834e-07,8.865383506110510435e-07,5.176190697573077628e-07,0.000000000000000000e+00,3.072597491373690531e-07,7.627421437045136230e-07,1.049376860467178887e-06,8.566579561872814658e-07,2.266472060125421863e-07,2.198811616348356550e-09,5.486688035295792405e-07,1.378589260961982598e-07,1.173883215772529851e-07,2.900114978008674993e-07,1.281388306407095110e-07,3.112682363102455774e-07,2.716661914754993060e-07,6.561875764493053411e-08,2.609850999689385833e-07,1.026281837902092974e-09,2.599015368580529563e-07,1.580665587915132462e-08,5.003335499789919361e-07,5.341365237426726753e-09,5.267653029800213578e-07,8.364059055051959450e-07,6.840268348851690916e-07,2.870638779182766512e-09,1.791555405671193610e-07,1.869659620257942601e-08,1.106776972320343668e-06,8.383874472373981246e-09,4.523052058297262924e-07,6.447694357865676437e-07,6.060096581549630780e-07,2.352928673374270974e-07,3.616135845666146625e-09,2.130852084861039684e-07,6.494723353038154763e-07,1.972698102833355032e-07,4.767287918611757403e-08,4.499415996853990443e-07,1.961497422412962179e-07,2.160954737533347704e-07,2.799091308094352826e-08,3.091527375312330326e-07,3.414713559592792040e-07,3.411274933769893207e-09,7.440146507255129252e-07,1.641433475015717021e-07,2.123043163172340099e-07,2.852766232842603095e-09,5.449126364207405947e-07,1.157771868816786218e-06,9.716114708315988440e-09,1.677572420998781768e-08,7.416767939872303680e-07,5.160908994850376840e-07,8.146363635920175679e-07,9.083730113661929804e-07,5.532350658647395238e-07,4.174083120714263127e-07,3.287034091376784326e-07,7.358730307975314062e-07,1.179707698733477733e-08,2.442726499295886266e-08,1.396568753946794894e-07,6.594286652860851636e-07,6.876867950452795820e-07,3.702968956600023948e-07,3.615672672488387717e-08,9.004915469515781296e-07,3.655579398485677185e-08,5.958371823496757036e-07,2.680041740172524909e-07,2.493124351405525633e-07,1.765234867045836193e-07,8.153536886778940100e-07,1.385107716148816396e-08,2.428925359688943504e-08,1.035721676823378144e-09,1.873654438255742439e-07,2.297748073494182357e-07,2.132395250030159599e-08,2.640013933510050590e-07,2.831612450262723867e-07,4.929195047446179786e-07,2.853568636938165156e-09,1.865342777629542535e-07,4.519657611826420801e-07,1.321774824182641293e-08,4.971375069129669142e-07,2.517371188284083975e-08,1.388006850177032488e-08,3.437453563103190497e-08,5.541182786468227623e-08,5.482380822591968151e-07,6.415168163183485526e-08,5.596565412777921008e-07,4.509400276522465296e-07,3.117595590377278753e-07,2.825486201154788827e-07,4.995735333226964421e-07,3.699859195974263658e-08,5.190588855541453744e-09,2.154888337363308840e-07,7.966071856099923025e-07,1.237792386717371838e-06,2.022633849836478202e-08,4.853303852975421727e-07,2.780572839505110785e-07,3.644836066462108025e-07,3.226142069515150030e-07,2.331581060510933825e-06,6.277000936616364494e-07,2.796162214673205855e-07,5.821944341002670400e-07,9.887426101478796074e-07,6.522085900908453511e-07,9.697975684986867113e-07
9.083337724265322876e-09,3.081189712813559779e-07,2.504799679378893438e-07,1.210829415160664143e-06,5.485887738331971539e-07,2.724591570117257469e-07,6.740312275993652898e-07,1.693177082670401671e-07,4.917417344091935418e-08,1.835913466952422910e-07,0.000000000000000000e+00,8.040841225364171326e-08,1.221293372481214931e-07,2.582741273164451592e-09,6.103952256657403180e-07,7.787184606078389953e-07,1.065661862205652776e-06,1.533517708120719011e-06,5.986638293941887601e-07,5.104463076173026488e-07,3.459127389356589949e-07,4.003844958888099781e-07,3.293063198696233854e-07,9.194600023617779459e-07,8.114290724859824826e-07,4.797501449865731500e-10,5.210621278043973535e-07,2.038143742644070201e-08,8.664978318672379622e-09,3.816112805583217291e-09,2.669566550895259219e-07,1.850680867714108458e-07,3.356754115509477384e-07,3.370005157352161830e-08,5.860391790300584581e-07,1.945360891462952369e-07,3.114187480923377912e-09,2.462136400502488016e-07,1.597062166676043204e-07,1.751978454904078815e-07,4.972531043124666617e-07,4.221665307709957129e-08,7.712729350951748946e-09,1.806474972314109687e-08,4.093754896152000544e-07,2.160205638921880112e-07,3.903922522115939193e-07,1.916782843589531892e-07,2.730862899296214692e-07,5.051534798345919003e-07,6.213090894762452808e-09,3.259406275403304866e-07,2.855621727408747711e-09,2.608723252172775442e-09,6.561353632199404811e-07,8.532508391324312852e-09,8.169383421011468802e-07,1.194315578718440551e-06,9.994442662275615138e-07,4.878301807967647307e-07,1.163445330666599450e-08,9.781669072349941110e-09,3.036325318211193631e-09,8.555959817644752311e-07,8.050934145087131265e-07,2.704672958270292523e-07,2.560335662198261352e-07,2.046120220959210085e-08,3.391753990257033037e-07,9.048472658989154997e-08,3.636256288458863329e-08,3.052925146065267465e-07,3.335754209484105181e-07,3.671140800016528657e-07,4.324151159726121642e-07,1.771033404166234356e-07,2.780918468106171448e-07,4.823520925717006557e-09,4.605442507951558633e-07,6.735398453765339929e-07,3.001774292564562941e-07,5.533956461886816189e-07,2.130724987206746603e-07,2.626382889893051653e-07,8.431244072574651343e-08,2.966208341160852033e-07,9.002359271251031244e-10,4.748884247178643270e-07,1.147932420600529551e-06,2.177018986481499819e-07,1.266853800291421486e-06,2.865006256761613302e-07,2.052524420501084632e-07,3.049215720041322948e-08,6.130764993783660742e-09,8.551772555470365955e-07,5.075290234376301026e-07,2.119891340368075946e-07,2.393841004920519345e-07,1.499035795916133433e-08,4.777398160185007970e-07,4.151842296005949358e-07,7.204627953035589876e-07,5.329819951862656514e-07,1.085629764390663671e-06,1.908751791558435085e-07,9.351030374534250822e-08,1.022728974739659799e-08,1.711439607436596179e-07,5.770364282053775877e-07,4.579898296480927330e-09,2.672590436105323966e-07,3.003457423997734242e-07,5.472049577070713521e-07,1.045269282494740223e-06,2.995580871225331752e-07,5.353421320913834525e-07,3.030584502162540271e-07,3.157970673664998374e-07,4.610894843138025087e-07,1.532179501327471185e-06,7.057114539033789694e-07,6.896888315131909766e-07,9.711089744544923120e-07,4.166317170667069421e-07,3.666398327445852674e-09
4.201283183681280137e-07,2.707462420907893710e-07,2.447576150675923359e-07,1.637038390674550023e-06,4.970303313510124459e-07,4.801959426876780138e-08,1.857755637030138262e-07,6.939093184005753924e-07,4.525931308443978576e-07,8.178245828515471548e-07,1.180817432559164257e-07,0.000000000000000000e+00,3.712697654716956856e-06,4.499150229276928668e-07,2.369261435090098675e-07,3.202239461559632885e-07,5.993389042174693962e-08,6.891034932603827602e-08,1.756897868142386620e-07,6.595247740182263213e-07,3.008019040656092845e-07,7.402657110232931446e-07,2.778457401462479891e-07,3.627792195173963074e-07,1.942677844557689182e-06,5.691517480824564603e-10,2.068045318080112484e-07,3.243200222178941919e-08,2.163074888554975883e-07,2.184342223539769417e-07,1.326095817471795779e-07,1.361754212337893891e-06,2.669403945866044421e-07,9.606504647817265268e-09,1.949008669981460037e-07,1.977602086630540614e-07,6.137601561692194298e-09,3.583374210916048329e-08,9.745206572156029407e-07,1.708515941542332745e-07,2.323011572134170885e-08,3.910126583155968650e-07,2.475009503221556584e-07,6.700614435580563806e-07,2.457142196563393605e-07,1.999851788307114273e-07,1.418356205963609497e-08,1.497379360441155233e-06,6.067854817733676711e-07,1.908035376183221736e-07,3.296768233411413957e-07,3.310614156474831607e-09,2.604080455807826881e-07,7.125617366898353238e-10,2.302588731707282122e-07,4.476258098083667762e-07,2.047277606357816149e-07,2.888646442369419212e-07,5.766127333273069119e-07,1.218464826735651029e-06,7.615147544666698982e-09,2.298411004290699776e-08,1.849553272141621287e-08,6.591274458860241994e-07,1.076430974386825227e-06,1.502948102218277894e-06,1.153094416970571527e-06,3.481265213258984284e-07,7.125914868008445525e-07,2.903779085342829374e-07,6.170853750557424775e-07,8.444356623661234236e-07,5.375093771939225455e-07,2.443192884514062954e-08,1.601360458491782202e-07,3.745196854366359189e-07,9.959545117909878740e-07,6.468815330417421362e-07,8.806648478805936159e-07,2.559243649485607312e-07,1.398804580993044698e-09,2.691833140824267182e-07,1.268345655245259806e-08,7.375011162639706759e-07,7.098309994333132517e-09,2.685976126821567428e-07,3.184338638533915811e-07,4.860513565144447923e-09,9.448759181594114322e-07,1.089649694769438544e-08,4.196378383605350311e-07,1.990526767704637281e-07,4.568876422455975006e-07,1.088985433108742946e-08,1.070914669804784441e-08,4.836309771994181784e-07,4.045420844424064571e-07,2.001163437301843984e-07,5.393981167495978020e-08,2.110770978892194621e-07,2.530728758335409058e-07,7.189097022464771124e-07,6.918290971040889954e-07,1.550875716733787235e-06,4.253235380987006158e-08,3.941765075596151152e-07,6.938913626006181910e-07,2.072897670291034173e-07,8.966317190638175712e-07,7.444971505540372240e-07,5.434057411492857742e-07,2.184123521362887562e-07,1.671565522245508993e-06,2.191047994647050531e-07,2.511338600602848427e-08,2.796462012336846667e-07,2.586955968408207210e-07,2.054954598493456902e-08,7.337383873917720906e-07,3.613983189952378587e-07,1.006932357116721356e-06,1.435210318570206897e-06,5.950357107680188177e-07,1.069714604853441109e-06,6.778178391223622869e-07,9.441437427622519944e-07
3.746988320570554616e-10,1.319972089437104511e-06,7.801433194322139855e-07,1.197712973109671001e-06,1.278911804525704634e-06,5.743838740899848724e-07,1.642371624171204440e-07,2.106429289799290476e-06,6.576655951640496298e-07,3.893334858260966705e-07,4.383223398018692940e-07,1.455453697344135871e-06,0.000000000000000000e+00,3.942443731982854858e-07,4.624284846142634217e-07,2.627543243286142758e-07,3.565249143427847082e-07,1.249968910096785775e-06,1.054766016762368843e-06,4.923766343888810696e-07,6.435213649878904559e-07,2.012625782297953728e-06,2.781607433704556861e-06,5.946309698895788756e-07,1.192116856514248883e-06,1.043758404994619920e-06,4.643564890914057931e-07,6.620100308783578532e-07,6.870460201006939167e-07,6.057609436700358561e-07,4.887555944026620416e-07,1.725997989553307737e-07,9.075698096989386219e-07,2.232232844893474617e-08,1.424092457931614806e-06,9.458256234928233538e-07,3.331287875173997126e-07,8.105693675899666715e-07,1.765513605077152617e-06,5.611737855143663760e-07,1.789826570378763043e-07,6.864714466971548974e-07,2.030212424126296713e-08,2.111714231800523688e-07,8.019984174081968073e-07,2.023778329359060860e-08,2.461049357530569264e-08,1.416797920822174866e-07,8.642434116872627874e-07,1.469632555471535210e-07,7.931810973697120094e-07,4.881628277313253445e-08,6.214492899447507555e-07,8.914022657242251860e-09,4.959559749696190056e-07,3.176316314267243527e-07,7.036334886936429650e-07,6.247021589405536649e-07,1.450755530794643099e-06,1.426436296330947383e-06,1.355513541219058628e-07,2.302322548004266151e-07,3.557108813647860345e-07,4.922293614040587695e-07,3.527884646147759526e-06,1.242070633951119768e-06,1.146491253634824814e-06,5.417835163482520580e-07,1.309648707465940171e-07,5.971599622788220732e-07,6.805295434941977762e-07,6.156216154094454943e-07,2.975388734233612987e-07,7.503902606742605415e-07,3.648568256192879394e-07,9.732171448580733782e-07,4.013778852873917300e-07,5.416693751776641963e-08,4.922195374972782444e-08,2.334517140909153415e-07,3.080515188218005866e-07,7.222986107578833544e-07,4.598174618025555900e-08,1.855578819311408699e-06,4.720501231893888027e-07,1.289844427088423919e-06,1.037511651652856399e-06,6.599194819869194252e-08,1.078794251744853195e-06,8.355447437969656529e-07,1.322773171846165844e-06,9.353526988990313612e-07,2.182931962057690140e-06,8.337292875740695882e-07,1.400215056627472571e-07,3.621830646513616415e-07,4.178674488867362165e-07,1.455415402669921364e-07,3.887727076040564169e-08,1.952577486795075315e-08,1.433828355988864575e-07,2.385763193789121926e-07,7.933224810090279015e-07,7.730549370604794950e-07,2.642738016418243338e-07,5.225416997443610544e-07,3.008953532686501365e-07,1.376150671536036274e-06,9.905305068536463676e-07,2.284696196259583923e-06,4.833093259741473317e-07,5.102812664512048430e-07,1.225511927056110343e-06,4.686882128489427113e-07,2.874483242577623480e-07,2.174013040330029592e-06,8.428411522485445521e-07,1.596539787563634883e-06,1.248579752395133063e-06,1.067309331981213555e-06,1.598896232589573624e-06,1.360328449237751869e-06,8.450362097651395927e-07,2.632454964151953262e-07,2.474277656024437766e-06,3.415451252833200624e-07
5.159872228421934938e-11,3.276253572262870039e-10,2.179229281510862748e-08,3.595593338281680817e-08,2.716044735225915847e-07,3.740182605972807544e-09,2.708592721530750905e-07,1.210548460057321184e-08,9.897643199714793856e-09,1.547066118593566698e-07,3.271071174900632363e-09,1.464211663385081670e-06,3.543797583906226868e-07,0.000000000000000000e+00,6.150343560053242947e-09,1.841705614993077016e-10,1.094020030661029435e-09,3.642767595451590599e-07,2.956544680230317641e-07,1.387008884683829119e-08,1.172886929825504963e-07,3.908437558153735957e-07,6.183915180191799937e-09,3.951286539389329988e-10,1.724464126394282094e-07,1.011949846724684437e-09,1.100785867093421462e-08,1.875704659327251963e-10,9.300240362540998011e-09,7.258937165632838503e-10,5.109183581678472525e-07,1.006502153686643872e-08,3.498114028686912990e-07,2.948482827646352826e-09,2.211263026830832232e-08,1.227007818005987965e-09,4.571197847588043625e-10,6.659382860580603191e-07,5.705317780882338920e-07,2.614038929613075730e-07,1.000659984040464918e-08,9.705706755314677804e-09,4.965704942581112265e-10,4.936593033723307301e-09,4.741876172990820640e-07,1.428851481983689185e-09,2.127166091251627128e-08,6.557182308145674941e-09,6.296581459162664582e-09,6.530126454942984195e-07,2.251467786493823913e-09,1.099349550062365690e-09,3.001705381736755097e-09,2.133259739855026427e-10,2.248540914053943829e-09,6.235651006506774530e-07,1.043884167272740939e-09,3.541624768455359598e-10,7.506154074281405811e-07,4.219643870102847601e-07,2.323463208270159979e-09,2.948084426554798440e-10,1.212516835009203140e-09,1.290305254844130470e-08,4.621358261909657821e-07,2.633136125882891245e-07,5.777019824629918962e-07,2.159176625294581001e-08,5.140600513440851534e-09,2.122649936652966315e-07,7.094432923243489886e-07,3.884672362453345065e-08,1.007088557651215613e-06,1.132250691363333925e-08,6.167544392408482824e-07,9.302322191709481050e-09,7.248014790726112080e-09,2.711248850971126919e-07,1.332572690857507070e-08,1.115910435817886598e-08,4.166139835105994652e-10,1.305852466504751501e-08,1.922310126576732392e-07,3.029121458623640875e-07,3.243959225848131959e-07,4.102526115551239529e-10,1.797209100148226333e-10,8.313537567191096004e-09,2.471936416292610226e-09,1.993553268460388056e-09,4.963798211330881338e-07,5.558118925368804843e-07,6.272397398816399109e-07,5.471831962613478964e-10,3.468953824025236386e-09,2.820063034251101709e-07,9.712415944472779354e-10,5.306106090174093960e-09,4.390240769543462732e-09,7.254882256955371929e-10,1.277850289222949155e-09,4.378398400130208655e-08,7.453128977444750055e-10,1.352863942032052962e-08,1.701007633086197725e-08,2.691480403427218474e-07,3.227731793468663334e-08,1.053949887697151706e-09,9.685205564510535197e-09,5.489746997385312964e-09,3.067948286553430915e-07,3.022573114084743806e-07,1.077467887824653864e-08,7.028818956706087030e-09,5.821024195737387674e-09,1.389958611907544912e-08,8.230320977777433513e-09,3.899131555374017328e-07,3.862168517841980945e-10,2.188236481084350981e-09,3.585593485061433927e-07,1.298400582259624836e-06,8.115607147554648328e-09,4.961392357578431560e-07,2.889926128060340143e-09,3.901978447963299894e-09
3.220575782799278327e-09,7.380405709034281226e-08,2.775931696536831655e-07,3.255255473959880325e-07,4.617956000175598330e-07,2.548159756503568125e-08,8.160068698547181140e-07,5.848947396916563769e-07,5.353816097571474855e-07,5.576553865146678301e-07,1.466876371098081401e-08,3.352421767453359167e-08,8.310694109467017991e-07,2.276742898367101043e-09,0.000000000000000000e+00,4.076152932386864911e-07,8.821634437458994915e-07,1.321024966505746083e-06,8.998011350535432406e-08,9.849075202496428970e-07,3.295467800153352689e-07,1.043035964627338884e-06,1.579485028824176167e-06,3.940767062673847511e-07,7.759636127080548729e-08,3.150364559699356798e-07,2.128629339136732778e-07,1.216091982445205886e-07,1.969312155308669320e-07,2.021639831077363184e-07,1.216056498126240150e-06,1.925415739422078894e-07,1.521283893234922379e-07,2.295147257923677727e-08,2.309903810420851875e-07,9.575736898100666351e-07,1.478080299971062761e-08,2.014650589160798270e-07,5.844006728233174750e-07,1.662517910579950306e-07,4.845594489278713914e-07,4.042990278393364930e-07,2.050117233781619926e-08,2.552740777120924475e-07,1.497347543833231636e-07,6.864800792951581551e-09,2.522311348678509130e-07,1.770766879514292758e-07,3.554116340026618298e-07,3.940715916428946273e-08,3.874717036967296490e-07,2.822114710511266700e-07,9.323634721011396652e-07,9.828319335797456567e-09,3.271382077630978373e-06,1.781982113058401150e-08,1.258582282879938487e-06,6.919668089225683642e-07,2.429747025367099014e-07,1.145152677853506215e-06,1.770384037529856942e-07,3.897689148701627106e-08,4.561266916304998363e-07,1.663007276538099205e-06,2.038020771934022674e-07,2.686906501957612069e-07,8.332819714836976987e-07,1.823656576056995490e-08,6.794795024164702054e-07,2.599575756135708124e-07,6.383795722125968114e-07,7.353886033854837785e-07,2.738238668182668028e-07,5.431826389171544221e-08,4.215332168870021650e-07,1.737839525934374564e-06,3.885504749316481446e-08,1.787876546068712752e-07,4.882011730851863789e-07,2.637634995295405019e-07,2.590694256442497476e-07,8.934169138721645613e-07,2.057598163410725649e-08,9.468490348824501225e-07,1.317926211577420471e-06,3.006972811696151939e-07,6.552992763689162689e-10,1.224502512614141986e-08,9.695361337946455342e-07,1.933628396798766670e-07,3.813176408471974219e-07,4.155528326475891813e-07,1.005112056430654234e-07,3.827517202419698392e-07,1.900260441346877259e-07,9.802982920933064047e-09,3.014960914103232220e-08,4.961290044350870196e-07,7.566186284798872650e-07,2.836801723518548575e-09,5.502102011834468912e-07,2.549403017487641669e-07,2.556365310356142356e-07,8.543131322946648793e-07,1.113181629882641523e-06,7.688378589312455517e-07,9.453249642081571073e-08,5.087504704659724223e-07,7.751363368652315440e-07,1.086256240754330439e-06,7.222366093889579745e-09,3.940048847730510774e-09,3.510612135258472398e-07,1.225050410687666484e-06,8.841153557104187520e-07,2.830120311910325582e-07,8.088715909925394038e-09,8.835931605614473066e-08,4.363894902221632507e-07,6.260331788699153458e-08,7.779556728286243102e-07,1.887267177332938914e-07,1.215128387613167125e-06,6.408539978295699516e-07,3.746348389043905118e-07,2.297774905986921358e-08
1.955501084242142389e-08,2.318898227918817818e-09,3.022142582137512971e-07,3.498409815786711775e-07,2.838139352653920771e-07,1.108307112109382383e-08,2.282803859050886619e-07,2.351780572313721433e-07,3.786152801775189837e-08,1.668881841060793228e-09,3.760133461210472066e-07,6.295738438035618197e-09,3.121535810226625445e-07,1.369473166520461377e-10,1.062804960141877212e-08,0.000000000000000000e+00,6.751941154287559790e-08,3.804667697171499712e-07,1.498633558555064670e-07,1.549937006002797842e-08,1.583730969561474757e-08,7.656482571680510792e-07,1.863135619744718920e-06,2.360737761944002370e-07,4.359598007892811920e-07,1.973861678884909491e-10,1.278835136944214784e-08,9.021314747079043700e-09,2.757789380366496970e-07,7.000384298447786014e-07,7.045169726910464690e-07,2.404470016524616833e-07,3.240241652682322857e-07,3.779714358800461092e-09,6.883186908736403413e-07,3.005989787461168101e-08,3.979374655660304199e-09,2.706147742391488660e-07,5.381281281087510372e-07,2.965177249039360664e-09,2.161516707675516416e-09,2.448955721714829854e-08,5.691958488279906819e-09,6.349396869860245901e-10,6.852943654799059178e-09,2.664817853134138582e-09,4.722824839772533691e-10,8.528533139672870793e-09,2.077927182728817715e-07,1.056662156788921325e-06,2.992509785867649585e-07,1.523270395628001038e-07,2.638214842291647895e-07,8.365547132320513927e-09,6.720769854010904710e-07,2.416910063115927548e-07,7.072343073079752707e-07,2.702715491772939004e-07,3.000245835303830316e-07,6.871487108540473739e-07,6.366089285601828805e-09,3.388779503418965362e-10,2.671472947548630415e-07,2.008135626192277772e-08,1.876138148053271711e-08,4.873177454634285317e-07,1.455446256271312267e-08,2.933510759944755719e-10,1.852098483979313529e-09,8.173724166195141756e-07,8.063990820934296132e-07,3.155016921595030103e-08,1.884912395073263176e-08,4.068293358568842784e-07,2.883201145871947797e-09,1.821124905928975202e-08,1.434261609203665433e-08,1.354257017884372463e-09,2.931975097265164428e-09,4.486224464268824587e-07,4.835316658041768825e-10,2.325961625414031103e-07,2.700826238736846597e-07,6.893450637949931487e-07,1.427708572939871721e-08,2.820027344221354016e-08,6.071480241191888309e-10,1.504975600029580342e-09,3.673276220704262342e-07,2.271563273630060456e-09,6.959657592221051404e-07,3.299239171482800526e-07,1.954926559316962807e-07,2.248754866830923935e-09,2.869871967235314263e-09,2.689543170039347585e-07,1.779792541602709851e-08,2.785567238542909064e-07,2.816496001586887795e-07,7.149560166141022533e-09,2.612891716736616509e-07,6.582230249006776465e-07,1.355371497624864487e-07,2.641115584644462580e-07,3.524246461499933823e-07,8.464975307303717378e-07,5.319346684151682410e-07,4.252229368564821571e-09,8.528534348674902419e-09,4.425470649898034138e-07,1.618157165797353524e-09,1.434454532577890451e-09,1.460750559397094562e-08,2.866828940275499976e-07,5.855711203249595793e-08,6.063184910897687315e-09,9.729961489617185353e-09,2.030570045476416786e-08,4.416739596415925117e-10,3.225036760173672755e-07,1.511160326924415513e-08,4.130177186831614359e-08,2.483816689261522256e-09,1.007297431871843361e-06,2.203080286175154327e-07,3.042192950596021523e-07
9.168809111613938012e-09,3.484613707252414991e-07,8.722970245304479246e-07,1.144263263081914950e-07,1.196303630769409496e-06,2.265741800173863097e-08,4.078287707248488728e-07,9.247403765847391845e-07,5.335736216508588318e-07,3.707153831939626115e-07,6.773823813461789801e-07,2.863231784074338321e-07,7.088691409850096095e-07,2.370286484281761191e-09,4.637147409936189902e-08,2.830668480843681086e-08,0.000000000000000000e+00,3.449864431947765529e-06,7.647402667353757038e-07,4.743162722491020179e-07,7.006445233706326615e-07,1.083301696720736395e-06,2.533927320622332469e-06,8.175959009219413730e-06,2.289904190109586730e-07,7.603489248708859305e-10,5.001706247354346079e-07,6.735693060035612105e-09,9.544391625411408681e-09,8.781110966418677351e-09,2.108560447880900934e-06,6.486241870473369543e-07,1.678776130984347939e-06,1.077641159535185594e-08,1.127560114191700665e-06,7.773022532700596988e-07,2.211690368377972027e-07,4.085251374155781414e-07,8.642185034916821000e-07,3.920360683006689419e-07,2.857340322155259781e-08,4.646905863871004846e-07,1.473029621634589571e-06,5.369283660548509482e-08,2.778463214321224459e-07,4.572134972709225176e-07,1.821693649070305517e-09,6.836057620206404432e-07,1.102205313543735555e-06,2.194845731097135319e-06,5.346781149978424602e-07,2.678474949797211033e-07,1.710658933979442978e-07,3.096805122196486221e-07,2.068763862193506355e-06,3.964611616538045296e-07,2.027578360310429245e-06,1.313902044884202694e-06,7.020920723376025117e-07,1.301759217748533759e-06,1.652556572415384138e-07,6.707997937590265300e-07,1.094284228697057208e-08,1.107245255717169573e-06,3.041313969456770734e-07,1.085265986940214910e-06,1.554610563832702420e-06,6.854020000006612005e-07,4.243548682759445950e-08,2.944875653344997099e-07,6.021889969109887311e-07,6.012740196888321313e-07,7.131560879121784182e-07,1.496810353921207177e-06,2.394701254212379051e-08,8.900762341718088120e-07,3.762577720414953236e-07,4.525515351423375030e-07,3.352263120808867037e-07,1.710857529462359914e-06,1.086250165794008207e-08,2.351493057008415504e-07,4.468563402329116973e-07,1.194947385735827719e-06,5.577462289600693387e-07,2.906403961250580299e-07,7.963166334189099156e-10,1.717276991128701653e-07,1.165070154482827010e-06,1.188387916499882211e-08,6.265105200373625142e-07,2.553029946008578274e-07,6.746491041781172662e-07,2.286685429259238959e-08,1.928933392240545787e-06,7.490321117130307061e-07,4.631444642352393635e-07,4.662590437106409130e-07,4.762170162216671860e-08,9.534429735638131259e-09,1.784318347356676751e-07,2.935314732409055984e-07,2.159100894380253648e-07,4.598122671222207173e-07,3.677718608003489788e-07,4.243917665523756001e-07,1.041829035247759148e-06,4.739791253125635374e-07,8.660304406711771957e-07,8.756041483019830656e-07,4.786403877013771128e-09,1.921733831909125667e-07,1.267302658326903716e-06,4.705538785934156924e-07,8.572609041764012668e-07,7.127491935440557841e-09,1.350157172461286811e-06,6.082075535617720853e-07,1.698898579278089367e-06,8.626942308302178042e-07,7.701380387818265140e-07,3.740698958415973285e-07,1.701449913649532903e-08,1.873771078884901748e-06,9.034054445616368999e-07,5.868240953618527810e-07
1.221818109364417623e-08,2.635650354278519395e-06,1.580052602849682605e-06,7.061204848023553290e-07,1.114922853989119025e-06,8.430387314243730287e-09,2.482212501155839090e-07,1.319239911669696694e-06,6.351958083493377856e-07,2.676829345997925277e-07,2.843173451909648997e-07,4.897019278776190553e-08,8.090371656044388565e-08,2.408804520964586137e-09,9.516171686407445757e-07,1.150855343179670264e-06,5.365809965213269326e-06,0.000000000000000000e+00,3.822589259266154790e-08,6.997606369038052162e-07,4.081771463886365201e-07,4.265934412401603090e-07,1.729635927064924351e-06,3.244739625354505410e-06,2.166506806691818921e-07,1.236068250339531289e-09,1.434184965832877657e-07,6.706825077563736471e-09,1.676944565761357757e-07,1.841908633344442796e-07,3.329340665381303379e-07,8.582469023641056728e-07,7.324806588896465757e-08,8.478905392005361229e-09,2.463979214385799075e-07,7.079178462956731263e-07,2.208202851892030096e-07,2.896435959187778383e-08,5.835969227676274891e-07,7.072215493539897958e-07,4.426506304699624852e-07,1.879834078498987151e-07,2.176963069788467232e-07,2.385149856384315630e-07,3.169540892499785330e-07,1.763714421223955728e-07,1.253068577857442462e-07,1.707659670563500527e-07,5.270367301739005588e-07,8.799174013800082582e-07,2.195976391752610358e-07,2.678137038989299146e-07,2.151050847078860008e-08,6.764069548211136548e-07,5.884911329680230021e-07,1.834294131074807421e-08,1.627811998282766290e-06,3.107656356810835827e-06,1.989651930280759597e-07,3.474480274889280577e-07,4.181833228440153228e-07,1.075487923311605462e-06,1.753164115466975717e-08,3.210384294681955428e-07,6.754175474320161494e-08,5.345555515702682652e-07,4.562308495642776916e-07,5.520540319062424375e-07,6.748446209592869979e-07,2.581323949133397962e-07,1.714280573890483801e-08,2.411099625059134970e-07,2.529461551107011980e-07,1.473876167968891652e-08,1.671410320827046257e-08,2.428559579459002116e-07,3.660258154776457588e-08,3.528290857997193078e-07,6.176288092626455674e-07,2.867140691666200573e-07,2.387978629754278633e-07,8.129257446982352856e-07,1.680632956138751631e-07,3.075337596369174039e-07,2.693508196926722446e-06,6.118608333929900731e-07,1.254160340541980322e-09,5.970387605045851034e-07,1.232382742475594093e-06,1.670865772130544024e-07,3.311554611050459104e-08,1.353219241826111700e-06,1.567847953081206041e-07,2.289554658841488925e-07,1.653457048836850310e-07,7.565220131351979169e-09,2.237262718461007790e-08,1.695283112291272274e-07,1.783594395552280523e-07,3.351394766295379287e-08,1.648579510146358166e-07,1.124828113833253447e-06,2.260554580330013982e-07,5.114190473928738327e-07,2.204312043138483080e-06,4.706306504792174148e-07,3.247132902938670403e-07,1.930812595757046502e-07,4.587655819227450754e-07,4.945584220786959743e-07,1.852250191516541904e-07,2.175014022556812418e-08,4.345075648997966367e-07,4.713648470767213989e-08,6.559473335426548415e-07,1.622210776936744643e-08,3.114928028415978781e-06,1.369426493580026177e-06,6.679401168336783427e-07,1.776227704384679113e-06,1.008427517890052616e-06,2.820993764221548991e-07,1.292629069891738088e-06,9.606964569714220931e-07,2.251427722679292729e-08,1.587761113350686488e-08
3.626536904246417832e-07,6.700527207287324759e-07,2.191237817494634361e-06,1.793554372141808291e-06,4.950252356148450389e-06,3.193787171461784967e-06,3.160465716333813356e-06,3.524917972123677282e-06,4.526766455715259589e-06,2.206301271112033774e-07,2.658710338894576772e-07,4.543260492160207518e-07,1.506507917583211747e-06,7.657097187984088373e-07,7.224676605986270544e-07,2.483623479781877659e-07,1.782509598043747097e-07,5.172434434966507148e-07,0.000000000000000000e+00,2.746884065447975416e-06,1.334642334883633600e-06,5.842950361190843126e-07,5.040839755537299664e-07,5.592665621529234611e-07,4.512143737661842441e-07,2.375689571441627784e-09,8.698880041087178716e-07,6.488983629634956706e-07,1.636449793011970491e-06,1.523548544952910444e-07,2.422150781159029530e-06,2.352549979067653007e-06,6.987635932263403875e-07,1.337722087901224306e-06,3.058653952128834848e-06,2.831733860860195348e-06,4.607813171716209324e-07,1.870802207490860472e-06,3.424426635533880567e-06,1.366368212364426236e-06,4.688333229520169406e-07,1.218461665406285307e-06,1.465407773543900938e-06,9.606384557458978604e-07,2.310097113858506143e-06,9.256875324122855250e-07,1.894640294325189856e-07,8.890169334935862097e-07,1.255616923024017803e-06,6.887578473058710683e-07,1.011846856655514273e-06,5.633805791654179532e-07,1.222636925606367763e-06,2.357882570395645377e-07,5.240703029059043219e-07,1.444172167490802091e-07,3.996221295947547401e-07,9.445222406812240402e-07,1.479579318679808664e-06,5.396545815489946500e-06,2.537929268672044577e-06,1.628726090141120352e-07,1.174161913873017726e-06,2.219948624820768634e-07,1.813547188637401346e-06,6.797336257467807018e-07,2.553150840892766313e-06,5.096936640097434828e-07,3.037819124286306056e-08,1.404815507780660196e-06,7.268660901534761240e-07,5.803479598499363511e-07,9.513540045277289734e-07,2.309891704480730036e-07,1.603799332357560678e-06,1.964623368275546449e-06,1.259667927873912903e-06,7.906987110456853464e-07,7.049126264395504636e-07,1.091730891369219543e-06,5.738761660263267003e-07,1.072616182007274689e-06,3.401313824882430252e-07,1.980836743426093716e-06,3.051150801796616959e-06,5.291641755757465177e-07,5.998050295000125378e-07,1.019370822459247678e-06,4.143283916111434482e-07,4.396955613793037271e-07,5.496079877430572836e-07,2.560325838286696401e-07,2.036870409383096116e-06,1.232555044998845857e-06,1.878105030193721197e-06,3.468688011669380655e-06,1.538717451002514703e-06,9.343925444911384571e-07,2.093654924979418617e-06,5.511820816325795785e-07,1.664988225096556358e-06,2.357003334168803151e-06,2.981349573048248570e-06,1.543094530576193266e-06,1.740704407328808358e-06,1.354603488349573111e-06,8.868443412619117356e-07,2.727281939562711032e-06,3.539656424208853838e-06,1.369876711671948394e-06,6.952674930601508433e-07,1.033631693947546984e-06,1.378915673282805073e-06,2.428842864223835652e-06,5.706152348029508126e-06,2.085929597219231938e-07,1.721923828713947732e-07,1.079512036536313135e-06,8.877328004414412407e-07,8.934374904625887658e-07,4.699356816927719300e-07,7.603646566644567582e-07,1.095442763831198657e-06,2.001373957155563836e-06,9.382691861413766898e-08,1.512978873004073515e-07
1.038012113168012728e-08,5.115613952910431155e-08,8.284786364570553716e-07,1.247574903013164207e-07,3.525383267612664992e-06,2.440698036447803297e-06,2.522496333705790337e-06,4.796900617999537618e-06,3.607348610943288612e-06,1.491639518536152658e-08,5.702219644338848028e-07,9.404963049658018663e-07,1.577017913343660082e-06,3.936435458918120701e-09,2.159892713945470929e-07,4.928506950792595191e-09,4.056209137308218583e-07,6.458991573249403601e-08,3.384197885283692920e-06,0.000000000000000000e+00,3.855004373617252626e-07,2.067894294256604273e-07,1.907457794644354097e-08,5.684181865790777152e-07,1.938907790723749280e-06,2.071031129401635392e-07,2.378305317073505809e-06,2.717588417881133593e-08,1.154318294413940748e-06,2.921704480825300585e-07,3.893287043168953603e-06,2.346813306237854379e-06,4.715281063560572339e-07,1.773603516783300172e-06,3.041383647019845434e-06,4.232015056887748841e-06,7.160227768912964937e-07,3.448318142304687532e-06,1.681505631288375868e-06,2.597451811726901136e-06,2.009446062352756393e-06,2.023439622177224198e-06,1.281378533697409106e-06,1.485444543025291882e-06,2.389122727505146826e-06,1.482477061131644064e-06,7.300303390416722130e-08,1.973534811299191941e-06,2.027580524292058333e-07,1.521120095637244782e-06,1.152530011242028757e-06,8.577583862012183884e-07,2.671088025715495726e-06,1.971141455332867528e-07,5.532925811891054446e-07,2.325942553784708400e-06,5.532374534643962638e-07,6.114783387438180384e-08,1.139581554551726838e-06,5.268130242409133665e-06,1.974467261620354266e-06,5.269564717521606631e-07,1.375744124890977427e-06,2.163063941370412216e-06,1.724564009645468980e-07,3.137415526555125080e-06,1.637677681565475427e-06,2.204255214249297753e-07,4.796766895195604522e-07,4.224813379051922821e-07,1.854606044063428955e-07,4.511681084869323498e-07,4.894500516845200464e-07,2.116359500919549363e-07,5.009237806402169936e-06,3.830002791129564096e-06,3.738513467631717715e-06,3.201305255825743472e-06,2.484834144006063585e-06,1.699085606314527472e-07,3.054347873680018846e-06,1.577058074364770361e-06,2.947572112843800571e-07,8.871230271342061642e-07,9.169815706753155729e-07,5.309440653271139106e-08,8.766633068803216512e-07,2.719162184780275090e-06,4.970104734380487500e-07,2.036297104794682042e-06,2.352775067180550606e-06,8.920321630911598951e-07,4.200877305020956474e-06,9.958771510499998086e-07,1.427282028267515138e-06,2.326324912787051387e-06,1.113339256988998730e-06,2.660154616636583452e-06,2.761217247817026717e-06,1.871634689489187944e-06,3.830631483515175785e-06,1.532250548992185703e-06,6.338219456446175451e-07,5.629154386882056231e-07,2.233968571950686265e-07,2.459924147387781823e-06,6.176369675610855031e-07,1.727238162580257912e-06,4.323412968290898649e-06,5.761316080852029698e-06,5.962765753690995366e-07,1.447968195090885238e-06,4.564415067223936451e-06,2.036034931257018855e-06,4.992266355091451257e-06,1.794713356985358198e-07,1.036368038383571073e-06,1.567851182243082097e-07,1.866606471682055725e-07,1.667308789606170414e-07,1.687457001141462044e-07,3.694846831312056064e-07,1.343273265353111647e-07,6.263572673177951589e-07,3.644985443012149487e-07,3.270440320178727232e-07
3.686217502217911006e-07,2.477928159362050469e-07,1.791001626740274614e-07,9.539261191201372999e-07,2.122085952461124577e-06,8.476471015503793666e-07,9.847245412440190227e-07,1.668198960158173670e-06,7.845681746588777440e-07,2.354173885909813733e-07,1.227593336377316399e-08,2.267644160312415977e-07,1.433940628717835160e-06,4.731428193553726554e-08,1.218750724838756254e-08,1.537587916119714048e-09,2.441857376776966210e-07,1.993882828259027068e-08,3.643052561318098750e-07,3.586971556508014122e-07,0.000000000000000000e+00,4.721907513220082234e-07,2.384167070483306603e-08,2.419904010646821726e-07,1.837953816032916960e-06,2.725786397833047386e-07,3.076768921677874478e-07,2.406592492684945165e-08,1.816072359421840741e-07,1.107988579212165783e-08,1.044233774859349871e-06,3.843345748265092033e-07,4.274292541373002857e-07,6.619478222289192389e-07,5.612746243055770760e-07,5.214587738537896842e-07,2.873068377650800553e-09,1.378980639388399354e-06,1.366044077018478065e-06,8.858023285613650823e-07,1.105801130378263882e-06,2.682006238359866478e-07,4.971343337769743229e-07,2.152179476366637203e-07,1.447228694647338574e-06,4.314253905872110423e-07,8.226216258720561621e-07,4.829419886239025722e-07,4.034133718138709818e-08,1.441809770809264063e-08,2.780630645791186896e-07,1.745165661831320578e-08,2.823791086439861911e-07,2.607651912318582202e-07,2.626223246942262628e-07,4.966205189554846461e-07,4.229806392852776079e-07,1.954671205461921936e-08,1.240544469814173656e-06,1.622952486626356488e-06,2.309635333675269567e-08,3.366872123287376995e-07,1.260860421921846677e-06,1.579030528113592023e-06,5.540624175302350603e-07,1.420926218676656556e-06,8.520870400234803471e-07,3.048450527335119284e-07,4.500323929957274589e-08,3.312871373727135430e-07,2.595485992398043628e-07,9.014953734398091688e-07,6.421094429652143834e-07,2.609916541967419582e-07,9.324584106248360642e-07,6.207368880905046489e-07,6.300368656424614728e-07,7.175367982653021375e-07,3.934696651011593363e-07,1.790706695045900928e-07,1.841798162812464254e-06,6.484008276948113244e-07,6.698879929456966092e-07,5.286543018675125597e-07,1.784293196648546841e-08,2.831397302146522898e-07,2.682778219346005379e-07,1.664485531280881934e-07,2.130534948667974162e-07,1.371655262941853687e-06,1.588922715372109056e-06,2.686141202638038430e-07,6.410074897475808411e-07,5.360155151517654222e-07,1.454033705372701800e-07,1.415629338879152872e-07,4.497449799241594377e-07,1.048814468348834916e-08,4.031663491208538343e-07,8.157932449193824151e-07,4.344709021143690769e-08,7.500475265965058487e-07,6.226793717170146696e-07,9.469207974442422490e-07,1.121270912867579036e-07,6.901705970428181909e-07,5.915978270860492655e-07,1.678301535546075679e-07,5.446475560454947469e-07,7.556849145877683771e-07,4.479417197589896047e-07,4.338705906616081470e-07,1.639169450265739908e-06,1.053630832897120963e-06,1.453880557684219505e-06,2.343961275411813283e-07,2.214515445666403754e-07,2.278005679463069627e-07,2.078530672630702817e-07,3.830692068411993057e-07,3.471531701549797056e-07,6.284890289738292328e-07,1.960599018277941637e-07,5.617709659410961549e-07,9.942282167235882880e-07,1.563421693655164970e-08
9.971786418214569660e-09,9.029166426942861025e-07,1.337214089893669580e-06,6.495452453388881406e-07,4.311838869969960956e-07,7.745196314653845590e-08,2.518233521963007036e-07,1.750754572933646717e-06,7.385595304866449455e-07,7.275529652831711434e-07,2.074162101607386188e-06,8.909405772300498186e-08,1.548989789149610190e-06,3.290642522986245645e-07,1.567919305258880473e-06,9.730919699812189102e-09,4.898418993556714679e-07,3.414788489494499918e-07,7.199373739276349346e-07,2.003602612444480400e-07,1.080901193761931452e-07,0.000000000000000000e+00,2.631020816458828436e-07,5.186975475170457472e-07,3.545278460165255140e-07,2.714051949340881908e-07,4.268047709832062275e-07,2.634243357279410822e-07,2.147283782238300017e-07,4.356577370828272968e-07,1.590072062236269636e-07,3.231369450304339494e-07,1.476533330919380106e-06,4.109270323760138282e-07,3.359776407098695110e-08,3.325622132982505598e-07,6.319530438292493133e-09,1.471703202342615296e-07,7.829699914793558994e-07,5.885249765293632226e-07,1.107997604556317071e-08,2.096840035537659982e-07,8.154852759066896543e-09,7.299624501746741019e-08,1.118480581320458541e-06,7.014046306966073414e-07,6.181488859864110160e-09,1.302806328195583109e-07,1.093770730167781485e-06,1.542893643254065627e-07,3.741561226781661010e-07,2.417835290629414583e-07,1.469341750566499707e-07,5.180672907779244780e-07,8.423180449855009037e-07,1.969119189179889538e-08,1.079290714420869464e-06,2.489332419449338595e-07,5.687827415998084138e-07,1.622877384724247552e-06,5.304333411229239247e-07,2.499093043596708976e-07,3.719621500597421542e-07,1.365178077479253636e-06,1.067336217834888734e-06,8.670840663301997390e-07,1.201328663260167591e-07,2.511221348484724268e-07,5.770683854558790712e-08,3.231748201784385176e-07,5.623003980355748150e-07,3.254027715807074008e-07,1.475920673278768975e-06,5.430480703537634386e-07,1.145687291055891897e-07,3.052471857831956901e-07,3.642451156603609251e-07,1.270657448158620344e-07,2.385625290033196302e-07,8.409661970569587979e-07,1.162237668013873911e-08,3.007164978415799680e-07,6.726199024494170593e-07,7.671704285777823731e-07,3.564964700053698736e-08,6.166902915010492592e-08,1.517765260143657905e-09,1.502410787565978006e-07,1.457106511665244853e-06,1.432666610327679687e-07,1.266761837602930376e-06,1.029332996807608945e-06,5.912285211741910708e-08,1.343983809060630329e-08,1.458706827967374420e-08,6.635519631316108243e-07,1.832146979793299405e-07,1.473694152184464860e-07,3.658154097657188812e-08,1.413817408415513684e-08,5.962330460521275962e-07,4.769424702614716008e-07,1.862025109306266200e-06,1.413301043332849598e-06,7.859695234363860339e-08,3.714489354907101768e-07,1.561336093772084235e-06,4.304671333597353611e-07,1.489120245163889359e-07,3.752095131858770026e-07,8.691232851787062979e-09,8.614854969187199401e-09,1.770197622756087085e-06,1.121409954102512162e-07,9.828321991335198711e-07,2.435729626556640122e-07,8.634324729376597719e-07,5.901678739092361983e-07,4.072336458486350190e-07,1.564185245656537079e-06,5.176809202605842495e-07,1.201926215307079511e-06,2.188760385801374841e-07,2.130412560464269557e-06,7.899014849631723170e-07,1.174540679892816993e-06
1.463301487999454147e-10,6.227916358765767503e-08,9.532794632900088158e-07,3.325808774406010050e-07,1.256245026900016127e-06,1.969786458376890249e-07,5.724027927151150636e-07,6.291615730573215705e-07,4.839243164054551446e-08,1.171906244240608970e-07,3.518499176936440494e-07,3.118345326145819031e-08,7.696811477327955450e-07,3.362577007609351045e-10,6.235556278172783992e-07,7.802577443119477247e-07,3.738167764068169645e-06,1.159802933949151499e-06,3.208176966164243001e-07,2.563214880424460645e-08,4.251393571328197994e-08,3.035885335991666021e-07,0.000000000000000000e+00,1.273335067585570385e-06,2.941590447547752912e-07,3.358125969326224843e-07,4.322032088267597521e-07,5.782627099287782420e-09,5.160991532012780243e-07,7.377990910710829591e-09,4.008642238544452502e-07,4.549176212421832889e-07,1.908166103463364680e-07,4.465790882315268540e-09,7.072490535328557640e-08,4.972224655201785465e-07,2.638233140585298114e-07,1.977119714897187866e-07,5.805061909110973822e-08,1.113376048339537331e-06,1.620368663423258847e-08,4.097603833786485403e-08,1.029227032846644840e-06,6.112051121002665809e-08,1.871485483250333015e-08,6.308778352649076616e-09,1.816431522237825076e-07,3.448801697309820677e-08,4.446160335434881321e-07,8.334809339180085039e-07,1.049284697278201752e-06,1.492334408501883352e-07,1.068086817346171081e-08,1.168711779297699195e-08,1.894536026580552842e-06,1.738781304039242959e-07,1.008938703923885610e-06,9.364080518961463026e-08,2.587361176271146026e-07,4.674064014144896390e-07,1.896032153933079894e-07,1.886427200808270608e-08,5.992207270364691078e-09,8.044681564348369475e-07,4.632641968656016114e-07,2.095772985852594626e-06,5.581105149096371767e-07,3.203931482655994195e-07,3.184878356651010399e-07,2.879447203497229090e-08,5.571660757674278563e-09,5.184757831189038881e-08,4.955875562196841702e-08,2.569930353844842011e-08,1.440249049502767312e-08,2.952403032896426278e-07,4.757212293467716743e-07,1.581859954186058063e-08,1.414426953178467213e-08,2.754652262760653599e-07,2.856584902208027521e-09,1.075129967683091923e-07,2.168642485880755748e-07,4.573872356838371973e-07,1.423836858152305108e-06,3.152143283177620856e-07,5.087533196648232409e-10,3.646267663534478632e-09,2.763571783019064196e-07,2.021348825852873508e-07,4.087883629991098088e-07,2.443933193231173433e-07,7.369324173224117108e-07,7.339686308233059304e-09,8.520649804773389526e-09,2.008399619967085474e-07,1.603129893829448270e-08,2.104535748844690271e-07,1.307683381058437071e-07,2.057430854988112361e-09,4.900157879819962722e-07,6.809518344445717029e-07,1.561205567004046516e-08,5.561824639579612115e-07,2.912711340010403924e-07,1.966726876186146375e-07,1.593501800438890161e-06,7.435780266727490143e-07,1.841345680225123577e-07,1.287500243204066638e-06,1.957638078611475187e-09,1.963815811349665276e-07,7.839253116639728650e-07,2.391320807251433238e-08,2.613201280493879512e-07,7.702129342335537131e-09,4.052840678790437082e-08,7.986383760167200549e-07,8.100771478192277000e-08,2.573652373703546783e-06,1.042216469492284406e-06,1.858180465611885192e-06,5.227328737392081037e-07,3.249994936408857469e-07,1.566520174757268707e-07,2.472543922836731779e-07
1.881194190747516136e-08,2.470744379477075277e-06,1.207285385688122467e-06,3.997509467838690188e-07,7.191399262579962986e-07,4.640766316981155176e-09,4.278804261725276419e-07,1.528893306131362054e-06,9.990482121156367940e-07,1.579621276106002973e-06,5.324865035240816706e-07,1.959682242827531935e-08,2.551005022499712612e-06,5.129500414681089414e-10,1.311943535100913115e-06,3.232415845294069773e-07,5.600669063874392660e-06,2.300868858786375828e-06,2.082402862572577985e-07,1.567683603599432895e-07,2.920665764041722143e-07,1.264523387499297071e-06,9.680701217920571485e-07,0.000000000000000000e+00,1.486130894890541318e-06,7.417601915026018612e-10,2.965290190940869745e-08,7.173056564925798084e-07,1.837744669035097273e-08,3.151865403945997672e-09,1.926791539332484818e-06,3.928546395577885802e-07,2.353761770615344915e-07,6.677792111922814468e-09,9.384150879131116555e-07,7.395190513423538221e-07,5.545469289460779121e-07,1.726758996431710772e-07,1.158224624200069337e-06,1.752738419735973950e-07,1.313963042625413048e-08,4.420949126541497686e-07,7.814137474089452244e-07,2.458497145890520325e-07,4.939594880094505117e-07,1.825376443217217965e-07,1.771089849277794072e-09,4.570799946523120292e-07,1.945058855255215001e-06,4.298109601611059680e-08,4.639487926774518499e-07,4.782636936073450680e-08,5.614538449349256479e-07,2.949829936376702945e-07,1.796821818831035720e-06,6.700701523850204007e-07,8.755999420461291300e-07,1.689454539604089953e-06,5.322261965339480371e-08,5.969748567082858973e-07,5.402937378822363507e-09,1.525860398184579167e-07,1.592798266151806918e-07,1.269292947953028747e-06,6.142784954363180123e-08,9.221368287284165762e-07,3.973429092322827457e-07,6.849521453645670580e-07,1.385782329175569168e-08,1.467994995254290427e-06,1.244347920389507096e-08,1.029975466057372750e-06,7.719531260770111877e-08,6.564520983684078407e-07,1.748428439413266325e-08,6.119780315510098172e-07,7.096908975234645306e-07,4.337516353593482532e-07,1.945777949048501234e-07,1.267264635626943571e-06,1.813275154306394988e-09,1.192135722262465638e-08,1.790322195744019581e-07,3.937025537211341868e-07,1.338692757808122451e-06,1.435486830546801630e-06,1.173052018335782194e-09,2.633268540488468408e-07,2.488153231982402812e-06,4.326181325726614118e-09,8.020319588243054631e-07,4.234061853677421424e-08,3.244588562812316286e-08,2.176588678907099077e-07,4.546634466832209868e-07,1.644807117497137977e-07,1.921762690681329045e-08,1.787502467673729411e-07,1.935132642095331328e-07,3.125236504572717680e-09,1.814158196596968606e-07,8.964904491112929197e-07,2.542192090729485407e-07,7.218522376416950980e-08,3.835660235495215307e-07,1.270742430725103331e-06,3.552747545443790930e-07,6.521778147369546286e-07,6.434322160672307290e-07,9.560531743742430986e-07,1.912417899615412023e-07,1.839346474343881636e-08,1.741413232649962578e-06,2.385835005281810000e-07,6.119204257144973539e-08,2.096984658567273936e-07,5.808936421987564252e-07,1.459002410229013127e-06,1.667608124684308137e-06,6.107966220039213045e-07,6.596565450669487754e-07,3.737299851744276922e-07,8.534246264633359428e-07,1.094380773286153016e-06,3.539382788755995092e-07,5.420574310220064681e-07
1.140860427740173565e-09,1.793578527555765264e-07,1.277662557865942619e-06,6.387150185544442866e-08,1.936652724941908739e-06,3.500932750650309564e-07,2.393248605238659409e-06,1.461112846229642371e-06,9.051903702764524295e-07,2.888834128034908140e-07,2.471606184078286983e-07,1.884624276430804078e-07,6.852206024410835175e-07,5.105064556769165325e-08,1.132814356215734861e-07,1.683077068971866875e-07,3.979825583571414191e-07,6.666741660977984221e-07,7.107188134205074780e-07,1.149051463407047555e-06,6.191082871270503062e-07,1.520732280149393211e-06,7.586656624080465718e-07,6.510359238944086307e-07,0.000000000000000000e+00,5.072921532267158425e-09,7.236567698514047377e-07,1.228691520840786166e-07,1.119225657719281551e-06,5.636033255107879545e-07,1.471137933998078664e-06,1.935525707574799217e-06,1.250337291871532295e-06,1.116436751244745330e-06,1.661652367883424887e-06,1.987719079699506815e-06,7.500715329355790099e-07,9.613615934818320802e-07,9.744288635418543111e-07,9.236220955537342740e-07,4.876449233351628990e-07,5.970799143057711145e-07,3.300298540649702305e-07,1.212766417301284219e-06,2.370115869140387076e-06,1.356632834441416982e-06,2.103708446187855083e-07,1.615732781929256400e-06,1.652273053224721674e-06,1.313803007247839538e-06,1.043602484592391933e-06,1.416636446544899137e-07,4.696183807840617044e-07,5.808323489753004578e-07,7.751671244393396532e-07,2.042446912202904675e-06,1.192865872596494705e-06,4.079199162865206757e-07,1.008158657207153681e-07,4.965675069929285603e-06,1.446421428507520592e-06,5.842711210347734753e-07,1.438047772878735598e-06,7.746159478435026188e-07,4.542546258329755651e-07,2.692591168241786402e-06,1.471552976435344985e-06,2.664410425655017646e-07,6.576427097819489320e-08,5.046873397628348385e-07,1.204344888843971075e-07,1.787377188471757566e-07,6.146100457110344227e-07,4.587645733836475114e-08,1.847941108065357656e-06,1.751143286392375682e-06,1.066730300732716851e-06,1.933302605421324571e-06,1.385162104565811080e-06,3.854394292661267231e-07,1.229451467035579687e-06,1.554635437373194903e-06,1.140728426875482593e-06,5.506837529226062955e-07,1.065954975849001326e-06,5.979926382400583590e-07,1.686812698081868747e-07,6.900351420250654620e-07,8.491980317062249546e-07,8.185426889548676854e-07,1.678142069829638601e-06,3.768498536058881058e-07,1.169508856566270881e-06,1.095406550221605596e-06,8.173991547287354809e-07,1.329070938307539389e-06,6.591581486259114887e-07,4.161738834422623755e-07,7.854297946229714576e-07,6.062027760789713434e-07,1.327752946675367963e-06,2.421068012945338322e-06,1.309377746664266602e-06,1.383300096996850507e-06,6.016370706746789927e-07,1.017764062624859058e-06,4.477126950782904734e-07,1.185974569174845734e-06,1.105545492826866260e-06,4.096283740916424379e-06,2.628073102287419273e-07,7.304249877779234597e-07,5.193854446934832649e-06,1.216698986224109734e-06,4.538906668884533121e-07,1.405078562489317438e-07,3.292798139320232846e-07,2.452063123333024610e-07,6.146266532015626340e-07,5.308759517576093260e-07,4.385963615886301989e-07,7.326930431369849795e-07,7.224638157693482673e-07,8.590532329119526534e-07,1.537793568690161897e-06,1.025138302408761968e-06
5.157124795253840933e-07,3.650217161366523018e-07,1.464639182296863682e-08,3.641350511740068139e-10,3.809821395575842574e-07,6.286336842433763965e-07,3.968490486963683557e-09,1.588477880580342830e-08,3.967355099552470894e-08,7.810143075447654458e-10,2.665313832658786348e-10,3.912013064050407611e-07,3.026833691721597110e-07,2.630628610524041515e-08,4.373320972954279620e-09,9.596052494118616533e-10,3.034601583873859619e-08,2.764528569968234409e-09,2.893265353540616129e-07,2.460497292134283535e-08,3.525546254019488565e-07,4.049065332112059323e-08,3.707784472649361532e-09,3.516100206675487598e-07,3.834350000441087960e-09,0.000000000000000000e+00,8.977145089567736929e-08,4.584356979766494385e-08,2.083745587539784912e-09,2.926173766399925183e-09,4.622749730452278105e-07,2.395494612775059413e-07,5.072374968573485615e-10,4.049047387803736985e-09,1.939494897824762523e-09,5.002374137340234862e-09,4.665938062906621435e-10,2.748405341457881042e-07,6.591277659165679918e-09,1.441069216668905506e-06,7.840831550742845186e-09,4.732271685065994012e-07,3.376463335372575881e-07,1.380117616340497273e-07,1.462752499430824579e-08,2.893475422675893391e-09,1.250640100672223717e-08,4.717619839023941974e-09,3.362531209732754775e-07,2.722759718638252130e-07,3.444504244996480002e-07,2.638132628067787462e-10,1.059503642856688091e-08,2.177244121847341294e-10,5.907858724460027161e-09,2.484791034432027775e-07,3.049845675180214932e-07,1.154141313668203307e-09,3.101835305330298754e-07,7.104998344526184572e-07,2.689238186179472566e-07,1.507203483512457572e-09,1.085537825261503313e-08,2.417769039321481917e-07,2.629588874189439481e-10,2.626326801308413354e-07,1.240735102488807056e-09,1.687771741590807606e-08,2.867600141920055470e-10,3.452461511607505365e-10,2.280581504200794203e-09,1.047691944937680386e-08,3.792584070918390322e-07,1.133247324148150510e-08,2.467735033969460365e-07,9.056424711559753654e-07,2.771176024494381890e-07,2.725077914121664078e-08,2.839076345832149002e-07,7.429898370783528792e-07,1.789535008809983340e-09,1.917112580701222559e-07,4.451857992088261618e-09,1.646701672539096884e-08,5.756280626495830088e-10,3.691310994269611318e-07,2.610550553405704430e-09,3.512560807469028048e-07,4.870334781309748132e-09,8.387819829749781546e-09,2.217211965531707483e-07,1.292117017474049703e-06,2.662386569838055034e-07,3.260407638668485303e-07,3.693787478666163677e-09,3.824637368040250591e-07,1.236382283325485976e-08,2.467503444594106559e-09,4.444806602009027476e-08,7.180293846599316479e-07,3.278204187784242455e-07,2.947818916277792370e-07,1.730864188536531845e-08,1.059173135623319705e-07,2.168226771444521270e-07,2.660982408027062328e-07,3.461771085086191823e-07,3.643464905128524410e-09,2.289402904824013079e-07,2.463810335555190427e-07,3.081143227019678402e-07,8.566739572496909280e-09,1.112282296174427028e-06,5.035374768765694433e-09,6.589726862481436818e-07,3.297770347074086382e-10,2.909776069681627617e-09,3.325160868017346580e-09,3.921587980423794196e-10,1.515138932653271928e-08,3.376487587586287046e-07,3.179841805238556408e-07,2.415701632050468516e-09,3.174604715175801704e-07,3.894804494845860785e-09,3.125979289535868147e-07
8.190190373972806192e-07,3.606603325101523152e-07,4.141425286008095088e-07,4.203740315813846936e-09,1.448559033973382240e-06,5.037915097522817851e-07,6.516013055419988142e-07,1.310742846602331478e-06,2.956148953544177983e-06,7.359636588513561921e-08,5.672522266230885289e-07,9.389940453443601082e-07,1.699598171989631402e-06,2.850143419409337557e-07,7.715751271840451547e-07,1.026154840724440064e-06,2.714233662348007743e-07,9.199553600985877168e-08,3.414834712098800496e-07,1.521780505373186296e-06,1.020982945638058395e-06,7.062926638891244020e-08,5.279563755627156215e-08,5.294491593329398387e-07,9.374816524572240025e-07,2.570397732162358130e-07,0.000000000000000000e+00,4.381159102953984306e-09,8.231647191690390161e-07,1.915662376482821412e-08,2.253362666724153228e-06,1.424115289150522976e-06,6.054612874562144136e-07,2.008811262327286197e-07,1.666796568349274368e-06,2.489065451778444616e-06,7.057933901468470690e-07,1.274856184689758354e-06,3.076989262253371426e-06,8.325398518867417505e-07,1.464097275319355829e-06,2.459059813101763923e-06,4.679171479727081232e-07,1.122534956575349894e-07,2.445442898697116893e-06,4.063256313478004564e-07,9.164169169467493511e-07,3.751255491938783229e-07,2.425865849477203096e-08,6.007114256263421836e-07,9.303961840580600266e-07,5.769836925548337596e-07,2.153644665407992201e-06,2.384371977751188503e-07,1.338343886831824808e-06,1.421463686742398810e-06,1.565708840058310896e-07,2.630753582514472293e-08,2.155030961129120048e-07,8.064094572621454955e-07,5.071992075596000168e-07,1.408459421174348886e-07,1.555079019681481166e-06,5.652258673389019344e-07,1.012290893161575668e-07,1.017014681915236000e-06,1.262859818232821559e-06,2.641429853778051860e-07,9.671198976121609456e-08,8.838728146366495275e-07,1.168225613861687452e-08,8.723128992672590001e-07,6.657057346479986079e-07,2.626311209700127770e-08,3.578985115403738211e-07,1.575488976689005000e-06,9.457826173264307812e-07,1.787395592414895930e-06,2.060891798390194341e-06,2.733465601688565585e-07,3.155726294468130763e-07,1.275999136015608468e-06,9.181282037855685005e-07,6.942521395923456941e-07,1.982996688566781203e-07,1.684006982127636219e-08,4.593702060481058924e-09,1.042959425131318160e-06,4.968762194748164770e-07,6.245406433538715809e-07,2.884763512847554812e-07,3.354530569046735104e-07,1.222839342510748538e-06,7.935825319025456461e-07,5.826594446741015351e-07,7.201404587095023340e-07,2.444033804414121856e-07,1.090993514032800496e-06,7.718140305500771006e-07,5.276745352338759603e-07,1.918078205851910514e-06,1.349033489359690378e-06,2.009601760126811130e-07,7.233518302819539712e-07,3.620096230720807627e-07,1.510197004522113327e-06,2.691990080281823776e-07,1.589082252334491937e-07,1.024638802026257641e-06,1.647847572735254147e-06,1.045226493675392765e-06,4.197391821843785014e-07,2.175182004681979568e-06,7.332771073038869399e-07,5.388517544999002580e-07,3.078057266559976582e-08,4.791369788362508371e-07,4.909994709146787181e-07,2.519636985112785187e-07,2.215920943394384084e-07,1.800207395449609613e-07,1.572262620269642880e-06,1.868727552663899229e-07,8.884756205625923145e-07,7.441879554962185178e-07,1.550247352621902526e-07
8.070593755934530635e-11,6.219830771041102685e-09,2.727988428492335280e-07,3.262824828021922252e-07,2.109801292751130376e-07,1.727011682567263819e-08,2.443682347566388716e-07,2.895080690530912174e-07,4.037103574893021920e-08,6.498729136835413616e-08,3.497520013685262189e-07,1.255058601936986917e-06,1.293671198896620586e-08,4.131846817905212760e-07,6.889822234949147699e-07,1.061608338423313997e-09,3.273364502158353818e-07,1.922855329060051563e-07,1.076271979044139596e-06,5.455489591390441050e-07,3.266653840212270002e-07,1.576114212632865129e-08,1.717135963988550268e-09,4.416138364523063695e-08,3.866804853928918697e-07,3.839958057011634713e-07,2.532018786646739474e-08,0.000000000000000000e+00,2.562651070893222082e-07,5.541412773720865763e-07,6.033567039675437943e-07,2.131505161459844263e-07,1.076135399078494979e-07,6.565871532447746026e-07,1.026327235645957524e-06,5.871422733591444994e-07,2.858048413791287025e-09,1.599090461325121512e-07,2.388929116494641156e-07,2.181586396948908238e-07,4.786407153207128685e-08,1.575064281387857381e-07,5.196748018348999339e-09,8.645402337826946515e-10,7.488489982621727415e-09,3.325177858106140653e-08,1.318766282454165840e-07,8.655069673372125796e-09,1.915865507722653712e-08,4.324945120250166111e-09,2.722640256357984614e-07,6.828807986799433748e-10,1.147648051816801197e-08,9.954491520200727132e-10,2.403904900972084404e-07,3.379951622451092364e-09,2.650432877524584979e-07,3.363910198507931917e-07,6.693840411730003619e-07,3.496344677785718725e-07,3.946800896153403290e-09,4.604495498959549566e-10,8.464930620844396639e-09,2.778915730176739089e-08,3.578568235685607736e-07,2.379796558049061706e-07,2.281168619352000467e-08,4.305994018153369798e-09,4.410585500790047730e-10,1.023031855250919556e-08,6.534964734697863756e-07,9.400806537211858519e-09,7.898462239757104131e-08,1.609046933932006883e-09,2.224520977198049658e-07,5.597856574349198471e-07,4.248409716889075261e-09,2.442548423992744569e-09,3.392813493753874689e-09,2.944094164796947689e-07,2.363821178554155803e-09,1.457252338487627418e-08,3.012286656716826012e-09,1.536773814442362885e-08,2.876554955104831326e-07,6.365797717400713900e-08,3.793422821458252189e-07,1.402139795544362077e-09,4.034148756143387950e-07,1.419195265393198774e-08,2.831974190246159447e-07,3.074285358916174531e-07,2.174534111811636090e-07,2.893057570978045141e-07,2.477675812363435411e-07,4.175068172240720665e-09,2.902883139738732250e-09,6.175935897049874899e-07,2.588550366034416992e-07,7.447199081401871503e-09,3.541590732720874324e-07,2.965929175370123548e-07,4.148674454910645468e-09,5.983000591355074371e-07,7.185482660542130685e-08,2.400590520920759712e-07,2.421265904482394495e-08,1.852605368323232032e-09,2.046053953545091510e-07,4.134470207009794030e-07,2.746838690640189894e-07,2.366730745604755022e-07,1.427253321891249234e-07,1.194078085194606115e-08,6.996731342080531072e-07,8.401021346524545674e-09,1.177710871076800807e-06,6.558295510717895622e-09,2.151136654182241974e-08,1.134006053402772429e-08,5.366828769169345917e-09,2.930672425053882604e-07,9.713740538720940056e-09,6.311445182948971707e-08,1.159944186878178389e-08,2.252564210998207093e-08
1.669761752825412782e-08,9.689080499305683576e-09,4.155629835822671948e-07,3.148968041019879626e-08,1.855669651762445270e-06,6.629587328002634487e-07,1.515964173031401338e-06,1.784172190100348547e-06,1.769344944784413417e-06,2.205425905415926944e-07,3.617040449128656267e-08,4.996040797878780987e-07,4.190655902185151214e-07,2.680880958088867113e-09,1.828194226310597815e-07,1.679335344977169565e-09,4.175887410520172013e-07,2.345417046884998472e-07,1.566513177527934460e-06,1.196415283994537122e-06,3.414663314555618789e-07,3.383775890601678528e-08,2.320233164296476826e-08,5.492471162320986861e-09,7.405169786217462302e-07,1.213566181185447549e-09,5.747915311599754820e-07,4.276189615688844930e-09,0.000000000000000000e+00,4.141565448412568783e-07,1.180651458054727297e-06,1.711658342744462905e-06,6.766889012913332667e-07,5.069763800731170635e-08,1.201251778321038382e-07,1.700438617259215016e-06,1.494648508653996925e-08,4.077373596412009488e-07,1.323616050743433520e-06,5.729538843653357518e-07,1.608348207178993288e-06,2.509475816748752785e-06,1.932228965804265766e-07,2.010406299701779432e-07,2.101951370191326047e-06,1.663523267501892858e-07,8.381962325407659156e-07,9.369044408987365706e-07,1.917159246155004449e-07,3.144059037357629227e-07,1.063015116555099671e-06,2.937283125534721214e-07,1.423111944175294210e-06,2.512248801352539475e-09,1.510688427706181580e-07,5.867418847575742276e-07,4.054523725328059545e-07,1.456402457784796272e-08,1.782518863349779828e-07,1.782578955938360979e-06,1.054048755694621785e-06,2.023224152170352256e-07,9.367028113460527656e-07,3.048846310518495650e-07,2.454723334428193284e-07,4.994233990893313797e-07,6.948871509508254881e-07,4.455946610070173390e-08,2.352510591484629808e-07,2.501352078791931134e-07,2.473236114861438035e-07,2.169608872467623962e-07,2.202596943781066569e-08,2.325385012900303793e-08,8.836778227170145773e-07,1.294565388358976457e-06,7.783307162267189152e-07,1.653761240416910839e-06,1.381853195733699090e-06,1.761584633241364209e-07,1.280286423465828978e-06,4.695087735217090024e-07,6.622969121810537322e-07,4.080257048034187065e-07,4.570688429232190981e-07,3.442657426814096281e-08,2.589959986930512691e-07,1.416526348169664703e-06,1.064481559235486016e-06,1.535318899255725165e-06,1.251480960761622349e-06,1.886657209489613917e-07,1.306480029777234874e-06,6.502771286669826290e-07,5.032086336314021636e-07,1.449131117192758158e-06,3.949189172194666940e-07,1.398602778299845119e-07,3.395760610731356097e-07,2.695538791547843298e-07,9.095876131845193555e-07,1.063598072132437693e-06,1.070177224705941723e-06,1.487225503715046106e-07,4.594196102409098636e-07,6.074528285872248521e-07,3.864565469667839491e-08,1.382631116400455319e-08,6.133261396926229408e-07,9.399281205887417208e-07,1.060966720550848042e-06,7.215550634582222144e-07,1.600636265521135031e-06,1.684079488472584482e-07,1.415903606751714448e-06,1.105412213863396529e-08,1.915903356715224610e-07,1.913220036590278785e-07,1.461139296212303627e-06,8.315718559274403887e-07,6.966571703985718071e-09,1.725870086135409151e-07,4.626603401620153841e-07,1.664426898914879300e-08,1.031142410400690697e-06,1.706969962368920819e-07
3.273499654895781582e-09,1.102765696633918140e-08,3.037155056143684772e-08,7.534245253449046453e-09,4.530305091439506761e-07,2.651126560312745434e-08,7.117921537556966677e-07,3.402077269050748842e-07,4.707849087818226339e-07,2.553616387432522381e-07,5.445936009764374008e-09,2.376071681894518809e-07,3.796585912270872804e-07,2.399022215168803054e-09,5.143514033804607340e-07,5.153067130076391894e-09,2.307779877704838098e-07,2.171270535426739085e-07,4.909326151757754029e-07,5.399616643740249474e-07,8.772932088878950140e-08,6.219154791178210764e-07,1.113050832690829383e-08,2.573916615044198138e-07,1.159155026805427292e-06,2.941138440391456796e-07,3.751686702770604900e-07,5.164382615783413138e-07,8.550675123399886164e-07,0.000000000000000000e+00,4.008334280105407071e-07,1.585958691694597415e-06,5.423267478123839446e-08,8.121791415654604201e-07,1.858913606767298684e-07,7.171489027697209946e-07,2.185119259224294781e-07,3.110046788943129445e-08,1.775509356218836085e-06,6.584307300125581120e-07,4.699104985649565865e-07,9.502780610024835441e-08,4.179717259925354303e-09,5.634763411841659554e-07,6.247629290734972884e-07,1.825721545521945208e-07,1.184321723151307696e-08,4.100380499044709937e-07,3.702706676159735862e-08,1.724771989911278035e-07,2.080324099917793314e-07,1.124302567339928771e-08,4.255664407459445365e-08,2.814526410829598036e-07,1.832382419611075496e-07,6.628778780300913177e-07,1.121484269273011737e-08,1.500594440041705882e-08,9.533097913212835350e-09,7.816942789877387394e-07,4.183130910329496686e-07,3.607838292505253979e-07,2.854885504014563261e-08,2.332344421137289213e-08,3.312258110826940070e-07,2.065869737152732171e-07,8.845268744881539114e-07,1.814226020784125480e-07,1.029923281828334209e-06,2.488574293739947559e-07,2.222471625101021371e-07,2.048051243230817667e-09,4.180589814542117520e-08,1.731129555692318099e-09,1.101696514350117289e-06,3.669720199582782591e-07,5.011948743583499957e-07,1.046687838673717728e-06,1.065152053191829657e-07,2.676273476892600837e-08,4.167447473879792453e-08,1.047366699707398564e-07,1.658977151029952023e-07,3.712204840636802879e-08,5.197375540056258225e-07,4.244160733616160274e-08,2.444585589853583379e-09,1.851959065464655187e-07,8.232164113170545301e-07,1.895227119008782027e-07,3.421573733834368740e-07,2.413666736732719252e-09,1.798533651287531800e-07,4.047333051155653602e-08,9.355535128017737708e-07,1.642189058708114608e-07,4.384375285641926386e-07,1.074258802379043738e-08,5.094370978694755538e-07,8.107656351215754809e-07,4.599154873901947722e-07,4.856789663779521361e-07,2.196162628983264271e-07,4.444991217100174049e-07,6.566590248567483209e-07,1.563702697385489508e-07,3.869040990901360283e-08,1.354732353016819117e-08,6.681034148571516062e-07,1.367723622113558297e-06,1.939596033613796324e-07,1.863782201339735936e-07,4.901226631324763989e-07,4.962489460162555167e-07,8.595973937890173982e-07,8.307736060332837545e-09,6.749429652123472948e-09,2.282953628681559737e-08,2.478723578097660211e-07,1.740760547865648141e-08,1.008194830131615581e-08,5.943220319499374444e-07,3.420467103012574196e-09,2.023481848086354206e-07,1.210053368332741595e-07,4.896262434538148962e-07
9.462282117451877625e-09,1.267741581578547974e-06,1.299497399070829740e-06,7.854913834484134872e-08,4.014467234105958527e-06,1.548389959708956803e-06,1.579708892057947595e-06,1.723433160147502208e-06,4.069049836998144755e-06,1.961355694962107752e-07,6.039487903117650972e-07,2.338832911513140458e-07,2.897641977253501844e-06,1.202627721963170691e-09,4.182136326604570831e-07,1.805924966464869339e-06,2.489589933426470146e-06,2.402938790501550867e-06,6.068158728044139715e-06,2.463006547760240550e-06,1.524685000469411257e-06,1.063506908028983488e-06,9.916533421605746983e-07,7.655681645624910248e-07,1.485017959876646490e-06,5.976066082613443990e-09,2.362007503752101525e-06,2.130763408345290841e-07,5.106259798923850359e-07,1.400648518080591806e-07,0.000000000000000000e+00,2.346701957479663450e-06,4.657203812227273892e-07,8.433949336044567777e-07,3.547116843161818972e-06,1.597383555413446422e-06,2.190628892036295878e-08,1.722103979688213134e-06,3.554919802847322303e-06,8.190862070444539464e-07,1.477084721814202124e-06,1.174203296284698796e-06,4.493450342505744965e-07,3.884614397088776428e-07,2.452844460155766783e-06,1.351336067326386520e-06,5.235494314442912275e-07,2.073528695723200691e-06,5.536833961497878268e-07,1.729481064352880326e-06,4.215179971784542963e-07,9.132114746412817717e-07,9.080379931116646667e-07,9.663081520427530302e-07,8.590037303463272416e-07,1.602230570849867567e-06,1.566005364968394871e-06,1.196497863862818125e-06,1.528799234234822155e-06,1.894270238432011417e-06,8.861500190523928459e-07,5.160080029380646680e-07,7.746786821896191605e-07,7.657224359368603634e-07,4.833168294599287800e-07,8.683849413267148232e-07,1.423861150817334843e-06,1.827909111559787418e-07,7.748967585051939310e-07,5.359677741626491983e-07,5.070926204892753450e-07,6.903777566199726149e-07,2.008568123647600905e-07,2.314439855077847007e-07,3.246186494109811754e-06,2.484967193641528598e-06,1.422669663767641941e-06,1.577699158723885860e-06,1.921710631154482590e-06,7.175692744078987208e-07,2.477902460337744491e-07,6.650432981818962264e-07,1.904927364246044773e-06,2.611977075588278038e-06,1.461781262781142813e-06,8.486854666547684611e-07,5.736113860986308567e-07,9.462441391065897400e-07,4.419048086601572864e-07,6.120952836353203149e-07,9.793738215581452714e-07,3.566807870230973554e-07,1.218515624794164740e-06,1.784788550522820939e-06,9.581587514230111859e-07,1.457675973229268966e-06,8.805037062358147930e-07,7.870185037045058218e-07,9.547107176854122424e-07,1.097957037690565651e-06,2.225029798467407783e-06,1.228687211895800519e-06,8.788834711551667319e-07,1.261360693192187050e-06,2.853274227729414018e-06,1.932395641958971404e-06,2.285166422417340450e-06,9.304602458263350855e-07,2.068314469648589256e-06,2.484015305732669305e-06,1.621760945517547690e-06,6.538138693685659608e-07,3.976412423151916647e-06,2.452129989936053186e-06,1.776731014096747178e-06,1.316548908454671056e-08,1.103819783425255645e-06,2.616534012076455721e-06,8.302375291542742249e-07,1.824411354969236036e-07,2.625828639738353897e-07,2.011075236764336759e-06,1.026364358141646692e-06,1.040570642612588474e-06,1.431073078425400392e-06,1.807153309411641090e-07
6.247794152380048504e-10,6.763388496371382759e-07,7.073367536834928090e-07,2.768513436786266926e-08,3.068476353011181275e-06,1.067947110417745191e-06,9.185171932733971195e-07,1.527168843581587560e-06,4.483639945951802557e-06,1.883650870620902721e-07,5.394052170295430779e-07,7.307090123593916582e-07,6.255168403517361264e-07,2.947387907249432484e-08,3.763594506944297774e-07,5.726354039608925535e-09,1.023287904042835694e-06,8.347812041674007505e-07,2.562230717757054062e-06,5.336208082825233847e-06,1.183036104298757454e-06,1.237388545313615227e-07,4.431271015010370254e-08,4.848617134169962609e-07,1.594267202713070831e-06,2.198335140963739188e-07,1.536819472237073256e-06,5.702090605289576760e-07,1.793266895896148711e-06,4.097028235740717286e-08,2.365390639140897018e-06,0.000000000000000000e+00,1.049826444905875574e-06,2.986736767107883828e-06,1.807563803156109389e-06,2.962264072037056955e-06,7.169662854568183854e-07,1.473454515379819336e-06,2.920051892262447421e-06,1.231150926894650632e-06,3.606863525121942960e-06,3.925997162992207465e-06,6.995872982621768394e-07,1.100439685577983461e-06,1.777546105059107850e-06,8.631022493843909084e-07,1.117613877310938537e-06,1.043886769302963401e-06,3.178846585400854597e-07,1.594824741549945275e-06,9.958141008993653605e-07,6.289462613015647393e-08,9.712015609335199434e-07,6.297861870981794455e-07,6.675061311395965028e-07,1.497544246727891250e-06,9.111992245461785945e-07,4.750915934423971650e-07,8.929090386219377771e-07,6.469975155235273219e-06,2.460976586531558711e-06,6.939244268836827102e-07,2.988041898681709656e-06,1.277974003022629243e-07,1.025232141241906429e-06,1.486317648396625006e-06,1.592395353795300591e-06,5.123272473222335694e-07,1.285686862665047091e-06,4.577536857524347786e-07,8.719831802535830807e-07,4.716923359339586550e-07,4.940906000268030393e-07,5.494159294955603398e-08,4.105889863370371205e-06,5.708056905718608654e-06,2.289706342701739479e-06,2.912916374946470793e-06,1.714940073729073739e-06,7.248162210977180662e-07,7.598959853829727808e-07,7.168946351577655916e-07,1.057601290310132499e-06,4.118298650227095460e-06,1.396567164520714140e-06,7.358629572663234698e-07,2.192639796944173306e-07,1.070239491501553976e-06,5.083139252494139077e-07,3.585578688511604309e-07,2.306439468792264301e-06,1.060140892602599907e-06,3.552710272621619568e-06,5.687703643239329545e-07,5.602190453528239506e-07,3.753106083177791210e-06,3.410823201471662366e-07,1.445863992607345526e-06,2.361203102854492737e-06,4.734581497948567381e-07,2.034491774995976258e-06,2.266707889340290793e-06,1.755860011996858188e-07,1.323441027528569064e-06,7.463045734728700371e-07,2.023692101995043308e-06,3.752103682455194292e-07,6.705473918609174497e-07,1.070765247876382019e-06,3.143171216526320880e-06,2.014545003190970594e-06,1.283200188449978944e-06,4.862382930102049618e-06,6.526406224542937128e-07,3.708443378328201501e-06,1.911642718040116748e-07,1.377180783884148008e-06,1.715717638410339151e-06,5.024790172703737286e-07,7.243324481683130842e-08,3.988850211190340544e-07,8.202116908925657856e-07,6.729385212577138218e-07,1.234069075264756365e-06,1.599269639923942441e-06,4.499114317232136044e-07
3.817973148144500134e-07,3.120943479440787992e-08,4.651005429568307145e-07,1.393540575896173343e-06,1.138389188288149105e-06,8.810543810424866713e-07,3.962409377919918107e-07,1.397561873083494625e-06,3.872145419006247146e-07,5.948808363500788815e-07,2.893587400511281531e-07,6.934018230240060228e-07,4.204546142515400305e-07,7.224142598729908139e-07,1.262145518825853070e-08,6.552091385378120276e-07,6.459126877545727343e-07,2.294228605657971480e-07,1.256017952133623500e-06,4.527445486033372241e-07,2.403515853031713400e-07,2.545061286206972243e-07,4.483514116060275076e-07,4.461430405983819386e-07,5.776278870236997995e-07,6.634300905841920206e-07,7.668311537871856675e-07,2.729319136859338986e-07,3.570913922686570898e-07,1.655002776992493539e-07,1.867976311502394604e-06,3.699092984651428519e-07,0.000000000000000000e+00,4.514786808463740015e-07,9.335976288807100445e-07,1.687580997310254554e-06,9.642130823699095047e-09,4.356637081356453142e-07,1.105959299204286066e-06,1.224446406263393863e-07,2.619867122554295776e-07,1.471753429903400850e-06,8.437839206649192569e-07,1.966631039199186983e-07,5.807303706996981885e-07,1.357211455412337457e-08,2.250936136673429968e-07,6.576579364871081650e-07,5.398636946482847372e-07,5.995425924191163091e-07,3.910487943011340998e-07,2.610205302613888164e-07,4.022320748666200832e-07,2.610143733369121328e-07,9.421787661716044353e-07,4.471733455045348152e-07,4.450950551669555314e-07,3.657917073776844142e-07,1.806060858726046999e-07,2.184407655117635222e-06,3.089786937727146222e-07,4.323895493758628511e-07,3.921842980795955095e-07,6.456586061007341326e-07,3.128423432031411224e-07,1.312506966881037717e-06,8.657276154264781652e-07,2.512479097728812628e-07,5.915614707985114820e-07,2.480152599146848608e-07,2.372808325264433299e-07,2.298831703402132474e-07,1.226995341010756646e-08,2.752493274110163521e-08,5.809878953705202199e-07,1.210652854225734050e-06,4.491978010701122947e-07,7.501774716962741547e-07,1.373189967071241998e-06,2.934805286990181362e-07,4.180677828487815262e-07,1.303680509448030379e-07,1.035758898502689786e-06,1.168627048199472012e-06,1.930175673445391010e-07,5.698374989121673481e-07,1.462463122755935406e-09,6.573420551701751910e-07,5.564348040627440149e-08,4.242840335061308825e-07,2.657725085641350823e-07,5.679062710304121293e-08,9.493674854368389976e-07,4.958988067562000954e-07,4.044098931611374189e-07,6.889056967656963939e-07,6.959618431280547138e-07,1.373133353716700776e-08,4.776962778354678146e-07,1.188494425849750793e-06,4.911296692065299209e-07,2.199749118790370060e-07,8.187276893961650992e-07,4.386976188290580273e-07,8.854561139327665228e-07,1.603110270085410474e-08,1.067641520050245046e-07,1.706025945386672332e-07,3.723949888896423076e-07,1.147322932637306505e-06,1.744967775226011859e-07,1.807201073703562464e-07,2.138409577375449097e-06,7.479938358031123347e-07,4.502103379855081807e-07,1.915423259528185726e-09,2.067444145744364180e-07,2.483567827640621609e-07,2.668998259685875633e-07,5.624644990864135437e-07,4.511774624589210867e-08,4.774440732905622353e-07,1.663050083473531958e-06,6.967956607006643558e-07,1.085062143201149409e-07,4.681735906461160330e-07
2.884308896899244095e-10,1.933362509493248730e-08,1.767447320705790396e-07,2.225831348821928598e-08,1.152878322230409200e-06,3.091863185619288194e-07,1.694369803872962609e-06,8.690683155062911949e-07,1.007883640883457553e-06,7.792553761668970619e-09,2.503574428621784903e-07,1.058732887329189616e-08,3.947599091817024737e-08,2.509074517849147368e-09,4.931914196277185381e-07,1.029492066420949597e-09,3.428296204741939036e-08,5.133681069726143917e-08,8.989353501215458346e-07,1.038736874839507310e-06,2.134230182850908062e-07,5.910228569411586115e-09,5.577643022180178908e-07,2.935116252376518993e-09,1.955787627038902728e-07,1.805058825794880872e-09,1.421548796755617969e-07,2.775828373944551926e-07,1.438982641144537421e-06,4.545514012973609784e-07,4.215473098125159761e-07,6.866375224468457434e-07,1.114561667124503396e-07,0.000000000000000000e+00,1.327776300388085106e-06,2.638415184977788613e-06,2.195253385429082927e-07,4.916666892623260655e-07,1.635151523326981234e-06,6.418784810617825004e-07,1.485949428757540718e-06,9.537865543721303856e-07,5.162714935388823274e-07,1.633597186809425611e-06,7.508000278834722699e-07,1.116125415848728886e-06,3.912408422812724690e-07,1.675594778203090978e-06,9.004516082573230005e-07,1.760205364691067475e-07,7.988791581693065142e-07,1.047543410220596659e-06,1.757668529616271949e-06,3.521680665906206292e-09,1.978282129976110442e-07,1.512811419890109672e-07,7.699403552339464651e-07,2.900633328161267876e-07,1.916914102745545107e-08,1.716270622128035947e-06,7.120747273711308121e-07,6.366615391122655439e-07,4.319563720626694065e-07,2.252750033477211546e-07,2.463814929207426269e-07,7.003484057863428569e-07,4.987264632134006872e-07,4.280442439050031933e-07,2.819536317227957095e-07,2.129546496616891342e-09,2.596467097997445591e-08,2.487425670716590769e-07,1.136204910815048606e-07,1.719437103590017339e-07,1.609161108876826418e-06,1.662476072126073641e-06,8.341076180942426700e-07,2.127338143581294072e-06,1.134694105419368785e-06,3.717932883872985742e-08,2.329914095425677481e-07,1.119193162211940336e-06,7.237954783425064185e-07,7.326261268054076230e-07,1.310178406946028942e-08,2.291161118470491143e-09,3.429918160407070628e-09,8.545600754911380299e-07,5.208843801217475887e-07,4.523357808215891800e-08,1.239920876570737473e-06,2.208048522385218475e-07,4.717714621327809954e-07,2.295247675763404748e-07,1.769595336796183587e-07,9.259370788957268927e-07,1.681368324566056219e-07,7.647375784191867651e-07,2.244003079300326836e-06,7.133565101025227727e-07,4.151119073615166991e-06,1.122644854879933962e-06,2.509942635191159524e-07,6.861824409064468600e-08,1.283205402870537010e-06,1.308517143714309958e-06,1.116323117441449932e-08,2.279196947115185619e-08,1.200624554817174946e-06,8.241257748683991198e-07,1.514592197243509519e-06,1.128536210235566357e-06,1.038945982817002088e-06,4.347007572639566302e-07,1.442506892893440367e-06,8.601557715665542982e-09,2.010326206836878535e-07,2.224579402421244076e-07,7.726196767585639642e-08,1.247855744394573700e-06,9.349408392428639855e-09,1.610160779168449317e-07,1.946700197023059050e-07,3.038824652621810893e-07,3.144224028861602682e-07,1.073454328485832473e-08
3.277789312365156079e-07,5.145624225171677923e-07,1.595491383574667163e-07,2.225803120426891292e-07,2.012114473764784840e-06,1.417316287672461223e-06,4.302362846847452011e-06,2.699992952475963311e-06,2.291732638694251108e-06,1.879419468720289878e-07,2.099234215720575562e-07,9.123150059753222731e-07,1.426450344032356813e-07,3.171858498387948425e-09,1.331136605688579089e-06,5.577830953114546100e-07,1.316954169131976130e-06,1.158729831925330048e-06,3.433718347065412971e-06,2.508010766715264104e-06,1.240550460131564442e-06,4.460747902686724270e-07,7.682922916406187524e-07,1.598204407781755721e-06,1.659506086376803035e-06,9.382222954037571605e-07,1.450056693908713910e-06,2.974574567308710617e-07,2.438961538810913230e-07,1.206133010891867117e-06,1.394232607515570259e-06,2.240439174026276006e-06,7.734742369705070747e-07,1.944419601986881288e-06,0.000000000000000000e+00,3.343851974578254923e-06,1.821288654003797050e-07,1.253512296294491833e-06,4.487331621855972154e-06,2.813928145698205228e-06,3.141839257542116048e-06,6.836399219092035547e-07,3.046288600393252542e-08,2.381309059409658334e-07,3.460963691436872580e-06,1.017044452056319283e-06,2.858190041047184595e-07,1.434526530493027896e-06,4.462015449173751170e-07,1.147131915897514245e-06,9.389438855276909116e-07,3.726894697503649054e-07,1.806637853291499166e-06,8.832022349098828695e-09,1.215023075469356806e-06,2.993916932294118479e-06,1.535868391583345649e-06,3.810953552399360348e-07,7.237013467369722000e-07,3.669654598500333512e-06,1.941993861837454134e-06,3.947759919372778040e-07,4.123363543489783229e-07,4.181141526976902421e-07,1.031663575303536069e-06,1.660664133437654148e-06,8.963606895189315840e-07,1.292224884187729178e-07,2.859169800672632690e-07,8.642618019972285710e-07,3.496470588873105346e-08,4.568985188669841656e-07,6.159762688489861016e-07,2.131834272442862055e-07,6.073461007366653528e-06,1.318231911838031491e-06,1.408206805097512060e-06,1.157129020142372187e-06,2.314076486325094677e-06,1.008245345270199481e-06,5.484801756530308485e-07,9.812866250794738262e-07,2.039257404741828667e-06,2.852309985842748549e-06,1.545389928935252223e-06,1.073250338147310849e-07,4.827923285967191751e-09,4.506181539133041876e-07,4.598900779121072978e-07,1.302155420559995786e-06,3.022781490461033334e-06,4.737621540988286348e-07,2.020373210040040706e-06,2.471388789730998385e-06,2.410726061935756730e-06,3.299514633526194715e-07,8.789985760990709775e-07,1.989486279857001318e-06,1.569887142519413037e-06,8.341745826875361231e-07,1.701791495207493549e-06,2.155663461646142013e-06,5.671690820640944746e-07,9.318072655078599735e-08,3.969035424226241224e-07,1.592536588599382910e-06,2.775356008406181643e-07,2.073877795362768734e-06,2.481377655104484074e-06,1.008567921361587102e-06,1.458899038122335300e-06,3.595877060748647912e-07,3.555274086724947432e-06,1.509041826687156086e-06,2.017567572538677445e-06,1.865461508530991290e-07,2.812965597296302856e-07,7.976853383763142599e-07,6.124542409533089899e-07,4.414583101020200307e-07,1.650369536166878287e-07,1.603153830371958189e-06,3.986977856775083576e-07,9.654047487937899058e-07,1.945559770174670501e-06,5.034238850326775269e-07
4.744648457389718371e-10,2.318457562663114321e-07,9.537318236011265770e-07,2.147213633841499034e-07,3.655352647922883946e-06,1.153657548141966343e-06,6.682678187418066402e-07,2.147165921190109665e-06,3.238123247340480682e-06,9.352241996705025637e-08,5.394215877955945572e-09,5.845442477565764649e-07,5.678149070509745084e-07,1.096238331683014489e-09,7.267368912988861166e-07,9.702647905878874711e-07,6.039395702208902533e-08,2.433268644985050436e-07,5.096754443091868636e-07,4.545466458177655016e-06,1.443674127568785269e-06,4.221475673609029712e-07,1.862915898074245248e-07,6.748834884220986916e-08,8.494673197068309006e-07,2.409141181885390127e-07,7.486442546170116594e-07,3.272667709748201239e-07,1.138901988563170209e-06,6.587823405723894410e-07,1.880584878023017097e-06,2.333758961609930317e-06,5.271297142552269129e-07,2.115472863392829568e-06,2.677340793760561719e-06,0.000000000000000000e+00,5.562253058102015599e-08,9.857538159210801615e-07,2.644466391625106080e-06,1.356560784076537160e-06,4.123786141509151326e-06,1.738521020820397970e-06,1.805801967093961708e-07,1.443818737065896879e-07,1.097193717217911114e-06,6.315219334023422948e-07,1.177286876861407969e-07,1.587153669566927506e-07,5.647760894244871267e-07,1.439749600815645655e-07,4.129162306110910763e-07,6.545212636603144762e-08,2.651055128687658807e-06,9.391303622948385723e-07,9.544704667773559568e-07,1.960049042012817829e-06,6.538113881190870175e-07,5.040688404721754599e-07,7.017280734804141869e-07,3.157406094452464162e-06,3.791315399327132677e-06,1.553308819406764579e-07,1.799126916688985361e-06,1.019090567203581928e-06,4.499900520505028553e-07,1.480757759264253371e-06,7.953096510123770543e-07,3.112097132792972393e-08,1.476008174294931420e-08,4.255104820150273617e-08,4.190642825952341562e-07,1.891002736250189714e-07,1.562364070977027268e-07,2.528560124165668214e-07,2.430929111872389436e-06,3.392809002002312173e-06,2.442178492422049417e-06,3.227064300103473201e-06,2.554358666457977840e-06,2.139925763600275740e-06,5.229353808412277201e-07,1.458698511219438183e-06,8.889379849426487896e-07,6.601820303108287768e-07,4.160901058569330412e-07,8.161711484387342319e-07,2.367605043789527855e-07,9.722843730172457523e-07,8.534614678417703794e-07,2.273199982490864316e-06,1.240204002009989178e-06,6.659123633870024788e-07,4.786935033096174864e-06,8.030820903781706970e-07,1.194924215864999203e-06,8.727679799376928162e-07,3.539451003851937147e-07,5.047018637504662095e-07,1.984839977861552892e-06,8.754085696275400015e-07,1.852150999015590537e-06,1.206220339361901149e-06,1.906862220085195920e-07,9.998326550422641080e-07,1.233068969759145320e-06,1.438817692063428058e-06,7.202926621160423173e-07,9.443151434075672519e-07,1.887838148043833585e-06,2.473582247955302813e-06,3.931534482215382486e-07,1.701967443826491685e-07,3.155447338218987538e-06,8.186613977669994893e-07,3.713881328521667429e-06,1.743548220985532939e-08,7.531204218762124929e-07,2.060280611134746017e-07,5.687295104277719214e-07,7.241032876867784870e-07,4.574855390006262946e-07,7.241421724088217907e-07,1.686553245227224890e-07,1.288751367052156614e-06,6.756049316553222150e-07,4.066727600112943184e-07
1.611486562575221143e-10,3.762987778549439291e-07,2.162794260205434713e-07,3.732594532612963991e-07,6.762299993525427995e-07,1.288913092475770517e-08,1.933807307050625255e-07,4.127873541336639855e-07,4.866334779538951770e-07,8.008404859616257340e-08,4.492773895020832613e-09,1.685764266141284241e-07,5.661806682584729966e-07,1.059881239799164872e-07,3.512936596609069674e-09,3.217379980546529065e-07,6.658132461099563381e-07,2.500567075447301306e-09,9.260224251294311194e-07,1.117251014580629069e-06,3.252315106967271290e-08,7.244487755569137952e-07,1.667766488473644270e-08,5.834964807357065137e-08,9.014454065218711602e-08,5.381709441293138076e-10,1.657439688785660729e-06,3.273603045540045780e-07,8.673422605550181555e-07,2.231032444705418579e-07,4.611817966085748500e-08,1.779475773995230430e-06,3.795934116870823806e-07,2.276801738550528969e-07,4.525321891183092104e-07,2.198658524247315001e-07,0.000000000000000000e+00,2.064315354753485497e-07,1.485564272681718329e-07,3.311687346266367018e-07,5.000046092712182232e-07,7.826811746482813397e-08,2.270364029090620762e-09,3.185726808979035827e-07,1.543880187137831711e-06,1.073739920923994856e-08,2.609279815124803733e-07,4.661226605023381388e-07,2.459621714160785192e-07,8.073930874091963297e-07,3.525521789661612788e-07,8.540827195401278157e-07,2.151075246250179468e-06,3.098706894681797460e-07,9.907493851161078752e-09,1.468570944557803870e-06,2.648669284266196472e-08,1.104273259278065917e-09,1.024292162055372691e-08,1.794524513891047761e-06,2.048639324594149662e-07,2.817407260405842735e-08,4.974139622677971202e-07,2.518866905697326423e-08,8.116934396387694373e-10,4.551667893139030691e-07,8.791166005085385188e-07,1.593488284383896024e-08,2.867583540527658840e-07,1.281699827151595596e-09,7.086953223837461766e-09,1.758215236136232128e-08,2.901565097540727103e-07,3.289625043129518003e-08,1.089631758540763748e-06,1.313301549149260117e-06,2.032885320357885030e-07,5.066325778592028605e-07,8.352023791392867481e-07,2.434095052933117186e-07,1.010531978314816655e-08,2.550626461844010764e-08,2.534556046426072458e-07,1.843998722031356820e-08,5.814859347041095529e-07,2.611579928742671335e-07,5.025990428934396553e-09,1.688143479220055608e-06,3.001917462881888493e-07,2.138878191220827473e-07,4.005882790009808837e-07,3.278923935156086023e-09,2.742233672825045009e-08,2.590855347190207769e-07,1.956834317245211402e-07,4.997304714107318381e-07,4.133981209147173307e-07,1.533914705912635050e-08,2.997881676461036241e-08,3.731007742500763639e-09,5.061083273935314442e-07,9.696349086608432972e-08,9.056361655400579967e-09,2.074694293879297716e-07,2.645439608442394096e-07,5.517229920962732559e-07,2.465799848805608373e-08,2.140718497885752274e-07,4.353356203547404416e-07,1.037366603531012039e-06,2.259531726964145812e-07,3.641181790388325093e-08,1.094536699054582058e-06,7.066834663262402441e-07,2.355170400383230165e-07,1.010994830931943295e-09,6.515040030499023797e-09,2.003441882371199625e-08,4.248526129828835007e-08,2.261448954626680444e-08,2.691193591267989458e-09,2.515815918726440814e-07,2.604677005468613225e-08,5.804183487323341461e-07,3.901765559467391154e-07,9.221723656195139629e-09
3.913705486313459591e-10,5.110702191069754405e-09,4.283593186948084938e-07,2.573478481823315583e-07,1.081393811332156166e-06,1.110599208881989909e-07,3.731219404812688128e-07,6.995219110186546335e-07,9.767787941234036560e-07,1.828591257699880611e-07,3.115117180096015419e-07,3.457436377160156204e-08,1.031893908074767121e-06,9.018054623551259458e-10,1.308160526167316289e-08,3.327550124206665333e-09,2.787537874723325217e-07,1.984512490518070609e-07,2.109134720384302246e-06,4.527665258800915227e-06,1.118253397550642340e-06,4.439700831503982249e-07,2.227154327975693448e-07,1.894030726727226873e-07,9.334488256035046321e-07,2.150286275399469172e-09,1.951923797735133682e-06,1.035095783935039565e-06,4.714343871059428699e-07,4.100694100121890646e-07,3.536418081074997123e-06,2.373904118659608860e-06,3.099578936673022810e-07,2.064001474526017737e-06,2.331935202703529546e-06,1.014078618608899271e-06,1.845706806730881367e-07,0.000000000000000000e+00,8.046461945857540474e-07,5.755573958634130559e-07,1.301496774368813284e-06,6.620594104068830934e-07,7.922654285288761208e-07,2.952860491631512051e-07,2.041140323413611355e-06,6.939108972158598574e-07,3.557010986122857612e-07,1.523378320387957627e-06,1.953176592336000231e-07,6.150745501672298760e-07,2.738186618674374543e-07,7.359988346343761459e-07,7.182189356297258338e-07,5.930684164450073679e-07,4.356375606832623480e-07,5.556195627865019025e-07,1.276944967569644655e-06,8.951686737942590808e-07,4.424710018096119803e-07,2.530631713693452020e-06,1.240762773996971545e-06,2.498740372211457970e-08,3.714960851277807409e-07,1.872480714991735124e-07,3.074383552759485050e-08,1.650871027372292135e-06,1.372658231605537924e-06,2.469007867573212655e-07,2.212386202710488868e-07,2.013011145187342799e-07,5.131553508148981490e-07,8.428054027883516804e-07,2.106935846868010418e-07,3.090552719910573878e-07,2.875552186635299307e-06,2.165629171891925807e-06,2.216009120863512912e-06,5.361619394719303862e-07,1.139043430287180819e-06,9.952397682342358068e-07,2.491277439953923296e-07,6.563551719510132179e-07,1.551185699574569260e-07,1.110935441630608776e-06,4.731148339501270624e-07,5.471952037912887486e-07,2.553380251511933077e-07,1.095984669196292627e-06,8.594255608045754748e-07,5.736160215215999933e-08,1.015698758332899212e-06,1.917565206688558018e-07,1.166274192272301121e-06,9.052630497447690087e-07,3.793785425254143832e-07,1.920814506565630596e-06,1.415467763889987993e-06,8.050682107870379349e-07,4.525978633937758697e-07,1.484347817172489203e-06,1.157343104230082308e-06,1.802497995163770359e-06,8.728082789559515296e-07,7.054458861418712021e-07,2.460859856040132614e-07,8.402499516906660636e-07,3.842632126624784235e-08,2.656350326829297696e-08,1.668999262942126900e-06,1.377649183378016781e-06,7.237370292460624526e-07,7.751147688018253115e-07,3.145568288830201720e-06,2.378624980922834680e-07,4.914138619446262381e-07,2.173516557738160204e-08,4.700032586314232115e-07,4.987655338087141371e-07,5.769666902444176249e-07,3.360002715308364164e-07,1.908204579289899502e-07,7.297862792767702130e-07,3.649334671054148810e-08,4.203435190507055866e-07,1.005925442985966406e-06,1.819038084926600416e-07
1.052303331199215518e-08,2.413236144834449813e-07,1.121531145501839263e-06,2.440549500470404260e-07,1.209732682263246625e-06,5.031794166112258394e-07,2.351551767143046621e-06,2.812568390511951241e-06,1.011762624595008185e-06,5.275868623596945796e-07,1.453752573010702335e-07,1.714701855906928262e-06,1.745397984810362500e-06,1.765922318756328177e-06,1.475024687263395209e-06,4.854325831311485193e-07,7.761923716999313183e-07,3.042124520156451714e-07,3.097151622372670592e-06,3.508404579624956509e-06,3.076109148813438894e-07,3.598393960522541549e-07,7.085857598007134690e-07,2.000059939852870666e-07,1.776898063433000434e-06,4.945710881985781298e-07,1.556275577284125403e-06,2.122794068288642840e-07,2.269169791353496514e-06,1.454922064013698459e-06,3.802504503268583922e-06,4.940073298842507942e-06,6.542066770446619256e-07,5.947864859826199485e-07,1.876344461307106156e-06,1.331576294785860512e-06,3.531822202649475083e-07,2.195343718480266361e-06,0.000000000000000000e+00,4.471760101456735634e-07,8.943905613084407220e-07,1.642845127905107725e-06,5.107722251146254598e-07,4.344195884286918277e-07,3.046303300398814519e-06,7.714130892708094355e-07,2.034967545436177980e-07,2.550492693551770859e-06,1.404548470237884143e-07,1.172958074991774352e-06,1.169827418055550265e-06,1.273902119586057387e-06,7.605491165204838926e-07,1.153432211945672792e-06,5.761435623032744557e-07,2.470673965156612809e-06,9.003134446450432692e-07,9.085089049773647108e-07,1.107838438111738572e-06,4.422380583273176360e-06,1.751556170407337005e-06,5.757656464667442262e-07,1.880912917849328637e-06,9.570857540703411157e-07,9.170278808955175226e-07,1.295731735625259992e-06,1.248245590946948915e-06,5.988708273925288824e-07,2.153340746019346911e-07,1.185430580301984485e-06,3.743289400711022721e-08,4.172294045644497790e-07,9.882227199952186687e-07,5.741147827132137914e-07,2.878703900668440525e-06,1.689991025302530595e-06,2.309454735946784094e-06,3.704367134325336094e-06,3.750140232544367042e-06,1.668325308980249509e-07,4.787468192635612604e-07,3.954709948445361450e-07,1.407184333062556639e-06,1.739961567033157625e-06,3.433702645511723211e-07,1.921503097576154304e-07,1.201652193398062688e-06,1.035672256162767797e-06,5.184063872989213857e-07,5.596968087449357026e-07,2.246817124652321772e-06,4.420014950548124127e-08,3.206110985686353372e-06,4.140906077017436647e-07,1.520295081640062907e-06,2.220235154633737959e-06,3.009588022108885043e-07,7.197006927469007767e-07,1.880704964596454615e-07,2.682749075814861250e-07,1.531195405022966459e-06,1.277334659124879420e-06,3.334391598843145928e-07,1.130574054650668826e-06,8.322672422388616251e-07,2.006220396919148732e-06,4.253058622699390895e-07,1.111680910953099768e-06,1.399047610254753189e-06,1.657924888941240490e-06,2.018103444622837724e-06,5.465144309752750233e-07,5.339680368664348089e-06,6.639045617550123835e-07,2.284485336051467482e-06,1.779307098935592463e-08,1.473912561191736462e-07,4.569350234459602121e-07,5.136921158053773875e-07,7.247129234224217871e-07,5.874038859339180830e-07,1.836984755484538017e-06,1.528054243514662897e-06,1.217338290654749227e-06,1.770409135380144490e-07,8.971756997440417939e-07
3.500814404949354739e-09,2.350265611575997176e-07,7.617144942526817926e-07,2.335425247002891571e-07,2.108068381788129171e-06,1.456934188676599445e-06,1.155995590330167003e-06,5.700369308900445079e-07,7.274938027124875728e-07,2.765141469322847327e-07,8.542696515907492493e-08,4.821631712661188387e-07,8.085069238724299465e-07,1.530916795312997541e-07,1.769173379599326719e-07,8.289785848346281175e-09,5.513324196764911098e-07,3.218193978851467189e-07,7.099992943506944686e-07,2.510553255822725318e-06,5.904800980432340594e-07,4.405901154772110008e-07,2.884719191276281861e-07,2.343120216593813582e-07,1.318173179984550594e-06,2.403457709773493779e-09,2.267525731164955592e-06,1.738871561642929894e-08,1.379135330895961065e-06,9.615192669421503343e-07,9.237586215947244723e-07,1.286807222898077324e-06,4.176665446477784692e-07,1.300595754385217392e-06,1.824396978578533351e-06,1.711412446178409996e-06,3.413122526682164506e-07,4.419338568880474462e-07,4.290464231595821075e-07,0.000000000000000000e+00,1.035608649429273561e-06,2.373453444346876840e-06,8.449815004586120943e-07,9.204560317748572701e-08,2.446686893810667711e-06,1.254147151777847540e-06,4.846502375610740964e-08,2.150555926111657365e-06,2.221124320844411407e-07,2.173800263067964704e-06,2.223850444115557126e-06,2.861048103797396195e-07,1.267639018229025240e-06,1.037462799745335818e-08,6.617137556779179256e-07,1.242941105909307573e-06,1.989737948742447032e-06,8.607833212984886260e-07,4.075407091467978899e-07,1.706652472423277471e-06,1.512030899276033267e-06,3.823353485124164796e-07,1.488325940735683773e-06,8.625275233367167685e-07,3.788959807042011831e-07,3.769428275561060583e-07,1.825090330723920492e-06,2.533683233490481987e-07,2.567058561767633118e-07,7.877173326330144546e-08,2.095708521754110043e-08,3.398218820324047071e-07,5.526743306166482133e-07,3.108997761580417294e-07,3.760796979609835141e-06,2.719659408778153616e-06,2.650769528233979399e-06,1.912509086924651696e-06,3.124787904692631849e-06,4.630804402325591387e-07,8.865125647193998509e-07,7.513306136268059612e-07,6.111789031828303562e-07,1.017490083182010358e-06,1.555418733728517736e-07,4.867936582175982260e-07,2.398621831631650249e-07,2.004519749724817946e-06,2.704461395740729932e-07,8.015852968735219994e-07,9.925655745586723184e-07,1.861884552772609445e-07,1.468875469625493898e-06,4.428013028571809108e-07,1.212649105183915396e-06,8.835569171462275248e-07,6.093056506001830794e-08,1.035930380067410258e-06,4.065909731951292056e-07,6.761120152348227729e-07,5.285171058429130890e-07,9.655513642058310030e-07,4.164365926283238134e-07,6.164699216330063481e-07,8.556619751068796144e-07,1.214662496386182809e-07,8.600333434044191192e-07,3.717946456266725988e-07,2.474474574147097936e-06,7.498857891075123281e-07,6.797982974359522960e-07,9.668798380530510839e-07,2.467341677347314384e-06,1.605249642397977136e-06,3.304949423913931327e-06,2.750547016630753551e-08,2.126075270646482331e-08,1.779544620162397540e-07,4.839615225028097848e-07,7.986939301554172869e-07,1.076881211498358271e-08,4.415404956298900864e-07,2.027280759177746985e-07,2.088216150722691903e-07,1.497783661423420972e-06,6.993111257322851138e-07
4.821392941395299322e-10,1.152278037424566330e-08,3.822373744858147578e-07,1.824003966258580856e-07,2.448436869623017665e-06,4.981756899176458062e-07,2.092647365217008847e-06,3.649794726434073374e-06,6.342276191998429457e-07,2.686136787095127235e-07,8.360939162575636961e-08,1.764928852690200039e-08,6.674525372365145242e-07,1.114581234171785735e-09,1.523387221921357351e-07,3.271698956182066512e-09,3.405268232517112943e-08,1.955542603344112501e-07,5.298069778609810355e-07,2.816569378615584948e-06,1.960477819637345090e-06,1.906397498419854394e-08,1.096598946829668210e-08,1.349817011815225070e-07,2.685941905732465975e-07,2.395837409856477116e-07,1.692365157614859748e-06,1.068506069787754608e-08,1.490572635207351246e-06,3.073936148832941719e-08,1.873807760450703421e-06,3.326760901918165085e-06,7.919130611247101844e-07,1.577657981125791263e-06,1.423334853743745011e-06,1.275579311415449682e-06,1.816756080227757887e-07,2.641190012183310628e-06,2.630914405122296029e-06,1.058688985276020386e-06,0.000000000000000000e+00,8.552908745743179033e-07,2.475735115822129835e-08,3.020293912515796112e-07,2.667476261267083514e-06,6.151562507251356547e-07,2.825068280208002584e-07,1.166466528043139276e-06,2.729788483754901720e-08,8.240338140746501973e-07,1.334239510948027899e-06,7.148417780135349297e-08,2.650761960343873106e-06,3.011011976792157248e-09,9.232492647061407582e-07,3.313054104636909532e-06,1.404745449877564393e-07,4.995704553905977314e-07,2.024364275291712879e-08,4.201833815460062240e-06,1.887518546269938253e-06,3.514744177118091054e-07,3.542288339747522988e-07,2.502430417035477723e-08,1.275048213171179537e-07,8.527531655910673752e-07,1.649456201218315421e-06,5.461407976109038931e-09,8.056371054172181352e-08,1.848300197162769319e-07,3.708916102547610869e-09,3.598032406060079284e-08,5.569897393330967317e-07,5.471647343759952164e-08,4.453214839877305192e-06,3.093966439343319245e-06,2.305963591134894431e-06,3.388772390120021251e-06,6.955108088318076356e-06,1.695986626017480879e-07,1.300504933009105054e-06,8.206307222128393773e-08,1.212899436467945450e-07,6.770699292560664453e-07,1.498774010313145282e-07,1.636218853895387403e-08,2.360157409511309378e-07,2.293490210151554522e-06,6.385904806935374451e-07,1.607084520647913501e-06,1.512596423816030668e-06,1.885859083577736433e-07,1.156981919068623910e-06,5.497109705231905349e-07,1.500323421634010301e-06,1.160810733943951981e-06,1.142759901199240898e-07,1.301905535179744619e-07,1.464218181216769162e-06,4.337980328376679379e-06,2.580443822055365711e-06,7.075184655083593855e-07,3.719622446837377311e-08,3.577758399675790353e-07,4.782210719274130096e-07,1.749029642883500955e-06,1.835536016002752948e-07,6.358816962339501940e-07,1.810525503687777988e-06,9.284972950351211796e-07,2.825095192033626137e-07,7.469730454583187867e-07,1.728495028049033483e-06,4.009118281656105269e-07,1.268850151044551129e-06,3.034753989648864601e-09,1.797365118911659012e-08,1.820054968153492234e-07,4.109150054100903021e-09,2.062152358775661319e-08,2.658525683677509210e-08,1.465988101817880674e-07,1.126693555401896888e-08,1.626960157332851753e-07,1.471879217909942019e-06,1.865327761061724117e-08
6.861768132097840584e-10,5.695666597721609401e-07,1.469397886874122566e-06,8.073506041300478872e-07,4.186327904343204674e-06,6.502687522868702446e-07,2.566375004549411051e-06,2.154353501808831191e-06,2.394026664574802090e-06,1.165654886872448331e-06,1.045902665970223958e-07,1.034361490435134706e-07,1.145100814392213780e-06,1.584781829660663697e-09,2.767740565229364748e-08,2.082402196721387929e-07,8.563667566955866025e-07,5.906272142088981713e-07,2.078356414072210352e-06,2.718760807122219592e-06,7.410881765818029780e-07,4.318741395826532066e-07,8.138302263070151401e-07,4.825124341787896754e-08,1.991524422805730120e-06,2.124503796725510670e-07,3.482667095272063899e-06,1.357614682072156661e-08,1.857898496884015124e-06,5.704741897498897569e-07,3.387482385709654492e-06,2.038626978629413753e-06,5.194556956890334249e-07,1.774818161724566018e-06,1.512268062215519155e-06,9.478044114535617547e-07,1.024268593260421104e-06,1.171615720323420464e-06,1.848851338079620539e-06,2.787744737178255521e-06,1.312158902945583860e-06,0.000000000000000000e+00,7.300042924993301613e-07,1.078978164256461408e-06,1.378600376459857268e-06,1.106600791519762637e-06,9.971103538662539476e-07,1.086301716603593730e-06,4.149478450883032488e-07,1.264999585208987633e-06,8.327135817746873503e-07,6.254501937635478390e-09,9.818800851028663733e-07,1.433184831856050871e-08,1.109600149787335277e-06,2.701378184925953697e-06,1.097432453435519386e-07,1.978274693503622837e-07,1.424582555541684789e-06,2.721409402915033086e-06,1.588393114394132389e-06,4.015686779177762725e-07,1.143564251881042345e-06,2.367524061617175603e-07,5.390972639508350095e-07,7.699681371944541713e-07,2.784731923144305684e-06,1.959903448157202308e-07,4.866560315515287683e-07,2.436415160567063512e-08,1.687221474163171676e-07,9.548047316213801500e-08,2.028324734772364095e-07,1.746261271650539805e-07,2.634963507007605133e-06,1.068575259624748802e-06,1.661343616823153090e-06,1.772771424290727849e-06,1.978076926061136834e-06,1.603312801275859068e-06,4.100570198920770938e-07,1.179280237773173655e-06,5.137107056890381435e-07,4.658849310162974767e-07,1.398603511037604631e-06,5.021146709742517247e-08,2.121807412599791337e-07,2.705779145011834792e-06,4.349599040113483300e-07,1.162747104608957062e-06,4.024816526533401749e-07,7.709232521501353871e-07,1.535523111739712851e-06,2.102499095334256975e-06,1.968717291426168146e-06,7.614220571926400634e-07,8.143164216337547522e-07,5.478170505981980506e-07,1.763690729540932905e-06,1.466527689775067147e-06,1.212366380181141219e-06,2.878795907016445938e-06,1.723014012225087534e-07,1.141454861791458108e-06,2.394063265221491833e-07,9.659366916093111851e-07,7.734576458089603772e-07,1.178979630272651165e-07,1.740042944271046938e-06,1.692657363422977900e-06,3.345111235437493524e-07,1.236515226260700969e-06,6.281601127188207001e-06,1.178387868586404775e-06,1.281003823270258667e-06,2.151313781275223361e-07,9.819852186662981771e-07,3.089733647159311665e-07,3.457662037303861301e-07,7.029829275067651901e-07,6.759087912792558345e-07,1.707429538333226310e-06,6.502895767652495129e-07,6.299713223820371116e-07,3.945919669234906141e-07,1.384125806975012929e-07
1.656470536180429255e-10,2.201958587077945773e-08,2.317405805418574539e-07,3.034371814535748662e-09,1.663555847666333580e-06,2.422527668562140799e-08,1.997082921507239587e-07,2.275407977521727705e-06,4.114042064518200815e-07,2.616615064463784558e-09,7.677879836829856847e-09,1.742478112981767342e-09,4.346973679715672509e-07,3.857801061650406084e-10,4.667846235800624025e-09,3.193832953408050099e-07,1.403858067600332221e-07,4.332428640785019217e-08,3.614887203858755523e-07,7.584685238432170412e-07,1.943789623628179446e-08,4.156863536933077872e-07,2.903918382772171996e-07,3.398019514908177364e-07,5.057100385187246434e-07,9.722865681428397130e-10,4.940378419247742652e-07,3.555026853685674140e-09,5.325713554462889036e-07,2.630045841837344029e-09,1.209880266744685576e-06,1.680998041361771231e-06,3.160525041837516800e-07,4.628247453299704907e-07,7.162098588780319113e-07,1.193818601098642638e-06,5.464719854397817064e-09,2.141500542905317244e-07,9.705014338335855301e-07,4.350045720520233664e-07,5.068569248688869127e-07,8.659551862823953986e-07,0.000000000000000000e+00,2.638811934237588749e-07,4.705579531743987226e-07,5.115681776627899128e-07,2.966236664010229074e-07,1.993359426319428869e-07,7.610360481739249824e-07,1.917392889502686939e-07,2.162769484621403240e-07,1.675367604420097667e-08,4.980305258057482623e-07,1.695259245652471013e-09,2.289768228965211275e-07,2.026288804568257620e-08,1.288136842258689816e-06,3.270434287622140224e-07,1.133556767981300050e-08,2.707245374055836994e-06,8.024789369800940692e-07,2.585438914600047643e-07,9.771717262240668121e-09,5.472497220595092303e-07,2.256069208389215521e-08,6.618235917498306586e-08,3.280472329683115949e-07,1.183533292222864428e-08,2.478765034271742932e-08,2.726735255794645709e-08,2.683703398926669457e-09,1.828726209316781379e-07,8.998372354379677887e-10,5.899969477040810582e-09,1.989641852561937343e-07,9.199041446943405108e-07,6.129746688275236689e-07,2.008860414527159818e-07,5.996775623809981502e-07,6.234698820469665533e-07,2.226850326545923776e-07,2.635371533729203751e-07,7.687747535098235765e-07,7.238760225480608266e-07,5.900660278307783617e-07,4.509090137858831758e-07,3.203275720571365452e-07,5.121236619040263018e-07,9.026743335023301536e-08,1.599361066749920433e-08,4.013580547683183579e-07,2.631680388845855409e-07,9.739006047150171181e-07,2.747808546223174923e-07,8.333391080069900499e-07,1.912818142008116252e-07,3.925491903763781681e-07,5.069699390503332221e-07,1.577352094568308814e-08,1.255146713153012320e-07,7.998240560949888891e-07,2.281754075934750216e-07,2.213655671959733438e-07,8.435799243748235964e-07,2.997366839307310727e-07,1.786150555935664402e-07,2.717080561461133735e-07,5.210541928010446003e-07,1.194401473927545862e-06,1.602139920297976185e-07,2.188615304131678026e-07,2.143792189199227662e-07,7.512813993882163563e-07,2.134585843958486773e-07,1.266410424842790343e-06,6.734410148065260279e-09,1.009132660780268009e-06,7.846391429937856155e-07,2.780901100939690404e-07,2.591094106449966098e-07,6.010336122527115412e-07,2.911690138791881169e-07,2.439786349953575348e-07,2.309500637678731903e-06,8.692808260908950967e-07,5.661031120127029858e-07
3.072190763296215056e-10,1.040919169191415962e-08,6.754479785345568820e-07,5.778091787694773200e-08,3.965559971943302525e-07,4.942707074210612579e-07,3.792572146714046639e-07,8.311006120150723894e-07,1.028695228934339010e-06,3.565628514096895377e-07,7.400382751780685773e-08,2.540515944991864667e-07,1.096883524862704947e-06,7.092101163442843729e-10,1.871177308740348439e-07,1.097497450931688677e-09,3.883565955282712100e-07,2.542241049853987114e-07,4.564453597721614160e-07,9.518102504296276621e-07,4.850175203686685905e-07,1.390820449402090349e-07,2.072006680096537705e-08,2.566621087120327239e-07,8.024585765175609765e-07,2.279963601031566978e-09,2.945818348741404008e-07,1.129341358616690982e-09,1.883938069751442159e-07,1.727987257124085674e-07,1.126612135049459700e-07,1.657908474487172453e-07,1.515987155143884283e-06,2.287309996993376270e-08,5.304128448062061209e-08,9.684178421685496494e-07,1.821703652053107973e-08,6.912180335193266234e-07,1.905104827971202385e-07,3.412353568314146050e-07,1.134494086695323882e-06,2.603619181384196738e-06,5.138108512232870266e-07,0.000000000000000000e+00,5.852670354799075765e-07,1.675540735095633937e-07,2.467307817776049857e-08,4.054820310922314034e-08,2.206105965822876177e-07,5.657474677049255582e-07,8.855323785108706236e-07,2.578116087295627257e-07,4.329920551850528279e-07,7.375223954421335084e-09,1.587836124935790649e-07,1.313153011704717747e-07,1.007239252340958447e-06,2.288422458353410014e-07,1.728812135547335005e-07,8.999294631636370211e-07,1.576070283068436263e-07,3.633645702613417987e-07,6.878303507007159314e-07,1.748375057446989509e-07,1.752168954907347215e-07,1.088448123037097505e-06,9.751519038544808167e-07,2.546320336915711280e-07,2.450610335145166084e-09,2.922389307281435001e-08,1.246088956159387951e-08,2.464535124910357143e-08,1.665010475552531801e-09,2.564917239726894834e-07,2.861605728185611257e-07,2.994633043441226764e-07,6.422509541469985878e-07,1.686717910116575709e-06,1.096698431035406129e-06,1.527859460292659860e-08,5.709061634310002738e-08,5.269467605352411681e-07,3.909483933679941363e-07,7.257683705675568977e-07,1.012634675105224124e-08,5.266372074310086282e-07,2.722599086474351534e-07,4.593105402285454255e-07,1.251835607456147906e-07,7.354793453154028014e-07,1.992668742074317299e-06,2.010285243466589276e-08,6.533088157389450392e-07,4.994788510831750198e-07,5.681088652724494000e-07,4.047122180901159159e-07,6.044448348530057906e-07,1.678992845347652893e-07,5.766561346036648522e-07,5.821518602708801627e-07,1.316595132080944315e-07,3.344807991737328115e-07,1.943224037795073391e-07,1.817612276060336360e-07,5.885478083803571295e-07,9.607912920515886915e-07,9.769405143001594360e-08,1.587305129716359510e-08,6.185507859638066882e-07,5.565652988154968553e-07,4.471515795952155454e-07,1.820719230082002080e-07,1.047785538912202816e-06,1.037012062174842114e-06,2.904770761671585892e-07,5.595498512060452046e-07,2.027087264759820691e-07,4.732169283920703739e-08,1.521865900890678899e-08,5.462537578976363178e-07,3.316753916230397159e-09,8.065858641296050440e-07,5.072972361185494893e-07,5.646133207902994589e-08,8.070374708847871511e-07,1.867441319541062695e-07
1.935894273566550158e-08,4.359984054104676905e-07,1.290714780369366898e-07,7.256645029656265331e-08,2.794558784636968658e-06,2.390361871738993772e-06,1.606673842127018930e-06,2.914801969222566665e-06,1.393271449166249642e-06,2.995974737483402296e-08,2.442426115508886466e-07,1.403594251332647625e-06,5.985705088829112865e-07,5.959305779686514650e-07,3.461137866932860807e-07,7.414367499888615931e-09,1.687958808468263635e-07,1.242189783319866046e-07,3.022956381683237699e-06,4.014451028076791241e-06,4.953112181891737749e-07,2.258552984519345370e-07,1.773728713977840277e-07,1.655122559329241844e-07,5.092032885434055555e-06,2.019162062273559506e-07,1.396830955447490542e-06,2.043245638272427913e-07,2.013278738010275794e-06,2.073140517085734997e-06,2.140121116502337125e-06,4.598118772250164386e-06,5.738652411567867891e-07,2.401203898604037763e-06,2.779475997331665375e-06,3.161590390147738654e-06,4.156645446386392547e-07,1.991737793520791968e-06,1.782980942014112228e-06,1.143317473602561122e-06,2.088564682179569078e-06,1.009827777954140389e-06,9.390418948038202493e-07,1.712967292123813019e-06,0.000000000000000000e+00,1.094252933787274025e-06,1.276073285543977392e-07,1.577984143417335191e-06,1.696098846205603480e-06,2.895156950480128072e-07,1.303738985060201143e-06,4.910067635409929665e-07,2.681394415807981796e-06,4.963065279677955760e-07,5.390284531747225978e-07,2.972893977763448597e-06,5.450823344699480181e-07,7.499623404083576990e-08,6.141377717204685230e-07,5.383119836037062487e-06,1.094013828202468830e-06,7.313298724168463376e-07,8.281978591423257090e-07,1.190304248034340213e-06,2.782463102047227300e-07,1.247179292504240567e-06,2.499954895126310146e-06,3.090481319857158264e-07,6.041749736919334622e-08,4.907256885742858264e-07,1.699044435797375105e-06,4.017887702523851513e-07,2.827450620154904805e-07,2.205566924251987095e-07,6.700203054485870053e-06,3.922254991706592779e-06,1.921335249162654462e-06,3.328409455767090261e-06,4.464086090722878567e-06,9.078178648353997103e-07,1.068356621152669950e-06,1.702564621751736130e-06,7.378698741471323181e-07,1.604963809146651254e-06,1.315251599111581349e-07,7.029220006229510687e-08,5.093105261401949656e-07,1.554241581774133736e-06,4.080621482603635009e-07,5.980195449620167080e-07,1.521539598068170299e-06,7.517974379869396711e-07,4.692598446623921345e-06,1.617165524549574283e-06,1.605259321694696865e-06,2.042905603085940868e-06,6.224508438375195555e-07,5.991031185135305516e-07,3.143018905377185136e-06,5.091168593502124260e-07,2.833831947123645879e-06,1.251714302403039470e-06,4.076154692837204832e-07,8.130572572073547823e-07,2.163712027731059669e-07,2.362680681233696350e-06,1.832272378109093905e-07,1.372825148804169024e-06,3.596409275248299521e-06,3.154465481747763725e-06,3.354826202913504406e-07,1.544232196204675853e-06,4.498414337795684766e-06,1.542332567348392184e-06,2.989043616915045799e-06,7.420657601649234015e-07,3.782302583010972921e-07,5.864860524125408903e-08,1.443761864166621854e-07,6.894770465882691284e-07,2.459175393490057191e-08,1.204387777024771568e-06,3.465640198104858264e-08,7.064552567759284067e-08,1.739691276797040592e-06,4.157004156033299415e-07
2.815505957878684281e-10,7.468022325550310049e-08,7.657902676019100754e-07,3.249833167892047247e-08,6.405911777373120336e-07,8.903518189945005420e-07,6.925506652205686710e-07,2.064309940213277319e-06,7.214094903382088230e-07,1.281756785165474446e-07,2.545746420502589513e-07,3.181599069341654279e-08,3.734705496567008999e-08,5.325938266049355142e-08,4.971005590690324181e-09,2.163914861847775868e-09,1.079069883812867568e-07,2.114588141481680338e-07,3.082123779487147776e-07,1.197987292505883089e-06,7.144120280687584296e-07,1.010383289830929943e-07,1.133363868938493157e-08,4.064290799535622045e-08,2.222585357533348527e-06,9.409260572418111239e-10,8.449369889513014064e-07,3.805683964291114876e-08,1.091648678123711524e-06,1.359933619465439113e-08,1.074224571806369335e-06,1.533169734946324371e-06,2.810753905168690658e-07,4.334643521217262074e-08,1.106056229202826087e-06,1.062590701364166400e-06,5.893817194918095303e-09,1.432857258197948675e-06,2.019316013742778275e-06,6.337689738402326195e-07,1.077916368759054772e-06,6.123011559749172450e-07,2.047397465483435577e-07,7.243994962599408057e-08,4.876541079510264360e-07,0.000000000000000000e+00,1.149881757403221132e-06,6.868953500429590857e-08,2.045880571190117028e-07,6.660878410170377575e-07,2.232968748842218863e-07,3.553135385161685037e-08,3.140264489972091500e-06,2.731780314998396671e-07,1.774787339949729771e-07,1.571722678115353838e-06,4.415612089333344138e-07,2.734927605765775446e-09,4.526566978918397865e-07,1.711997327092881420e-06,5.362561289354119899e-07,8.162178118515045793e-08,4.555153464415143065e-08,1.721920023787222767e-06,9.656045326073135369e-08,5.778844824076472483e-07,5.804593622457612755e-07,3.329115285775441875e-09,2.434471314344843805e-07,9.411752269774159956e-08,2.271665509098767244e-07,3.967424192559883563e-08,5.574144595332182336e-09,2.142037573194220624e-08,7.071091721324892914e-07,1.368420884312417354e-06,1.829003351817796929e-06,9.889494524692253315e-07,1.722678177353892876e-06,2.415736317955133871e-07,4.993843678590247382e-08,2.092859269654205801e-07,6.942091339784203028e-07,4.157997778192791610e-07,1.962326014316962074e-07,2.464762546793950531e-07,3.810340183992907804e-09,1.287918550365145463e-06,3.238110820431791125e-08,2.020347704907546190e-07,5.628143240077687848e-07,6.525256818604868250e-09,2.955803352755653889e-07,3.829622838597582467e-07,1.671681626426800652e-07,8.840148836091272443e-07,4.235559119651687970e-07,7.299722917754636033e-07,5.016919417679457865e-07,2.158072633961277915e-07,5.244353675731324346e-07,2.361065180461980072e-07,2.854064450297400359e-08,4.294092026860828656e-07,2.277840301943067638e-07,1.619939181751519956e-08,4.076808808518783175e-07,1.726871493130437641e-07,1.474429053217561743e-06,4.491303980199442511e-07,1.154188279559864259e-06,7.784324933077737163e-07,1.183913479123289337e-06,3.956135613984592608e-07,9.257645360368925095e-07,1.074613759137538738e-07,8.825753940493392721e-07,5.385865129757576102e-07,2.412018741406649461e-07,2.292884449967385867e-07,2.073236388338527651e-07,2.482311285376533251e-07,2.002774601351001554e-07,4.892870368651675032e-07,1.132069637168793608e-07,1.786113868194320620e-08
9.850854202556935887e-09,2.019920601400407239e-08,1.973099205448095657e-07,1.794810899339818681e-09,6.008390416451081154e-07,4.733787212950251096e-07,1.759488885704812165e-07,1.332016945745877435e-07,1.630103797918477451e-07,1.376274319454296518e-08,5.242663803332706284e-09,1.565451675018332518e-09,2.564005416050070436e-07,2.664927280512086693e-08,6.165999222026723037e-09,1.494120213591567876e-09,3.491317927559662570e-08,5.988716899226386590e-09,2.537444522582153444e-07,7.252622344129291720e-07,6.862382645125886436e-07,4.544257557583023816e-09,2.494304528680031298e-07,1.062633095818623340e-08,4.581830458700248875e-07,6.709461454672394166e-10,2.483976363497652901e-07,2.296869519972260418e-07,2.693587657145283652e-08,1.772185332963869598e-07,5.241094094335689808e-07,4.676328761321397498e-07,4.910511830838457894e-08,1.268658038032878705e-06,1.526358304491213100e-06,1.552419295625479738e-07,5.728006959046234854e-07,8.958321280938882408e-07,4.451969132154210337e-07,5.525986945450323883e-07,1.112443634674819530e-06,1.029085412938896257e-06,3.975024005420863028e-09,1.983264974938220825e-08,3.119813430629577021e-07,4.311988364224971318e-08,0.000000000000000000e+00,2.566259830166529877e-08,1.009690403524417920e-08,1.066702132425520601e-08,2.123394881998340806e-07,1.009967562462684049e-09,1.841682762538945596e-07,1.840939906105105383e-09,2.585528361827959964e-08,6.954699669602690256e-07,1.935960582364310167e-07,2.560700067757182238e-09,3.765939883513753922e-07,1.372465686568204341e-06,1.760640800925379854e-07,6.673847612128375124e-07,4.459865901440004221e-07,2.158664757294340209e-08,2.798613758576485771e-07,1.764005495404487873e-07,4.261399361425817532e-07,9.926941585424065698e-10,5.275114388778105662e-09,1.335207625032565534e-09,2.961903126903671437e-09,1.263029843436150659e-08,2.932297145816581146e-07,1.259086646802231017e-09,9.680129628428497643e-07,3.324270961979930716e-07,1.074015091407122374e-06,1.031179560466941568e-07,5.821612138142108698e-07,9.754472254630345328e-09,4.271725259216062644e-08,8.571997556272951150e-07,1.078976848466152207e-08,1.844704608743024694e-07,1.663788108195280167e-08,2.252200398782228943e-08,2.725983624357657907e-09,2.305866879758914887e-07,1.161410624243461829e-08,2.983892496122707673e-07,4.484747356857599410e-08,6.425052018140168103e-09,3.186290947943444514e-08,6.948269318576963044e-09,9.328909931447447883e-09,5.625150597032835255e-09,1.668022247772070507e-08,8.159815711874067604e-09,8.961946339220981033e-09,3.146734050592039649e-07,4.368045446524629277e-07,2.211876165478858896e-07,9.170346321836585416e-09,3.634644329408004839e-07,4.607277537679140931e-09,9.336584834230228785e-09,1.012013117560740601e-08,6.031829408795869772e-09,2.136677485898135889e-08,3.790387347821552774e-08,8.616496724384945682e-09,2.578692936242363311e-07,4.525760783611103226e-07,2.021152837710865185e-07,2.431525413371820676e-07,1.259168638442650358e-09,2.367434261865574197e-07,2.357549081453181300e-07,2.973507746560449651e-07,1.974590436427246252e-09,7.634003554789757282e-09,2.113348274280663514e-07,1.217631769724675878e-08,1.697417226698414860e-08,6.395405557058745058e-07,2.149889583233762153e-07
1.007234519219183190e-08,3.348169173895482866e-09,1.599358415768858599e-07,6.536504870830427393e-07,2.054338656409114378e-06,5.845061567418622294e-07,1.187984866991291178e-06,1.970630495910893309e-06,7.771101739297040980e-07,5.245855646668376625e-07,2.255665479229511557e-07,2.992188805035752904e-07,4.030505016734336673e-07,2.817227344566551426e-09,4.403821645047287667e-07,1.505535417707927213e-09,2.089480679922012166e-08,5.886615194104913663e-07,1.218423566323293410e-06,1.381923321106443301e-06,5.126338741412811012e-07,5.671777290081914782e-08,2.058170868352137575e-07,4.346562662570222580e-07,1.384308985117024070e-06,2.501136147929931335e-07,1.732817759054325833e-06,5.981733504843363423e-07,7.214979917776439158e-07,2.692301726483781228e-07,1.788205765334750319e-06,5.904451160946622463e-07,1.098121711434613666e-06,4.263863643508290700e-07,6.432251392551778527e-07,1.199128552983409599e-06,4.217928068753357275e-08,6.634986884206824974e-07,2.698888896097347446e-06,2.352427491519334117e-06,4.951415901583423499e-07,1.026865033482247585e-06,2.901950605126089523e-07,9.630439395205651888e-08,1.944570569181921343e-06,1.581489545018272512e-07,2.597576127141793874e-07,0.000000000000000000e+00,2.409649812003253878e-08,3.360101630274338733e-07,8.323502180871528168e-07,7.443858722584176405e-09,3.874649240654584659e-07,5.846487414851803463e-09,2.971023943449353567e-07,1.536065530248819635e-06,3.951690024646049735e-07,6.935380677117329643e-08,6.943274228386066797e-07,9.542501841909814094e-07,1.540098693485576146e-06,1.415300227509408053e-06,9.158466720452003084e-07,5.062642545575336637e-07,1.263649414663883627e-07,1.729131673933927840e-07,2.109419193379511560e-06,2.593677281263701055e-07,9.199924053041015143e-08,1.227043643680715845e-08,1.241843581900797922e-08,2.220788575109908998e-08,1.847000325774433075e-08,3.607898891284219584e-07,9.665501402502179408e-07,4.722760601395336887e-07,2.286253270516991778e-06,1.644061956215051416e-06,2.898147780366211242e-06,1.203724061364691672e-06,1.368767387541219740e-07,1.191096453946413486e-06,8.104425569454382743e-07,6.332864780471233121e-07,4.481457314129069874e-07,4.845336355530072863e-07,6.048438067042562239e-07,7.506383599860141992e-07,3.534177604694920703e-07,4.222483948529053308e-07,1.235142667215426863e-06,3.340176133926780746e-08,7.531230722819856159e-07,5.388283521880815142e-07,6.320046426426851357e-07,6.134622250574435642e-07,1.446159336349527035e-07,1.626083914481903590e-06,7.379641575288741012e-07,1.201346940775997017e-06,1.390882819186837608e-06,4.793775014102295270e-07,4.030103754772208414e-07,3.933305598084975590e-07,2.723677216623763646e-07,1.139383507816721071e-06,5.212281750326241224e-07,6.696250986064147103e-07,1.890659447799390437e-06,1.823257436213027038e-06,9.095705205022589245e-07,3.822351873171993577e-07,3.504635690584389580e-06,2.871906360952981387e-07,8.568124463001945509e-07,4.127659603412861633e-07,4.629290800559597359e-07,1.326306795358053602e-08,3.159180479438829827e-09,3.848084901286189796e-08,1.885417303294019233e-07,3.279778912927107394e-07,1.371302514419844537e-08,5.993113145502245422e-07,4.829740128354407038e-07,1.578728822400820349e-07
1.878124625300637252e-08,7.604579768025889017e-07,5.585848387872857743e-07,6.984231390102034991e-07,1.128096104818266543e-06,1.936823510395264248e-07,4.574116894320356168e-07,9.952274915913099977e-07,7.871469810017893684e-07,9.859682236091870286e-09,6.153668079872134542e-07,2.317002666177816956e-08,5.595407334628044608e-07,4.414168441264115246e-10,2.397884684449187263e-07,7.404920291440145901e-07,1.147886057971028387e-06,6.989215092915526404e-07,8.202402759000839804e-07,9.959533812309416838e-07,8.547429293224910922e-08,1.253323433357026202e-06,6.479723343248138362e-07,6.688398087759781498e-07,1.279341732515167929e-06,6.390800084792506461e-10,5.723070940169101799e-07,1.881242709153887751e-08,1.008238571871424444e-08,8.563023612517744552e-07,1.023399401077120090e-06,7.265873791220990763e-07,3.120197391813419358e-07,2.170627643907872070e-07,4.584193568589488393e-07,6.452949252415824801e-07,1.710079812035351655e-09,1.995900683882319243e-07,6.749929503533522266e-07,7.099554172886441958e-07,4.338104153150757569e-08,3.198707999495920189e-07,1.463665007430314287e-08,1.952102389027597499e-07,3.902006729604528716e-07,1.923914136312899048e-07,1.526505758366819011e-09,2.975026815391004006e-08,0.000000000000000000e+00,4.461695592555651192e-08,3.876218987644550457e-07,1.219635493629933999e-07,1.747900442425900173e-07,1.272978903039773437e-06,2.588437808632720058e-07,2.008953600751221367e-08,8.554066481864236649e-07,7.772487866598417282e-07,2.266500570662844074e-07,1.456842972493684678e-06,1.945451458602092554e-07,4.367583558537816059e-09,1.379845944261322643e-08,1.010799934083870129e-06,6.856272529937411878e-07,4.539741829535621214e-06,1.040709610042625207e-06,7.158937154707234890e-07,6.917088821166700127e-07,6.810776754631465427e-07,2.940313914056280475e-07,1.604950143153980820e-06,1.006677656059692032e-07,1.211065685637004427e-06,6.991513022956585131e-07,8.476146586683852948e-07,7.569412043473074110e-07,4.414855233417538956e-07,5.097585861253401098e-07,3.252413540409448919e-07,2.939445036331052024e-09,4.676736661276659197e-08,2.165377621193290884e-07,1.227749196581399882e-06,1.140071949820249865e-06,6.562487352671427902e-07,3.092507970149373457e-07,1.309971456717918376e-08,2.785145384186823823e-06,1.305828133068073991e-08,1.083780957069761592e-06,1.089468228455471697e-06,8.137484087304301664e-07,4.145233880144701849e-08,1.873543371250506003e-07,7.926492692510141268e-07,7.740826246129070019e-07,4.566166075094441501e-07,2.106829209495650239e-07,2.151537135195714789e-07,2.088702967252552838e-08,6.343764678197862156e-07,5.425789779481849602e-07,4.954130500622780577e-07,1.307481852777194234e-06,1.798004348963227950e-07,2.037020528736006484e-07,8.581943305566387865e-07,3.370675075614599675e-07,2.137326989603880518e-06,5.943750404202393492e-09,7.738071337099789082e-09,2.769916046052564344e-07,5.361765742073577425e-08,2.832208957222348534e-07,1.369620857985378392e-08,9.752802086903896576e-07,2.365583561984656992e-06,1.451030626126901244e-07,6.770185205432480100e-08,2.680238257390108807e-07,1.315513200993671469e-06,2.520642749562029883e-07,4.382982618841689814e-07,3.683682648441184772e-07,2.252821638654004076e-07
3.539435823798049962e-07,2.054957993737374207e-07,1.771293798041608205e-06,9.748440047463968886e-07,4.031981457095222353e-07,4.336017849638228868e-07,3.547972979568086448e-07,2.214033373458571078e-06,4.200634563755024712e-07,1.017361631310807768e-06,2.656008222640833927e-07,2.566761188482844843e-07,1.138723934405161056e-06,2.731017131999967398e-09,1.822951913283599289e-07,6.215693756211486187e-07,7.068179597152655177e-07,3.980220438659421233e-07,7.545120000419073258e-07,3.688853972524690704e-07,2.299401358712019137e-07,2.744500172300958463e-07,5.395777321000168000e-07,3.059962568720353330e-07,1.182606962189227337e-06,2.578693766197275053e-07,1.758333476730116413e-07,2.824681657103797205e-07,1.533375125695396296e-07,2.427409953426271413e-08,1.141849338611233644e-06,9.232839292979466497e-07,6.538979401025208882e-07,1.717597805710650273e-07,7.303637295309206327e-07,1.243778032898648798e-06,1.840323934366895690e-07,1.369071404673985784e-06,5.768005510609848009e-07,1.307324212107896660e-06,4.449818942716674410e-07,4.741211330960368010e-07,3.932963744487904381e-07,2.999775801295337360e-06,1.041547715481161171e-06,6.726086852016928186e-07,1.279222255605173307e-08,1.456123770055648856e-07,6.555528911507212764e-07,0.000000000000000000e+00,1.784704799682970425e-07,2.026298042942408616e-08,1.932627275717938168e-07,6.019666850702012190e-07,2.230134914704395415e-06,3.201459759925629242e-07,6.689571295015392103e-07,9.097369929719585407e-07,1.078016115925305359e-06,2.286813794428010962e-06,3.766742060325646661e-07,2.685367014363708786e-07,9.266191609866844260e-07,8.988364106914488975e-07,8.634175508031016809e-07,1.547907043159398117e-06,7.112076437961992711e-07,1.841555023146124862e-08,7.560678608528626641e-08,1.280445886660002209e-06,1.623630521873204225e-07,2.116851179543632781e-07,3.081435262134668453e-07,6.628683900051095563e-07,1.685920428994457565e-07,2.428371345043427844e-06,1.612419268347138639e-07,6.534743404983989058e-07,1.063595828276531033e-06,3.050212563774983558e-07,2.624319720801947581e-07,5.012184514472289262e-07,9.781696157188785662e-07,1.274371761877684930e-06,7.868998302104083351e-07,4.206880665261579303e-07,2.536155770884796987e-07,6.956997825892868757e-07,3.240057343958709967e-07,1.574633171220011171e-07,1.898770348105332087e-06,6.946572337914549558e-08,4.417969997943180818e-07,1.982226460153561322e-08,1.601349087137720674e-06,9.261536997365373829e-07,1.438465601837747527e-07,3.874972497858452679e-07,7.228215529636785178e-07,8.885527388934162911e-07,6.179774031818585378e-07,9.636213495139588587e-07,4.816097462318687720e-08,3.848671534064651978e-07,1.262054156794280466e-06,6.086788851394938858e-07,6.537795470693695033e-08,2.589242018853665934e-06,5.266840711838239365e-07,9.466844398592841800e-07,4.157365852828626714e-07,1.268728734431529054e-06,1.684245913912438828e-06,1.843317150683466759e-07,5.111603099322556735e-07,2.139296026784401673e-07,1.167974371179343314e-06,2.157300811274599987e-07,9.940641333586636403e-08,5.663709048558773532e-07,5.022968534920933833e-07,2.836757466796827258e-07,4.299406736085384893e-08,8.650119914915734111e-07,7.372219348220731703e-07,7.945639190657820256e-07
2.791690550192164988e-10,2.412682641439698641e-07,2.605347362206180081e-08,1.719701528728597953e-07,1.685801227262506441e-06,4.592338827297689948e-08,4.074514966143215367e-07,9.818260725925147830e-07,9.198118004043528764e-07,1.844513144835831691e-06,3.275692980881182195e-09,5.916637797635984970e-07,4.838227969141106826e-07,6.431783962864188097e-10,2.081578066992945868e-07,1.036954131623903003e-08,3.074550346460791585e-07,2.559886039390940129e-07,9.161815550070414031e-07,9.592348414228658781e-07,9.068584019065852450e-08,3.866093768058580986e-07,1.513766040417160832e-06,9.524855484566054697e-07,8.421310120286445393e-07,1.350256959488443128e-09,7.952243301096348429e-07,1.024373642850617969e-09,7.539417974953558728e-07,1.816538506435499891e-07,1.575262333658442786e-06,1.341315038671087577e-06,5.082965503420385190e-07,2.513100585419295327e-08,7.745318081971338243e-07,1.798900688440850476e-07,5.446375289246937103e-07,4.348316857604755580e-07,2.366935040047756351e-06,6.347816984798354187e-07,1.058469736792228456e-06,7.389452263067175947e-07,2.043087610707511664e-07,3.513006365257982630e-08,1.820572644308750562e-06,6.815713592945335134e-07,6.599642657933023664e-08,1.099492508381754308e-06,2.153292143436486426e-07,2.258992107288698700e-08,0.000000000000000000e+00,1.455016761863596569e-08,1.606215453351665014e-06,3.165299413744214717e-09,2.003966422050184381e-07,3.771558486146829130e-07,1.823519776463586526e-07,6.271220386965331931e-07,1.919643836853912120e-07,1.727946788222296921e-06,1.560183478522772114e-06,1.611857808117770678e-08,1.506327861345485720e-06,4.647678398070140763e-07,3.795707401129497006e-08,2.655902568082548394e-07,6.174768382499087717e-07,2.392569354190331402e-08,2.208121255797255708e-08,4.144992148898469358e-07,1.403308765259806311e-08,2.260809754317595203e-07,1.218425436483738875e-07,2.192597170250613045e-09,1.350891252574346026e-06,5.369476613636064547e-07,1.671570988875227302e-06,1.101752523422933102e-06,1.113794439846820426e-06,3.157248070785121369e-08,3.071901312245333319e-07,5.339324755079541661e-07,7.022461033259872772e-07,2.922307919594877580e-06,5.115338623384160351e-07,4.511606956471670045e-07,2.811725135823547185e-07,1.481098385944655466e-06,8.292944349721358758e-07,7.313501684912864364e-08,8.270530739217499496e-07,8.466817471764393647e-09,7.274952280690152622e-07,2.297556534293677190e-07,1.412660005712436570e-06,4.136944815762367221e-07,4.592531824274013785e-07,1.666181255207088128e-07,7.857934212888442893e-07,7.453881275027177746e-07,2.434918497658244069e-07,1.205985392361702472e-06,4.755079478542960612e-07,4.612843321525325315e-07,8.172561703800265502e-07,2.034098422668591193e-06,9.961175679343556822e-08,7.585744641376364377e-07,2.363476747000319693e-06,1.052782626257439760e-06,1.538895071503537962e-08,7.887406297819252958e-07,1.333314529608585004e-06,2.165031429387573478e-06,1.782760267397872207e-06,5.901436896824709135e-07,5.306851599870272819e-07,1.027647683045619904e-06,4.461424871722633060e-08,5.412795923235037227e-08,3.552513286387284951e-07,3.645495046196207667e-07,2.038691156510668763e-07,2.581233467330177588e-07,7.217899962756753881e-07,2.282756877308548759e-08
9.761413917002972223e-09,1.983331959576256775e-08,5.939307069337993415e-07,1.369481126809040130e-09,4.018527026970214233e-07,6.632259670302072316e-07,5.363311196393437194e-07,4.444909557620868735e-07,7.855914724254706332e-08,1.498091909966283883e-09,5.577401991092148241e-08,2.014949122482551995e-09,6.580683841412019575e-07,2.567776816578621338e-10,9.450413445848553081e-09,3.907405596641960314e-09,2.915405366626333924e-08,2.892765320999690783e-07,6.509912272616847265e-07,3.963968902217623549e-08,3.125686870409584906e-07,2.605925778625291474e-08,7.520327004914262336e-09,3.801870513392048139e-08,1.160291499621367019e-07,3.708757142829794802e-10,2.589995685483399581e-07,4.072153472129027440e-10,2.110929711640052427e-08,2.465259015763969523e-07,2.314782565622712755e-07,9.556358072315694736e-07,1.761853724025022332e-08,2.510999621602982718e-07,2.986066250318860106e-07,2.402334627166019829e-07,6.767680584804126900e-09,2.265954318034552728e-07,7.163334398565660819e-07,1.917121533316147311e-08,2.711360776348992513e-07,1.393651983451905440e-08,5.151998431215794438e-09,2.813297204757618185e-07,1.965234074199520593e-08,2.573539222480424758e-09,2.869740544505626823e-07,7.451017908834380691e-09,5.001311710784207108e-08,1.593229657968524345e-08,1.227841580316349868e-08,0.000000000000000000e+00,2.267624391904054430e-07,3.453640276180307211e-07,4.646223348689247622e-07,1.028208295108553542e-08,8.659180499492370455e-09,3.541939819904697934e-09,2.629541227115983934e-07,9.328280865982947486e-08,1.583075222588871007e-08,1.794799084623608754e-07,2.119675751633030581e-07,2.027802702017867995e-07,5.621451539146122645e-10,1.948453987482521759e-06,2.568996187137510109e-07,3.577764287491178753e-07,5.428596808934322300e-07,3.910054552255840735e-07,7.220961717641178659e-07,8.644385753463855269e-10,8.807918701367632581e-07,3.621485931695166791e-07,4.492655785173664525e-07,1.446020531191528808e-06,2.101267248064396121e-08,4.938841507740571070e-08,2.354448738036933328e-07,6.818607007788088280e-08,1.920343842479186764e-08,1.763901323366026303e-08,3.858829620138237725e-08,5.937206935411256463e-07,5.395496717527272189e-07,2.422717065123668940e-08,3.870934996942636885e-10,2.479427650265453309e-07,1.132386367570237344e-06,1.402766367770060228e-08,2.906321009731807986e-06,3.125996224135902916e-07,1.968080269516348321e-07,1.116134500770830152e-08,2.280238781950557116e-07,2.185832231691925094e-07,2.220612569698116646e-07,5.603643154422701955e-09,2.325170728623533049e-08,1.492482207922987947e-08,1.726165067530845240e-08,2.287254465676014448e-07,2.023688198484073399e-08,5.743091818288195213e-07,1.296745794551313526e-06,4.688469966418247681e-09,2.889787313936395437e-07,5.831363301487695257e-07,3.381277447912077914e-08,1.833124642803817852e-07,2.523289840905076979e-07,2.400550768193494478e-07,7.069118684534618627e-07,2.143775348405010454e-07,5.546338644163801928e-07,6.995315567441762501e-10,6.708116777654734199e-07,4.389156942432694632e-07,8.238886460598207088e-07,4.949924656279477388e-08,2.879010941697789417e-07,6.272279149567862247e-07,3.694502624145353439e-07,4.882974782372359374e-07,6.312242652627141474e-09,6.204664828226924962e-07
3.760220971707008424e-10,3.701812757055612922e-09,4.201479826297736008e-07,2.009365701047633873e-07,1.466965909131855921e-06,1.572712706064790107e-06,1.934445374118406010e-06,2.134918634472992651e-06,1.010108467744708172e-06,5.620266630845287422e-08,1.283095262979311568e-08,5.606192024557897694e-07,1.643618289055326270e-07,8.694003044487517752e-10,1.743158844699573711e-07,2.572187385094814747e-07,2.390971574087252937e-07,2.011460540442178238e-07,1.133742926801253264e-06,3.899027556468775002e-06,3.657870768477993825e-07,1.096812807365683080e-08,5.235123259531102422e-07,1.337128298162869940e-08,1.979513613257846569e-06,1.676009109033714958e-09,2.174733456258625770e-06,1.018566002464917344e-08,4.545908837332065652e-07,1.377777824257230129e-06,1.451853362334302557e-06,3.502823810260790776e-06,2.813100555885169135e-07,1.059743940253025401e-06,2.266229575256627932e-06,1.970092590349556527e-06,4.777435394915064202e-08,2.410991080162260297e-06,9.745903489146514673e-07,1.610943965091541214e-06,3.512855428395178096e-06,2.890425465476031076e-06,1.816091499322667556e-07,2.355147480379461106e-07,4.109661754288383992e-06,1.854615590543896912e-07,2.261116173330964944e-07,1.012991692837985170e-06,1.634450202022286383e-08,3.653740625784451655e-07,4.863306757037394320e-07,2.475012243254924269e-07,0.000000000000000000e+00,5.590684306875674659e-09,1.716125824959149028e-07,3.944209192981248454e-07,7.040207465664502460e-07,4.561266044722231063e-09,1.834541148509920978e-07,2.061009734557188641e-06,5.653137412926789469e-06,2.891122286002980813e-07,1.115773748875184969e-06,7.623990761583141976e-07,4.414597512101856743e-08,6.789407198742763634e-07,8.482739462542970045e-07,2.426926502080982495e-07,5.412741146745913263e-09,3.554763250950270917e-08,2.636106165181572521e-08,4.278747182521038001e-08,2.298643829376332346e-08,2.106075324987309599e-07,2.916336638394608570e-06,1.365868123792847411e-06,2.996533194936993721e-06,6.653646973527524659e-06,4.565527406319661182e-06,1.918300545096047220e-07,6.403302668210310235e-08,1.438449466010006147e-06,9.389263253630546404e-07,9.797993783289107210e-07,2.574469555955436089e-07,7.703663759250463573e-09,3.737767802906241727e-09,1.805241012372879364e-06,7.003096647784212678e-07,5.022970067470295738e-07,1.635614550368191730e-07,4.479464615051068539e-08,4.139160941401942319e-06,8.652629865492377483e-07,9.700306315804217806e-07,8.745932331524506574e-07,6.597255835710248894e-07,9.954385281115779884e-07,1.141139061342631492e-06,1.181146629230245008e-06,3.427795947419415819e-06,9.584306415282536685e-07,4.259212011318439413e-08,7.044953169929614157e-07,9.865642442809211545e-08,9.162187772292341596e-07,6.754140891400198607e-08,4.072373643961725089e-07,4.040219497912554948e-06,1.085280099383304567e-06,4.409039342657838651e-07,3.263561661029943964e-08,2.541327143108308004e-06,2.024686939790239832e-06,2.799069316254965484e-06,2.365149183854217369e-09,2.326485329540181358e-08,1.853517662239771396e-07,3.082237744816494782e-08,1.899306725010612380e-07,4.758981292314141217e-07,2.136076032185133562e-07,1.256517799642717286e-08,1.896450873156457423e-07,1.020264945450395155e-06,1.788481362727179058e-07
7.012152050396397366e-11,3.573076156772371912e-07,2.768391678561067664e-07,3.569900071049515591e-07,2.802064958874447669e-07,2.342179538890786915e-08,6.094791672137613354e-07,5.934043081335762123e-07,5.848426978785404328e-07,1.167402444370213421e-08,8.821420412102031260e-09,1.293139530891641266e-09,3.042308097525279345e-07,1.620138373636706055e-10,3.145052410687410352e-07,1.799236651785669168e-09,8.290296045087048524e-07,1.677048437745259292e-09,3.570746490012417339e-07,2.077812944458724266e-08,1.176066021949962896e-07,5.110610510281582198e-08,1.209164116371692494e-08,7.572184178288391314e-08,4.074593099217623283e-07,2.345624052193084065e-10,1.490601818333030932e-08,9.009088761529378181e-09,2.603002606886877727e-07,2.794494858630765079e-07,3.072269621996945520e-07,1.335321745167590497e-06,4.276748680461685837e-07,1.232836056227151678e-08,2.448560355205588152e-07,1.851454819439414895e-07,9.340460192163404081e-10,3.221534891682309474e-08,4.979981430325510256e-07,2.327018945344736612e-07,1.305110165641037414e-08,3.415863483281934809e-08,7.288741856302437336e-07,7.585263481299377035e-08,2.571563257651170901e-08,2.323594204255115021e-09,1.125186050346765757e-08,8.198750616321755202e-09,3.812591438284435143e-07,2.705116106173918021e-07,5.570191504635109950e-08,8.923116711823825263e-08,6.785730983067931123e-09,0.000000000000000000e+00,3.130858887100565685e-07,2.382252853348079891e-07,2.152113162171328879e-07,4.947707080140663354e-08,2.969725385204574688e-08,9.496626791704920873e-07,1.023705274371560818e-08,1.492203121973614186e-08,2.060863018677871387e-09,8.362511715184298505e-07,9.037991382669119804e-10,7.470699981161573584e-07,2.864826743572176369e-08,3.483547964357702695e-10,4.367067385716708708e-07,4.685492624846768646e-10,9.107866598157913235e-07,2.233816910714456133e-08,3.665815648036115501e-07,3.543176232245484002e-07,2.939001037111527765e-07,4.244997806304221303e-07,2.376646326390006689e-07,1.342490353675135515e-08,3.405187442565298088e-08,4.915081116498637829e-08,1.126516867978668811e-08,1.717521397510698083e-08,1.596111306999616181e-08,3.844990888447936129e-07,3.896748760475365880e-09,3.455361574621721374e-07,2.442365241470080487e-10,3.742203105919687363e-09,6.890147867941800739e-08,1.249554402882274912e-09,1.239073041256795042e-06,5.339137954343313339e-07,9.270606350012128304e-09,3.174746381754877957e-07,3.058850011297724250e-09,5.159703810316379309e-09,2.646802465775970647e-07,2.765769259518949063e-07,2.763835427741188438e-07,2.251940963897806689e-09,2.536571691861868519e-07,2.298068957054232435e-08,1.297432813996795564e-08,2.992958135394945197e-08,3.612972045883134648e-07,2.479692614361447081e-09,1.139726847674282179e-08,6.701638362666954956e-09,5.089454335710894832e-07,2.227174564297460385e-07,2.833293879000881626e-07,1.069320614819803599e-09,6.824295356030963631e-07,2.609129437085150092e-07,2.870427903227222701e-07,6.131472558111847293e-09,7.457581368839017407e-07,5.848887600646910761e-07,4.705502929418398515e-07,2.920472026099849712e-09,1.417733847222834618e-08,3.157469315120201301e-07,6.151625035233135625e-07,1.004839105382057664e-08,4.446622044293928975e-09,2.986343189846455343e-07
1.969592105053811271e-07,6.505473314370691247e-07,8.299189844074661818e-07,2.574425570693216187e-07,1.873850407748968934e-06,1.872877709969751849e-07,9.651708523443875290e-07,1.194982200265900805e-06,9.969798693761724926e-07,6.384643032413238221e-07,3.230238373334525577e-07,2.836916607286739706e-07,1.445175294928205918e-06,3.299330570409793634e-07,2.552201877050232683e-06,1.539017384134738550e-06,3.871461115044330939e-06,7.363645636933137714e-07,1.522518656572022895e-06,3.598481274521119003e-07,2.436094295316522356e-07,5.346413597092888015e-07,5.926514599330590443e-07,7.193243328863675720e-07,7.981544318935792240e-07,6.586410916949028792e-07,4.257800867695968107e-07,2.222060166068052215e-07,1.790029456731981396e-07,4.313138390540064155e-07,1.820078662222010135e-06,1.453604419993730142e-06,2.945880502271529679e-07,1.985260051894454090e-07,9.976353867190352807e-07,1.591110406932294862e-07,1.012718864470654705e-08,1.901118078803098442e-07,1.270360530448398614e-06,4.589122062476557905e-07,1.684356934022125743e-07,4.413763399287880975e-07,5.141146855801773253e-07,8.559967025643362731e-07,8.181879761440330422e-07,1.781729516290231748e-08,2.153991095568593982e-07,6.442749918953106861e-07,7.119722203546873655e-07,1.394342760937626546e-06,5.221821883775228267e-07,2.671619833500429944e-07,6.917955173649566699e-07,2.791008402107302375e-07,0.000000000000000000e+00,2.134927995169681928e-08,1.259586585495805142e-06,2.045267264011761024e-06,5.988582644629801683e-07,9.051250256257485129e-07,6.520293405571996445e-07,3.971698750054956412e-08,1.363646799498025687e-08,1.445671015639820713e-06,1.422351213370384936e-06,1.832657462405993379e-06,1.499557680211249611e-06,8.082080048117754866e-08,5.542301889119931224e-07,2.378912893255592427e-07,3.067826577700617413e-07,5.715832462628102453e-07,3.219284128962605780e-07,6.166600441073598032e-07,1.479951854700105199e-06,4.054364121890206074e-07,3.784614696580193422e-07,7.103581337884810205e-07,4.871117779900613554e-07,8.636404071719074711e-07,2.238366511747954651e-07,4.631165307003479565e-07,6.166725098188412272e-07,1.000544365723400749e-06,1.203723785385645631e-06,6.484838766865515162e-07,1.105083956107577896e-09,4.134792834785435592e-07,2.763407631983877820e-07,4.022004188827035387e-07,2.545205970069836230e-06,2.349417297566744999e-07,8.201062384577559423e-07,4.883043201046214058e-08,2.037339025610847512e-06,1.524309828534595561e-07,3.066052539137310507e-08,1.384353947280228095e-06,1.063414031262103998e-06,7.869529679321188944e-07,1.248544307802724960e-06,1.410659171393043316e-06,1.330448383109506818e-06,1.387835074234812399e-06,8.414052398983847989e-07,1.026921277381546057e-06,6.344949653413207904e-07,1.068596728749875743e-06,1.679607403196708624e-06,3.242755381502527635e-06,4.397701161669286711e-07,3.157793437120366858e-07,1.668577862162547479e-06,4.437537886941305462e-07,4.414943804745204282e-07,2.229045385620022459e-07,3.390990738464117260e-08,6.491687292185740238e-07,9.276554280916299281e-07,7.380838729922476065e-08,1.645702225019648303e-06,2.249812919235167687e-06,4.964481419985630733e-07,1.001638559460573611e-06,2.984049800068532223e-07,1.540715993659196633e-06
3.511399742616391481e-09,8.343759339668625344e-09,3.682567928672551176e-07,2.210126384455046075e-07,1.243791438085554269e-06,5.731103551586151171e-07,1.600541795831569153e-06,2.134733474147823085e-06,1.778606447433559100e-06,2.760094209752646513e-08,3.638056806098735201e-09,5.080860176230641446e-07,4.061876633042321646e-07,4.397000913880148470e-08,4.158617394496350800e-07,2.352202169640547318e-07,4.391034627308325401e-07,5.150437814019498790e-08,2.382159925872983532e-06,2.545410149647772349e-06,4.013774698145664808e-07,4.742654080707193000e-07,2.626618223868105020e-08,1.774092737133634802e-07,1.075013504288560138e-06,2.441522415596108294e-09,1.359401041526268903e-06,5.919918574443455519e-07,4.792304368080832792e-07,2.157014851338868247e-08,5.383691263714293757e-07,3.965175047153542900e-06,1.593345053115783380e-06,9.886376425178678045e-07,6.804570858861192366e-07,1.098457848776270259e-06,5.144405841368617245e-07,1.343636712661913173e-06,3.376038585253309064e-06,1.481425584037736343e-06,1.466724110098995150e-06,1.945716683292257197e-06,2.181257246798828158e-08,5.557528691480881084e-07,3.967962406382324582e-06,3.735923835253966047e-07,2.570448234540639257e-07,8.777599867550441056e-07,4.438755797562370820e-07,7.637709397006523472e-07,9.999498668625535498e-07,3.475881307543004788e-08,9.210552662603210676e-07,2.226393312251959602e-07,3.656267090019581802e-07,0.000000000000000000e+00,9.378290501273732900e-07,5.688999823489927246e-09,6.841451589432227037e-07,2.843110936100840338e-06,1.863766616839117079e-06,3.668282160056858645e-07,1.614467385977897334e-06,4.161288970140815823e-07,3.295749357096738102e-07,1.686309316960398061e-07,2.626280629510061735e-06,2.201440844231406849e-07,4.294098848745037820e-08,3.665312578381962702e-08,1.837528040894316392e-07,2.767657215177520772e-08,2.043318799124076820e-07,2.314866215482050060e-07,7.068176243270601030e-07,2.957840816473425048e-06,6.229097760380615235e-07,1.428926407745446129e-06,3.781731114471461649e-06,1.977075965109800928e-07,2.802673334497397347e-07,2.694238220149332245e-07,1.275798240289776639e-07,3.589917620301250970e-07,1.538597885401583645e-07,1.323962295778575267e-08,5.841140484461020519e-07,1.340312708441266306e-06,3.924358360238061472e-07,6.671437780138268834e-07,9.812939711369911410e-07,4.438322748269979857e-07,2.165792223816105164e-06,2.121369864058498722e-07,2.012215746612908940e-06,1.174685672694043619e-06,3.374633257329813870e-07,1.890094908734141106e-06,7.119375801289808475e-07,1.766509662571651364e-06,3.500224340874190258e-06,2.520674684709086355e-07,6.902039765932590141e-07,1.210792654827746798e-06,1.213022258874652763e-07,5.674372597809101812e-07,5.326716138270702659e-08,6.435914793071843064e-07,1.925522605276052881e-06,1.386904098582395979e-06,2.026310192060088622e-06,3.863994192338463969e-07,4.123174252137510671e-06,1.251797312626185216e-06,2.235444308923912644e-06,1.962701298430149287e-07,1.414281372561182769e-08,4.741955378508836198e-07,3.579105430781322309e-09,7.713478375409121403e-08,8.055011357279847307e-09,7.385572843890212802e-08,9.473025917923739784e-09,7.212711063845216057e-07,4.229461736130072199e-07,1.716701410789635446e-07
9.909599859625099807e-09,2.524514656793584686e-07,1.015089289550663988e-06,2.616497644822969152e-07,6.282828041371455055e-07,4.354030957289735199e-08,3.820239100411429293e-08,1.305557498547342978e-06,1.736520060440858567e-06,7.479273670138070926e-07,1.220757553999088832e-08,6.583097638653704799e-08,5.074859928400872966e-07,1.245832096587075213e-07,8.760312634110342444e-07,6.998208194637848257e-07,2.788874641429349048e-06,3.606586361483541978e-07,5.263515787046050504e-07,9.800338817233522846e-07,1.612138126891330190e-07,5.856625505976691775e-08,6.091940149006583053e-07,1.185271467246266412e-06,4.051583971451754301e-07,2.889891024621942949e-07,4.365337736457819758e-07,1.269881022771743843e-08,7.477762045887594039e-07,1.202890154839242967e-08,2.675671645165716611e-07,9.444349159506928746e-07,5.700407703606285406e-07,1.886798282681435037e-07,7.524820789426846651e-07,4.612351111776161580e-07,2.108947394854582888e-07,8.367973336886792269e-07,1.928922889141816385e-06,3.902450436251312347e-07,7.143876168800775431e-08,4.561409630446411835e-07,5.406421756472360375e-07,4.910559413652347812e-07,9.043106040148634130e-07,7.630527495592560045e-07,1.815021857931584976e-08,4.290291419264357002e-07,1.620006810248643221e-06,5.695899327470371329e-07,6.880963810506133174e-07,6.523601887969426944e-07,4.501758371718070393e-07,4.568063407315759345e-07,8.624105390078829131e-07,6.430457486504636644e-07,0.000000000000000000e+00,6.075274701134716049e-06,8.385722528476011350e-07,2.549079578025548324e-06,1.786531826365167024e-07,2.854092868258521705e-08,9.954284126155157319e-07,1.877191188851679516e-07,3.369453580470159457e-08,2.394950644634057572e-06,9.633105422397834556e-07,2.398019264068859629e-08,5.837618926994123249e-07,1.034782256210502884e-08,2.890850776860092499e-08,2.477938686232485626e-07,2.786729010563154436e-07,4.435213379139651431e-07,8.017998635062400662e-07,2.199050511592083219e-06,1.674418631547130283e-06,3.452068943095485757e-07,7.838672240614718602e-07,5.282462805610424774e-07,5.646630788474406583e-07,4.359185119354779574e-07,1.135637287870817873e-06,1.457164789423343111e-06,5.341889035020323899e-07,2.597460397432670813e-07,2.858760263515749479e-07,4.868067031030791525e-07,8.745327537038614735e-07,1.866958441558047851e-07,2.127291806112504265e-06,2.449273031352245955e-07,1.608976431234923657e-07,2.312234313915498013e-08,3.980731903744945425e-07,1.055238571154415082e-06,4.369362672492547491e-07,1.102811201374241737e-06,1.996585479703914368e-07,4.106591329418406573e-08,4.182231103080297261e-07,1.466555928437172839e-06,4.233607472318401278e-07,3.430727602573286827e-07,2.389959532494592429e-07,6.998815353414402522e-07,1.490248282948287221e-06,3.755718206841465579e-07,3.943981241104742809e-07,2.756456713619453606e-06,1.844109045648923790e-07,4.501218973165678793e-07,8.700984955885185803e-07,9.253870968242418887e-07,7.211268610655205342e-07,9.084030030330666732e-09,6.427009926850506047e-07,6.591940716255701077e-07,4.234696856197782774e-09,1.015819314029899892e-06,1.338061192957793928e-06,6.050907246269713058e-07,5.728200469630792386e-07,2.905088906017655268e-07,1.208988351629808783e-07,2.209752231630136017e-07
4.317975303853557091e-07,1.585665454807402563e-07,5.647846762113659288e-07,4.846419375941707056e-07,8.169943648902877041e-07,2.592595890034906209e-07,5.792971493047646120e-07,7.113957362060327920e-07,3.118934745066303354e-07,2.227609894883761242e-09,1.049817332641629783e-07,3.042407767124476829e-08,1.915842721831642999e-06,3.552106381919133730e-10,1.842806691286325918e-06,1.063023069004022097e-06,4.436099630535537752e-06,2.096939311540728652e-06,1.223764468145129039e-06,1.609126237716102636e-07,4.607211297363408468e-08,5.259193267796715178e-07,1.575365301710829843e-06,8.854921701930899552e-07,5.220614354749544767e-07,5.133863366037639648e-10,2.883095840806012120e-07,1.382198242305147621e-08,5.971661985215400816e-09,3.918677959253317957e-07,1.387834007941048612e-06,4.883748711837155825e-07,4.667094481967230688e-07,1.639363030514046167e-08,1.625081619173278841e-06,1.973625968295537693e-07,1.994832557787200929e-09,5.774098688420389248e-07,1.341616183426614010e-06,4.492630838242094336e-07,2.083228149405923608e-07,8.671506445019955977e-08,2.679415782889153771e-07,4.147963996741492302e-08,7.004774880723150968e-07,5.723034448340397353e-09,1.227103340250173767e-09,1.614181131730223377e-08,1.497690885391338546e-08,2.751914097145511382e-08,5.566939885147984661e-07,3.994418098641591259e-08,1.788967517164517082e-08,3.396056097169717941e-07,6.302824501354260595e-07,1.465795214995917542e-08,1.616661189874966873e-06,0.000000000000000000e+00,2.795628341110001275e-07,2.364302065161417945e-06,1.917437479951199375e-07,2.687530930101255024e-08,1.948929267741270412e-07,4.336227164629206514e-07,7.768101763085426356e-10,6.801711612873000874e-07,2.228034130726529302e-07,3.759316168586786884e-07,1.162805657787900508e-06,9.651763860388934868e-08,6.573568944850594133e-07,3.029684027816743954e-07,7.666014613159354292e-08,7.528799939088269424e-07,1.687319868511996683e-07,7.063136817553715831e-07,4.819938442000789341e-07,1.953915451061636925e-07,2.193953905662379241e-07,8.581943870900123543e-08,2.593970356740564824e-07,2.363548507304864941e-08,1.340770774058795319e-06,1.779945277115396718e-06,1.590362308547093832e-06,3.126035531293854649e-08,5.364033654528183397e-10,1.262438862279469311e-08,2.758914265823302300e-07,1.042727480679271578e-08,3.130591691314708709e-07,3.589993795252949161e-08,1.127734118641334923e-06,1.819826256332226527e-08,1.632708263925976907e-06,8.461425243033282447e-07,1.637092905855646167e-08,5.183329461029522516e-07,8.794285256071088834e-07,6.437664707231220491e-09,3.053418169301909260e-08,4.045556759735457340e-07,9.485907339747056523e-07,8.989367303270130815e-07,1.123847528424612297e-06,1.906434373201711671e-07,1.105890038441475627e-06,7.099899367958957216e-09,1.023580950658117035e-06,7.553791601183584567e-07,2.233479623683698811e-07,7.674374170685248420e-09,1.062479308772753769e-06,2.312990842856191648e-07,6.937935027368851719e-07,6.656127459571448588e-09,2.746699802657451960e-07,2.056247135204975928e-06,2.970622727970533157e-07,7.460922771432277463e-07,5.611461501889148459e-07,1.618741090228582678e-06,2.544642563127240846e-07,1.054893613248642785e-06,1.504886088709524687e-07,5.639594536013278565e-07
3.911994205533927992e-08,6.379489559502256868e-07,1.181274644859972382e-06,1.505162678044075716e-06,7.257742120553641373e-07,2.007397220648924120e-08,6.997960417952520149e-07,3.559141055428837748e-07,1.135976514015289519e-06,4.797290115755196668e-08,2.026821804374320925e-07,3.297447458696792669e-07,1.561905252363677219e-06,1.379820583313957765e-06,1.234963691703729939e-06,6.749439992395704031e-09,6.215718600084077522e-07,6.128510640609667120e-07,3.730811366155742008e-07,4.498373845182080834e-07,6.116004580123372113e-07,1.165980448785705379e-06,4.410335794412592581e-07,5.166926674108045634e-07,1.408068131289714098e-06,1.697951446469757301e-09,4.646087074799361710e-07,2.153855133961801999e-08,3.498953358285944115e-07,1.901569359249998179e-07,1.511450186871878314e-06,4.890078403761121249e-07,8.509844220077139431e-07,4.601373835598955271e-07,9.027428973535710035e-08,3.198608573409492822e-07,2.171366190797721485e-07,9.127781889433016725e-07,2.162561453103674384e-06,1.604097729288372941e-06,4.151998259292340134e-07,9.361319448431421708e-07,2.246573404618376607e-07,1.439711061753057768e-07,1.400590628492918355e-07,1.783459909733201775e-07,5.531321578222162780e-07,1.537046474891896402e-07,6.241619069197711380e-07,1.488653214568403304e-06,2.020379360373120182e-07,3.922439511719286922e-08,1.751378321969339582e-07,1.227606577375886107e-08,8.472050817484138783e-07,1.760294981040733508e-07,4.955612341923741539e-07,1.795728395737064408e-07,0.000000000000000000e+00,1.471544197354493596e-06,1.543509697885685861e-07,9.439746892749914342e-08,1.532452561684257210e-07,1.395049442824431755e-06,1.623356144219462995e-06,2.126135821534476188e-06,6.946360801574498719e-07,1.221625883249678905e-06,1.471119758359923440e-06,2.860545098452142568e-07,2.794456780858962575e-07,7.685859264012936317e-07,6.950852222969645282e-08,3.273080824737695766e-07,1.380896640957932190e-07,1.688616440893140702e-06,6.890061017229110600e-07,5.899053826571997314e-07,3.913120801501707386e-07,3.680275121666740827e-07,2.237796771787900757e-08,5.077462616396357850e-07,1.538582009021015985e-06,1.485199864526415010e-06,4.147220557960015817e-07,4.615377656315341413e-08,1.696335528798172433e-09,1.797816155011580492e-07,3.699864806291203636e-07,1.688972216042181030e-07,1.453920553542014139e-06,9.816253451535515995e-07,3.927365322907928971e-07,8.119805260564088981e-07,1.324678580558951316e-08,1.110233578474719210e-06,4.524111887598273922e-07,4.461012632179906853e-07,4.087436119323250645e-08,2.114524784559817575e-07,1.285537899358641331e-06,1.825980999520354594e-07,6.165376016343426236e-07,9.131470307552443746e-08,1.000332338113991122e-06,3.978277957414766590e-07,4.131595550141907687e-07,1.325211150619312039e-08,5.308959596407209485e-07,1.396982309681827712e-07,4.804616897068776229e-07,2.521940419827466619e-07,6.244721220586765142e-07,4.622437605324279925e-07,2.684651615826176803e-07,6.979969158905210574e-07,1.353235927030715329e-06,3.819638883687824575e-07,3.859294726767867423e-07,1.313106789356842628e-06,5.487552537447979075e-07,8.027587789298702654e-07,2.313641176997300471e-08,5.624962960477353076e-07,3.258637223430620910e-07,8.440140454989896578e-07
7.947431330928630452e-07,1.214239712141043704e-06,2.795665825721412232e-06,1.424563885923685674e-06,3.180521143255139894e-06,1.461180947509609861e-06,2.434937724967013278e-06,6.945319498628911398e-06,4.616286921953617274e-06,9.717722202755372555e-07,4.470924177139074737e-07,9.915300618762071392e-07,2.431405419251329913e-06,9.435983678671878427e-07,2.657483167427093915e-07,9.972410323788978878e-07,7.025964458340493879e-07,1.643063312421271724e-06,2.899857935115929536e-06,5.879413149687921340e-06,1.393836570437178471e-06,2.074124777715363963e-06,9.489887583037674263e-07,1.557359190573091153e-06,5.558122645743270639e-06,6.859865196887745712e-07,1.340617266992315488e-06,2.080494149083928133e-07,1.589959941012475606e-06,1.598941730287062244e-06,2.945010177037658382e-06,5.699723686537470765e-06,6.957892217194334079e-07,2.631615555563853447e-06,4.206506780965893598e-06,4.637520345900896268e-06,1.817289574698247619e-06,3.745379795760643887e-06,5.966634884300423622e-06,2.746872528136836258e-06,3.450700212875408740e-06,3.047271375734029918e-06,1.390147132772770303e-06,5.688966416499626423e-07,5.737809514895756754e-06,1.550970656660115349e-06,1.001828588324362616e-06,1.935260414760607740e-06,1.828510152387432157e-06,1.400473237702620801e-06,1.218856352583377159e-06,2.086038086127946394e-07,2.865654444462595042e-06,1.254586300519746284e-06,1.713464037287358334e-06,3.516852867427361546e-06,1.078042093150829680e-06,9.330827235855130261e-07,8.748299542090231652e-07,0.000000000000000000e+00,1.190485787327117433e-06,4.699102652134494561e-07,2.437611641578940612e-06,1.304548398654206933e-06,8.709197202433957208e-07,4.409843397916236692e-06,5.106440646602692945e-06,1.252712221694674016e-06,1.676600566750309097e-06,1.104701342905979859e-06,1.919125025485900462e-06,1.738801180569808406e-06,1.287565226593648151e-06,9.275492270830096185e-07,4.421468086750632549e-06,4.529644696276097313e-06,4.115261895167740222e-06,3.970624345283215896e-06,2.278716885546017808e-06,2.196445064948106258e-06,6.112432249432593391e-07,1.410414383778445360e-06,3.681779415251968188e-06,1.928349000161677101e-06,2.027482126676053659e-06,1.587206628572236752e-06,9.078275321975929254e-07,1.353821841117682513e-06,1.772161688116784976e-06,2.423119120943025966e-06,3.172858184190684561e-06,3.134746764929657990e-07,1.655694882600768652e-06,2.567037025283527442e-06,5.913918695670537311e-07,3.185126520661611363e-06,3.427478630864484781e-06,2.381621536491483642e-06,2.244498314161343987e-06,6.203424489904841651e-07,4.880256232067457853e-06,4.006534069984363578e-06,1.582048738693828864e-06,2.208701863352882191e-06,1.843910254226342841e-06,1.906403116407714384e-06,2.508793603118052889e-06,1.316417769378324286e-06,4.256644736600528260e-06,2.935426522408667302e-06,8.527382476882588894e-07,7.624251662978606376e-07,5.739549835895366656e-06,1.926318050910821437e-06,2.727416924332514972e-06,6.595604022492419200e-07,1.026860770444110662e-06,1.091345956303608249e-06,1.822088587312850867e-06,8.584243200900525532e-07,2.186469129545659770e-06,3.040009911541276675e-06,1.691079244951167902e-06,2.587206272060854096e-06,1.267418082329550960e-06,3.802587925377591991e-07
3.842254369072161816e-10,1.320897281114740684e-07,3.957679450080425907e-07,3.540316230920386652e-07,1.042449573341288110e-06,2.615469219042963026e-07,1.236141282954446831e-06,3.158998050595365984e-06,1.131426773028780599e-06,5.766116477692086240e-08,6.279668255568553692e-08,6.596063977681208115e-08,2.688417173077523205e-07,2.707297739619959448e-08,4.448667360757808128e-07,3.693027864711739465e-09,3.984783556693937208e-08,4.501713794398650829e-08,1.836307433875144981e-06,1.183988807805578906e-06,4.584867313261834659e-07,3.270762294452896874e-07,2.178388223866448239e-07,5.426451952699588522e-09,7.224613143385178033e-07,1.699024350162204672e-09,1.404260433690487479e-06,1.905595474107970413e-08,1.095186971252818767e-06,4.067305284385594076e-07,1.686410882741205863e-06,1.878941101777638329e-06,5.517016552035638466e-07,1.382655770541024272e-06,2.623089213599721425e-06,2.499194315986279615e-06,8.953368727426598049e-07,3.507921918821822074e-07,1.016475336822822445e-06,1.761754301561026496e-06,1.330102710001128317e-06,6.962479088045492016e-07,4.642873386797975833e-07,5.167788483877231932e-07,2.395600859794670883e-06,1.671932519819539312e-07,1.001272658008284934e-07,5.343716029156097151e-07,2.229091356679943105e-07,8.984748245120517458e-07,1.493976409692812691e-06,9.447869569696826306e-07,7.060034474604190580e-07,1.281662619238592804e-08,2.706965711105878118e-08,1.765296279113172509e-06,1.550031103548227405e-07,7.848472511487204673e-09,1.572980786661894031e-07,3.677290393722463324e-06,0.000000000000000000e+00,3.975639115744896876e-07,6.645188456202617030e-07,2.441327975943234447e-08,1.179533799109166048e-07,6.165515998012516921e-07,2.235473085135599082e-06,7.761817449705160567e-09,2.181935446434621459e-07,2.028484572090475273e-07,8.557933897408495063e-07,2.080905729605895355e-07,2.606607329491944525e-08,1.286629616292456718e-07,2.949952108012044007e-06,1.688244475669933249e-06,2.602213799667412434e-06,1.615694744063953357e-06,3.222416587455057419e-06,5.072793057247846065e-08,5.988361178907251604e-07,7.151134442231892658e-07,9.396589914217269882e-07,6.472510025224323036e-07,1.868401568097934689e-07,1.880767577488535329e-07,2.138907743459093001e-09,1.771487435546547747e-06,5.668750190045441613e-08,7.484197155377021788e-07,1.047254345857350440e-06,2.962992612399544207e-07,2.403761370768243232e-06,1.553909183874445921e-06,9.682678497854196185e-07,1.605676075108850158e-06,9.498292506513200638e-07,2.004189622945669994e-06,1.077138994444408779e-06,1.232381712463288262e-06,1.941803307453181277e-06,1.488514623538777138e-06,1.661895570296952436e-07,4.304504133593374315e-07,8.003823824437317976e-07,9.054880134429057815e-07,1.976923540371516142e-07,4.091830287882770123e-07,8.440068598350486882e-07,5.940422940839692886e-07,7.205011032902225025e-07,1.765727493358237267e-07,2.846314650770367315e-06,7.268189872955946172e-07,1.839948367742910113e-06,3.076485426152443107e-09,1.833904266423546484e-07,9.925536190716681089e-09,2.022453402216608308e-07,2.064429522399686714e-07,6.393709550095915832e-09,1.589318402963009513e-07,4.525457264539822039e-07,2.482597862040288284e-08,4.230199745216351262e-07,1.674714155081207461e-07
4.096268113372926706e-07,1.687779712748645455e-08,4.623526964539760100e-09,3.714737725376406919e-08,7.732233722932302473e-07,7.611781927696813658e-07,4.425739249261679188e-07,1.347874404962805569e-07,7.566234015293085168e-07,2.088163901688695793e-09,2.778805145021198697e-07,2.635423601673696082e-07,5.134964030532580573e-07,4.456965053908674108e-10,2.372431798959268651e-09,6.904138341022132351e-10,2.470313994539735038e-07,7.070487977829538976e-07,1.041923964697790753e-07,1.776287686065397405e-07,1.427477874102692989e-07,5.396978850722404617e-08,1.392962106071279424e-09,2.539042190128864105e-07,4.718555989256478860e-07,3.133287836712449635e-07,2.349317091043673553e-07,3.044182718184695109e-07,6.790281380451827309e-07,7.052937492038171823e-09,1.230995119576394831e-06,6.977730216234009835e-07,2.817820833185399862e-07,9.468586286482804141e-09,3.811381217298469947e-07,6.667876505841330870e-07,1.370786715878349763e-08,4.793315394343409879e-07,1.699996191458974361e-07,1.546767075447319956e-07,4.820465603566347725e-07,1.967574213566645102e-06,3.003153204725782620e-09,3.952259160008984715e-07,2.409562945941021338e-06,1.713416158281568177e-08,8.209951292498434772e-08,1.013147595405665096e-06,1.771489025047451785e-09,1.682727994341708506e-07,2.076404225259479237e-07,3.488877995808025502e-09,3.062555566067264877e-08,2.950221639787485446e-07,3.242504208155745108e-07,1.655507038958128129e-07,7.323543325355102380e-09,1.366955041933550061e-08,2.191641223835773966e-07,3.950868621334336015e-07,4.645667285343917359e-07,0.000000000000000000e+00,1.960867041598972806e-07,1.724778486734825888e-08,3.652523061758227504e-09,2.207166882171352849e-08,2.000903438627705949e-07,3.394296025354889898e-07,3.365721362783195266e-09,2.125898303088568448e-07,2.535776145882716333e-07,1.157189054547838428e-08,2.285512424854300994e-08,1.288175447750649941e-08,1.660863512536352795e-07,1.793385566449120853e-07,5.401857604792778637e-07,2.180906167951520210e-07,3.521338949757016934e-08,8.251890767698623523e-09,5.403071505435708309e-07,7.078308965217308708e-07,1.068847593798172397e-08,1.806720954679604432e-07,2.128111741628895128e-09,3.095159127071488991e-09,1.073510467791799140e-09,1.941113670099754456e-07,2.124602670657918022e-07,2.024964584740909143e-07,1.457273085450717871e-07,2.677161437963841382e-07,1.020638566374704452e-06,2.494199264897043848e-07,8.031114549244785757e-07,1.784420224386904644e-07,6.414381263117643894e-09,6.416475657188726037e-09,2.230932969064891144e-07,5.472094045268729655e-07,6.579955616891382572e-08,2.088756205952500165e-07,1.060592181146771010e-08,5.353189771474860517e-08,1.744968601676043142e-07,6.220822961968081448e-09,1.467491396310200712e-08,3.851054552354127130e-09,3.780031714682319103e-07,5.397736773858178887e-08,8.952960255783490241e-07,4.939155740130349936e-07,1.534459618944538650e-06,2.177813200052900442e-07,2.984216274266435809e-07,3.429465997653683285e-09,2.339343383460852123e-07,2.942818654756024364e-08,1.449820638070486679e-09,1.398809815244328434e-07,1.090472928581336490e-08,3.805144212769360527e-07,2.240900257034904839e-07,8.992666632558552982e-09,1.342837632970697017e-07,2.129472958791667227e-07
9.314087868626291503e-09,3.901311806793768497e-08,2.009374923949288529e-08,2.464252155378658921e-07,1.555019162683678608e-06,5.570193727245358821e-07,1.578060213005999073e-06,7.592003770102838931e-07,1.606159927745771618e-06,7.818436266993727735e-09,1.857456979808446915e-08,5.540693154231324378e-08,6.276083247026812762e-08,1.248467270627664072e-07,4.463441526442782324e-07,1.335518318966557681e-09,3.278082385140269164e-08,6.252789147031313959e-07,1.201579222838135158e-06,1.541135586991218149e-06,4.757906282614639855e-07,1.191062499443908327e-07,3.215132883532037799e-07,2.462346403944147496e-07,1.451896247198522780e-06,2.607508762577027897e-07,5.447673580247330695e-07,1.328526387910847425e-08,4.294526270954141565e-07,1.522760204986140173e-07,1.127775028132219588e-06,2.074874730359347642e-06,5.970581121430258619e-08,4.323135065664668861e-07,1.359747154647190805e-06,1.672416950359330795e-06,2.993212320121021737e-08,3.975236632113654005e-07,2.547236233730945789e-06,2.206422194540977919e-06,1.152320077681635417e-06,1.580836172535107873e-06,1.733338679751286773e-08,3.692859054719252155e-07,1.830805651160279989e-06,4.946856411145032983e-07,2.824281948293378816e-07,6.690461294950819820e-07,2.450964513073307854e-08,1.138058276035334199e-06,4.655516749963616471e-07,2.420661527968024780e-07,6.715042718594193012e-07,2.443441248597125083e-07,6.802710272374555315e-07,1.467578165041866116e-06,4.057086568136054203e-07,9.280849786398665173e-08,1.177700704004700745e-07,2.277722059658835668e-06,1.260875368988866792e-06,7.192687883877417248e-07,0.000000000000000000e+00,1.070539226783817979e-06,5.720626688937980519e-07,1.520781138204832355e-07,8.194957389586033304e-07,1.524702744928732282e-07,4.358518623122130785e-09,4.792755847316381642e-08,1.389376791511901765e-08,4.658682855312864818e-09,2.518853084209631863e-07,3.366402759394153572e-08,3.136782007864692984e-06,7.552155214053908823e-07,1.559016959936760021e-06,1.002794696137789374e-06,2.080626251079204009e-06,2.041859688765313618e-07,4.962435339906338904e-07,7.787463616463405241e-08,3.680264790496570219e-07,6.066719170540463511e-07,7.018613029495093467e-07,2.599209593710458055e-08,3.728550657856179831e-09,1.738068927682493592e-06,3.239249984610970258e-07,5.708964680355303943e-07,5.043572048404878905e-07,2.047835323724184821e-08,1.472230425484175257e-06,2.031086059465205856e-07,3.846026013938034593e-07,9.451079057812381223e-07,7.877881913479997188e-07,3.887655399443491686e-07,4.977164589256501003e-07,1.948486517516203813e-07,9.551258263542465988e-07,7.908438000777947616e-07,1.936488914561517373e-08,3.283396874998024481e-07,7.984959167726265739e-07,6.153581224782450618e-07,1.688069069396752044e-08,6.940140861259709559e-07,1.959739024982521959e-06,3.507244076732797075e-07,2.291344016407817259e-08,3.431922621010229637e-07,2.988047831347020497e-06,3.519551541839656897e-07,5.032327494758091179e-07,9.141227756066295684e-09,1.437862031519583789e-08,3.741407473057028830e-08,1.339191288796930131e-07,5.694719153696383902e-07,1.923717392624121866e-07,4.233693753929100841e-08,1.780994441482335267e-07,3.405986628446946958e-07,2.686549460692707335e-07,1.614245820853446545e-07
3.167455916247402674e-10,1.016182219994053396e-06,4.778324588462496607e-07,1.370137233736451188e-06,8.462392153778474190e-07,5.327141680556185545e-07,6.619187333513320582e-07,2.277687284249627654e-06,7.123597679429799784e-07,2.731068356561857258e-07,4.011417823538835987e-07,2.548919282052701569e-07,1.005360561803492192e-06,5.559390843688099107e-08,3.659546823196348788e-08,2.724423317602013317e-07,1.768403086652469324e-06,3.033793033667791035e-07,5.687859317970781830e-07,1.486064402717377496e-06,1.427470912167114342e-07,6.230632440671181335e-07,5.830814854513709843e-07,1.889549649936267524e-06,4.605972133461289860e-08,2.721165920458805484e-07,2.066613852090993148e-07,2.883481261280237784e-07,3.797240649433468269e-08,3.479816321728685857e-07,6.904284842313544257e-07,2.862772783582106758e-07,1.201948172454786732e-06,1.715849329576113274e-07,7.793151407185687199e-07,7.245349005170476288e-07,5.031918975297034295e-07,1.871580069656814937e-07,1.277709815469540844e-06,2.658302991762273071e-08,4.035261380599888129e-07,4.916542132698894941e-07,1.735154890732879932e-08,1.298923288936931151e-07,1.727711004846903291e-07,4.473566742696963580e-07,5.303441826954684708e-07,1.398566415007477476e-07,2.512603870165396573e-07,7.791901274616386359e-07,1.830403210500476699e-06,6.336867462422748820e-07,6.060673055860798752e-07,2.690243491808667429e-07,7.921104396799547137e-07,3.426145179720889405e-07,1.820577721600883431e-06,1.038245306884344208e-06,8.174442571291742483e-07,2.388900581884333314e-06,6.563395393964544408e-07,2.920783116422914981e-07,1.516090179339286279e-07,0.000000000000000000e+00,4.367255640567523945e-07,1.103092866295627873e-06,4.181249745142066289e-07,2.939588554868302232e-07,1.590888977422577837e-08,3.557268919922122980e-07,1.633810693646601304e-06,1.054291531390004563e-06,1.038276447497102123e-07,2.931767897269067687e-07,2.818932319985366079e-07,1.107602411720916044e-06,3.829813416961273039e-07,8.437954062550472684e-07,1.013311919808653076e-06,8.413905273563452238e-07,2.201131673229068571e-07,4.929703523284016678e-07,1.683436047027509988e-06,1.369377335792463079e-06,1.139317189794624512e-06,5.489182101394250506e-07,2.700115614982581498e-07,4.235458646707219633e-07,1.892407732639149431e-06,2.966174046308151265e-08,1.840183744555344532e-06,1.279239032771310632e-06,9.957844818686371473e-07,1.385253503541833432e-08,1.537983163890225325e-07,2.018883457981675323e-08,4.202142316768878749e-07,1.485252429528017058e-07,3.554807937736341233e-07,8.468874567718839905e-07,1.957517092957486951e-07,4.610845264205194629e-07,1.663411187525506290e-07,7.434746798101674319e-07,5.912292632432966690e-07,1.614490340514567925e-06,2.342669661760606934e-07,7.428593887885482599e-07,2.559439365261120750e-06,1.850776341827304883e-06,1.731958568078417568e-07,3.838174877363300107e-08,7.867602816528869067e-07,1.619592602093090590e-06,5.498631699971402444e-07,1.563085924931154212e-06,8.662969933829437734e-07,2.667530413444006175e-06,1.815168177159401303e-06,2.537286542672759234e-07,2.280817603919280938e-07,6.416531433533590617e-07,2.138404506573370761e-06,8.096039280113769279e-07,5.312293381779991104e-07,1.521767028522017319e-06
1.857579951816577542e-10,1.803614320461380450e-08,1.289406936153380150e-06,3.747424773886420804e-07,3.358769380159511895e-07,6.918350994407372251e-07,3.643850786698346425e-07,3.858665401293568029e-07,1.632237542496554841e-07,1.640266728749034622e-06,1.143199327795234672e-07,1.638088011345463722e-06,1.862419775299938180e-06,4.724329436359257455e-07,2.363588791753603214e-07,1.439402679636486338e-09,3.005108336452162168e-07,2.367384657794629103e-07,4.831736908154148449e-07,1.175306780052545292e-06,1.085082976912505916e-06,4.341333343712908120e-07,1.318294404491195996e-08,8.568130148909958451e-07,7.265388253525684303e-07,6.231470125708518894e-10,1.345559940827065450e-06,3.163763817420851209e-07,2.227860496041856231e-07,4.444236166681604963e-09,4.876904516581677773e-07,8.741897307603805716e-07,4.980432800310056326e-08,3.449187662385611829e-07,2.770034274311110730e-07,1.966954473496755118e-07,4.972518686796608075e-07,4.620852084315490045e-07,2.165666693777375986e-06,2.575362759120583455e-07,3.328564749131982758e-08,5.551510758633788567e-07,5.777279627646368557e-07,2.538248405127631605e-07,6.782257017281639186e-07,7.312302287277370722e-09,8.327045186945232319e-09,7.643016523878990479e-07,2.660361665339067115e-07,1.908378091404305452e-07,2.137219945683298760e-07,2.996608240669200457e-07,4.642089660597681340e-07,2.997284627743576037e-07,5.706230829332864910e-07,1.345566078556728245e-08,2.078541794088345244e-07,2.466798991994590672e-08,1.299737876876022215e-06,9.027344379137447717e-07,4.631657101841304440e-07,6.784978291734368850e-08,2.150252167034027061e-07,3.853690813303615013e-07,0.000000000000000000e+00,1.098061990716019284e-06,6.064333999611290855e-07,2.900061006910724186e-08,1.026237174438460473e-09,7.720599620915992155e-07,1.073832499937643490e-06,4.261507040708076138e-07,7.286482129925605950e-07,4.413693957813423294e-07,3.513688121740975713e-08,6.257645972898385935e-07,1.282239692011248565e-06,4.722418965831766728e-07,1.120192367867115289e-06,3.060326313469273803e-08,6.445310173370567485e-07,1.576404167985791432e-07,1.879933729248695121e-07,5.261252993958795957e-07,8.807103976532014949e-09,2.018790872791541622e-07,6.506910122172031468e-10,2.029787302467850350e-08,3.768106383722832445e-08,2.288351782048159890e-07,3.764548171790987801e-07,1.791372672257604991e-08,5.537964435658305127e-07,2.719535200311559434e-07,1.700717389771883989e-08,8.007116951721993454e-07,3.389526820231201240e-08,8.060823898335937898e-09,4.283505389076348065e-07,1.585751450041577659e-07,2.558226695954487210e-07,2.154250422209867718e-07,5.418797566519499245e-07,5.769659850835847925e-07,2.963394956795473622e-07,1.706105068622846750e-07,4.882387348120792293e-07,1.989701953581192901e-07,6.484256884750303891e-07,1.050462317256291561e-06,2.181065000567379940e-07,5.100907213262633321e-07,4.620449356031143864e-07,2.324183460523997559e-07,7.841765168052868880e-08,2.830733088900028644e-07,1.101197207677559800e-08,2.973489916419985689e-08,7.836196941846945814e-08,1.070767611449039391e-06,2.547351053195819259e-07,1.283556906450226003e-06,5.786934778321004072e-07,1.054389767781517340e-06,3.748033647883787427e-07,2.256474308506088361e-07
5.557081334303871531e-10,6.127340613328626358e-07,4.841413960822159571e-07,1.060485345402606556e-06,2.335864297389976010e-06,4.428501083870475161e-07,1.072124982978490198e-06,1.697902736065076538e-06,2.090500001997605378e-06,3.442747496787515419e-08,1.277000804010309203e-06,1.684032132040097882e-06,1.563642876221998278e-06,2.589442493599243327e-07,6.990014442477108111e-07,1.925611943153283188e-08,8.406933183534847009e-07,4.755761778224403811e-07,1.940028008216654526e-06,1.629298446006066753e-06,3.291114225057980319e-07,3.426238369639179076e-07,1.994246686087575216e-06,1.512291074818796180e-06,1.796400115878170050e-06,2.274075366507553541e-07,1.556774804062078773e-06,2.410397611933516018e-07,5.454220080807943447e-07,1.286871331512388433e-07,1.366002179598306479e-06,2.211408878200151695e-06,8.200870706909435082e-07,8.451766415938440457e-07,8.179982168450193709e-07,1.951326315800691897e-06,2.577125490231693271e-08,5.059561315764301733e-07,3.011062712048794718e-06,1.539174081450979312e-06,2.021559688523938620e-07,1.650601147658391883e-06,4.422964659980293531e-07,2.423204915121174927e-07,1.704416260778836257e-06,3.365704991848939111e-07,7.960498407456877181e-07,8.182933830497492033e-07,3.003011436889682607e-06,2.397035714683950140e-06,6.697714139167490380e-07,9.227404990667516222e-07,6.545389651726948120e-07,1.385923573508569807e-06,1.070016754637241229e-06,1.242591422632837355e-06,1.645208206463015370e-06,8.594733293271781343e-07,1.638205747872720949e-06,5.720361261111473222e-06,7.956139180158035571e-07,4.434072261534093868e-07,1.193596505596214390e-07,1.002035182092224773e-06,1.131743861489161816e-06,0.000000000000000000e+00,1.381740094911087068e-06,1.757952159824256587e-06,1.807758096997539543e-07,1.952671422897321979e-06,2.032207934861794171e-06,1.235410515974080463e-06,3.612779176733734889e-06,5.264927019520859249e-06,1.254131400864110578e-06,2.493304116675510914e-06,8.253387071241434505e-07,8.528116842295795375e-07,8.558900096239028722e-07,2.408418043820303139e-06,1.999550587260857660e-07,1.341997902546291609e-06,2.301594191241814686e-06,1.208223868060710138e-06,4.175011099293035889e-07,2.970026466796610788e-07,3.138732664818019601e-09,6.781365060996972478e-07,4.424516730595343956e-06,1.500058086651684007e-07,5.693139904451015907e-06,2.017867776944356803e-06,2.150985006285450801e-06,5.474333785467348963e-08,5.584599408293554556e-07,1.105053072748598652e-06,5.927389595982783576e-07,1.816179733544619671e-06,9.208656572390427382e-07,4.334714601445432395e-07,1.084048363089639922e-06,4.500842158607279955e-07,4.410443561523303618e-07,1.547997294099949645e-06,1.688037421642771675e-06,3.697867238609520830e-06,1.400583814854001464e-07,1.779952927244288885e-06,1.337668539709314318e-06,2.499225177015470522e-06,3.544125294895837968e-07,5.174352094062355899e-08,1.182143970626586400e-06,9.954810012392618689e-07,1.135340727534848146e-06,5.066272830660936849e-07,1.102591715343759377e-06,3.091162311778589634e-06,2.009376802124939375e-07,4.880664197559901227e-07,1.439969421562734293e-06,1.424259241033762438e-06,2.878678237446869387e-06,6.026265135320336701e-07,9.268954990741888890e-08,4.296780011906129277e-07
1.697336762033204708e-08,8.212920972692609753e-07,1.197633863419559872e-06,9.265510755579636083e-07,3.970190724602781186e-06,8.777796699988220252e-07,1.611235712582858700e-06,1.374289119951221322e-06,1.513915926421934201e-06,9.813327233630517061e-07,7.477263152268389033e-08,4.860494734033941294e-07,1.421199664076539690e-06,2.457168401389262986e-07,3.691097580072842419e-07,2.192401552653714018e-07,6.511173906016585982e-07,5.860928633634907810e-07,1.491493597598412044e-06,1.553151300525799684e-06,3.707526219408682494e-07,1.264356119217452764e-07,7.836027624679890543e-07,1.356785702184479211e-06,5.290001536588516190e-07,2.981518435300219843e-09,5.038790080139375410e-07,1.266372973976619176e-08,1.530055809809125121e-06,1.349087670063904491e-07,2.057123017623565882e-06,1.795723848500481829e-06,6.472001668291526029e-07,6.042443283275185697e-07,1.197894071088272889e-06,8.235756740944589944e-07,1.887203808048988687e-07,5.535860215995926946e-07,2.166335991107477176e-06,3.302078618312322490e-06,2.392476868403412902e-06,3.376759701308840326e-06,3.994074886045917834e-07,2.274922176623694708e-07,1.652832691719217772e-06,3.125895734166749966e-07,4.277740775921281666e-08,1.381822692914126208e-06,2.020312947325345792e-07,5.265789444300893717e-07,1.255851317395366841e-06,6.404122493299683624e-07,2.304015630257033032e-06,2.070771602555466837e-07,1.184078490982698324e-06,3.735189321971413333e-06,4.317059535089329464e-08,8.232381789223513420e-07,9.168914924489850727e-07,2.986530953044937704e-06,2.277822342824226979e-06,5.177415436340678752e-08,1.379260242345868177e-06,4.277423047077352397e-07,8.050694392791090277e-07,2.601916672341409698e-06,0.000000000000000000e+00,2.796578255193937234e-07,1.173952415064270715e-06,1.380508377505779209e-06,7.784324380987325617e-07,1.957469242955951505e-07,5.034613377569771082e-07,2.122013200627063568e-07,2.643641338250757126e-06,2.649649083271076664e-06,2.215156604522929879e-06,6.858480189853537193e-07,1.100641697567166541e-06,2.859080068463319383e-07,1.195450570327955570e-06,4.745275073045364133e-07,9.724598289923138931e-07,1.745449798348512405e-06,1.782251897981174551e-06,5.839010145243567052e-07,3.833801556030841718e-09,2.449398323495085842e-06,1.269534394717077041e-06,1.287200953066993637e-06,1.847380143229794273e-06,2.060991687788817074e-07,3.260440560721619884e-06,1.122078462442259227e-06,2.046559383821645850e-06,2.007547506525436990e-06,5.689657950101189583e-07,1.898708904953639278e-06,9.512616989418699073e-07,1.163427233323937961e-06,8.594541695419402215e-07,7.106709271145764772e-07,1.258896502558548289e-06,1.161612978342580451e-06,1.165014073912071716e-06,2.164054313409944816e-06,5.100381935430058658e-07,8.524233641553063821e-07,2.444632252860437625e-06,2.321080761222749003e-06,3.419133957829799479e-07,6.071018275193056695e-07,5.186516433477209914e-06,1.497013181405801078e-06,2.553897791973645261e-06,1.709096643283547955e-07,4.194485754910232323e-07,9.175410114986636590e-07,5.393482489093370574e-07,1.420794816240647836e-06,6.697289456735092617e-08,1.019343131888079949e-06,1.005496719635288058e-06,1.056174014156256101e-06,7.863187646379642311e-07,6.728589227751095914e-07
2.931450905380012129e-07,3.220064228195504873e-07,5.946333762891218214e-07,7.462622220887941730e-07,2.183521598471520511e-07,2.717482132091232340e-07,5.102552331286176486e-07,1.905300784456652051e-08,3.167083153364318092e-07,1.668332829501156282e-09,1.352907683087162253e-06,3.087356284056264692e-07,9.829235740457697536e-07,2.067172250580983270e-08,6.230090152449674260e-07,1.597215144764209866e-09,3.517944701940350958e-07,2.113822834708582840e-07,4.194961085445774213e-07,2.149696780282437265e-07,7.122385871063404735e-07,3.562404513310359743e-08,1.090151527468187017e-07,7.120152464731704507e-07,8.551884600587508890e-07,8.288904666879351648e-10,1.257252230816805228e-08,1.461328086458625733e-08,3.064634453486253763e-07,2.009447335002391526e-09,2.167076139238292785e-07,1.733652531493627547e-07,2.679246058465413589e-07,4.453310232238491390e-07,2.170177306996097395e-07,3.442248300771261936e-08,2.723971075199020649e-07,3.902076976753873405e-07,7.802251126650758668e-07,7.899906696778115272e-07,1.386626285807548817e-08,2.628712642340998987e-07,3.514261657712749419e-09,1.340928778442560049e-08,4.362242538977227277e-07,3.104487861389411427e-09,5.477965567623379995e-08,2.089179233236495458e-07,6.811428123071644344e-07,5.168193733500285770e-07,2.401974337134571741e-07,9.260961026214098226e-09,6.274697774351374561e-09,4.176499946095309827e-09,1.542084662882621697e-07,1.820093245327748923e-07,8.375333951743902564e-07,1.239007668105177212e-08,1.472109900012681181e-08,1.327704936898580959e-06,7.430043853489528524e-09,4.161966381445010430e-08,2.902265316163149249e-07,2.758671518699138844e-07,4.044862326592174012e-07,1.321380794128416931e-06,7.070619506052272880e-07,0.000000000000000000e+00,1.449069970766213795e-09,1.161732220399867122e-06,2.665934593493397150e-08,4.793936263784394757e-07,5.367683640828622714e-07,4.421360186548668688e-07,1.150670689716479141e-08,1.438240864476859754e-07,2.045268512570632013e-07,1.961368094671826367e-07,3.419115998431382294e-09,1.864659040161696268e-08,1.005925311819523606e-09,3.698000663320450321e-07,5.367625403941383527e-07,2.299148286129400820e-07,1.354771360614419963e-09,3.812128342609521439e-08,4.276467388692787633e-10,1.066642204824889907e-08,2.686522281831960698e-07,3.408389361740331860e-09,2.402699425076241244e-06,3.747752935051145422e-07,1.458123716641455255e-08,4.813579327913017887e-09,2.777951818120798003e-09,3.361651740911544106e-09,2.219867917354259512e-07,6.604815776602471198e-09,8.218882856031209317e-09,2.329045690477141650e-07,2.059337383282629588e-07,2.293882752398622679e-07,7.774467562010293552e-09,1.036521995214988613e-06,2.994266038485193223e-09,3.398500125645792558e-09,6.649118830899898301e-07,2.051668536353677347e-09,1.709999064575799159e-07,7.649579082633925946e-07,6.340178626560845454e-09,6.162846888992242214e-09,3.272498140340228608e-07,2.273291186422472357e-07,6.036486108841029166e-08,3.051920770369687650e-07,8.560007668553275849e-09,9.921087907103615468e-07,5.502636636224552423e-07,5.236476264487276928e-07,3.537740793034260985e-07,2.973734392763272437e-07,2.678395464882824548e-07,8.868581601553089809e-07,8.067877989273072850e-09,2.524980409462099192e-07
1.336286137684898755e-10,2.901722744037355020e-07,2.526405826382578658e-07,3.454103973001241862e-07,7.330970845496979695e-08,1.657831663803410830e-08,8.524463568505378668e-07,4.089850274914842745e-07,4.966428383737648324e-07,7.674605014760054731e-08,1.874117973968255877e-08,6.559783855034751692e-09,3.888044611638808873e-07,1.059251511337808427e-07,8.329739640097097636e-09,4.765010324591075374e-09,1.196021691233927344e-07,1.320433067216291386e-08,5.974003321501647827e-07,2.590208401071494849e-07,3.283362536804475605e-07,1.878123605776770227e-07,4.697823089953064251e-09,2.327994542973050686e-07,1.025478743326270779e-07,8.607561774106566509e-10,2.710459305373760269e-08,2.746725766622843721e-08,2.415305676645467910e-08,4.088372691582708986e-09,1.036648972698269833e-07,6.127720064379128290e-07,9.865486866474688096e-09,8.436412307871366180e-07,5.776995825126977773e-07,2.000360335272125690e-07,2.702578372857333577e-07,2.104286496638721922e-07,1.854638157456329022e-07,4.747772359354122019e-07,1.949437669296828753e-07,2.118405152875731765e-07,1.672326279332329984e-07,5.826654293536651880e-09,2.786417761642543884e-08,2.162574484507648479e-07,4.981027261512492559e-07,2.096325987741851420e-08,2.923075802413087922e-07,8.500584880741806020e-07,4.487449015369506237e-09,3.395648769730506020e-07,2.041515415714560882e-07,3.415113632926897069e-07,2.516541093001203794e-07,1.301747535296358483e-08,2.375131162258651880e-07,1.325148477783738210e-06,9.970679465342981470e-07,1.004719736196391691e-06,1.960372522723670289e-07,7.719793815755027727e-10,5.499701606699886307e-09,1.854272516770069219e-06,3.075094084237322572e-07,1.215537455969971809e-06,2.219891421833733446e-07,3.107284742610183912e-07,0.000000000000000000e+00,2.950778748516383016e-07,8.302964390210896546e-07,1.215462557131030925e-08,3.479054184861920926e-07,3.075791834586859761e-07,4.451679232843990328e-07,4.772980463616608057e-07,2.503061195254408876e-08,1.977841766891550281e-07,1.608704484832809820e-08,1.088440782447981487e-06,6.841887121810670473e-09,1.771288798070443583e-08,1.089884441108873306e-06,3.026560579932604027e-07,1.579485228954336939e-08,5.264837981432649820e-07,4.672782731779457227e-10,2.017393025021835016e-08,1.082266233531095385e-06,2.203256671594359199e-07,4.272846184831648199e-07,1.555517781011618532e-06,1.877624013603435218e-07,1.899411701111236829e-07,2.190998980791800547e-07,8.997228513329255700e-09,9.561718296709456724e-09,3.854454851291172230e-09,4.145515999672842228e-08,2.235515402596620209e-08,1.888760695482831716e-07,6.426374998196683529e-07,3.976847576344963889e-07,5.258937123053248560e-07,9.069567261732147421e-07,8.937698606432980551e-09,7.030576612557670339e-07,2.266952410198459357e-07,4.111214667584885059e-08,4.518470527701425648e-08,4.037238967598539762e-09,3.634995642115704064e-07,3.112512041450492152e-07,4.199778215150442760e-07,7.877124473142545305e-08,8.444364655412591218e-10,4.268029680733551642e-09,6.780286108112315422e-07,3.145463939132560602e-07,3.971241733852863780e-07,2.714758283155691124e-07,2.734575333727585662e-07,3.929438646946561216e-09,2.906890668010155706e-07,1.604582920466039318e-07,9.882859708047599250e-07
1.595609237335072541e-10,3.366954214503651452e-07,2.899033760525195361e-08,5.481575330475006588e-07,4.269747617023072336e-07,2.655073785264419264e-08,8.770454809995732748e-09,1.679241143977968582e-06,2.126887423802573331e-07,1.200515531904403859e-06,7.539802908496414635e-07,3.087883511836293328e-07,9.602859222425067060e-07,1.282163852690011817e-07,8.443805393012135362e-07,1.344925744486566508e-09,4.462821033965822043e-07,6.100040344315618622e-08,8.411499303647692816e-08,3.662893112884692414e-08,1.724823411647185153e-07,1.508599044265326052e-06,6.612507806402307985e-07,3.423269653632576738e-07,7.762365955927828305e-07,3.286471857193861152e-07,2.397290691879273364e-07,6.395815730839294827e-09,2.443845963500498828e-07,7.854363496725756542e-09,2.498078703527264768e-07,1.046079714906717141e-06,1.233518655272422010e-08,2.085711957670430878e-07,2.364669258621213189e-07,5.813627540017868659e-07,1.583635740214612806e-09,2.081206963898150149e-07,5.051645784074146836e-08,4.422865274381735052e-07,1.601169122460781610e-07,3.290767992813347553e-07,1.468981605738723368e-08,2.624090645583555141e-07,6.927579322008098396e-07,4.288873745237730810e-09,8.467019015997065979e-09,1.862410384871982490e-07,3.000761084666784018e-07,1.372150168979139000e-06,1.651382423858595565e-08,1.520229582631160851e-07,8.426045086939711445e-09,6.652766128298185800e-10,2.182073073428547883e-07,1.512774798732757708e-08,5.463511676343329853e-07,1.897616615513051976e-09,2.518780039235099224e-07,9.495396169658848000e-07,4.507057922842390471e-09,9.163480586182182440e-10,4.926665630621271039e-09,5.796473694282001597e-07,1.369068275568710156e-06,1.715993299423228170e-06,2.927829942525677151e-07,4.509233345559035290e-07,2.950470074122408046e-07,0.000000000000000000e+00,2.823951564685298081e-07,3.576975777480634790e-07,7.995068890778355860e-07,8.881714935006182112e-08,1.717603981200530620e-07,3.726144763722186596e-07,2.670157714901004399e-07,4.263721836871033496e-08,1.881651433418882331e-07,1.050799427723817287e-06,2.553081459214658306e-07,7.369398147817668288e-07,1.231590962281896358e-08,5.076592821965188671e-07,4.122221131843245436e-07,1.266538226794247501e-09,9.573794566775996325e-10,1.004703635699012094e-08,1.275672284322928308e-06,2.078630876334912672e-07,7.674931085316554201e-07,3.507013477683141517e-07,2.423590277426598255e-08,3.489779190516114253e-07,6.290263582644858283e-09,3.581452266364915356e-09,2.106071364836157557e-07,2.103573676876674736e-07,2.115970861383934373e-07,2.250899531954889929e-09,1.308068765660695128e-07,2.902156818546347143e-07,2.291234607880911611e-07,1.145154412700585898e-06,4.934601749900564411e-08,4.846904035396115047e-09,2.859588807599408753e-07,2.096313787833611110e-07,1.596388139332701931e-07,4.010430995307307956e-07,6.658320625899498544e-09,2.157119903028305672e-07,7.524819177514071009e-07,2.046273256338653643e-07,2.352122887148669964e-07,1.239437716949421873e-08,1.748787858918852623e-08,1.089594203639408183e-06,1.207085937236446253e-06,5.168871909631703650e-07,2.698680139479347536e-07,2.291980089793809121e-06,1.873862798786702507e-06,3.392911385407301253e-07,1.011550157318788939e-08,2.639667173778048282e-08
1.325701971986613745e-10,2.120480523571093526e-07,2.649696807088639537e-07,1.138892853349808754e-06,8.442974674113111852e-07,3.861716537908169956e-07,1.081852045463950646e-08,5.970773246236555137e-07,7.256756403864761036e-08,5.285076061900508572e-07,3.622254177441621523e-07,5.088719743360259546e-08,1.638497975637009885e-06,3.986966232315784592e-07,6.111219294573263150e-07,6.744703058565261501e-09,3.346831153298550645e-07,2.743059376046649029e-07,9.719370718245548858e-07,1.022384483422380904e-06,3.594795180289174389e-08,6.619880863836361566e-08,2.803522808082150200e-07,8.920578416571162610e-07,1.026961841621834905e-07,3.415676045238289423e-07,2.963840053846804833e-08,3.680812082277197115e-07,3.361938018630865167e-07,2.258045885446656013e-07,6.445388306413528508e-08,2.076538694597415473e-07,6.629188225724937116e-07,1.817365698015096707e-07,4.973134016446825993e-07,3.172348061067099709e-08,7.853496688865186534e-09,2.910937527493897944e-07,1.763587200592670104e-06,4.752362538442887979e-07,1.434378324036470954e-08,2.714809952520637198e-07,2.583210247158417400e-07,3.334407139338390466e-07,1.667362664025226069e-07,1.059436616469786511e-08,2.834051416619551077e-07,8.420416435954273349e-07,3.508767236601367688e-07,5.237421850637395354e-07,2.449637919190304089e-07,4.617788838447787488e-07,2.248072905166078586e-07,2.886622974122744171e-09,9.364481305927678879e-07,1.808914493421836446e-07,9.337158020046900125e-07,5.505943830003613553e-09,2.564782865758519683e-07,1.816360939185711932e-06,1.975279126329201362e-07,3.866079926506062723e-08,1.014304917109590995e-08,1.708140697233790975e-06,7.654141340613255398e-07,1.643461287302083167e-06,4.495814148829238248e-07,3.224113926001236573e-08,7.757003144948375132e-07,2.982768014668650101e-07,0.000000000000000000e+00,6.883164750416396997e-07,5.410427805222736916e-07,3.588245426363997736e-07,1.737372242989676186e-07,3.308674173617923337e-07,2.001794175558175797e-07,2.009389356093669696e-08,5.044544122746597613e-07,4.454190818899573765e-07,1.270122349044176042e-07,2.398967045930520559e-07,2.279831194909723964e-07,1.360713159041453936e-06,2.599160112842759532e-07,2.673823098024188890e-07,2.491878802805135216e-09,2.097747174330470136e-07,3.779017946256610571e-07,6.886921596894517200e-09,8.379470173895431877e-07,3.099144326409355743e-07,2.241104969902291666e-08,6.216656419271164160e-07,3.451192481188184809e-07,8.840141357699133013e-07,6.911089658905640154e-09,2.224111749476945161e-07,2.241565515837431310e-07,2.407821470750819754e-07,5.067505361221304979e-07,5.822895823180488286e-07,6.668095606180284500e-08,5.767915138738087187e-08,4.226246316884510938e-07,4.988038018385691992e-07,4.503417907481479679e-07,2.298864856185373232e-07,4.683066697411676490e-08,2.982310227664315875e-08,2.341823238240145151e-07,6.079913813748193983e-07,3.364575417789201794e-07,5.538967227143969157e-08,3.925484273536974166e-07,3.046826645513777131e-07,2.626566332350296857e-07,4.446645608476894346e-07,7.788107040192861294e-07,2.612427482951458159e-07,6.635446641806484130e-07,3.812636556851952276e-06,1.169936528028076533e-08,4.171249040259689122e-08,1.614431936110535490e-07,2.495998035537784794e-07
1.783486877789800047e-10,2.859952142249684532e-07,1.218488898080940589e-06,1.145142550718779859e-07,5.141007897359694391e-07,3.369231414138231484e-08,1.865693883035814647e-07,1.111768176555441494e-06,1.723582309501614596e-07,2.959768755986745496e-07,3.643015789592837716e-07,3.680380764981883713e-07,8.711998526427118830e-07,2.659608168420449317e-08,2.411544436774514279e-07,3.212857990623822242e-07,6.799085272783604988e-07,8.126366698252323208e-07,4.482927398575569965e-07,1.661603766365467035e-07,2.794282429970550655e-07,8.457178891808102179e-08,1.322463114686631560e-08,7.565286316519084216e-08,1.302922627151921364e-06,5.965919133904940446e-10,1.421814056616595927e-08,6.560197038902283349e-10,1.982599346499085830e-07,4.617476870537672752e-09,7.050090453180546393e-07,6.478640358742219156e-07,7.849688231848846468e-08,1.968987791627980657e-08,1.023461777279052564e-07,2.016474643260144529e-07,1.300217814560389001e-08,2.192868680680356131e-07,1.956013813481324372e-06,1.620507937264562619e-07,3.485815200711012923e-08,3.439076571714477648e-07,6.998261152521894748e-09,2.695009465665287902e-07,8.049623894213503591e-07,1.310828591054116865e-08,2.401192546126730880e-08,2.668774606463159065e-07,1.499835066233138789e-06,1.799639778285776398e-07,3.143815671155435856e-08,6.225733101792363822e-09,2.547585849594057757e-07,7.182944568748989278e-07,9.143730657946732902e-07,1.304433464992025090e-06,5.286520260080331046e-07,2.818276708841616255e-07,5.607295503860685394e-07,9.408085215801206367e-07,1.753362699531493132e-07,2.965343622811883792e-07,6.560989669390921772e-09,2.091906688151768557e-07,9.702422530242083652e-08,3.620897693268285325e-06,2.490862269221231960e-07,3.495568440961188119e-07,6.303719490532522155e-09,2.360677065920292437e-07,3.296243229676877787e-07,0.000000000000000000e+00,9.042628169414343951e-08,3.996258615260832762e-07,1.539499978340254473e-07,6.265490170826383242e-07,4.511402099708624066e-07,7.010243685180015457e-07,5.388468981170167627e-07,3.637526265726429847e-07,2.129502928350299691e-09,2.418548281026197378e-07,2.113953046767636670e-07,8.670097001531448834e-07,2.420535585791491587e-07,3.260816151727206068e-08,3.156557169801024385e-07,4.526379474366593968e-09,4.157359767101162687e-07,5.076660000877057497e-07,4.935570298264537130e-06,1.536560917884614562e-06,1.635845078592400721e-07,2.128144779200574366e-08,4.797393539620488665e-07,1.380747381670369782e-08,8.216140563091517319e-07,5.381038021650399313e-07,2.530372460225257926e-07,1.916692270186294542e-08,1.347656403075467493e-08,1.103835995548295750e-07,1.033870641639895992e-06,3.760498984122172357e-08,3.628694644211611735e-07,8.432368602806559999e-09,3.494811915457470957e-07,2.023631489542947190e-07,5.779333753917743918e-07,4.067030424637139896e-07,2.101288754551895882e-07,1.396868481153679851e-08,4.167601270970685117e-07,4.136788224035284524e-07,6.238483386310107175e-07,4.866401171961057789e-07,8.927864421207944157e-07,6.388306384944063238e-08,7.467489864750285846e-07,2.211152521895475168e-08,3.955445324505229369e-07,9.112817738907857103e-07,9.832526408645886723e-07,7.808315568074219984e-08,6.587964335193129627e-07,2.370287628174530559e-07
1.521103082361141025e-08,2.519110047457888126e-08,1.349405566562350064e-06,6.887648895275468183e-07,9.601925290881702397e-07,4.230942212289242306e-07,3.872914233573522381e-07,9.481002743479395495e-07,1.880219359493454120e-07,7.046623372711361285e-09,3.916021657933956492e-07,9.925861037438307389e-08,6.302911139113931331e-07,3.387032871664125784e-10,2.521925965008223425e-07,3.339700175849489635e-07,1.347321664285227676e-07,6.020161870526834102e-07,1.093976742527637833e-07,3.287112503689905191e-08,8.795555930185328400e-07,2.874575642731722669e-07,1.121099029760439206e-06,1.969205891203856014e-07,9.483398313867102478e-08,4.921424347338526827e-10,2.158738161752019414e-08,9.597368913848517371e-07,4.267967879513545590e-07,3.630817868277134885e-09,6.581743615614458767e-08,4.417945870281702550e-07,2.848414247685391242e-07,2.371884189669586516e-07,1.912973146750318924e-07,2.336350445213056744e-07,2.606987397372612659e-07,5.290754313695316423e-07,1.786688566564352118e-07,1.725487303361797456e-07,2.271837969871002005e-07,2.209058657626850817e-07,7.776262621046534306e-09,1.431897093976496064e-08,3.171312209367325452e-08,4.124588871724666694e-07,8.367921296584725716e-09,4.735836052579763089e-07,2.479467358614395883e-06,4.919038344493004101e-07,2.185062136214532930e-07,8.133945490490883557e-07,1.194547866720084527e-08,3.205343645460678742e-07,5.528533605046220386e-07,8.104406921636660870e-09,8.279259867001661961e-07,2.101108434922090664e-08,5.072702890272946887e-07,7.887990236015286783e-08,2.806723279696948674e-07,2.375013714347577253e-08,9.990263671366201903e-09,9.833512090820536888e-07,3.357872840661106161e-07,2.124160531525426823e-06,6.789003385687030357e-07,7.120140215057825989e-07,4.163090183009357034e-07,8.442676343213029125e-07,2.969881430275520774e-07,1.131132429450230902e-06,0.000000000000000000e+00,4.116392123117109294e-07,1.709413207559283512e-07,4.976242658662002885e-07,1.802653295134632816e-08,4.752028552043350522e-07,4.519036764293619709e-09,1.749695183835734534e-06,1.079976703716990769e-08,3.388572651295325167e-09,2.013759042278858420e-08,5.499543826244975248e-07,9.563125143623678605e-09,3.862074587305651815e-07,1.315681722615819266e-09,2.569841823927914423e-09,2.782874245764294905e-06,5.360298000153283569e-09,1.972428437372931331e-06,3.065651036053909390e-06,1.739442645870166002e-08,3.200487979957689029e-07,9.210582074049813590e-09,2.021658676735980602e-07,1.306648416427194167e-08,3.219119904695316950e-09,2.106514373444885860e-07,1.125459996938510460e-08,1.327920399249251158e-07,6.379088628175973088e-07,2.848454038127279673e-07,1.256165300503965812e-06,4.121947440504855366e-07,6.988801147225000179e-09,9.254115650128246732e-08,2.215538271049864591e-07,8.078248101156796285e-07,1.791221167412889088e-06,4.444773326491750309e-09,1.341083948083963024e-08,3.308400847690080343e-07,2.641728967211441437e-07,2.177679606401807604e-07,7.715453901999857061e-09,5.440345741755606252e-09,1.099993626125690388e-06,2.017910194872537107e-08,3.756468690591811100e-07,2.817163973166163334e-08,1.526684335285529683e-06,1.734138107283633196e-08,1.443060277553400828e-07,4.080254201097649258e-07,3.208822230359439119e-07
1.497700754814562506e-10,4.648457904412209559e-09,1.504024107743691182e-08,1.444742213828026520e-07,3.332400079155519541e-08,2.608251347366186731e-07,9.261456782304321405e-09,3.033424517261707017e-08,1.187917337920019222e-06,1.201392237213935325e-07,4.439683145217022131e-08,3.242285849490550854e-08,9.221711926804141958e-07,1.059618343379991268e-07,8.711085158467912081e-07,5.593367050648473598e-09,5.677902331186782914e-08,8.867894237544429154e-07,2.378961441953125308e-07,6.471460753670979094e-07,3.792182113231835309e-09,1.403990896469126956e-07,1.120462954146920920e-07,5.785205602635279258e-07,2.923295003249027908e-07,9.174065052150726271e-10,1.423276342658838885e-08,7.708642785054634330e-07,3.625316239520216064e-09,6.139447524423201549e-09,7.170147261350464636e-08,1.737351564222304364e-07,4.723647526448523852e-07,1.621605043260278181e-07,3.665814293928529676e-07,1.916232860262386189e-07,2.548752284848192829e-07,2.201628189371226162e-07,1.599450730502166599e-07,1.001371878961115668e-08,6.528017797244257920e-07,5.187166057498907571e-07,8.569930616455825052e-07,3.464969541135294117e-09,1.627728219588542238e-07,4.561978859937196608e-09,4.099717834019739975e-08,1.301243067601067462e-08,1.730555968193869263e-06,2.086647010750209372e-07,1.184387654329586449e-08,2.455112733259731371e-08,1.920889462787997660e-07,7.966544090360402486e-09,1.017221553725483634e-06,1.063562594047742147e-08,2.284072103641676370e-07,3.027734247229597566e-07,9.507570518112892367e-07,2.180432034462939746e-08,3.532034294950195928e-09,1.573013169262598513e-07,5.920208493955665430e-07,2.523323121249102078e-07,4.118444652939387079e-07,2.133645158153182847e-06,4.407138292923947675e-07,4.090481724307294486e-07,3.616334772243109503e-07,1.103011114209219275e-07,2.889535723921379698e-07,3.686459597183745333e-07,8.638948976006761851e-07,0.000000000000000000e+00,8.632428281444737454e-09,7.550609104914516444e-07,1.737237056556085466e-07,5.244951768252333623e-09,2.761921937139151562e-07,3.264582591454556316e-07,7.466606200969437640e-09,1.000352354671988404e-08,1.634094412626363507e-06,7.861720106100231663e-07,1.242592653500382490e-06,6.999502478686963578e-07,9.223559115038919913e-10,5.188870083458952301e-07,2.456853304963859279e-06,5.159752558929642997e-07,1.427340863390383273e-06,8.149915441313138865e-07,1.286355595884268001e-08,2.664012953628191935e-07,2.678633112760387311e-07,5.644589739570161721e-09,8.549811624009259230e-07,8.457966495248991810e-09,1.355544900209345233e-08,4.632445327358084948e-09,4.288770421099011779e-07,5.396415107171762370e-07,2.776964746206045625e-08,5.556062084448712255e-07,8.633554688787435523e-08,5.201128712807894420e-09,6.798115600702922384e-07,9.703002488401928380e-07,5.253742428911035762e-07,1.858297109967963899e-07,5.582190579503393674e-09,9.098913924414893189e-07,2.918391223948711853e-07,2.467283729052568905e-07,8.436952245373201186e-07,2.897269086545155350e-07,2.653133504174453788e-07,1.000574505238878064e-06,7.986628232458323633e-07,2.721868011514010448e-07,1.509720505285823937e-06,6.885813932193311479e-07,4.465197988776415541e-07,5.321109792034478072e-08,1.038622101398829821e-06,5.954239155592002276e-07
1.025123910095913120e-08,1.293363415256378366e-08,6.060691474889605713e-07,1.913993856140968213e-07,3.226140196266396975e-06,2.008509211614967493e-06,1.382042740933168462e-06,3.413617753879138188e-06,3.062672204619833183e-06,2.082979169243901004e-07,1.391083760650389134e-07,2.172520823835209527e-07,6.369249925037544405e-07,2.525344569978254746e-07,4.757927812022402109e-07,2.919494071963763533e-09,3.809109820968435429e-08,4.356308461465891255e-08,2.316947535163217700e-06,5.342963291499302478e-06,1.751923863475410759e-06,2.822951589899785898e-07,1.898250144657485225e-07,1.620684222891557744e-08,1.624359382233086424e-06,2.238917079147218646e-07,1.674951111314356009e-06,2.645765252377614318e-08,1.241174822594847957e-06,3.429293266531123817e-07,1.304065873174274608e-06,4.918675302854093391e-06,3.646779148163970466e-07,2.663676572445666536e-06,2.840539614476451453e-06,3.044481378584560549e-06,1.887981305767011857e-06,2.629153004425855925e-06,2.823541058601505853e-06,2.779343183019111032e-06,3.607037231922090653e-06,1.305834010272020795e-06,4.098944489544870322e-07,3.512188702617971001e-07,2.088883265132172490e-06,1.826003204385003310e-06,6.659782701664147727e-07,1.392276039372744050e-06,1.978640467488470707e-07,5.243343938956015367e-07,1.114148682964772874e-07,2.262801877332668424e-07,2.308098346923421036e-06,2.057414230511147210e-07,1.319030827892911807e-07,1.669713461043188617e-06,1.297557006715361224e-07,2.954223108633651813e-08,1.166118295724276590e-07,5.889248913653274331e-06,2.744278740288996302e-06,2.792817853937579959e-07,4.320393484536009902e-06,9.747339989318055310e-07,2.583622783228152646e-07,1.114627389314961182e-06,2.869986027664949954e-06,2.845441985970994586e-08,3.187532512466549548e-08,1.221634939068053576e-07,1.855297546834258819e-08,5.929193784384849868e-07,3.167512280306800976e-08,4.527768160183827319e-07,0.000000000000000000e+00,1.240874478937057950e-06,1.094615177655897387e-06,2.779219617323322549e-06,4.179043287246552799e-06,1.451964120543002755e-07,7.904980553652254958e-07,2.852929257337528834e-07,1.694015500506198860e-06,3.571692478705851578e-07,1.783627398142913121e-07,5.515592759018450060e-08,5.533156131550431891e-07,9.794694016865152997e-07,6.616249867801584775e-07,1.219414740011221943e-06,2.537561318161678403e-06,1.465684012541242222e-06,3.650035775179849724e-06,1.414101126708058344e-06,2.056559003025280939e-06,3.564674677300638974e-06,8.237192864736963176e-07,8.507891199981466864e-07,2.929853024692798364e-06,1.355682358767753368e-06,2.502806901249385066e-06,1.892668039753776632e-06,9.172185495762072196e-07,8.844335239407897608e-07,1.860822840745075950e-07,1.366334492059550356e-06,4.431802816620625663e-08,1.834966972870168011e-06,1.821768892169676467e-06,1.939562957418697086e-06,3.761235651824456478e-06,1.743959261619131983e-07,2.030794759926262126e-06,1.469444633573795238e-06,3.237959561802856699e-06,1.299591280607207119e-08,4.062124229251064955e-07,5.634948575728262949e-08,1.944900933342882856e-07,4.567680251011673543e-07,4.309718596833881613e-07,2.079546605889747207e-07,2.610652752047443412e-08,9.704475417262789094e-07,8.464210347498710919e-07,3.384850984350501652e-07
8.388799675843041928e-10,2.174459396230249902e-07,1.332104668438360636e-06,4.580148399263969040e-07,2.448326185005178692e-06,5.152146193369629867e-07,2.057059059922971991e-06,4.003992601099434747e-06,3.616863983328603413e-06,7.786837096068092779e-09,6.938042537269787338e-07,5.311397877098162552e-07,2.141264972468927744e-06,2.444325300625788916e-07,5.331904457878049078e-07,8.395632208075895503e-07,7.942152150844871763e-07,4.035274805474977234e-07,2.690896326710698284e-06,2.298169100721229082e-06,2.346689022950666109e-07,1.032670326963026076e-06,5.567779750102472191e-08,7.455067129538553368e-07,2.038616493804699786e-06,1.967221648315673620e-07,6.164507126887336924e-07,4.385040216120139586e-08,1.198385557387519111e-06,1.083289419947335113e-06,2.438530264593617329e-06,1.935957227598693613e-06,1.148019899153671401e-06,6.395764377136020237e-07,2.933665125245357898e-06,1.996587932775387436e-06,3.966880818171044816e-07,1.745723339663169762e-06,3.054794997370456127e-06,2.169987023353550723e-06,1.933686819250448956e-06,1.040710148923951176e-06,3.722616347266563017e-07,1.393516626639758523e-06,3.768840919180038245e-06,5.143029082864970956e-07,1.900101097809483537e-07,1.734964149519002903e-06,2.754664099308356380e-06,1.911097938543630978e-06,3.402083055862059787e-07,2.565627407737973693e-06,2.808794003060250786e-06,1.189002469876150475e-06,1.212176116194498444e-06,1.177238217727612488e-06,3.811222846974362015e-06,1.386457300103514297e-06,1.334151617476241106e-06,5.507420045868477879e-06,3.073542036593010207e-06,1.892930406939421042e-07,1.492578510124564543e-06,2.428134750098480018e-06,6.186719208217364112e-07,3.387545188779682165e-06,1.284566386627713446e-06,4.906676849882694463e-07,2.209520323174897383e-06,3.414231842617220685e-07,1.683495909868034643e-06,4.225382045371719041e-07,1.281821921395417591e-06,5.616621053855530136e-07,1.667278542264883074e-06,0.000000000000000000e+00,1.222247403620739233e-06,2.883075647427462209e-06,2.047209451493602249e-06,1.190078942068366888e-06,8.160451109922037548e-07,4.231663505177509979e-07,7.821230316819276986e-07,1.583996987551451031e-06,6.085152543015070302e-07,4.143608052460592276e-07,2.004314299219924491e-07,2.113906443118713331e-06,4.225556709722593028e-06,7.656704124166687008e-07,3.193426543839714194e-06,8.325592007166898183e-07,1.459557578600828452e-06,1.590443669588680236e-06,1.854322145073298998e-06,1.517999853601671335e-06,1.393616388545529963e-07,1.029713913480333360e-06,2.387230799233162980e-06,1.156719954011212853e-06,2.690367589705421067e-06,1.252011239974718976e-06,1.993276928064472964e-06,2.156171081127394411e-06,9.073272289082954147e-07,1.735926374696540322e-06,6.650531657883168707e-07,6.977431229772640997e-07,3.219474061297709294e-06,3.536670363982898425e-06,1.255095183257825664e-06,1.344754726014093264e-06,3.056514125523310268e-06,2.521472891586008671e-06,2.478341974984100305e-06,7.080884881517844966e-07,6.274991786779444287e-07,1.314673145822258272e-06,5.262952258235476727e-08,1.322283742639797947e-07,2.093423663641572520e-07,6.877036076318480970e-07,1.298195496898474408e-07,1.267093199929933395e-07,1.706894489958010289e-06,3.342490424240064137e-07
4.715539296825300679e-10,4.495142776887633157e-07,6.523506338284610698e-07,1.927557546031812045e-07,1.955957696705921764e-06,5.188457347313547170e-07,8.592203944988754467e-07,3.370954977231039719e-06,1.935490441368483354e-06,9.041231528897339670e-07,9.921493874415993764e-09,8.860066354859842007e-07,2.272271695913127522e-07,3.203765453333749904e-07,1.666356403513076313e-07,2.359911051357876623e-07,2.361424974676110509e-07,1.965765961785239107e-07,2.981606441548718884e-06,1.836707542134114503e-06,4.801321818344136609e-07,3.539667587886747906e-07,2.808601558506480985e-08,4.733351510885361865e-07,2.627483187603769254e-06,4.515429627688582118e-09,2.777676711002372124e-06,1.578365644335583196e-08,2.252369430044476365e-07,6.616398102147615374e-07,2.165395883878852212e-06,4.708742193269494091e-06,9.587923630357544983e-07,1.309006457919312074e-06,1.922066487646543075e-06,1.515980442164898007e-06,1.311372781270161052e-06,1.905269659626642327e-06,3.043370713825524570e-06,3.340525780609263553e-06,2.293900389551837520e-06,1.169027593915379808e-06,1.747817111038057606e-07,8.385855473342530582e-07,3.460014481601729903e-06,7.926856168941223328e-07,8.679893554331114727e-07,3.523153553479550526e-07,1.757864749947625165e-07,5.762785215878723158e-07,7.282127070246434772e-07,2.401342559195930685e-07,4.701867255801094271e-06,4.627276990023509923e-09,6.331602689332734008e-07,1.378585531243886143e-06,6.598180036476229655e-07,4.952723144361277258e-07,2.454814927914681262e-07,3.584844339138467415e-06,1.972685575232539403e-06,2.700769560727444761e-07,2.516463768466461712e-06,4.060542189078347334e-07,1.410446243698225998e-06,6.251916148980923384e-07,2.037413197023206249e-06,2.392110255591424843e-07,5.494602796210408554e-07,1.118325643876508615e-07,4.851946560479100041e-07,2.212779195059854297e-07,2.035714536403363071e-07,2.166646351012743174e-07,9.270218731131665831e-07,2.673098280942641773e-06,0.000000000000000000e+00,5.016582576406436762e-06,1.528547919692218122e-06,7.186947029718655615e-08,6.010794104703206922e-08,4.737528006540070124e-07,3.488567666270141638e-07,1.118504718734128887e-06,1.054967108387476460e-06,2.382974597539499593e-07,4.471363596376179706e-09,2.287190438467208692e-06,2.676553742253610602e-07,4.351072331083060841e-07,1.892651033018414958e-06,1.858677202003630998e-07,2.771893279382042733e-06,1.627705992523181998e-06,6.221065632923585334e-07,1.494514015078184489e-06,1.827141181771172184e-07,1.555581806394515810e-06,7.040538609177675909e-07,9.593100459536260977e-07,7.336169482572700787e-07,1.695209953466352292e-06,1.961025919306318610e-07,4.226119774238207920e-07,4.748144249499731876e-07,1.452948828002483693e-06,5.254001812647900179e-07,6.425812809325815397e-07,1.549632803012942283e-06,1.802356446277741335e-06,2.132057211563180973e-06,3.982836417481940651e-07,2.624812261518269979e-06,1.555890932044057079e-06,2.899750960745338328e-06,1.942639914579853334e-08,9.102653203055012538e-07,2.064115270832283990e-08,5.911046730461274586e-07,4.496224162939822674e-07,1.966604401530676648e-07,1.224081957729251472e-06,8.592293048487062228e-07,4.309555500506073532e-07,8.301554366474637838e-08,3.034739914173927715e-07
4.898136199424723627e-10,3.153590976171001424e-08,1.560380242306231611e-07,1.983706759367324747e-07,3.934890024418858249e-06,2.941624866219952985e-07,1.152807554431276227e-06,2.228180660357429530e-06,1.476392855242194017e-06,1.413688843617157615e-08,1.466422972848845458e-08,4.769840191350211753e-07,2.176954577572556687e-07,2.915898731507871592e-08,1.030021630266217576e-06,4.080101919796155271e-09,9.517595419032687582e-07,1.747994309239772089e-07,8.014408375098079293e-07,4.172092124593951421e-06,4.086185283397348263e-07,7.294071197650304331e-09,1.988644896905071880e-07,4.577917468961918865e-07,6.242668588706615155e-07,1.636698746796530036e-09,2.049201229638805479e-06,2.298750743180893424e-07,1.601123564012395842e-06,2.488435212282966983e-08,1.557270315195339455e-06,2.369274877040568797e-06,3.296897903737604898e-08,4.115344259389169547e-07,2.147453361712364335e-06,1.260247175941504803e-06,4.655693782529713391e-07,1.510774027181321079e-06,1.060274006612694060e-06,3.360909168417991797e-06,2.928047962697112228e-06,2.627813061511905536e-06,4.334973350738914798e-07,3.045239465971175672e-07,6.049848323205037174e-06,2.286087910033106700e-06,1.659870173080664104e-07,1.867706908447108876e-06,1.925197015154037526e-07,5.747104591971199324e-07,1.034181203595848592e-06,3.667228026207122196e-08,6.448758933479393533e-06,5.038688721628698964e-09,3.848615354539394911e-07,3.339687600252296273e-06,9.498377749546847062e-07,1.066189863172371866e-06,6.661308691985560891e-07,4.513114038212299843e-06,3.030909671852936871e-06,4.699492003332615720e-07,1.659024662308131329e-06,6.661474286654795415e-07,1.855035130570871072e-07,2.044765038326371018e-06,2.013154538379479755e-06,3.285390413034260129e-08,2.409683445889135214e-07,2.831406946435936418e-07,5.019319039252159045e-07,5.383846549251454012e-07,3.929642720066225121e-09,5.275658792699557019e-09,3.819438725126556875e-06,1.490574397046728638e-06,3.012929199856581258e-06,0.000000000000000000e+00,7.787071166736840911e-06,7.095113187861927099e-07,2.647537154016173513e-07,1.896141938181176350e-06,1.675569265504834491e-06,3.872551719948913832e-07,3.386475393635075490e-08,4.592619278462123906e-09,2.380200776835075967e-07,2.063187855586486131e-06,4.183647574506339089e-07,6.375357251341173245e-07,9.325353281285967579e-07,4.318942530188302908e-07,2.307046588517162861e-06,4.675025529827925990e-07,5.319521147040654202e-07,2.891984281795052287e-06,6.156358166893533060e-07,1.540608801605687182e-06,2.385494514377412971e-06,1.036519073935892625e-06,4.330225405409257731e-06,1.195117336708188360e-06,3.745404396224249246e-07,3.755066766268276393e-07,4.400769897344542651e-07,1.115924061689073496e-06,4.585010232027723568e-08,1.731787713644762208e-06,2.617453953767817653e-06,3.449553814016162593e-06,3.919455685723242037e-07,1.263423304015968994e-06,2.641777623569655163e-06,1.360656935841314530e-06,2.208318400512620882e-06,4.185019502494756394e-09,6.974783766137569050e-07,4.536670986716502425e-07,4.168573749464580636e-09,4.102644975568655354e-07,4.266644124995446162e-07,1.903784390207037783e-07,2.022555752148071401e-08,8.610238108890054086e-07,8.597688132366242762e-08,7.624079810763207828e-07
4.675843763734695087e-10,8.740345823908467273e-07,6.635852109982234745e-07,5.752170548160326918e-09,2.196160099889442227e-06,6.317010832095943155e-07,2.152992646725400473e-06,1.394287916829333490e-06,3.397622426659626185e-06,8.674862691242270295e-07,7.487657394561665256e-09,1.163942533348070622e-06,3.868377117379513527e-07,2.922392645456480006e-09,1.652736406562773614e-07,2.058028323402073233e-09,5.478082973586896503e-07,3.481892432761380910e-07,1.865246753842594737e-06,2.051864450127897105e-06,2.942606894402925969e-07,5.208196614750498676e-07,4.879992186215496511e-07,5.979218222794122026e-08,2.365179272841722064e-06,2.421251056812663128e-07,2.849637943232315616e-06,1.052195470887989006e-08,2.386416184057629983e-06,1.307619723756039857e-06,1.750423533745969560e-06,3.388459892726626394e-06,3.638473187073533805e-07,1.355599135222280849e-06,2.668499557307267059e-06,2.747459170294359480e-06,7.723481904200447001e-07,9.720408500736623531e-07,3.024741034704722952e-06,2.307450445895958475e-06,4.784720117051731829e-06,2.724316823235570922e-06,4.432867312320000953e-07,2.431367502522556844e-07,3.365673200106879467e-06,1.249685407461879208e-06,2.125634725229282975e-07,1.173834809195849103e-06,4.687937931802112879e-07,8.713992984719000830e-07,1.377383230847658991e-06,8.170426508136422139e-08,4.494789968893169740e-06,6.938540328128959155e-09,1.576939630777298120e-07,1.103325009270426142e-06,6.582057479393836723e-07,2.196733933976257012e-07,1.476870419217321814e-07,3.718359252909065661e-06,2.767572183575707095e-06,3.184055869314683872e-08,1.773074661151247581e-07,6.263454436524021735e-07,2.162158074948286241e-07,8.644587619359870290e-07,3.564943702574700718e-06,1.454862225730320374e-08,4.280775629724030906e-08,2.040985408924343159e-07,3.085389632454360474e-08,4.755587667024119465e-07,1.416757618041383592e-08,4.257026083347729851e-09,3.718132356559269682e-06,3.049013082424003273e-06,1.437445245668309955e-06,4.024320247754667415e-06,0.000000000000000000e+00,5.935853261098428579e-07,8.877205979206784974e-07,1.442189919286106868e-06,1.169102737046400288e-06,1.470397733605405225e-06,4.303910832782084371e-07,7.455834547964942161e-07,2.463697279096167880e-07,1.931134334610520444e-06,2.472152930278836740e-07,1.737793513217967501e-07,9.546049271599303195e-07,6.126251587779172117e-09,1.623058398228011358e-06,6.038745278451305947e-07,1.204627803981018557e-06,1.516479552990852101e-06,1.238908658115616368e-06,3.621851254202182734e-07,9.947901049401801905e-07,2.435484153147152518e-07,4.481733144623870855e-06,3.846566947258109788e-06,6.788456293047875414e-07,9.209301336636563306e-07,4.168760440404241388e-08,1.567405644604059381e-06,5.258904485649288260e-07,6.585190405548413699e-07,2.433238147796776627e-06,2.658890157787927672e-06,6.734788261716547696e-07,6.779113457161954426e-07,3.093198820700275005e-06,6.988618128799741192e-07,2.783729070763821192e-06,1.542098200002167590e-08,1.718446671289295295e-07,5.813786317481334654e-08,3.026929321604291131e-07,8.133683112769354346e-08,1.803746914422236359e-07,3.424989028996810118e-07,1.700918309348461010e-07,4.245186844912555477e-08,3.358584152223977106e-08,1.432397479920141634e-07
1.295341477948899308e-08,8.083537416951456199e-07,8.971124296744227081e-07,1.426574207475298625e-07,1.589611801770004538e-06,2.311054250477717949e-07,1.647180631901321429e-06,9.280785619954743107e-07,2.233311077289402168e-07,4.788813472379337386e-08,2.198554941334998017e-07,6.242074563501370685e-08,2.097866884816763276e-07,2.101165736431375396e-08,8.539507305710247150e-07,2.859063169970271570e-07,5.695251209223681349e-07,2.723092156776796604e-07,3.209753489402708060e-07,1.836607036328670993e-07,6.082712975135748957e-08,8.300351642272987174e-07,2.515534906081398578e-07,3.701215363044263360e-07,1.107022920459627050e-06,2.577690901593421481e-09,8.898400896531307849e-07,9.796888205369370714e-09,3.306442071552319323e-08,4.604757731181339619e-07,1.803340466824280792e-06,5.426360376682134572e-07,2.918600597774089266e-07,7.401112948277540639e-07,7.828527805506631847e-07,1.021995241607907408e-06,4.564637005730715496e-09,4.289519959214619675e-07,6.117032238815127435e-07,1.330145243237125641e-07,8.479722488435907551e-08,4.616796117938112274e-07,2.049462025161276473e-07,2.700464043988757273e-08,3.369664132533533156e-07,1.632486157389600545e-07,4.423721907480045916e-07,2.833963474319492029e-08,6.348026528346729680e-07,7.085214766613256868e-07,4.736125090627052795e-07,3.727930543828890734e-08,1.497870808705901930e-07,2.759307110985874302e-07,1.357830784175821396e-06,5.293369741845107044e-07,4.540072238470346001e-07,6.242277086008544902e-07,7.997886821904988219e-08,1.451458907767518901e-06,1.480488979884822362e-07,2.414263592558308824e-07,1.517220729755084265e-07,1.329204332114885999e-06,1.241398822302057614e-07,1.169848542058671340e-06,4.244831935644410396e-07,1.756185620401926714e-07,6.864496331207165429e-07,3.547152854979754856e-08,5.279225483237240380e-08,9.418677361007096720e-07,6.486490737125336978e-07,1.923359018541290764e-06,4.657952517733366673e-07,8.768384511778514562e-07,4.594349735347439224e-08,2.489578673578705390e-07,4.030027542237512505e-07,0.000000000000000000e+00,2.149954512069525378e-07,2.161870331842778305e-07,1.434906567026004563e-06,9.755385870883079711e-07,8.895701245139908858e-08,4.017271929345339021e-07,3.368164679655379850e-09,4.316836969927964898e-07,5.973908125411924434e-07,1.660550663832927201e-07,3.490632188638785304e-07,5.656112513151192111e-07,3.662115557293180499e-07,5.418743283392275608e-08,1.809016385453444792e-07,1.124325273646342138e-08,1.629749347163472918e-07,4.624922646021569013e-07,1.753404364513799670e-07,2.021140859468733790e-07,3.316345532855392116e-07,2.293699912726589948e-07,8.306609202903216579e-07,3.043343879630971123e-07,4.734008753952727836e-07,3.940679872089391899e-07,2.727599684722662952e-07,4.479124791390583367e-07,4.517582971163168736e-07,3.741437150592733177e-07,8.509931774339902370e-09,7.684797740593956813e-07,1.230442277290744747e-06,4.819169219150061415e-07,4.738170205436000500e-07,1.483143625599874509e-08,5.330349225091602560e-07,5.376877472667997867e-07,6.223158474147726051e-08,2.216431821276405264e-07,2.536180411337917175e-07,2.230585385976326497e-07,5.259226003478396338e-07,1.632589235964073274e-06,1.133054021024915262e-07,1.175397004947659761e-06
2.061336909319171755e-10,2.630759495530335482e-07,1.904055303124472206e-07,2.960519166441811388e-08,8.654781418145786925e-07,9.157812324802346279e-07,7.532557584239015304e-07,3.769474084248675091e-07,4.424651245479520838e-07,1.065407243149009150e-08,4.020277796689214374e-08,4.483892514707531318e-09,2.025231858738980819e-07,7.871666075661234179e-07,4.388787809136413994e-09,7.385833667859178337e-10,1.685693303369935253e-07,5.467155352969121935e-09,1.454685523438626400e-06,8.026249441427504734e-07,4.692566571961593353e-07,2.170350366606017193e-07,1.488111828415511163e-09,4.070778990973931270e-09,1.234451375372500848e-06,6.921902909409352293e-10,3.758265007265244519e-08,7.600132646480083981e-10,5.300493005651899472e-07,7.501814200402876936e-09,1.130903793563846900e-06,1.017533651778073867e-06,2.411080019737995419e-08,1.232779713240113223e-08,3.001375563529009396e-07,2.256430386334799302e-08,2.377345666145940486e-07,6.137799171438932665e-07,5.890472507637998642e-07,1.008494879673842149e-06,4.790932831938310838e-07,6.389203130903440348e-07,2.792550799530068972e-07,2.397741772738222405e-07,1.674747630173525304e-06,5.017670958354924108e-07,5.561300311159200563e-08,1.432242729872470742e-06,1.895084042884441910e-09,1.427323927139844196e-08,5.257742046337855528e-07,1.772223080936867633e-08,2.606025615489344948e-08,2.866189407160641401e-09,6.049017067805379241e-09,1.603507297230381770e-07,9.521063620413489179e-09,1.455685379075375920e-08,4.024255321768822668e-07,8.271561896254878760e-07,1.975406536899926091e-07,2.880620062236408625e-07,4.504742106533443668e-07,2.041077769470502255e-07,5.897692171330148362e-08,1.637590184147728602e-07,2.608966785261751530e-07,1.024125856083432172e-09,1.895077583555618501e-09,1.586991391783599619e-09,2.523897922977610244e-07,3.506384663014955584e-09,2.813926366037527899e-07,1.297111760942166319e-07,3.169631840481702970e-07,3.529976911981979668e-07,4.426169403206569677e-07,7.018495317903624668e-08,1.523362288707513378e-06,2.281868208390098637e-07,0.000000000000000000e+00,5.089241951514501304e-07,1.732720307269175817e-07,1.896907863210325997e-07,2.119931655125436870e-07,1.278992891312310747e-08,7.188952560699970269e-10,7.655169278990495697e-07,4.187111402438175716e-09,4.865243306008331618e-07,1.308600179730314579e-07,8.683089351165841846e-09,7.277079128814586349e-07,8.145045290069356237e-07,4.715473907557243497e-07,7.416609490140115528e-07,1.815818584876085504e-07,4.700608153740612442e-07,8.255082713008421872e-07,8.171158205741939784e-07,7.412318233548077247e-07,7.076071814754279593e-07,3.612675554733724920e-07,2.192405652657218667e-07,2.440363010935680592e-07,2.731416462867303518e-07,2.350572722361657748e-07,8.288032576080505083e-07,9.271942748674864359e-07,5.560242678049963884e-07,2.084719596330463511e-07,2.176172751282654852e-07,1.558662312733839995e-06,2.364560125657441850e-07,5.381627553903166839e-07,1.960509353782694548e-09,4.160117430531392644e-09,2.784452831722734142e-09,1.548854330647494171e-09,5.440734185000824801e-08,7.251111358269355822e-09,9.067060823288390608e-09,2.197871974758544885e-07,2.445066365960218918e-09,1.665700387081938851e-08,1.103287775778765914e-08
1.004455893091147641e-08,2.001443146055715972e-08,1.370558828655050808e-06,8.716932560206764427e-07,1.071920509816589550e-06,2.170563576832439659e-07,9.018214351949422263e-07,1.808471019121504267e-06,5.543219067468232142e-07,1.111437103949693186e-07,3.730137057496147048e-07,6.625092033143312155e-07,1.086325216882579821e-06,2.843110653925828120e-07,1.800655027999687917e-07,5.282532379389456553e-09,3.690063388527813868e-07,5.637960889691133109e-09,1.183828351978551998e-06,2.512988354414681301e-06,1.613855273409913686e-07,1.222420559311896457e-07,3.691736879224409392e-08,2.088098465680698183e-07,7.056699114896030297e-07,1.318905581478182203e-09,4.242329050070101346e-07,1.550179038406793376e-08,6.419372183983220704e-07,1.302438547319659711e-08,2.509469943756221687e-07,2.591923944017095823e-06,2.906078210956795876e-07,1.606660292263334406e-07,1.038783910912295549e-06,7.446077054557887811e-07,3.046842409113762972e-08,4.682444882633546572e-07,4.977453851172829428e-07,1.000564652043268238e-06,1.654098646384831189e-07,1.546989763223015091e-06,1.995315947322056397e-07,5.149603715040008785e-07,1.140379248950076222e-06,6.834869481532135241e-07,2.032595384364540018e-07,6.075827066467132161e-07,2.448876392863377768e-08,1.296201473942996562e-07,2.019129897024916479e-07,2.263550602081973784e-09,1.991827336717566860e-07,1.641789884871578120e-09,6.892305964832671601e-07,4.532640335930811824e-07,1.001018220461287633e-06,2.144594914220602214e-07,4.728320876600160065e-08,2.260797462442110461e-06,6.290647063107198695e-07,2.903200354453918832e-07,3.595082321351145797e-07,1.114637549173230292e-07,5.660496727717547381e-07,8.809325551394897479e-07,1.138041906783325611e-06,4.413734464037313797e-08,5.994140578581589813e-09,2.773670191162088846e-07,2.276033938284224815e-08,2.160764184605327560e-07,2.868519354493943781e-08,5.733605182868996082e-07,5.863821832305980146e-07,3.429313257064213518e-07,1.824218112097405500e-06,2.287592550168489462e-06,6.779372204350919415e-07,1.998023989377686708e-07,1.885196028478732392e-07,0.000000000000000000e+00,1.367456662210298910e-07,4.678049119053602916e-07,2.340044806396990510e-08,5.252130660889738568e-07,2.520416562093042210e-07,6.727834877318764520e-07,2.996243726199239419e-07,1.464708577133928844e-06,8.792375399142057272e-07,2.150386414249861474e-07,8.858003319104716789e-07,2.785252995153101491e-08,1.339983861888873452e-07,3.576908053153754900e-07,7.075742894020956686e-07,1.458656960595831295e-07,1.080554711113073407e-06,5.507000943523780920e-07,1.610079634811008713e-06,1.946285111790193165e-07,7.278507450506575452e-07,1.795390419337603533e-07,2.192676233481750212e-07,2.188791623213650414e-06,6.391115361352866962e-08,6.981640213768079807e-07,7.759862785448278444e-07,9.849854307589779167e-07,1.562413969174121569e-07,4.089648363501344065e-07,1.724989218025156520e-06,7.263108237621361231e-07,9.837353050767999036e-07,2.067027670891124155e-07,1.841675096055317879e-07,2.410813492066398371e-07,5.749153425805044548e-07,5.400852502915889634e-07,1.979603645477719626e-08,1.165965680852077403e-06,1.920660039039491988e-07,7.837714549816442869e-07,7.480704242573144784e-07,1.795813120810875943e-07
3.712669726533608651e-07,9.319795986723072381e-07,7.464584939259085110e-07,2.503408325914263600e-07,4.838677073950302242e-07,2.537770268872825748e-07,6.490457400403134317e-07,1.065637623709707107e-06,1.092055645004410320e-06,2.444243125823529777e-07,6.858322956231188426e-07,5.262397292772629497e-07,5.552115540411739331e-07,2.955189628094138668e-07,1.194520680625470817e-08,5.124803964863126948e-09,1.719704638092095738e-07,1.984349462126603061e-07,3.216280039933693875e-07,8.377179311622038170e-07,5.747987520781840771e-08,2.375177817740485877e-07,2.426154359083679351e-08,7.092432663533983772e-08,1.231293831502820711e-06,2.852100702918943696e-09,7.438793706252606690e-07,2.618881276783842071e-08,4.298391617497640943e-07,4.317271218379571488e-07,8.625987807393656660e-07,7.391024689721714774e-07,3.282188536402813421e-07,1.051879603706673509e-06,7.707738673143840714e-07,9.751267010660971254e-07,5.131579449278243563e-07,2.009029888521485312e-06,1.005478765366944726e-06,1.422853388924805044e-06,2.117344152050698845e-07,5.342025908092986659e-07,1.312110069522178766e-06,1.538941483722079250e-07,1.640266802084796100e-06,1.563342275070417623e-07,2.043629183003126548e-07,3.560298691833636745e-07,2.565819153921555522e-07,3.555479682620484009e-07,1.066697960803350930e-06,9.706797471270956685e-08,6.672167646477877983e-07,2.040518021653035514e-08,1.155673280955447300e-06,5.756697431262258953e-07,7.384455827806531584e-07,1.046960767503587533e-06,4.495869105836121647e-07,3.315264463182994049e-06,6.468812342873440780e-07,2.399468119118875606e-07,6.454141445877189500e-07,4.740730765737422638e-07,5.060387862541275532e-07,4.531539421743779951e-06,8.655418451516179208e-07,2.862280711038258377e-07,2.330240413140002373e-06,4.238601646582869919e-08,5.486774961551734014e-07,1.023256966050715646e-06,7.057183347001803445e-08,9.791254199835298308e-07,1.171735096455850032e-06,1.824426308800288574e-06,1.211706629491386249e-06,3.653557446124461705e-07,1.650266098763362768e-06,7.208276921613332228e-07,2.111993536511023887e-07,3.807812346126820409e-08,0.000000000000000000e+00,1.027716947757572805e-06,9.367788167767784675e-08,2.234385689980289458e-07,1.625604973433933672e-09,1.767120710487633895e-07,6.247051650076179207e-07,3.886740503005532296e-08,1.119166138939958604e-06,3.788614041700258797e-07,2.141028780722331986e-07,2.231802881772870496e-08,3.978297774359513354e-07,1.506354238530398380e-07,1.584913526727022568e-07,1.863408380807461190e-06,1.940807614849213686e-07,2.032298330625681040e-07,8.216182925479049223e-07,8.156598916719416694e-07,4.215482979656403529e-07,4.869666188421019313e-07,1.049322417408175180e-06,9.201287082403685146e-07,5.553393036036578901e-07,2.761191721971654748e-07,1.826715657674850800e-06,6.642863214497790178e-07,1.619227317945963837e-07,4.207999937172296319e-07,2.422332255247430910e-06,2.008691392731262750e-07,1.478202730841288626e-06,1.141947874385588518e-08,8.362980635437258069e-07,5.077876075398672198e-07,2.689218191800552059e-07,8.523844944536603214e-07,5.058126417887978430e-07,1.823904986346096711e-06,8.003784664687649919e-07,8.086007706773750157e-07,1.051707887968309798e-06,1.806065827556308292e-07
9.342667832658210256e-09,1.707417025481215703e-07,1.780907115955668993e-06,1.313016785220337594e-06,3.581023374489675230e-06,8.373203185245087661e-07,3.769871185263852012e-07,2.178652014710750631e-06,1.318125446609267526e-06,1.902201290149335781e-08,8.199731618456216396e-08,1.395998386050347984e-06,1.978166087843277922e-06,3.882230484600495972e-07,1.094553155833920322e-06,4.142359472493086870e-07,1.587193699474560305e-06,6.118656883133986577e-07,2.089784138803618424e-06,9.282447150380303598e-07,4.163594000333872839e-07,5.757257664538303283e-07,9.091342118799742879e-07,6.261140954141650359e-07,9.220663769334603050e-07,2.527511168271933794e-07,5.206918262688448087e-07,8.526627586747926213e-07,2.468231193227458846e-07,3.981633018070061108e-07,3.846801728219008499e-06,2.133493643476881993e-06,8.917281089125453051e-07,2.763960173039693315e-07,5.851440993215974496e-07,1.052749217534833774e-06,4.850459520348267645e-07,2.500631595236766125e-07,3.853359510775871280e-06,2.884993894319717448e-07,1.538728174017739949e-06,9.197734848625434131e-07,8.717806045817213790e-07,4.469142859313053693e-07,1.250507393357046792e-06,1.540486090311805695e-07,2.349321522972176386e-07,1.610078448945020058e-06,2.395423010619090775e-07,3.703093588173870976e-07,6.279530834966457198e-07,5.470630510204936772e-07,7.671436626540535584e-07,2.482056949446784498e-07,1.755612199185030183e-06,1.115529098658638997e-07,4.137143681496654604e-07,9.302484837177984948e-07,1.061924951998747489e-06,4.601256290467537562e-06,4.758824091343115269e-07,2.628924468811338840e-07,6.126868359448104828e-07,1.829806848794037589e-06,1.348534427491732045e-07,1.897654720585812564e-06,1.299476194711643675e-06,3.187103583028823338e-08,5.940973527744149952e-07,1.008431700205746219e-07,2.905515784659343621e-06,1.409853379021732765e-06,3.258624893809874889e-07,1.419836946080876532e-06,1.146514193784850754e-07,2.545638924074501614e-06,6.661913479916691444e-07,6.749011339184386408e-07,7.079240737272212025e-07,1.917900623968492944e-06,1.481532928244422513e-07,4.630247578597351830e-07,1.264710619980305345e-06,0.000000000000000000e+00,8.481188973223647745e-07,1.773427572769299356e-06,2.540361851629607699e-07,4.413019122775952640e-08,2.376403683272495307e-06,2.474833139677136393e-07,1.466127137759709889e-06,2.260015288430154926e-07,9.144758176836363083e-07,3.449965451281057322e-07,1.264619108753503355e-06,1.443203524548976589e-07,1.659872983560351808e-06,4.887925779796624405e-08,6.815193170599872320e-07,9.618692830815311724e-08,8.259355909333061513e-07,2.070334032236723367e-06,3.486224810586823761e-06,1.379934711361468913e-06,7.172148996880219250e-07,6.281999629141722146e-07,2.210916754182507097e-06,7.012953138235159291e-07,1.010310063445853013e-06,4.435305811742945013e-06,7.093525809197822490e-07,1.418727381696906020e-07,2.068269770307074421e-06,2.622321057306526733e-06,1.168631246323213343e-06,4.358548708223400963e-07,4.754538663954107365e-07,1.655922956758625310e-06,5.775109846529810975e-07,5.955701780074197861e-07,2.253512738015606946e-06,1.475527029053651703e-06,4.925166540131456382e-07,1.566033222252977973e-06,2.656843296825223283e-07,1.405122949797887701e-06
6.320595892907334261e-09,1.597577740171304046e-06,3.354294008319756296e-06,1.119122672887551069e-06,7.905599494812586898e-07,2.809683973756384351e-08,2.653335299520990704e-07,9.594697170503696949e-07,8.853881700335662165e-07,7.351418876823466273e-07,7.608262991621005984e-07,5.790935925648047584e-08,1.607759645414719958e-06,3.417466766525106254e-07,1.078450078620670265e-06,1.490323511674650519e-09,1.527560801959129918e-06,4.852538566183421438e-07,8.696138689123719223e-07,4.770528373653134198e-07,6.806996279538696075e-08,7.616792907536648170e-07,1.209764041855811540e-06,7.804314693876178304e-07,7.517044389549417350e-08,1.504982787448668446e-09,8.654478059137964968e-07,1.104349076573097359e-08,2.495382538556737607e-08,2.048758830385996224e-07,2.962230839843639676e-06,8.042235382779661507e-07,2.466844310565329002e-07,2.032847554224917439e-07,7.366255933021006010e-07,2.423249548089194685e-07,2.366577677954549695e-07,4.679607253500729986e-07,6.208543363087171552e-07,7.004734722343832478e-07,2.039160442996519723e-07,1.482672010801906751e-06,7.320820954733651080e-07,3.772655190312228392e-07,3.962347305726124314e-07,1.900568435049940605e-07,1.577109207937595689e-09,9.155254385906206303e-07,5.523956412659361185e-07,4.542990629208354279e-07,2.189514472797382886e-07,1.034453008727507871e-08,1.259155804218191167e-06,3.130478061067522467e-07,6.898243761146264914e-07,7.020065836767174553e-07,8.734161895630719690e-07,7.018007351648780506e-07,5.312879656954758480e-07,1.407180500038113351e-06,1.803984674778126141e-08,1.138221475737715528e-09,1.547578885727048292e-08,1.158152306621721844e-07,3.466520727351098476e-08,1.336701300833911033e-06,1.283900970643291904e-06,1.844178648094224216e-08,4.997392825380752872e-07,2.745317584201624698e-07,1.871794359328726503e-08,3.902431952488024569e-07,3.042155620682575166e-07,4.161718386994036780e-07,4.175435911661802097e-07,4.060298920597843486e-07,4.657040580405231127e-07,3.256859429267069675e-08,7.990700621270345415e-07,8.493272749476697858e-08,7.359971713050948298e-09,5.503161700879637864e-07,1.506448541853233117e-06,9.220542351842759728e-07,0.000000000000000000e+00,3.870620713802298820e-07,6.829497436432175229e-10,4.414721851698607780e-08,8.650797119930655816e-08,1.073680719119979276e-08,1.487293296575505224e-07,5.953684229839292046e-07,1.255028048142864755e-06,9.664484817070592412e-07,1.922875000223985361e-07,1.793724500051641920e-07,5.273208375665223217e-07,8.150374486092657482e-07,4.938729401184277382e-07,2.100565990592156373e-07,8.829656702063990999e-07,2.907158305298441087e-07,2.987971035592130329e-07,2.988319492303932386e-07,1.152196309907422808e-07,1.775844277738578216e-07,8.826461324332072488e-07,1.748446529423339376e-08,8.365745503815400294e-07,1.370826007816277890e-06,2.031405524214052657e-07,2.027708167827754965e-07,1.520056484731143353e-06,1.105777141398749122e-07,1.113615169964955909e-06,2.661897779424578411e-07,3.221516049266564735e-06,1.034886606560440138e-06,5.351508292771273830e-07,5.443328865984066398e-07,2.804527797185053548e-07,1.823050398758830742e-07,2.602225685462673053e-07,1.164106914097551608e-06,6.402652947702669110e-07,5.583319548104403744e-07
4.178516291609233221e-07,9.263322910504702758e-09,1.707561360503938555e-08,2.742937669946862011e-07,2.116699199399882720e-06,1.947999586682470069e-08,7.518426410660812084e-07,3.827106807552812752e-07,3.991367818512179077e-07,6.578633055516900954e-07,8.884543288138724491e-08,2.565043025211515085e-08,9.026154139881073985e-07,4.579243427586171556e-10,1.206885538521050084e-06,3.805348022365938969e-09,5.406854994574679736e-07,1.223392785837340127e-06,9.990844914204780166e-07,3.828301730668120396e-08,2.352895786838818970e-07,6.929998819752408766e-07,2.765032709452397184e-07,5.184511979587657794e-08,7.038532329134069957e-07,6.612094009873464052e-10,6.051337346334204614e-07,7.233705709119216015e-07,3.442130503583428827e-07,7.759797354751299390e-09,4.715662398110258899e-07,4.085522444482772877e-07,7.482258373120626445e-08,1.955513281076899166e-07,8.426340582383834191e-07,1.892270088076048145e-07,2.851005115581215888e-09,5.679008016448500377e-07,2.284613086108546735e-07,1.395792437479951982e-08,2.259386911151131406e-07,3.935069738742794155e-07,7.747624768181444376e-09,1.350663665623843795e-08,4.668347201142898655e-07,1.903109475102154927e-07,1.341023492571483112e-07,2.989753939467625518e-08,5.952989567411260504e-07,7.593143480841093500e-07,1.180428557254618391e-07,7.928264478073099493e-09,3.951529187222109347e-09,2.985835700049630281e-07,8.213823868190979727e-08,1.481251252434426835e-07,1.038658781315988800e-06,1.913163144449562720e-07,2.291356248621035696e-08,1.108503079068252332e-06,1.623332549255929867e-08,2.194256552772605732e-08,1.063786007667290861e-08,2.224147454953914526e-07,1.130725760607578943e-06,1.984087996370724308e-07,2.808971735069455093e-07,2.857820549692649317e-07,1.344064868192878193e-08,2.787192578535401208e-08,2.608357028803535010e-07,2.706460613020620173e-07,8.604129879108101300e-07,2.796630052102927631e-07,3.935037831054868178e-07,1.552614389458707904e-07,5.428041528390073531e-07,1.065475811794646799e-07,1.931791056081032659e-07,1.078717954754055891e-06,1.432415416974798926e-07,5.800075478229397296e-08,1.451231625073729775e-08,1.404015531481716250e-06,9.604940084316914273e-07,0.000000000000000000e+00,1.089178930837927081e-09,5.487475118681099735e-09,8.962449694008711101e-07,1.540465605200536540e-08,1.807301332990112169e-07,5.741559615580417835e-07,2.425993963952094212e-07,3.097709061188299922e-07,1.872375559313113748e-07,8.914482117749604232e-07,6.793538267675448481e-07,5.833240382229094636e-09,3.330443029917494920e-09,4.533695443766599306e-09,1.332830593464674967e-08,4.784866882169389102e-08,5.585902124752483781e-07,1.177663579091863566e-06,8.300433851436735534e-07,1.100952363180391777e-06,3.112229363326737383e-07,5.077673898113037259e-07,5.066548511577687489e-07,1.291220404196920258e-06,5.173726316942019934e-07,1.005929236605953523e-08,9.558126318142449325e-07,2.703078853612492228e-07,5.229866123214388840e-07,2.592990031044041518e-07,5.767479376747495762e-07,2.390234718007856864e-08,1.792017755942453046e-07,5.875483832412514486e-07,2.427016933931499419e-07,5.961800792212060994e-07,2.251607535064496459e-07,4.643495318567492539e-07,1.305595452914475362e-07,2.383187327693765286e-07
5.530323239584409333e-11,3.547862444577705399e-10,6.721403156490551820e-09,3.862039469130555680e-10,6.752275721454972570e-07,1.631802947843362671e-08,6.507336486715496930e-07,2.236329332253418626e-07,1.581065243016274413e-08,7.983552241723158925e-10,2.813387299317239031e-10,2.603842361215036237e-09,3.577868445151439081e-07,1.277766465087634971e-10,2.109425119986943367e-09,1.983375570042512063e-10,1.100308001131774158e-08,3.390899793347106584e-07,1.171284803828273652e-06,2.883493695894579028e-07,1.084464401710875479e-08,6.134063183768992742e-10,3.996144236155998618e-10,8.610438314982765212e-09,1.677579254344941844e-07,1.841091185081939895e-10,7.028208416186179891e-07,3.308556191938030598e-09,3.006408171056780637e-08,2.582450513032450647e-09,7.633298017254039521e-07,2.502623216175128739e-07,3.869404361749719029e-07,1.969263932503267129e-08,2.642871626737168985e-07,1.712796862528081616e-08,4.950159092558586965e-10,1.102584481197743408e-07,2.486315319131485658e-08,3.887962105979456345e-09,1.747532972005363426e-08,2.707844781858548954e-07,1.962764731730873086e-09,4.137975016333117815e-09,2.357405848168133126e-08,8.230234118906703568e-09,2.130328706629852055e-08,2.267504132584803672e-07,1.700421295108175461e-09,5.234196369634439253e-09,3.040551576705193202e-07,2.798019617813923855e-10,5.779703685841238943e-09,2.309199047287378077e-10,9.168926340839720597e-09,6.907937429318894478e-09,3.115491948057674625e-09,6.167877751774927877e-09,2.867253867512738697e-09,4.094976420574009647e-07,1.190825081669896210e-09,9.278663247182579088e-09,2.730055203114879842e-07,1.929218298776083423e-08,1.484273529735870738e-08,1.050234090406745865e-08,4.521738443088977350e-08,1.689343272185895418e-08,3.042277885250094492e-10,7.883723890660506723e-10,4.847214873564474118e-09,3.494232480091412238e-07,8.106853196222875740e-10,3.488181575919146584e-10,8.186805508643905112e-07,2.333829036870686757e-08,1.591666410808492947e-08,6.404010102076386935e-07,2.863771892084404829e-07,2.399257506145130017e-09,4.533106613667789631e-10,3.089409983707973873e-07,2.712505471126431754e-07,4.882937632922430746e-07,1.001950110906984851e-06,3.474667390912457276e-07,0.000000000000000000e+00,2.897941734636015134e-07,8.094466608088891076e-09,3.428573212647588326e-09,2.408213613992254436e-07,7.839073673419924782e-07,2.674198534664211718e-07,1.641987536045736613e-08,6.677918391759301461e-07,2.773889721271849625e-07,9.627838439726396153e-09,1.500744463162838546e-09,8.009614960281288200e-07,7.346776715646373841e-07,2.752395071098017610e-07,3.665262057713115751e-07,1.090584508754330106e-09,2.437568878525977326e-08,5.651525084126193852e-10,7.542333147240778718e-09,1.269373082021256649e-08,2.940000933275003975e-07,2.431194787780332545e-07,2.356983614794675624e-07,1.867926380092691982e-09,1.916120303771712695e-09,1.374340952110439420e-08,4.017638424778238780e-09,6.157466329950922449e-07,6.039867168738312327e-09,5.248920835564595646e-09,3.332207935330566603e-07,5.988937168159314075e-10,1.093368342519771362e-07,1.702597409089764390e-09,7.725109241447070461e-07,7.570026031291146432e-07,4.668319237625388494e-08,2.221250688832310002e-07,9.328269606699784902e-09
3.577627707353523430e-10,3.125089262783427215e-08,4.135906596366522984e-07,2.484658502472932043e-09,4.281833205482224208e-07,8.566266170622234360e-07,1.934254737329148404e-06,2.253415080217252474e-06,1.650241711886133151e-06,5.801887477302550429e-09,1.238208989866122324e-07,3.544267221264699057e-07,1.786296094985208605e-08,8.247669603804880263e-10,1.709382398177441744e-07,1.662333647858819940e-09,1.214328520848043087e-08,1.859588121619137466e-07,1.611099952327491477e-06,2.579969024576656795e-06,1.776625807750242206e-07,1.332797017680712690e-08,2.015392518373773271e-07,6.009904717564316015e-08,7.416369453178264533e-07,2.453392262123160130e-09,4.582959206416479889e-07,2.824970545693255795e-09,7.116196208249266713e-07,1.615150274914717095e-08,1.677888317449427140e-06,1.778240697732439879e-06,5.531888056388617348e-08,1.062090470258113929e-06,9.477526171559211005e-07,1.625360696326290936e-06,1.930463541859867108e-07,6.798496417537907243e-07,1.041617821707810022e-06,4.597451336683129107e-07,2.153656958892432808e-06,1.459589145638314584e-06,1.549264527629665130e-06,3.770931971445862481e-07,2.543627971249049304e-06,7.094125922839414085e-07,5.161124840006063614e-07,6.395765307874258617e-08,1.997627341229953263e-07,6.922628763441093946e-07,1.792041132974755009e-06,2.605121742073883868e-07,1.520698949510271075e-06,2.457480198838497644e-07,4.062198240013444438e-07,8.497211308474307195e-07,4.208894545579102516e-07,5.176526690947601701e-08,1.586612705344462581e-07,3.168628740099709013e-06,2.362750744528342839e-06,1.016188968565933746e-06,4.608215524545674688e-07,4.913106363271109963e-07,2.292935540120147241e-07,1.004120207861133244e-07,1.146419012824040536e-06,2.477746268899256899e-07,3.609012470487272837e-08,2.381571021137459443e-09,2.024355719946590432e-07,2.782741727651286723e-09,1.937268559660609518e-09,4.733412038556832167e-07,8.176278336572945733e-07,1.228805947340764179e-06,9.533516753289584649e-07,2.538396863334345790e-06,1.764788049050011769e-06,3.387911820041503600e-08,1.402819171508767926e-07,4.754313262144519161e-07,1.264375704993117415e-06,4.910844572817837165e-07,1.776607171753424616e-07,4.336135745233059255e-07,2.043816610878614781e-09,0.000000000000000000e+00,1.926427179506423804e-07,7.226554344473042235e-07,1.320581190576198251e-06,1.908438801262280787e-08,1.079266451382286237e-06,4.649293884476269736e-07,1.572252957231614112e-07,6.530621363088303486e-07,3.887308899376770230e-07,3.896861526528258767e-07,7.803367122683096989e-07,4.899981323442952494e-07,1.007930931218863138e-06,1.765266546970754015e-06,5.948709363579942793e-07,4.356330968544192315e-07,3.713249992215120539e-08,1.912319975743570443e-06,1.532800370178838056e-08,7.023628551291741963e-07,1.853634957340841390e-06,8.565254962155655716e-07,4.340896916794643486e-07,7.174314374167626671e-07,1.295844460528430260e-06,1.033108535622735497e-06,1.441341839313306385e-06,2.248553005870339693e-09,1.879216989232710574e-08,1.188751113266815988e-08,2.677857560524537128e-09,5.534263328091576393e-07,1.923678083091350609e-07,3.746238068085461965e-07,3.681034947452406117e-09,4.425276097464248503e-07,2.884631101175522207e-07,4.416517049672239857e-07
3.503531312505772172e-10,1.473711869982135903e-06,8.239412254369891695e-07,5.772845364703378957e-07,8.251910865218430375e-07,5.724126183783682899e-07,9.247713200001524252e-07,1.604226036298480891e-06,9.113066961769345993e-07,4.374711349696968143e-07,6.620825719431712586e-07,6.425599790820706976e-07,8.327988827626568856e-07,8.094815435819427039e-10,7.839202428163580450e-07,2.632962026169889323e-07,1.740918922416042634e-07,6.837367828897635690e-07,1.080559011635746450e-06,3.298995550331388238e-07,3.267946020078260496e-07,2.848780580924587187e-07,2.299812897430456134e-07,1.201099492675555665e-06,2.042842863302111562e-06,1.173732062589483029e-09,7.435037783258971974e-07,5.727522374100393376e-07,3.333745208372820213e-08,4.165430562689884590e-07,6.596033136056152737e-07,5.681582594565145588e-07,7.912614246963530221e-08,1.608213272921000824e-07,8.755665940143500922e-07,1.803698094099177982e-07,2.201812161790439392e-07,1.498523416557166789e-06,5.405889939125500444e-07,3.757333774355498849e-08,4.027984053212026408e-07,4.202622750965346243e-07,2.073138855937189622e-07,2.121489043542532116e-07,5.327465962130532868e-07,1.869476685830609337e-08,2.595199444048996945e-08,3.514060769404728587e-07,2.528942450180750563e-06,1.952219353241239989e-06,1.844677015646953544e-07,1.228145467473566397e-06,1.441804629238872837e-07,6.153342548320649398e-07,1.819596944210005560e-06,3.157882154403147062e-07,5.799719794191609543e-08,3.033977440911981308e-07,8.916585252787921874e-07,1.773671359605701223e-06,1.362332112798607950e-07,2.007694536076659278e-08,6.197275254332559494e-07,3.982859478278318916e-07,7.527851509093467413e-08,2.853434290789710998e-06,4.029614916419995816e-07,6.906553951190493058e-07,8.259340476180397616e-08,1.339365157019262128e-06,5.808467330299859431e-07,1.420345334939489450e-06,2.882935604546348474e-06,1.858494606782617144e-06,1.069946948529077282e-06,8.793087122206989244e-07,3.738409827385478855e-08,3.711007769343196696e-08,1.736636670428105760e-07,9.346622456093320738e-07,4.485559724179691069e-09,2.364974080819588561e-07,6.962742898844331786e-07,4.757744192725019014e-07,1.196471310418464141e-06,9.465275014102916227e-07,2.610865772479810066e-07,9.413923574050142710e-09,0.000000000000000000e+00,6.836681504384459514e-07,2.953460812222826323e-06,2.747290289209616271e-06,3.331056769382901935e-07,1.991737253610911933e-07,6.555094239504133146e-07,1.364680203657767998e-07,6.554296324948684398e-07,1.502753141054314497e-06,3.932003157852488337e-08,4.213000440014556738e-07,3.729460946310018329e-07,1.523758093293745413e-07,1.648259044441524437e-06,7.820945329213600481e-07,5.249704613392732765e-07,1.329942423565243308e-07,1.346089069892073040e-06,9.196833368071793772e-07,1.731540798089236233e-06,2.304096789928875167e-06,9.924315704892109703e-09,4.052209152874834145e-07,1.491897868349172134e-06,3.187299053147210427e-07,5.722362213089576868e-08,8.238548613467471378e-08,1.207676421734569431e-06,5.812185188164715584e-07,2.726073784137939865e-07,5.304950144788660114e-07,9.225693901733434854e-07,1.372419629422424576e-06,2.045809987704014696e-06,4.481492288959068590e-07,1.051828599523294959e-06,8.776887110110124895e-07
3.379157438008936781e-10,4.847680511951778513e-09,2.194646937978585404e-08,3.458245842115854564e-07,4.188618615218373657e-07,1.097608360783226723e-06,1.494117203672457769e-07,5.517346138261789259e-07,5.988497766223821546e-07,4.360073360839073178e-07,4.152120386945993146e-09,5.522990006383155202e-07,1.907078024644974753e-07,4.876616746877928226e-09,1.169037843158584270e-08,1.597092936574732537e-09,2.241699486697521789e-07,2.048605973013713757e-08,3.301373838785466490e-07,2.465207607197455965e-06,9.912130103527131018e-07,1.874357774562054769e-08,4.082016166868024987e-09,1.600819962912019623e-07,1.263802360851918169e-06,1.125046097060510249e-09,4.705274594373473166e-07,1.240141265961349484e-09,4.628054352899919042e-07,1.855896070246638921e-07,9.320502568372533301e-07,8.720285907725700967e-07,8.736063300383142387e-07,1.058694234212389242e-06,6.648789342728183071e-07,4.036383368270520014e-07,4.988487987624822020e-07,6.988829326770521921e-07,9.384881536630051977e-07,1.335767228343869071e-07,3.511661945229273292e-07,9.417640693240443393e-07,2.095772164050541603e-07,3.271867884498685177e-07,1.875293706016299352e-06,1.853993600580841015e-06,1.107465176617383496e-07,1.590859458975616504e-07,1.201850576969007336e-06,3.678698894651579291e-07,5.185513488837953558e-07,1.446033579723955035e-07,9.320947268380944946e-07,3.410528955743845688e-09,1.481508175701305832e-07,8.699652242446126202e-07,4.082584079065619159e-07,6.999599689869177837e-08,1.618773711463527714e-07,1.839482835874114938e-06,2.075533943443403392e-06,3.721972693484900048e-07,1.535492864227410142e-07,9.182415426516008245e-07,2.282353504854086460e-07,5.969321647165567867e-07,1.009669973039712368e-06,2.516185484215527365e-09,3.375152880417464283e-09,2.466617656525527101e-07,4.741668814674895292e-09,6.558998829355967393e-07,2.278152711977852529e-08,9.831852589666515309e-08,4.781466836758037165e-07,6.505377689141109195e-07,1.551819722943385148e-06,1.826597235887899574e-06,5.135461383725942384e-07,8.360019559819451649e-09,2.292218342907809244e-07,7.913528142223559880e-07,3.816835660408290848e-07,3.758632818767841017e-07,1.901293571976872653e-07,2.408400164253913577e-08,1.576754375390842331e-09,7.814320393414121024e-07,3.722404052563006324e-08,0.000000000000000000e+00,3.254261911234657688e-07,3.390944704237459962e-08,1.781769602460533651e-07,3.344380647754756309e-08,1.527902088300975232e-07,2.178968831242095083e-08,1.671115950085180410e-06,2.222935006985486321e-07,3.589436372896391788e-07,1.746476245001436611e-06,9.697321607306307041e-07,1.363631704015699097e-06,2.644033169839010010e-08,1.520584182353553356e-07,5.978210863201950351e-07,3.588348542782724220e-07,4.495576248052983705e-08,1.582611480588349062e-07,3.486151599562177933e-07,3.507590525480455646e-07,4.331096524792743762e-07,4.429076998786657678e-07,1.302924069382117540e-06,1.008192988902373544e-06,5.315193674616219094e-07,3.227254761429793377e-09,8.082696508611687543e-09,3.505861377158971667e-08,3.630604449086542823e-09,1.160277726988056873e-08,1.243311922706320841e-08,4.425214843291344027e-07,1.823392543669682073e-07,1.285336002605103427e-08,5.093388923040453196e-07,1.289520377245255405e-08
2.842266769104469529e-08,1.912089297189393505e-06,8.449537771231293632e-07,1.177948507856413275e-06,2.247144423259837462e-06,4.114311521567453747e-07,7.566348592974356360e-07,2.933081646531299767e-06,1.445027559064403359e-06,1.262047446238481598e-06,5.239197570276534694e-07,1.114698087143312513e-06,1.787721598838079858e-06,2.705029989800015719e-07,4.414338387691538284e-07,5.238657491021324039e-07,1.057104001733335997e-07,1.017426367182260343e-06,1.500447512139553807e-06,3.993034660038604035e-06,3.691859854930965044e-07,4.210439204182354837e-07,4.311939708921114452e-07,6.167569388839363283e-08,1.052979912823239892e-06,5.243446791235198250e-07,2.548220807834197645e-06,2.172631394877742584e-08,1.211216270818578025e-06,1.193392197317728408e-07,1.925066302539546380e-06,1.277952870706680872e-06,7.956210088854842498e-07,8.720199975757353732e-07,2.232804641143890393e-06,1.946113651648381655e-06,4.069697235108978731e-07,1.410190452704187566e-06,2.529242736899350235e-06,1.399146407223275736e-06,6.260699440677285981e-07,1.325062842216568452e-06,1.289181682986442838e-06,7.935438774912462131e-07,2.154742785994696599e-06,1.208898558885779453e-06,6.843681285073439018e-07,4.697342847785112514e-07,1.039651808992527230e-06,2.088103772647176041e-06,8.782169212120462145e-07,9.309333142926375910e-07,1.338401141407640089e-06,2.151960963991240366e-07,2.064694960866370538e-06,9.156085898693062027e-07,2.427836231826511986e-06,4.576598295529913872e-07,1.486201751550300530e-06,4.911454317319755460e-06,7.381464475314849092e-07,2.109548863304597487e-07,1.858084150257424263e-06,4.126212518354724663e-07,2.004388733422956082e-06,3.978416815775099951e-06,6.224384197021622447e-07,3.596863939072800236e-07,2.558927377595176349e-07,2.356807564199098532e-07,6.072266092046272777e-08,1.166152054170876916e-06,2.913239403113824510e-06,1.777006942540897002e-07,8.182099015058480536e-07,5.015812183007326991e-06,1.400671184980714508e-06,5.255725748492781475e-07,5.655161618774740356e-07,1.204890866018987729e-06,5.422922588251334191e-08,1.025068371832645537e-06,1.978513125974527929e-07,1.089568296058632992e-06,9.221647576086065047e-07,2.874083943047594385e-07,5.202437229103063154e-07,1.803158803828819734e-06,6.705592732411072406e-07,3.094186546138954550e-07,0.000000000000000000e+00,1.330144509476197234e-06,1.223097830171003409e-06,3.855626829048378182e-07,7.631025339688027486e-07,4.912718838117420929e-07,1.356860764605014095e-06,2.504439128786863708e-07,1.366923459066972210e-06,7.877563028132596130e-07,1.077529969061230140e-06,9.369278926144503417e-07,3.814585178582642298e-07,7.928935847672340584e-07,4.294165049473238324e-07,6.959074743102772589e-07,2.058277961356146167e-07,8.154201320448637694e-07,1.741783545892202162e-06,1.714881886008419322e-06,8.482668481275878443e-07,3.451147348187004015e-07,3.609457795897934358e-06,1.518201741630883895e-06,1.808421900432940721e-06,5.416639824658111975e-07,3.054524212055859405e-08,2.329091525896738038e-06,1.498302479944594952e-06,2.699112328787379019e-07,6.972917849232005109e-07,1.783424786428983504e-06,5.011415325605404093e-07,5.596100909980630264e-07,7.997567177441823538e-07,2.674732599478514827e-07
1.915795726485577682e-10,9.198757534228373402e-08,5.183810475492991192e-07,1.465474228921149062e-06,2.153335309739611290e-07,3.321528313292653231e-08,3.510397966948560667e-07,3.700428714827056889e-07,7.871470776444031206e-07,3.123363643771201863e-07,6.449082205297062918e-08,4.505080039251220900e-08,4.088127316288030342e-07,4.401940160585449993e-10,2.287517941958463289e-07,1.066345340753381696e-09,1.062429849676826282e-06,3.158088875344762077e-07,5.043928805207124426e-07,4.064008688897096021e-07,3.044002833775197989e-07,2.771677519710474984e-07,1.040523263858967040e-06,8.580657095977525326e-07,9.859219043021315716e-07,1.479312863018162288e-09,5.199243776329110735e-07,9.451298460826791414e-09,2.996333962073471548e-08,9.194103347918428275e-09,2.152018426929428372e-07,1.353161074019032466e-06,2.178173749988664396e-07,1.520514854898093768e-07,3.489036554865762547e-07,1.952225107975209299e-07,2.931282306933219179e-09,1.858746335211333487e-07,4.899417293226019514e-07,1.287512336547564425e-08,4.400138629908345919e-07,5.438383520304323937e-07,5.112634832989082610e-07,1.670100445858869841e-07,2.726694100840608695e-07,1.900071111537475651e-07,2.512381811486192207e-07,1.689691374297353926e-07,1.083243689135491012e-06,1.822132056937854115e-07,2.109480591197210062e-07,2.933113117788927548e-08,1.533965389739128831e-08,1.167832413630506352e-06,2.348945762324744497e-07,7.885325780865668419e-09,2.132613706309474691e-07,6.469614724029449123e-07,5.382122962072468506e-07,1.974980154427098096e-06,8.567087207306803545e-09,4.351122404598214663e-08,1.733341578937618716e-07,5.202949299259648194e-07,3.687554148328010618e-07,1.874510543974977730e-06,3.316214769962334151e-07,1.239900858803857687e-06,3.137973739279857560e-07,4.673903459064357243e-07,2.698919343231011589e-07,7.016934432041964835e-07,1.316937296384235556e-06,2.724460660897085333e-06,4.050018515771746341e-07,1.749885948764211151e-06,1.716010229373632965e-07,1.790466129912387156e-07,3.579211046020846767e-07,4.582467669311079407e-07,1.560706653510506593e-09,4.601342314609312162e-07,1.145587511387762578e-06,1.547761945086819129e-06,4.193819017503976593e-07,8.375344052902415576e-07,3.493280043075952512e-09,3.796788675932922489e-09,2.784172969912314675e-06,8.847800598395597357e-09,1.240560256959879614e-06,0.000000000000000000e+00,1.420656347520874613e-08,6.139197219621426350e-07,1.055362673908337390e-08,5.738859668992059485e-09,4.703677098777225360e-07,4.116337884777586277e-07,1.938682401496495953e-07,2.693647506796341452e-09,2.715803307962507081e-07,6.296929517861150062e-07,1.506790730107618999e-08,2.519563733434594321e-07,1.978181742427032629e-07,1.638540820047638314e-07,7.924152860084874792e-08,1.962143346349545914e-07,4.362354650723192042e-07,1.612528173422368523e-07,5.016743768190451658e-09,1.441858721311643162e-08,2.484310149483104342e-07,3.508994652361503674e-07,3.640693678474362246e-08,9.083908761382607757e-09,2.518258382143509410e-07,1.884999383818756172e-06,1.030109542014288794e-06,1.661533398009420245e-07,2.391929416257571183e-07,2.301199360247551778e-07,1.347327826517972860e-06,1.505369230363900494e-07,3.803730633954548058e-07,1.707165361201747115e-06
1.853077277114591133e-08,1.872652286620847222e-08,1.032010728115351258e-06,1.695827202679469422e-06,2.816184308652724932e-06,6.714635239878954528e-07,1.458707053154691477e-06,4.287159001873537500e-06,2.635100434284731466e-06,3.742858531226828128e-07,4.133354050904269364e-07,5.486109540554573184e-07,1.173730806948453524e-06,2.943740086594490195e-07,2.280591629123846390e-08,2.385097577777699530e-07,2.051318393068683488e-07,6.274005523299706417e-08,1.501114508135781731e-06,2.123786792311989178e-06,9.653196781301041689e-07,2.618535418455285764e-07,2.104075411893285825e-07,2.790318187005346964e-08,1.062563823018449388e-06,2.408119927357700577e-07,1.882986562809371928e-06,2.414469313082953420e-07,2.383673889898434488e-06,9.535291658765880222e-07,2.015694935225615670e-06,3.026988483258377479e-06,1.536621808436131493e-06,1.006064411683651684e-06,1.747761049181480271e-06,1.796447381234645595e-06,4.773968524736658954e-07,1.761246978391511461e-06,2.794297039000869089e-06,1.640340350810988978e-06,1.339676575279986429e-06,1.315051439451403173e-06,4.412191999031427215e-07,1.061218855038739897e-06,3.832251580755824269e-06,1.673885413349617136e-07,5.150389372429623418e-07,1.339950297230460615e-06,2.011126088665610699e-08,3.214780266436437435e-07,1.054875143902955959e-06,2.067447414123441384e-07,2.291564559786908942e-06,2.222822833734700604e-07,8.853742164952049883e-07,1.840766467634619988e-06,9.423133587016825472e-07,8.439354933107342298e-07,1.877425016891225326e-07,4.547526883908468545e-06,2.654254651408891680e-06,1.366119677210713580e-07,4.184783310636678732e-07,4.531171874229889146e-07,9.649021581138256217e-07,3.816814332811009835e-07,9.705396066976037961e-07,2.497721183658406232e-07,1.329298069330862744e-08,6.127360586361107455e-07,4.797278777326295506e-07,7.850402903229785733e-07,7.126828680018788787e-08,2.444972543461141699e-07,3.443226532961660667e-06,3.407162187014039058e-06,4.024220806464112041e-06,3.515420184359292101e-06,2.771255375482112154e-06,1.726160232377106309e-07,2.851953135450603854e-07,5.464066301585485650e-07,6.074913052321542786e-07,3.849621671051385469e-07,4.293398705527271245e-07,8.308716359001611596e-07,5.308709562792160222e-09,1.299082897896723378e-06,4.006079636321879713e-07,6.588703313210672094e-07,1.490418440145544963e-06,5.087743433016216566e-08,0.000000000000000000e+00,1.070316985102849533e-06,1.524337343019616224e-06,2.157753864326214248e-06,1.841440844079594834e-06,6.171301738342482158e-07,1.056225334854556655e-06,8.509566173891764359e-07,3.935900310169534007e-06,1.642143697783531658e-06,1.618975452047144559e-06,1.296287587654344232e-07,2.142840337602406332e-07,1.436914444171466409e-06,4.972130956880888498e-07,9.496271774274867196e-07,2.464342548561389755e-06,4.584216802329150065e-06,2.396566369626968635e-06,8.141036400549973593e-07,2.409116914320635525e-06,5.153803067116327172e-07,2.977600121460350969e-06,4.113752821220187554e-07,2.131381434447617160e-08,1.828756868138650975e-07,1.962349738405967852e-07,5.744325819194656808e-07,3.105534444057828438e-08,3.259989352077518062e-07,2.440546738760669956e-08,3.569750776471297240e-07,8.503456999308034501e-07,6.947997526132734017e-07
1.958662766218820181e-08,5.437131438037156514e-08,2.796254750919158531e-07,5.886764718514348298e-07,8.591225903580122970e-07,7.636893470209765508e-07,2.512461699078939085e-07,8.908683824369050897e-07,3.430748695873799681e-07,1.914371976117944365e-08,6.985327137297532849e-08,2.627473987834050280e-07,2.606439894541593738e-07,2.669084769583099317e-08,1.505120202805559910e-08,1.166462241521411766e-09,2.905408332154236235e-07,6.617621363676905012e-08,1.280488651585885996e-06,1.462760911528820642e-06,7.155140967817852199e-07,4.789041640715204420e-07,2.550039749235288732e-07,2.627112599709927405e-07,1.797068882246662670e-06,3.018042173349534749e-07,5.117146838720362098e-07,7.102865514479635637e-07,6.022879306794320572e-08,4.895756086791546932e-07,7.239298359476703958e-07,4.083772851905576435e-07,1.117853881278426258e-07,1.981358909506343870e-07,3.943380618721864674e-07,2.184519223902848676e-07,2.457013110222369715e-07,8.559918585544202745e-07,1.542954432438167145e-06,1.337210195098143074e-06,8.280824051246147227e-07,5.230023836009133101e-07,9.301655926386146886e-07,2.711411972970304720e-08,1.201756481066682962e-06,8.062204702122427793e-07,2.778951189815943937e-07,1.988673392849797771e-07,2.398731525012270767e-08,2.969344123352071110e-07,4.990352127936716149e-07,2.698628652444362642e-07,1.183381257240704059e-07,7.674827810201422224e-09,2.112420179251834515e-07,4.056363279171029952e-07,9.324695240291666118e-09,2.704892431463789820e-07,2.447756621533394191e-07,2.189893630469120267e-06,1.421438233439396592e-06,4.751761738752053011e-07,1.096976551719231136e-06,2.364361952538321960e-07,4.741438250528764430e-07,7.219488997759452365e-07,2.501950170912949384e-07,3.040850378361439298e-07,2.734443666168334805e-07,1.446183790989761300e-09,2.103382724705671301e-08,6.287649141947373329e-07,3.243232145062082840e-08,1.594918441147167356e-09,7.027594108212194112e-07,6.039258262475392726e-07,1.762435600998295480e-07,1.187588398515408134e-07,1.152595311157403095e-06,5.529607896232249253e-07,1.214116386677240840e-06,5.390066066977907882e-08,3.724279223525924327e-07,1.878285886103636729e-06,2.308843067216901396e-07,5.481965419473203358e-08,1.565610853832269044e-09,3.745978479985328147e-08,5.298657257578318776e-07,1.934081143585330559e-07,6.909127438216196113e-07,2.634311536621901062e-07,1.435898410742514206e-06,0.000000000000000000e+00,7.572634173802807356e-07,1.725497658951359097e-07,3.165364217902749915e-08,1.208011105828428610e-08,3.979253828542335155e-08,2.020423279365168681e-07,1.945215749878968189e-07,2.406771201614613049e-07,5.172418329687611305e-07,6.534162376603824003e-08,1.154825859004899912e-06,4.248046602914234411e-07,1.520373746953583112e-07,3.819717658731349775e-07,3.876118863863804584e-07,7.039909592311197994e-07,5.036937702274319428e-07,1.961586593730696367e-07,1.783864295533588143e-06,5.170369307389961286e-07,8.839544163574377946e-07,1.451496897394779406e-08,2.356187070788555476e-07,1.000564470411982230e-08,7.458172317129904646e-08,3.499448690076346810e-07,4.795972344856454452e-07,5.030935718883213273e-07,2.246205404379600884e-07,4.498102729026057828e-07,5.545252187642766048e-07,1.399415815530084243e-08
3.040436374742142864e-10,5.656014006983747792e-07,4.519985668376457678e-07,2.234676798980981548e-07,1.192831740934269062e-06,8.713545607201402665e-07,1.684839814034342267e-06,4.724935027678564416e-06,1.327925183718698353e-06,6.739709705261182801e-07,1.235570430459769712e-07,5.516869466818614412e-07,9.921635201375821013e-07,7.030961688906045748e-10,9.283316903371618266e-07,2.726510190266996301e-07,4.055440738918309268e-08,2.494114195103279476e-07,5.138706677894816833e-07,2.002748769113599921e-06,6.207610799263322291e-08,7.488163765446823536e-07,1.070700883338853994e-07,4.554923903960438585e-07,8.060047496974455121e-07,1.433464692731926448e-09,1.481177902497238190e-06,1.692257651268055411e-08,7.960453988352705647e-08,1.675352316288322459e-07,1.866245365557788713e-06,1.558610188237339795e-06,6.793157739878376330e-08,1.472499399906908780e-06,7.168584945042416429e-07,7.271231804334364040e-07,2.205324651311353099e-07,1.020429228594497001e-06,1.091058653066947646e-06,6.302305855891099364e-07,1.061139425603823176e-06,2.420694695961722787e-06,4.966641306197901555e-07,6.233582578642943090e-08,2.929258318659132928e-06,4.382759024126252066e-07,2.422604146538628151e-07,9.743452508350751326e-07,2.276824101848893378e-07,3.473368889439879641e-08,9.563062666485741062e-07,2.984188049914248512e-07,1.745801984991560352e-06,4.935812872011969502e-09,4.471371310916427587e-07,1.555170099948250007e-06,1.101460875273491707e-06,2.584200978949043792e-07,1.577886367145449976e-08,2.202934178927403042e-06,2.040200531482550738e-06,2.411332944246134942e-08,1.003316036680709062e-06,4.059347191551651083e-07,2.854409395936298709e-07,9.763474302513940574e-07,1.546263461977239737e-06,8.931255608334110479e-09,2.830123246996180900e-07,9.157159261570919895e-08,1.156179494050258685e-06,5.304213708442437216e-07,4.595260063459368883e-07,2.351015231066515462e-09,3.339039029528320434e-06,8.749159236597242464e-07,1.147311306523740318e-06,1.548476712871343524e-06,7.987995797013845078e-07,2.082556841651843691e-07,1.529831884755810556e-07,3.132476863029477387e-07,4.102659498693053108e-07,1.044225178689469949e-06,5.196636380889566682e-07,6.017974078344385396e-07,3.483376753278886685e-09,1.112438625866526103e-06,1.161293091186721036e-06,4.210487253220170538e-07,3.744936159957095044e-06,5.694407061913862100e-07,1.974125083837076830e-06,5.170596893828513574e-07,0.000000000000000000e+00,3.512569949795378165e-08,1.650212553761136290e-07,1.206194720372657967e-06,2.723174575851024932e-07,2.339282325689954112e-07,2.040065763925863934e-06,2.185547825469710081e-06,2.208387582305366185e-07,7.758896669423520537e-07,2.728083469613157454e-07,1.523681677752278486e-07,5.528943101990832759e-07,7.512669024957987863e-07,3.176798925688589118e-06,1.200344869487780010e-06,1.757664683079303749e-07,4.609454558220770127e-07,4.174907548229945198e-07,1.931275194814449869e-07,1.086027270971311409e-06,2.257773475776368833e-07,1.131153615044897628e-08,2.308531488599949238e-07,2.325970096731002979e-07,2.532165212617487645e-07,3.111135943288951100e-07,1.221812519836092973e-06,4.772375724134540241e-07,7.973150286883415482e-08,2.990500618921998449e-08,1.912318121281380931e-07
3.135701334825997377e-10,1.066808518108608913e-08,1.901178913281012401e-07,2.356014804619773684e-07,1.514854034338103376e-06,2.612316111485870337e-07,6.858099929218167406e-07,2.890272642826601832e-06,1.443056589729673323e-06,1.241108649375673079e-08,4.198679936684794897e-09,5.903988335351962801e-07,1.051007605730247148e-06,7.232725068827135505e-10,1.109936951299291564e-08,2.708397006831256983e-07,3.965335326861377605e-08,2.282242082679239918e-07,3.557093056667406070e-06,3.212711456217292976e-06,5.732839873304431361e-07,2.166952270984240625e-07,5.505540284140735023e-07,2.973778346596143720e-07,5.666591345867185485e-07,6.592871621587554659e-07,1.097109256690945696e-06,6.958552517985719030e-09,2.320013724166592259e-07,1.036488063973887050e-08,5.707143996506626810e-07,2.652697372597144490e-06,6.320536920128052298e-07,1.829141273303900061e-06,1.697513250130436134e-06,1.742682491941499959e-06,2.119830707856867073e-07,8.817907823045656131e-07,2.017912140755467179e-06,4.460696382431870043e-07,1.655477338591719671e-07,2.134904758048839272e-06,1.632923012109062977e-08,1.203620204309355728e-06,3.897874925414299882e-06,1.760437011161813273e-07,3.530191641476625180e-07,1.638929702031316982e-06,1.254765355676229432e-06,3.856999206852849059e-07,1.095819584966925856e-06,2.899909527686077850e-07,1.499536525082411263e-06,6.315666740943391137e-09,5.880759878503529561e-07,9.134209526636871552e-07,3.713404508580296383e-07,3.364688352308080513e-08,7.727065599858438599e-07,4.160178907310642801e-06,1.346379598110462031e-06,4.936692041471327171e-07,7.088284317390127425e-07,2.393997979046985180e-07,2.875803878935197690e-07,6.480678214661272494e-07,1.281991241834418994e-06,8.977094518154861084e-09,1.883883326944407802e-06,3.017891924993021906e-07,9.108535587334693568e-07,2.191204569837271499e-08,5.157080775962176798e-08,2.361536589910349160e-07,1.398912122928236294e-06,4.088174778780781286e-06,7.786763415369788631e-07,1.112842541076996576e-06,1.151367298768015002e-06,5.261811192546234509e-07,6.223453129429096641e-07,1.288445691130860833e-07,4.056864730567241478e-07,2.262937669772019790e-07,2.879577584286335178e-07,5.101334176433211892e-08,2.708237545498585826e-07,5.767439861831040865e-07,3.783235037766166272e-07,1.064409235342117525e-06,5.635941328276102566e-07,2.312417657453014529e-07,3.082209404311864533e-06,5.685876878866054383e-07,3.227994144346431750e-08,0.000000000000000000e+00,4.088562874678708781e-07,4.227332493394686311e-07,7.896854248025531259e-07,1.676680949177728904e-07,2.792991494344661562e-06,2.309155379872640744e-06,7.989425239706155567e-07,1.813520401920525524e-07,8.458650750087308633e-07,6.691263702866675257e-07,4.429063903012761934e-07,4.394503525744670496e-07,3.878896552599652341e-06,6.232078738565359094e-07,4.602583440548251024e-07,4.118097561944854694e-08,3.991906904298207063e-07,8.802772327534906349e-08,2.091224266749152491e-06,4.180661120599341510e-09,2.078498780488456960e-07,3.691999756017478883e-08,2.534004700247911805e-09,1.464504731021378927e-07,2.057029525853074795e-07,8.067715613002537132e-07,4.746858807066372440e-07,5.694314403601498528e-07,1.065685898027817070e-07,1.795399668486924046e-07
3.455898443849737663e-10,2.310143759908016926e-07,7.477097462944186418e-07,7.764354283803773716e-07,7.159248126897823457e-07,9.131933145365695285e-07,8.279639511509816600e-07,1.329995810472176206e-06,4.368662762240667483e-07,3.008453555965268001e-07,1.662342098433900722e-08,1.313775909547790380e-06,1.059239752548827535e-06,7.966419265720266085e-10,7.356496952094980932e-07,1.235398050884422848e-09,2.507084324772479320e-07,4.167334043443830689e-07,8.013447961792336882e-07,1.222290693467918306e-06,1.518862777645110402e-07,6.233644704645897433e-07,3.304014760652943036e-08,3.842483132797415226e-08,5.394237309902009706e-07,1.999801594705557030e-09,4.230426379907552661e-07,3.062077945025435146e-08,3.007467250746523700e-07,1.074402250289359096e-08,6.806289285265009659e-07,1.719345789894505939e-06,6.985982866135367729e-07,2.540125405213697284e-07,5.516246431942668674e-07,8.217650015711178977e-07,1.930548103223590109e-07,2.567080811995534988e-07,7.730801900891488271e-07,1.330514298477688195e-07,1.951316257722088289e-07,6.176953339701411826e-07,1.925291943126547951e-07,5.289593533714979986e-08,1.160673299036858195e-06,3.805483380265033524e-08,2.285457451184439674e-07,9.078307961333330701e-07,2.236733244649650031e-07,3.549705155435684884e-07,7.657075782140794192e-07,2.341831036356472227e-07,1.523726865976069797e-06,3.772452241150142722e-09,1.637336898555009332e-07,3.299438653362355977e-07,7.180973295052454157e-07,4.127011989686678721e-08,6.751958699047928198e-07,6.542918024648753353e-07,2.133874924487388929e-08,5.399506505426918815e-08,6.381462423911080467e-07,9.125434790401313735e-07,3.528726495360255670e-07,3.205642949386668960e-07,1.410660169439064436e-07,8.295080648458005534e-09,5.816864052581393241e-07,2.122558299396234753e-07,2.375384028046041488e-08,3.502988746093102110e-08,1.827953697358065216e-08,2.296356596603839826e-07,5.066354307588772602e-08,8.489029591154487626e-07,1.649886909012746969e-07,1.116556523767910303e-06,4.451441510956062473e-07,1.167392992332672641e-06,6.823857298169319668e-07,8.107027475992891896e-07,2.718244104720657860e-08,8.050917436114028218e-07,3.739363332399166670e-08,4.911724885702378888e-08,2.632887937254276426e-07,5.860121567819218722e-07,3.455217415100921367e-07,6.842668255372524538e-07,2.369013519507315259e-06,1.075853492299050994e-07,8.022059989353276315e-07,1.967638407093135720e-07,9.735509054651548992e-07,1.515153035615055501e-08,0.000000000000000000e+00,1.471955267568731369e-07,2.763573446913542421e-07,1.011853809905606729e-08,6.415563871088117635e-07,3.697725054757737903e-07,4.734063284560998420e-07,2.242670179287577497e-06,3.567288210188445277e-07,3.736730063029196108e-07,3.462335497170645365e-07,7.921912459219368300e-07,1.679309452850322126e-06,1.083851623401084572e-06,4.296611272044745567e-07,4.246626277713761158e-07,8.535094755555068904e-07,1.726623718541983533e-07,6.746503357670391759e-07,2.205484880414028851e-07,2.153328279239735235e-07,3.921977682122978047e-08,3.231885504174157505e-08,2.493428153233675086e-07,5.145607479453657761e-07,1.450452566018821931e-06,1.167751178632933507e-06,6.084785231100364575e-07,1.340690331454340962e-06,1.753776897541270456e-07
3.310017386288748578e-09,4.843884384249269093e-09,3.062208721972575871e-08,5.915202335198781085e-07,1.334722278245077583e-06,2.361112436147113682e-08,4.205145728426001192e-07,2.156886650984971532e-06,2.642126611882165912e-06,2.944845909640260921e-07,1.450706145464728799e-07,4.528804944704833469e-07,4.621930692454381730e-07,6.370642399532436547e-10,2.066658238884381931e-07,3.309545798832586267e-09,3.908904063014741454e-08,5.536100780696540708e-07,5.195420805457659134e-07,1.269438258061095796e-06,3.919896246228742183e-07,2.411977239651437653e-07,1.600600750276079993e-08,7.080497908213164148e-07,5.423680222071519428e-08,1.763524846320289135e-09,5.146588245966422257e-07,2.527560487142929970e-09,1.799803974301738678e-06,1.805521017537742063e-07,1.151460839286934570e-06,1.587457913652873039e-06,3.847219524527005771e-07,1.618546145118952056e-06,1.742632511670377381e-06,3.216318297476234329e-06,2.311377616696931744e-07,2.016383999364520319e-07,3.053093171081608176e-06,1.058727068106034400e-06,1.092407765151464756e-06,7.188128558479584856e-07,2.027897234563958896e-07,1.338305643780875646e-07,1.962136015686709214e-06,4.354823801196010358e-07,6.290255291838804364e-09,1.228815737493399453e-06,2.347881600159877957e-07,1.705443902794686334e-06,2.108071881769731976e-07,1.469614267069296463e-07,1.071846816197247765e-06,6.500044632597346266e-09,6.274890177337472639e-07,1.562332707785556580e-06,1.762198879821422800e-06,9.452350159515924229e-07,4.728433003978351202e-07,9.682752788161014307e-07,7.267452358116863079e-07,2.436129651440931201e-07,4.150428821086725421e-07,5.114350214359297118e-07,2.573796137728898951e-07,5.416635341994849438e-07,2.435498768035829701e-07,1.609332157342455488e-07,3.263308598988806053e-07,5.363070337290158996e-08,2.432186943399792296e-07,4.299085274171276150e-08,6.884274915121555685e-08,4.807926963956954433e-08,1.919736007742134142e-06,1.493091124311879793e-06,2.893424494673441407e-06,5.042904236072629839e-07,1.829099015740996612e-06,5.573184994523548997e-07,6.619359126676446607e-08,2.364259699938563899e-07,1.728641044202092189e-06,1.188325777084141640e-06,2.032535163253623083e-08,5.538289467501179438e-07,2.796791713118862504e-07,8.554237454701590299e-07,6.745031247368830503e-07,1.676977070693101264e-06,1.744987065159722254e-06,1.532520790665130803e-08,1.314582309428205404e-06,1.616713594566438371e-08,7.141626005494779413e-07,1.626827575436407476e-07,1.040709837623999482e-06,0.000000000000000000e+00,5.670501348830799118e-07,1.215782078043640480e-06,1.090176954679386493e-07,1.892449971282673300e-06,1.151588289124997173e-06,3.599046334063323038e-07,9.443519224279007092e-07,4.063809144907676043e-07,2.998058658341926339e-07,7.626174592296665544e-07,3.000233348419448533e-06,2.293417305424864020e-06,1.801098344819806955e-07,4.552059086329778122e-07,2.106242397555192621e-06,4.702469013544223023e-07,2.617102536297875749e-07,2.383566142906139048e-07,3.360624423041651081e-07,2.316227339312664760e-07,5.913375822880348408e-07,3.614824535770922119e-07,5.286602170242571344e-07,3.748904966969283757e-07,5.052751042753412512e-07,2.145337604619556594e-07,3.144908426204189597e-07,5.066173764590306099e-08
3.487653673547360912e-10,1.720766426708253099e-08,2.237560511641699688e-08,2.626491922450055174e-08,8.618701446323340972e-07,1.002562564186046005e-06,1.275014465867784544e-06,3.057458548450910720e-06,4.233828063601423001e-07,8.175167685173906797e-08,1.826927395324078394e-07,4.829481251538201058e-08,1.226720122470128678e-06,8.064245640455784953e-10,1.322741439248760656e-08,2.408419774101930601e-09,1.869912920732946977e-07,2.737727327214047326e-07,1.656634155946587340e-06,1.888483730218660137e-06,3.126822219218986703e-07,5.108681715933517715e-07,2.665123010988394519e-08,1.517660419706779733e-07,2.332298859513410687e-06,1.582177591396679810e-09,2.198055937511413832e-06,4.387370111138936085e-09,5.670031609179294558e-07,8.608903331687437515e-07,1.359869326331099889e-06,2.118778908359759543e-06,1.087527648039067796e-07,7.616558027378819763e-07,1.320250935986976432e-06,9.837808933645202538e-07,5.122660699841178197e-07,8.558508388517864960e-07,1.192557807836260771e-06,1.511034317415774263e-07,3.276723990977112747e-07,1.269753605184726291e-06,8.234250826476138194e-07,1.162294635416334474e-06,2.518281703628914239e-06,7.159646373452124591e-07,8.105621764411821189e-08,9.366532097362439562e-07,5.137876737062699677e-07,8.639208947893036119e-07,2.781525774464977647e-07,6.789394417475403520e-08,2.023171376439385946e-06,2.471075148956835308e-07,7.172447161468850324e-07,3.564754835082659309e-07,2.998252629715644960e-07,5.890337782409880147e-08,2.026216684373922890e-07,2.669089537639858053e-06,1.643083824686113172e-06,3.966315489092870920e-07,3.933054291339663684e-07,2.221334627091831820e-07,2.383149076335774486e-07,3.832825972509594235e-07,8.354350560506879149e-07,5.872224735869997195e-07,1.242038849639122652e-07,2.318153993263622591e-09,2.108941543582120715e-07,2.004595460973264983e-07,3.673298410036481014e-09,2.159938308083385371e-07,4.328374981267680426e-07,2.365580725996339571e-06,1.276002795772202052e-06,8.421446620568851110e-07,2.241159642498506164e-06,8.470296043284843545e-08,5.926695560342455982e-07,5.475886882568048259e-07,3.816479390315821737e-07,2.435750995326223350e-07,1.787632590344576813e-07,1.976876783452222401e-07,6.372956601712026719e-07,2.588484524846397727e-06,1.377609433082273918e-07,5.214430320134543008e-07,5.109185895593366601e-07,1.580321267939953926e-08,1.193239475642412245e-06,2.658352101283254305e-07,1.316107358228252929e-06,3.856128671965787652e-07,3.981366317416406065e-07,3.997878998745879453e-07,0.000000000000000000e+00,5.319412085777040237e-07,4.724599372958261389e-06,1.138793195927259876e-06,1.880561509911023872e-07,4.671986975395285805e-07,3.209296186817980412e-07,9.297222690241659179e-07,2.654170541783426920e-07,4.266695303713855504e-07,8.547717685431174511e-07,1.482307152097002301e-06,4.467576239885393483e-07,1.639194256493659731e-06,4.131288906405810877e-06,9.008148975737122039e-07,1.436955232222140306e-06,8.985649787121098360e-09,1.877539845466694491e-07,1.972276279982403401e-07,4.489655884494847826e-08,1.932807602391337047e-07,4.910059303610333483e-07,1.825724161937656181e-07,2.424546939443448114e-08,7.739552402153932734e-08,5.135458798320537215e-07,1.717586684560562333e-07
2.933821909291104404e-07,2.313824703997146438e-09,1.137174300443903993e-08,2.903827431552305561e-09,3.030753239402565591e-07,2.034264561831102832e-07,1.248033072387367290e-06,7.735654444510349872e-07,1.025336379292525888e-06,1.670981002934457739e-08,2.108479970514001567e-09,4.471100033001524039e-09,1.447088131170681182e-07,8.333267130537900193e-10,1.709213795311223720e-07,2.443493799323619974e-09,1.915460457535355294e-08,4.569804342219526415e-07,1.665017931856014119e-06,9.045300997712398061e-07,2.176692543310229633e-06,2.698688348171982426e-08,2.593772003401619843e-09,9.095064543501243550e-09,9.794913063470511210e-07,1.619356034351527930e-09,9.179412623515128479e-07,1.007332696098462710e-08,1.235464489885681477e-06,1.615697342985269930e-07,2.545421383337727785e-07,1.429489060665549735e-06,4.375082543011356950e-07,6.832617360329886404e-08,3.104791203144415485e-07,1.800092469264332331e-06,4.980986363260968539e-07,2.961511133068027738e-06,1.418441338179995055e-07,1.209107563167958857e-07,1.096330857771198308e-06,5.311449158204285608e-07,2.039125892939608179e-08,3.456941741367933536e-07,1.210939150213887945e-06,1.642214669327022780e-07,5.867273361494858417e-07,3.866929282784432455e-07,1.884506492193661760e-07,6.213008630760648742e-07,5.801736950768766405e-08,1.821081424127782506e-08,1.339661989252398595e-06,9.988708450541735720e-07,2.572935917073504508e-08,1.162011243545295535e-06,4.055431793285795995e-07,1.434932258390674813e-08,4.250538815981170765e-07,1.772009556764172453e-06,1.610596138509038693e-06,3.493073343490583200e-07,4.078069732068479089e-07,2.185315928686861699e-07,8.043040669218016388e-09,6.127291005457554767e-07,4.476355074212420948e-07,2.350879278971942586e-07,5.581322140336226221e-07,2.397425178189847678e-09,1.998382264389304534e-07,1.425445417728045611e-08,6.128638467968543731e-09,2.264068960400361557e-09,3.352909568041232392e-06,1.753139696450963090e-06,3.879203624532616089e-07,4.739261409710758234e-07,1.365021316143084921e-06,4.628205575920550330e-07,2.755249187989293316e-07,1.086613834371234104e-06,6.401765433027513457e-07,3.789473664737013387e-08,7.817967288388389245e-07,1.522294002734797488e-08,2.622498969685037211e-07,6.136638876548234058e-07,3.474383329617158786e-08,1.401193700416695149e-06,5.081043335144927869e-07,1.651389964484084816e-08,6.228571802895074915e-07,2.207131289034812745e-07,6.557820631117121900e-07,9.529898877024800773e-07,1.551553030644658009e-07,9.894793480578778216e-07,9.299879450391127934e-07,0.000000000000000000e+00,7.304199029528285406e-07,1.015029541856476233e-06,2.368129276056737322e-08,3.827099537241512359e-07,1.870806032827759097e-07,6.181327885222450380e-07,6.596526373494404986e-09,2.708521592471918650e-07,5.342754007903162893e-07,8.331511053896517828e-07,1.503314377800001895e-06,1.778322239088671883e-07,2.106775685523425373e-06,4.092132135866415773e-07,1.769167100335682778e-06,2.270206457051683565e-09,1.934251182932684070e-07,1.958671770995387820e-07,6.190992950299244715e-08,2.162484791833790421e-07,1.416065481993772557e-08,9.719275734349074711e-09,4.632358227066224620e-07,1.162044061529352958e-08,6.437200089710475959e-07,4.435201597488971772e-07
5.162772328949604686e-10,2.048144498354844051e-07,1.653466508728483732e-07,4.993899864709296483e-08,2.118869957154912926e-06,7.920847560687886873e-07,3.122522897088880555e-06,3.040369909864110979e-06,1.852801879963868656e-06,1.912281129440850885e-07,4.147731594262549333e-09,5.474037567649966129e-08,1.374412736301170355e-06,1.192844655435931776e-09,2.628723038883134754e-08,4.549729460485238869e-09,1.403077075078702191e-07,1.100440497964337847e-08,1.282766934362407851e-06,6.106534959231638283e-06,2.611827532099023290e-07,3.363956970308782448e-07,2.465243915654416151e-08,4.603594207180210825e-07,1.498370478387360425e-06,5.790500698737259457e-07,1.602036361727755196e-06,1.215288160742836315e-08,1.805722644797976089e-06,1.588292456098522484e-06,1.869618552048662490e-06,1.927921910807195149e-06,8.011345062732217679e-07,3.929207363856477716e-07,1.406948714482898700e-06,3.122050727475826923e-06,1.086711931306330403e-06,9.444057988171449412e-07,3.558017071390957218e-06,2.552049557647080623e-06,4.205954110966837948e-06,2.717015613327419932e-06,1.567511340663339376e-07,5.345850092937964202e-07,2.827092854670593571e-06,1.620320777852286516e-07,4.968693197413238108e-07,8.907130019881274805e-08,1.079363792669106202e-06,1.430980186955297793e-06,3.274337875225200647e-06,2.351762864927471163e-07,3.110940018312743459e-06,4.471826499329841817e-09,1.158121099048683179e-06,3.724084937086272365e-06,1.279984014481081474e-07,8.184643506282961533e-07,9.573514199332560229e-07,4.250236231570281250e-06,2.148007105049238299e-06,5.953488082868442777e-07,2.150771639065639493e-06,2.359513876904859531e-07,2.558008234339779346e-07,1.959072269995427300e-06,1.474779786465053903e-06,5.466241179373832114e-07,6.150657848645526564e-09,6.430769313983924405e-08,1.835117863765420914e-07,3.225361542719122402e-07,2.355445990507084318e-07,1.294672599416104826e-08,3.263113785138575510e-06,4.605734775974239772e-06,4.223005974542295819e-06,5.785516640274899602e-06,6.861799350924486982e-06,6.773634095190280179e-07,8.737426905140724000e-07,3.672860156423887379e-06,8.444698414200139887e-07,6.363016581762805059e-07,4.559273851522863435e-08,2.605648749737195463e-08,2.317720324394262432e-07,1.352312741887985833e-06,8.207723849070563249e-08,1.213836008352690219e-06,1.170865579914151685e-06,1.837049516818889424e-07,3.069664296952665678e-06,1.411629900092098107e-06,8.864768988071967278e-07,1.651129484157443278e-06,1.416201090778546547e-07,1.847130664469918550e-06,3.866926515950069346e-06,7.899348422086587530e-07,0.000000000000000000e+00,3.445274852723406911e-06,9.929616872378484371e-07,1.494406400002775055e-06,3.123815854133993808e-07,1.111071581950659779e-06,2.260702745104801552e-07,4.080404547430231632e-08,2.764072746238934822e-06,2.477669112804161842e-06,2.724550184801831730e-06,9.398930151865205319e-07,2.332895780429217088e-06,1.280599410532832901e-06,2.040678002797110346e-06,1.856072208454002710e-07,4.360980258962111804e-07,9.411822020059553050e-09,3.215188574382510148e-08,6.340560077552744725e-07,4.441396597276960494e-07,7.404905858662440647e-07,1.570524190736990995e-07,1.531515262470908877e-07,4.159121644455557265e-07,1.470423225932271256e-07
4.040727295376866806e-10,1.527900284340561072e-07,1.380732855256956375e-06,2.228480866230159788e-07,1.522443482322412925e-06,1.970713569906281921e-07,7.952308874736436148e-07,2.179372849018749840e-06,8.593676863607883588e-07,3.708547652156566421e-07,4.822774456342816148e-07,6.374626054949267693e-07,5.999602733680471095e-07,2.132042026224636012e-08,1.781794576870821707e-07,2.486199381231024206e-07,5.233677467719770767e-07,4.956600181371680839e-07,1.493835366865281173e-06,3.730133094750664378e-06,4.155432625483802489e-07,1.630728118236575078e-07,3.625049604863896809e-07,3.988077645503304854e-07,1.940762132565291128e-06,6.177194514772457543e-07,2.756542200996212574e-07,2.732846069571534261e-07,2.004404871614241416e-06,7.190986243186962640e-07,1.358974302592202013e-06,1.821167180113777048e-06,6.744965235772654983e-07,7.065824557997918318e-07,1.241056275490493232e-06,1.247133944059604422e-06,4.840721859523268233e-07,1.282616662673793211e-06,3.577423024039768540e-06,1.422340051049532200e-06,5.474712716223595983e-07,5.998323480851680900e-07,1.570301260994001572e-06,2.038235389514788372e-07,1.785076295494778362e-06,6.721273259491202250e-07,2.304274512765945830e-07,3.555616829243517052e-07,4.982645768579956636e-07,7.659995218410860477e-07,1.131681172296659945e-06,1.753943654844935708e-07,9.467539496949054152e-07,3.687653002601828689e-09,8.802145279781326063e-07,5.615454860621991971e-07,1.336794156703845240e-06,2.860743052466422887e-08,1.611136355073666163e-07,2.783171955435597179e-06,4.043181239031075117e-07,1.591527714996241960e-07,6.806726632464996289e-08,2.110330453226181699e-06,6.278358613202984249e-07,3.998852027715128416e-07,1.679274698827628558e-06,2.965443676176635120e-08,2.294838637140652368e-07,1.893565932810290400e-07,3.362278664835201968e-08,2.090544865127570094e-07,5.659673494387743530e-08,2.776512777936245435e-08,5.772665917541532456e-07,2.357268364078270376e-06,5.714597419373743282e-07,1.936308435915741500e-06,2.286505972640444263e-06,3.266835812155091412e-07,2.763229490425210332e-07,1.758507338266967547e-06,1.101960244635565865e-06,4.203179875681162718e-07,2.184966399848523630e-08,5.080423886385757784e-07,4.234325413142676925e-09,2.623913744487580723e-07,4.814611755142328009e-07,4.670174207073841279e-07,7.736782632858422023e-07,3.479757884104559044e-07,1.519202135944727412e-06,2.015182157717378103e-07,2.774051238094044989e-07,1.912013826283770902e-06,1.611408666826846279e-06,1.511382488510784952e-07,6.431413368259960928e-07,7.393709169921616899e-07,1.722761898105021185e-06,0.000000000000000000e+00,8.099676719498638471e-08,1.677998908855015889e-07,2.364256035197758370e-08,1.190991522791034184e-06,5.336018188966905623e-07,9.914051505342787278e-07,3.007245247091197604e-06,1.458137748739196537e-06,1.023335859082785576e-06,1.488624850675783389e-07,3.444678510832668963e-06,7.206499714178959187e-07,9.129973432915425528e-08,5.287965957984348093e-07,4.530513660056218923e-07,8.131329314340426784e-07,3.020527072443282344e-09,1.317851387501806684e-07,3.811956510576248282e-08,1.621684355149466979e-06,2.473166142219529861e-07,3.369079273781192811e-07,9.502705471609310694e-08,8.445152781006705719e-07
3.757119142217003145e-07,3.775392299492983983e-08,1.290529400497142162e-06,6.271322283363846430e-07,1.737916703512378533e-06,5.617968522928193730e-07,4.071359922808449416e-07,1.531985781936108511e-06,3.020581205757557194e-07,3.271996864247010401e-08,5.984796080010640193e-09,8.124025433987382804e-07,2.635320752386860902e-07,2.524971180886618195e-09,4.993392602809827842e-07,6.570675260338259090e-07,7.284832138955998618e-08,2.635078277723094086e-07,4.484155341813630819e-07,6.281427621174017035e-07,5.771299277296614779e-07,6.387185588188106580e-07,7.888544716679326932e-07,1.972179806812173895e-06,1.264776597882615601e-06,9.887261637719405048e-10,9.681832855215768258e-08,1.872841331543994328e-08,1.703092787009233861e-07,9.175415654450089835e-09,6.324927479137334367e-07,3.792398992818619698e-07,4.463115102230447945e-07,3.150417416495471194e-07,7.397680130796008788e-07,1.115310419624254108e-06,8.103732684628775778e-09,4.194076862483249586e-07,8.187608956299889319e-07,1.212791284086943904e-06,9.989807256783067357e-08,4.869238493511802384e-07,5.192219971560228382e-07,1.582405821810864721e-07,5.999811969595992325e-07,7.287800171446129297e-07,2.027278639766724713e-07,1.539489848117002839e-07,2.201356855306092865e-07,3.868725213249307413e-07,3.659077327869173288e-07,2.506010099256652803e-07,1.470774693137430895e-07,2.894686129317068919e-09,2.499260564903762273e-07,1.273745739278315262e-07,5.631156291603424921e-07,6.317354372337207777e-07,9.310102079829667334e-07,1.699974434484473238e-06,6.710937674874830939e-07,1.170672383688240874e-07,2.078659014694596017e-08,9.010512680042305911e-07,2.970229930178337493e-07,6.988880948679585799e-07,1.282280051110821071e-06,4.075049963373786563e-07,2.496113119797240606e-07,2.159146639245704358e-08,3.547005636151325554e-08,5.815139336034726436e-07,2.686260179461685666e-07,2.632590553270562584e-07,1.474906405980709568e-07,3.216922844927597139e-07,6.210474788079433587e-07,3.916551647223997069e-07,5.075122387352376627e-07,1.584787444545457915e-06,1.047543677154607196e-07,1.489103487545053112e-06,6.898130717821631709e-07,3.102914284415951740e-06,5.364336699536606457e-07,1.016244038432280918e-06,4.259122214522852562e-09,7.391581895170489266e-07,6.113892974328088370e-08,6.306740710901299364e-07,1.249911827256341085e-06,1.313190757878036227e-08,7.887449728979495178e-07,5.345075496925465150e-07,8.966667081779971623e-07,1.490810216469213672e-07,2.124801222453266819e-07,1.680723443790636038e-07,2.664948380996078185e-07,2.065989511085558387e-07,1.773723177853182791e-07,8.155481698162376839e-07,0.000000000000000000e+00,1.471780961489717928e-06,4.733185828933572292e-07,3.946824835021488634e-07,6.588217046562169712e-07,7.550017978313251759e-07,1.989532673032680235e-06,1.024218336598149780e-06,1.804538812702871291e-07,1.729549389142718414e-07,1.234063290114075642e-06,4.744561711515037624e-07,1.018540338805089009e-06,5.972161050690639458e-07,1.861956909599278698e-08,1.141077791831158681e-06,2.417852859316039914e-07,8.815222762308621840e-07,2.214429160172140581e-07,5.216026031897182589e-07,1.713168519905577332e-06,3.708534941625690062e-07,8.271140077763237779e-07,5.115111812241309546e-07
9.378922230622986446e-09,2.328498768081985487e-07,1.077292634570337359e-06,9.089960943861554575e-07,1.627274884595690129e-06,6.975346546053160230e-07,5.819617295817630630e-07,9.609659488672663678e-07,1.150322446674316072e-06,1.014005277257679630e-06,1.871325761014661655e-07,2.380104414420528203e-07,9.103089831207464194e-07,1.511805368744071661e-07,1.058254827685871618e-06,2.498987474453481542e-07,1.393909079866409845e-07,1.208101093161799565e-06,8.297918624165500501e-07,5.026105168013001473e-07,6.769496055508580106e-07,1.797100286964366383e-06,6.457026405951808685e-08,8.874098017143543908e-07,6.656405068767214580e-07,1.464965746812784228e-09,6.497085553071319348e-07,2.364536037862175402e-07,1.622855490918968345e-07,9.827715717417825783e-07,1.059060696942165645e-06,1.939588389467136710e-06,1.181805925461923125e-06,1.555952880148543345e-07,4.891446588687613611e-07,7.300833175921234097e-07,9.992572838421348335e-09,6.235876910229323344e-07,2.235759596428684666e-07,2.822451658117050693e-07,6.908475064329068674e-07,1.860424281306532221e-06,2.279468367582821753e-08,4.557912765470835096e-08,7.703311996675138944e-07,2.658674309317516531e-08,2.225539256666577458e-07,3.316640602074123263e-07,2.692820729928647952e-07,1.406658087114463076e-07,3.674660589676748061e-08,2.321444589399894774e-07,3.405399692023692446e-07,1.070850819910870515e-08,4.419609238478073286e-07,7.583028201625903760e-07,1.569456174818328606e-07,2.520989752496343491e-07,4.137421246549056782e-07,2.031207926245408615e-06,1.194415943368906802e-07,1.864812373668955704e-08,2.983580949522139127e-08,3.467231293903740914e-08,9.514242488004103577e-08,1.151396925498217225e-06,1.144505568362065596e-06,4.950868751339819392e-07,6.117922634122050942e-07,2.116996681330653917e-07,4.040809941927415085e-08,8.469996221940882886e-07,3.771693580685328359e-07,1.143189128747569754e-07,9.970473359946269745e-07,4.931222050627961268e-07,3.362823504561331637e-07,3.791162625863262272e-07,1.555859832235842966e-06,4.394492366857762067e-07,5.385942839284072233e-08,2.033029100739111108e-07,8.881125749769218462e-07,2.647097658696313394e-06,4.638920410224992586e-07,1.140096947101826848e-06,3.109142361575922630e-07,4.808492412949322341e-07,8.180193931904482482e-07,1.451497319172737397e-07,9.662357090012349745e-07,4.747702465875741572e-07,8.799323602056375799e-07,7.424253561273029641e-07,6.109407525671661327e-07,1.937530677347565789e-08,1.729566268720383056e-06,9.296546411650613801e-07,7.722185095470057314e-07,1.864057367630876977e-07,8.390340830897914258e-07,5.700831127716332435e-07,7.348031879540509632e-07,0.000000000000000000e+00,8.466284512939684463e-07,1.579127892697929111e-06,1.502498026937305325e-06,1.072690288965136701e-06,2.270052167242163650e-06,2.083529832563695181e-06,3.931728260069169773e-07,1.489532415666862154e-07,1.423333137234801369e-06,4.713516349737212764e-07,1.290987726252585600e-06,1.462671716764016842e-08,4.649775927460661686e-07,1.128214709920544341e-06,2.301896037960842209e-07,2.003103281182441024e-07,5.074379902403528622e-07,5.532882900549446359e-07,1.466941845792219488e-06,6.240986142197433603e-07,9.551076288635595186e-07,4.122672150793939672e-07
2.191344438250198854e-08,1.123229663377042769e-06,3.194551337143989097e-06,6.986842842395638231e-07,9.470941741990894227e-07,5.916453921681440810e-07,4.067147672470943879e-07,1.893520452241777961e-06,6.023167655092412643e-07,2.814920341076596160e-07,1.021643434457462885e-08,1.217398517893863284e-06,5.254257428191113266e-07,2.290567818115132664e-08,8.527065902181900577e-07,8.083060807860078474e-09,1.611795022029262144e-06,3.930466151688046587e-07,1.096851472833414111e-06,5.955576750316055031e-07,3.122165931573444715e-07,7.657888870956431119e-07,4.500917072443286923e-07,1.452996204020701375e-07,3.751317208261795689e-07,9.745632839816184975e-10,1.186140719101104572e-06,2.616588969100787152e-07,3.894706840076062491e-07,1.760016913636717769e-07,1.983841093273893030e-06,1.981660335685293087e-06,3.516314216836194326e-07,1.848949995815030591e-07,1.702088762720961277e-06,1.004782857184876021e-06,2.032844766272554147e-07,8.180930302508034597e-07,8.188944724900496068e-07,1.418362634857012136e-07,5.153749985137300488e-07,1.935062409436367467e-06,5.280580250485990058e-07,1.847379164036299955e-08,7.373597981575584927e-07,8.788527043791242444e-07,4.589461117515222579e-08,1.515197958447036533e-07,1.348581781278004655e-06,3.539493083117059218e-08,1.363510918002824173e-06,3.941734826180903377e-07,1.494594241556433542e-07,6.537071493698203846e-07,4.667952503046647799e-07,1.273606577263261180e-07,7.640979940414022777e-07,1.223396894506867658e-06,5.313907050943622617e-08,4.418886913147277447e-06,1.315017175111271385e-06,2.436584907308616121e-07,1.577165809458740628e-07,1.073278677737754478e-06,1.599841222235641863e-07,1.153657419007846149e-06,1.048850967736698580e-06,6.268598269132410067e-07,1.653495203979090803e-08,3.134759809206448759e-07,1.007190781985479829e-06,2.756598129772593141e-07,6.483723245496551259e-07,1.745679746631613811e-07,3.496887246220807232e-07,7.567639361483369018e-07,1.619313942114085668e-07,4.254776688039494966e-07,1.660368122688757854e-07,1.021657143948407297e-06,3.865526131678422581e-07,2.153841259895047575e-07,1.030720419089368533e-06,4.670244990954391539e-06,5.305856744379518929e-07,1.843526468000264159e-06,2.755702776708977639e-07,4.188094230310188238e-07,1.626198746667332466e-06,1.760414749464575821e-08,8.003552086594451488e-07,5.405518476675968354e-07,1.603606883630202538e-06,2.438518706706879506e-07,4.210745043363052509e-07,1.519593654669262156e-07,1.848871463545186058e-07,1.592035160265237700e-07,2.735639283827434084e-07,1.712721107947043390e-07,2.235840791567811606e-07,3.951407096053125157e-07,2.412058625011645329e-06,2.794019315821007997e-06,0.000000000000000000e+00,1.480005355303703519e-06,2.061410676633743749e-06,1.467050846207459223e-06,1.148813364107379110e-06,2.493341109728355436e-06,1.500442278539497637e-06,1.716424027411922614e-07,4.173888852185024050e-07,1.113745850249214786e-06,1.117062339587179478e-06,5.752611372333041867e-07,1.410317558310827238e-06,8.370300781537935917e-07,1.296568007011151869e-07,5.685908315868258369e-07,9.483878947435097661e-07,1.990114050571147697e-06,1.047946230456652131e-06,1.670063526704147535e-06,3.105519126881573452e-07,6.195223400117080033e-07
8.309489970101911040e-07,2.294387231205869142e-07,3.220481243892628180e-08,3.514977075509730793e-08,2.725643372984656739e-06,1.502379229620636015e-07,1.162601012290944978e-06,2.349441417988297401e-06,1.013771706342643038e-06,2.167868808463530270e-07,1.977942173494929249e-08,5.585725860558456254e-08,5.944552849221243068e-07,2.122626201754512457e-08,3.659242970332687611e-07,2.606501038847745097e-07,8.083407807545585169e-08,6.833887771123026366e-08,7.699561439086558434e-07,9.066080088408359122e-07,5.355603596637570317e-07,9.655623592122317871e-07,3.575501365263555635e-08,2.416989881396815386e-07,1.212094821895341739e-06,4.586932754833253591e-09,2.984765933741894959e-07,2.838267581361931173e-07,4.184324764444916072e-07,1.616834444723167170e-07,1.098884639184460532e-06,1.805822232876043088e-06,4.723569139684942437e-07,1.423178498852720688e-06,3.466162103004902007e-06,2.668458001494535907e-06,2.055946769558920053e-07,2.028688800970399674e-06,1.177598367537609551e-06,3.374412447599773318e-07,7.127168681967905952e-07,2.715497201465942549e-07,2.655454181996049493e-07,2.345005089884182097e-07,4.041317350720878615e-06,1.535048667965515711e-07,2.292304763851815373e-07,1.478361929065359571e-06,4.967695213155437316e-07,4.326044362550258118e-08,5.420689181728236281e-08,2.677953087268748410e-07,2.690746820374433597e-07,1.165099604442246089e-08,4.945945842436967151e-07,1.148366186477451125e-06,7.087520746457631982e-07,5.927742590168414216e-07,1.876048544376826939e-07,3.699114585622460105e-06,1.612217789035316238e-06,1.108105513835085908e-07,3.769726906151323039e-07,6.569725805865877607e-07,1.922282388531730185e-07,1.488692134019817484e-06,6.544602767050807542e-07,5.812894988289475147e-08,1.259769430612450800e-08,3.044226508529562701e-09,1.267159124896151492e-08,2.293208692429197257e-07,3.184759616164820304e-08,2.719789778636908534e-09,2.665393351760123184e-06,2.908143554086583252e-06,9.497629833997658523e-07,1.357922189386442979e-06,1.689563477516394546e-06,2.055258518427038932e-07,2.565035200126306486e-07,8.068424661945457225e-07,7.822926851976976468e-07,7.662182072040624617e-07,1.934364227233042585e-07,3.364410331246594821e-07,2.585943777972258586e-07,5.050615607734013709e-07,7.529325666597658181e-07,4.303143300581460892e-07,1.594515855649330970e-06,4.345526588704263730e-08,1.233049600262872465e-06,1.909872683719966286e-07,3.858359639546995033e-07,6.620679692703166318e-07,4.367681586327516123e-07,1.327596734279524063e-06,9.481192465396882205e-07,7.866649453732016802e-07,7.187473324397521468e-07,1.424860236331978759e-06,1.094426649084368565e-06,1.301775506780540071e-06,3.852531781428418620e-07,0.000000000000000000e+00,3.185678249466362606e-07,4.231806712997525394e-08,2.796051042625006839e-06,2.143343869304913736e-06,5.820161167063470340e-07,2.122551365469790505e-08,1.233689805674730893e-06,4.406932431633874366e-07,1.498401776823917214e-06,2.115446996678401620e-07,1.191727945117480930e-06,2.516745881701782197e-08,5.994318771397997647e-07,6.234167802384520823e-08,4.899139070288541862e-07,1.125493284362455221e-07,2.847714401255670798e-08,5.131632554113910109e-07,2.792115141395122652e-07,1.996312770782909856e-07
2.101029028771909039e-10,2.791173910278433621e-08,9.475457645861320005e-07,3.719527676699045116e-07,2.716394404645556394e-06,1.415764459822831411e-07,4.606948319024907149e-07,1.044509705955491561e-06,1.979110541573935862e-07,2.686335434869502732e-07,1.166058887152565999e-07,6.241172497574284877e-07,9.273606050331255905e-07,3.812480412383489735e-07,1.308390777063591149e-06,3.027890598924965420e-07,3.590582907069061473e-07,1.624339835708405241e-06,1.880221286053152102e-06,6.690285266975408462e-07,1.666014552888289774e-07,1.530583006484832961e-06,3.433082660750011989e-07,3.902771823592249455e-07,6.880606638391326226e-07,2.381181035656402145e-09,2.197161597937609289e-07,3.272739830191993657e-07,1.159527225236667179e-08,1.170055911769572770e-08,1.382672988107522328e-06,4.443847065077088858e-07,4.875470323165690631e-07,1.447069152010864019e-08,4.274312150374873192e-07,4.577874100841841694e-07,2.344033718797694542e-07,1.844077559784740681e-07,6.239207175814120422e-07,3.950319962068030927e-07,5.839682164537102810e-07,4.661779828914704609e-07,1.866366333430408107e-08,6.767497994640513747e-08,2.810614961688176672e-07,1.867390693165760503e-07,8.531567683771455290e-09,1.071263071303731187e-06,3.045902828634780591e-07,1.745906727915855413e-07,1.630657151683663182e-08,1.542374877833064232e-07,1.955457405226939593e-08,7.906036151246298699e-09,1.293108601644152592e-06,3.848905523072022184e-07,7.757191692136787950e-07,1.068976498960180385e-06,2.098762033616902563e-07,5.486535918632360033e-06,1.809209120423297909e-07,1.244590823337428886e-07,1.621272316938532565e-07,7.600525590952211129e-07,1.870499768453689408e-06,3.937283532355694582e-08,5.041780304231251506e-07,2.171536707959941904e-08,4.515020300296896611e-07,2.501656060980782808e-07,4.307208374324433542e-07,6.059471598969035611e-07,8.523648668444204990e-07,6.964871990080118354e-07,2.632912405767554230e-08,8.558385612786713387e-07,3.740979974726121790e-07,5.494681576659863857e-08,2.116030047806590024e-07,2.584486553524674885e-07,2.337511740766556437e-07,9.685967520972620419e-07,7.673577248631602555e-07,3.394421156952607281e-06,1.763222289577636422e-06,5.727683583702231051e-07,3.039401681678912288e-07,2.728524800772170665e-07,7.887935498824950081e-07,4.598094550282316289e-07,5.327188968017888285e-07,2.410866586743432551e-07,1.689810041683219480e-07,2.941395524310658946e-07,7.815133812467812464e-07,1.005584116522623283e-06,1.936480008336302271e-07,1.242896767889040167e-08,4.818665594663598480e-07,5.416219896529423395e-08,1.419351891155108665e-07,1.201322001262633278e-06,8.728640214158343845e-07,1.598468702093293263e-06,7.781391669301372527e-07,1.456028058846189136e-06,0.000000000000000000e+00,1.333560915276181255e-06,1.130088885849200937e-06,5.330647869635611562e-07,2.020291971653290939e-07,2.213635263105468331e-08,1.463198170159289368e-06,8.459987405861296608e-07,2.027103543967854972e-07,8.338765062598125974e-09,2.435926413632278159e-07,2.515982817153189147e-07,1.745686593049864245e-09,2.812890802718553807e-07,2.543544052824690659e-07,1.871766631653214226e-06,5.505104668523243824e-07,1.860234099819792919e-06,1.773346931390858515e-08,9.197897277854350919e-07
1.222426739195430205e-08,2.688133557933416235e-07,8.161602709981587631e-07,2.890125723552167969e-07,4.959342114570825862e-07,4.066622803803301038e-07,7.365026926451922836e-07,1.961518805247422252e-06,2.209892349192680721e-07,2.548528274500531360e-07,6.265935602749167169e-07,3.629879119976512763e-07,1.203590305248134160e-06,2.676604981095284962e-08,2.301388034474268244e-08,2.913128533874531514e-07,1.629835739081675089e-07,3.195226286712172258e-07,5.225727560749496493e-07,2.771568240168092262e-06,6.683471209813275405e-07,5.695409176869634081e-07,2.323084610252428750e-07,2.917387221808302780e-08,8.859180097462206329e-07,2.911601045145319386e-07,2.202947464827228128e-07,1.372469761973414717e-08,3.821970073490172426e-07,8.087818448073691329e-07,2.560667823643688034e-06,6.727846143522296795e-07,1.041052911100611255e-06,8.191189659449189297e-07,1.345784291068910762e-06,7.509411644420386623e-07,2.255318883361444178e-07,1.099973383349718899e-06,1.245304915035289407e-06,9.340066427823267558e-07,2.107192939565697126e-07,7.036996420618892099e-07,5.333506991441099927e-07,9.313358522684987653e-07,5.068061009465927342e-07,4.519055859411052207e-07,2.282119494775401086e-07,1.661586687579606161e-07,1.366524022891812047e-06,3.930310185812586979e-08,5.102698843853875290e-07,6.341944003972093403e-07,4.893217705165065087e-07,9.487807903587131890e-09,1.386343279518569182e-06,3.855391695148166725e-07,2.562466378824289635e-08,2.768087735205531482e-07,8.422906552484695454e-07,3.710139119386029742e-06,8.281194074610564968e-07,1.381133711970791391e-07,7.105844470876104564e-07,3.436757009855696163e-07,3.145443590339264681e-07,1.619672239661096212e-06,6.376659982087096130e-07,1.836872740890926429e-08,2.849541904718809691e-07,2.086603099118160086e-09,2.147803464304172769e-08,3.971562167268316422e-08,3.761486586666005355e-08,1.212281544888237013e-08,5.890586794913646939e-07,2.049431221607248386e-06,1.356483477082748072e-06,7.430427118648589167e-07,1.646490546662574626e-06,4.117146574948821007e-07,2.463734833034299496e-07,8.351278398717479232e-07,2.793402885918488113e-07,1.269505507747657822e-06,8.821255051173639040e-07,2.837451750248208747e-07,3.299959458487590330e-09,2.225674773735292679e-07,2.425021003787568724e-07,1.688517819122552867e-07,5.812215192718347537e-07,2.436700864771197147e-08,7.152228868647794074e-07,1.278370136718960714e-06,2.223917482705726076e-08,1.655589426203928528e-07,7.783087256394285796e-07,4.501429704485731441e-07,1.883141666129758216e-06,1.384973215447315428e-08,1.053867036483145947e-06,1.216355646945943581e-07,6.997362930845136559e-07,3.119246044876983587e-07,1.826212119191343263e-06,4.294795720180524832e-07,1.188170817192090162e-06,0.000000000000000000e+00,3.101672941548421521e-06,1.095412498977796777e-06,6.314373223943175224e-07,1.764701198176671615e-07,6.791450377091583102e-07,2.161064099266918607e-07,1.483032588836229760e-06,2.081098924434163818e-07,5.527058746894916407e-07,2.318216237579882697e-07,6.092571061923297112e-07,5.546849883383765629e-07,2.483815127906187367e-07,2.753792342897720315e-07,2.245400114421010228e-07,3.223785006422072686e-07,1.153487851642696626e-07,5.058611444861259450e-07
8.104494551230181314e-08,1.899859095291501167e-07,1.126767807911650930e-06,7.486727118761722906e-07,1.102357652397059755e-06,4.560898504254653789e-07,7.621095889407133361e-07,3.776765696170593350e-06,1.981676692935149532e-06,7.447584049857833371e-07,2.803700757164542052e-08,3.340459712554132557e-07,6.339801684078163379e-07,1.670386049508704182e-09,3.804278612350803318e-07,2.074002669613814453e-07,9.143539664472421498e-07,5.889276641857775823e-07,2.771000564108345842e-06,1.359116295472461601e-06,4.198591166321428310e-07,2.466285147751615548e-07,1.692305054687539816e-07,1.187684932619392051e-07,2.440302485431703651e-06,3.250312185525518422e-09,3.064832242975767697e-06,3.993934790917663837e-07,1.124171587475515324e-06,1.437514580775024509e-06,3.580382597374672246e-06,3.322585639805615853e-06,1.140412232319513350e-06,3.247643068201221989e-06,2.232826765643474447e-06,6.576031300672712350e-07,3.131105608634554296e-07,2.259101106467476307e-06,2.250002280206286685e-06,2.398597976681745970e-06,1.685672340132135708e-06,1.391283610669200042e-06,3.892080223085944320e-07,1.056066836479086404e-06,4.367092951445132360e-06,8.120265243254316364e-07,7.205117514636577721e-07,1.847538175060635472e-06,1.579008888849981355e-06,3.079632613107364025e-07,1.364656499757310451e-06,3.955120827349294151e-07,1.984798861708505827e-06,1.639789111838143786e-08,7.300560462946932617e-07,2.127616059406964696e-06,1.530182435247921567e-06,8.375298549650277164e-07,3.395496094566719414e-07,4.420148733766289427e-06,2.300989048940443053e-06,2.409032463491941655e-07,1.295903469105829714e-06,9.750052777364728735e-07,6.302691170084020290e-08,5.579979129827838901e-07,1.442074939238221417e-06,2.061437845504229005e-07,1.917147707008094967e-07,2.335886576880549361e-07,1.825966055582936963e-08,2.374285887421155445e-07,6.599724178171116201e-08,2.062813053482204995e-07,3.260294144799875530e-06,2.997072702945312000e-06,2.157099992463111912e-06,2.949745130049665270e-06,1.691345934724779394e-06,7.068929211148775798e-07,5.847991377864521335e-07,1.383578053071217137e-06,1.632088858325435390e-06,2.286152002815280200e-06,5.175632162816868448e-07,6.538270485732659274e-07,8.759067762373198558e-07,6.630344557413590119e-07,5.654537258687116808e-07,1.505270180590390272e-06,3.074887092309632219e-06,1.328571248858751825e-06,6.700177289953661603e-06,1.797820055894674926e-07,1.557178336177187511e-06,1.926657945950410280e-06,1.651701854106552565e-07,7.938271115194720823e-07,2.413866607603124703e-06,9.828810684761422934e-07,3.216823167533017639e-06,1.153424953457327734e-06,1.183193230479102547e-06,1.734568827482069724e-06,1.420068982449801914e-06,3.136420216957076304e-06,8.081378993406828826e-07,1.758733195982988746e-06,0.000000000000000000e+00,3.404340876304662297e-06,1.309315859915841233e-07,8.273730429302463640e-07,3.399159747656570165e-06,1.169935665966270520e-06,3.503557049901903480e-06,1.440106781588608402e-06,7.460826089012078564e-07,3.989751489053503369e-07,1.024980516274078239e-06,1.884939134152370929e-07,4.232971268406824656e-07,1.611582047645942187e-06,6.627758567334926397e-07,2.771215572193155898e-07,1.400266971524709066e-06,9.098787409921368123e-07
3.062650733397040689e-07,1.494779367853550947e-06,1.493649956830369411e-06,4.799771645975575210e-07,3.187432553378088401e-06,7.761385453513834949e-07,1.374203331700276465e-06,1.921537753343647396e-06,1.967548739411425175e-06,4.551016354849443028e-07,2.607737482328314260e-07,5.558652980445626719e-07,9.458247074339338770e-07,3.515494654342315293e-09,1.075390654574753240e-06,1.273005411143732165e-08,3.118619110308514132e-07,4.655770927257999308e-07,1.575556262308474736e-06,3.804914835817400676e-06,3.449052456318275965e-07,5.086170913190695226e-07,2.053286711570792122e-07,5.297144337668709504e-07,1.719142903747417078e-06,2.417487820819558041e-09,1.152744041872498125e-06,3.989619359528261962e-08,8.244530818242207157e-07,1.769706399961229078e-06,1.229798864039290863e-06,3.052429965889046154e-06,5.271134074552314358e-07,1.052751541003477049e-06,1.731712411427283544e-06,2.875138381210462705e-06,4.344890756169663856e-08,1.129110711962788591e-06,2.899841414743872221e-06,1.164078303507973669e-06,1.413816130814203625e-06,1.608634291829953719e-06,1.479875093196407010e-07,2.835295093626631029e-07,3.937714116561247812e-06,1.409796038125253368e-06,1.707061188401020187e-07,1.420666829898921564e-07,1.356813644065932642e-06,1.572115311280449336e-06,6.360582161528522633e-07,1.578640090519403107e-06,1.395970945113561932e-06,1.995217848286065549e-07,8.938736126403319435e-07,1.153155162745389851e-06,8.504755206610802880e-07,4.793648871647952545e-07,1.769633969450344174e-06,8.604495083121418367e-06,7.634397592897051583e-07,2.492314143529225870e-07,1.576582445958463971e-06,2.340643460310629618e-06,4.479054563432458340e-07,1.480328617108440527e-06,4.521552437483864380e-06,5.071826802820128964e-07,5.974165098174176588e-07,4.916745961388201808e-07,4.079932402339940061e-07,4.225261446595819097e-07,2.433514014458535979e-07,4.585522601529513125e-07,2.786875913640465463e-06,3.357935509193952782e-06,1.595741790934700224e-06,1.478557383224326309e-06,1.169209714610936536e-06,4.577454309814677418e-07,7.960096590200260552e-07,9.334218125716321075e-07,5.267497227652168959e-07,8.722862411111405236e-07,1.425199649596510698e-06,1.181940089092882999e-06,7.785290859808088112e-09,1.448974353114133718e-06,7.705824428244422871e-07,3.108389234315738285e-07,3.851779085069557029e-06,1.747205335386787753e-07,2.982380097086849394e-06,4.370934009256337437e-07,1.955228973010647097e-06,1.024891990304389422e-06,2.614931835623036900e-06,1.674807479881066268e-06,6.551858797884097034e-07,6.753840048307447378e-07,3.633424175793232741e-06,1.578557561800057256e-06,1.767799244854349457e-06,3.305401428524995928e-06,4.147130284537642116e-06,1.031183534791073671e-06,1.320171754232159560e-06,5.948760678730720279e-07,4.031816262019569849e-06,0.000000000000000000e+00,3.331171530777394697e-07,6.866109557358719981e-07,3.157112641176915355e-06,2.766435093859718142e-06,9.295289524950682545e-07,1.086056588454501928e-06,1.572782792365782280e-07,6.248407492311879477e-07,4.594681041150155619e-07,4.404000837887537283e-07,1.016395242478829017e-06,1.749966614808333486e-06,1.110447897718183555e-06,1.405683278675888727e-06,1.508819762980326463e-06,1.382271452028690569e-06
2.209522829291226703e-10,1.175830116199697863e-08,1.194941427485030991e-06,3.624044451358952066e-07,1.151844894098742801e-06,6.236368176090931196e-07,1.086147316923962570e-06,1.884368044537022095e-06,5.493879196889979801e-07,6.972136424303123353e-07,1.397689861578914863e-09,6.457784288606346203e-07,6.892662102394116856e-07,5.098929918000009157e-10,5.282298533420414948e-07,1.947622280532813672e-09,1.746317647697072723e-07,3.418511803844496857e-08,1.695248287970071494e-06,1.973250306929208023e-06,1.320531486841360232e-07,1.367580896297624761e-07,2.467835120087934442e-07,1.711845017205062530e-08,1.202697144694950464e-06,1.996634964858543483e-09,8.211329416912090830e-07,6.407868655633368036e-07,2.818364611644300737e-07,8.223766397487452757e-07,9.663403739385478552e-07,1.308338978350032739e-06,4.257906337554855962e-07,9.889678992861049618e-07,5.243477390187965718e-07,1.597963806207051684e-06,2.420150938231832855e-07,2.052482317600701427e-07,1.844333082698864447e-06,1.457229631423345814e-06,1.646064653379304532e-06,8.358770172843053083e-07,9.227225498751957623e-07,2.032364067919557726e-08,1.301438469000161615e-06,1.759698252913822421e-06,3.112615156110285635e-08,7.507074918168281042e-07,1.221931854954291809e-08,1.407705182540800510e-06,1.539104471358482161e-06,2.171360635041973775e-07,5.596525381684133444e-07,1.909651494399309357e-09,2.271386772729867739e-08,7.044143013854798011e-07,1.929043405926996918e-07,2.327046506329171489e-09,1.349268116562399641e-08,1.602422473283081371e-06,1.573946733517956931e-06,2.928496194397439038e-07,1.098641774013755047e-06,3.585444656247510973e-07,8.857185718034656725e-07,1.702127038514429960e-07,1.547502896361702474e-06,2.491931365145021757e-08,2.620191931585073902e-07,1.196682488054205607e-08,1.992530574862001336e-08,2.681831900811534138e-08,2.639010527026629893e-07,1.384486906503483449e-08,7.858964646385975685e-07,6.793409437005491604e-07,1.777528841610693643e-06,1.135287691981122166e-06,9.312322077853338168e-07,8.760465451586113928e-07,2.649566215959260957e-07,9.170494557824292194e-08,4.393506597418999408e-07,3.621286421420920249e-07,2.161322936952537455e-07,5.536724421579486539e-08,3.198574079015772144e-09,1.236415132460670488e-06,2.203052769315172923e-07,1.923690666170762024e-07,1.467432476785556871e-07,1.924439997672899839e-09,9.795120706782066339e-07,5.900595322694750890e-07,1.905691312365065239e-08,7.624822508585342699e-07,4.564694973178518521e-07,4.675364965642387798e-07,6.040561380754278509e-07,4.821511404182323833e-07,7.802331116418741575e-07,4.897562317548661267e-07,5.096415103360094745e-07,8.543414340861221274e-08,1.192629488439868817e-07,7.295770768755694144e-07,3.816093892642107729e-08,4.833495529213115558e-07,1.624843772769598315e-06,1.118996022757276013e-06,0.000000000000000000e+00,2.293421178799735729e-07,1.480215648987529500e-06,2.583223401364802659e-07,1.274449502456050189e-06,2.696275628205531721e-07,1.099226519232869086e-08,2.400552319313250128e-07,5.252895601104756546e-09,3.435564669070930995e-09,2.547137138224143100e-07,5.224942459319771785e-07,2.207223354316732755e-07,5.434360243177066838e-07,3.550834741017284745e-07,1.262730832924054201e-08
2.778458716072909092e-10,2.255568413956052474e-07,1.214805955299277150e-08,1.932904443545092767e-09,9.873684603045479485e-07,3.488274950459654072e-07,4.073027615485811639e-07,1.437029747514239400e-06,4.940066255130140284e-07,5.866988056784534182e-07,6.097579125795419259e-07,1.845223948374717545e-08,4.402367023298491394e-08,2.893941398320600916e-09,1.900598060179880485e-07,9.917112983666500741e-10,2.224862552117753592e-07,2.855243867194289758e-07,4.661653270605946069e-07,1.020352682171810564e-06,1.680405731038331387e-07,4.846988694350535050e-07,2.276071709734222430e-07,3.406818953829414208e-07,1.090723824175512020e-06,6.780040329021051480e-07,5.658029468454067931e-07,3.019404091260281434e-07,5.691769960002242393e-08,1.835286420828455134e-07,5.228645796490479412e-07,2.012501331793874919e-06,1.015125116078028758e-06,1.211739109440738421e-06,1.346980630941095338e-06,8.593741000446136970e-07,5.869581866052428765e-09,7.469612048548215076e-07,5.863859235891752393e-07,6.266686890993592890e-07,7.905273856341286110e-08,3.642947373500994888e-07,9.909300291557623636e-09,6.088096546062848745e-07,5.216407298681899792e-07,7.573968493689582847e-07,6.049371395897469679e-07,1.600600407172726396e-07,4.746069513068773504e-09,1.453193202524298756e-07,2.060424925715012799e-07,1.723979440488036048e-08,2.583655066165198858e-08,5.586261422591356494e-09,4.441707603989627788e-07,5.743300426260857548e-07,4.473353643137083916e-07,9.647753366276687346e-07,5.705916572858388961e-07,1.198201874251953806e-06,1.008524696668784362e-06,1.127009614329447133e-08,7.062131795612264149e-07,1.957726560221750165e-07,1.016313730084387091e-06,6.551003703812148560e-07,5.470099431770172642e-07,2.676634697019913200e-08,2.436325608017692939e-07,2.989429653890064961e-08,4.963489579247782197e-09,2.285920533503553727e-07,6.615607097335547327e-08,2.849784207400573339e-09,4.091608019062312193e-07,6.751562267816455375e-07,1.284278664257051240e-06,1.007540750212342162e-06,5.590202031785341975e-07,1.849304411096583814e-07,3.336985486141926997e-07,7.859917892544418586e-07,3.992561382821109500e-07,2.093073292694410069e-07,1.969070697508112383e-07,3.481333182568762938e-08,3.394893848738011522e-09,4.504367467139011828e-07,3.760713132632120243e-08,1.635968166270271295e-06,1.237031676459289744e-06,5.936682685092788494e-08,1.284720190040733530e-06,5.347944989540205117e-07,1.570815777492929461e-07,1.582816910242889923e-07,1.760296580391642347e-07,4.255182952402145440e-07,1.888213559251474749e-07,7.708598647281859579e-07,1.026998974650134588e-06,3.747981217149821595e-07,2.429149033959154754e-07,1.820769422630790345e-07,5.707906606578429535e-07,1.415497754598513528e-07,2.345206472943216643e-07,1.710016067205066183e-07,5.939274008602417017e-07,3.493306386928804718e-07,1.867420326013560131e-08,0.000000000000000000e+00,8.543602997325842985e-07,2.093880616199316134e-07,2.395666205125387249e-07,7.437297418560650350e-09,1.001690983069400967e-08,2.072971530639659222e-07,1.247565246919287776e-08,5.597927094021718176e-07,2.132387086018754543e-07,7.994953385061820802e-07,1.969140885734205402e-07,5.957254710826097837e-07,8.084093925834097602e-07,2.690036011812791059e-07
1.035419203981725821e-08,1.210276240813637483e-06,1.407577845273788445e-06,1.233565937819690544e-07,3.611835329781977453e-06,2.505459325963822833e-06,2.762070563055801088e-06,6.926786637419913221e-06,3.375472078603657356e-06,2.629296278043371492e-07,3.083856920424713045e-07,4.419905435973766699e-07,1.785436323652970322e-06,5.595284542913070036e-07,2.619356691255878156e-07,1.624814220949953073e-07,1.198708228307726907e-06,9.177079743324715882e-07,2.169098612089944478e-06,3.221297934430399777e-06,2.617148928063335335e-07,5.077549683399229501e-07,2.006574370381458294e-07,1.990542190987397462e-07,5.455226954607446324e-06,4.190503526990412466e-07,2.583044231861240359e-06,2.388967472063167454e-07,2.470530150697080371e-06,2.325293748621471755e-07,2.620977732607210060e-06,4.775776281461371133e-06,1.282319101206325929e-06,1.004977668592799609e-06,6.070785714674221309e-06,2.476000309660224329e-06,6.011993643757550180e-07,3.614732351090545309e-06,3.057749489314316371e-06,2.617676063029203615e-06,5.164299045773678700e-06,2.883007887055669219e-06,3.095471427503218732e-07,6.217880140798058099e-07,3.768714584663410585e-06,9.528936316830504334e-07,4.404581199474641820e-07,4.858087398491564922e-06,3.909542400343718212e-07,2.556126001627200110e-06,1.053956243480274430e-06,6.632473735531382031e-07,2.190474427404759053e-06,1.877984328782398221e-08,1.642886591014164017e-06,4.068824299943514300e-06,1.582598187253294441e-07,3.555437349025377045e-07,4.566228073682341669e-07,8.213443363040773482e-06,2.053880395915896801e-06,3.346437810634862196e-07,1.531445054776154736e-06,2.440604134095333496e-06,5.246153170917688214e-07,7.478709961765834987e-07,5.519652072099792825e-06,6.912208203110709191e-07,1.191847911291157214e-07,6.614462765583056481e-07,5.758462186488780631e-07,3.426215601720141021e-07,4.245145576343023110e-07,4.066717040497139140e-07,4.788478823765977744e-06,4.977474284851014516e-06,3.628037234328106258e-06,2.836611469029376025e-06,2.263114193508903016e-06,9.796030553333837786e-07,6.005782083833968174e-07,1.206837184271320139e-06,9.914743614660879399e-07,2.448189547267335462e-06,2.893749462488916300e-07,6.297467483619264250e-07,1.554857000591308312e-07,2.909288429837982922e-06,2.816227612342560908e-06,1.990861355173772587e-06,2.204046222175272875e-06,3.635288161194347358e-07,2.535042855053623116e-06,1.308356926872355067e-06,1.077607662042501058e-06,5.691676650545810104e-07,7.956529002185322693e-07,8.138340753964396767e-07,5.751717557599821486e-07,2.894954674415138821e-06,3.049865650812348565e-06,1.293699032689325451e-06,3.234215264799840809e-07,6.476684485437724513e-07,1.601444225243284855e-06,1.244347127069361890e-06,7.467280696603422801e-07,1.269474990016111408e-06,1.044803844395172322e-06,4.488355732491013161e-06,5.363964924819639099e-07,9.386296218996277472e-07,0.000000000000000000e+00,4.240884307690785499e-07,7.241984815201915023e-07,1.403012141365989806e-07,3.222852729630504787e-07,5.244752770864081755e-07,1.787966104248896440e-07,5.513486971850767605e-07,5.021033434205110747e-07,3.712305141776569365e-07,3.554647726491070567e-07,1.310555089850641549e-06,1.135109715959602067e-06,9.569985293299163327e-07
3.990447506096698140e-10,2.618510219995039898e-07,6.935665304341615023e-07,1.325915302518187978e-06,9.603013410981148275e-07,8.975544878672729694e-07,3.774204018579624511e-07,2.172391660676127929e-06,1.095609515669536388e-06,5.489307846450084071e-07,2.249577948842194561e-07,4.553700275636083902e-07,8.293340443736348961e-07,3.038426218053617102e-07,4.427830716618329731e-07,2.504398029798184189e-07,1.163150147746596902e-07,4.979672654533169819e-07,1.858644138238407694e-06,2.681268631855238457e-06,6.025510082957253633e-07,1.154850264866282141e-06,1.076178253645418461e-08,5.302308730577076079e-07,1.409809786850053004e-06,6.193248950902791388e-07,1.345175375584729909e-06,2.553510220609872408e-07,7.004661889361482918e-07,3.981117351146495654e-07,2.634721574888709155e-06,6.521433681197121755e-07,3.010547028802227380e-07,2.970796243670599905e-08,1.089788803269677151e-06,4.011187013962280175e-07,1.165195246528235995e-06,9.956665177166716512e-07,7.803413623861132744e-07,1.108062172005773193e-06,1.275599488972110871e-06,5.542817675464222926e-07,2.609772664706693952e-08,5.595408862638392926e-08,9.026255641851594224e-07,5.418461157351213003e-07,4.318789447355084147e-07,3.270674367474516708e-07,2.088394951947051645e-07,6.082653698901884448e-07,7.383828810154364808e-07,2.829193163365922075e-07,5.444179065251982011e-07,1.154219539553987636e-08,4.150402940389277256e-07,5.541830695129107614e-07,1.002542154330982949e-06,8.980092796990351263e-07,1.790519264269322171e-07,5.144470003489563198e-06,9.358585987491553920e-07,5.510604437545131049e-07,9.075976153912992892e-07,5.452475391329906926e-07,1.568976256810292823e-07,5.584552454469412712e-07,1.684624183846103845e-06,5.726413720585587478e-07,3.148201365696678526e-07,7.018378068554354599e-08,2.409640388906213208e-08,5.149095359692293120e-07,1.995910425499613639e-07,2.838506458169345855e-07,1.909283065582200005e-06,9.800882398760427152e-07,1.622229398083190945e-07,1.100226150201504330e-06,9.558269318402651418e-07,3.083939596307027297e-07,1.348554274586096435e-06,4.069262943352766127e-07,6.298114019633913980e-07,7.545020271171170030e-07,1.500710093403310466e-06,8.667929320104886928e-07,2.997781872531896684e-09,1.034655156805391093e-06,2.990288149404696652e-07,4.406045757246958866e-08,5.039909097470030319e-07,1.858580872001567379e-07,1.579420674686412102e-06,8.297588386512494939e-07,1.594789878654476401e-06,1.376802223822153694e-07,1.699379049220296864e-07,2.375715354909213612e-06,4.944696999020916505e-07,3.830552987675393091e-07,1.577266396223287828e-06,9.796039068986620321e-07,4.755799880316615990e-07,1.661223104141814258e-07,1.543500790877218903e-06,1.266372583034367226e-07,1.726117313178486460e-06,6.771972106681455112e-07,7.353027285235863449e-07,2.519851128533346965e-06,1.596502568062518370e-07,6.440885133912321816e-07,1.441786709347860412e-06,0.000000000000000000e+00,4.335213717746832877e-07,1.106347514554723676e-08,1.162341551861426504e-06,3.221563754233967774e-07,2.836416782066225334e-07,2.681212451624845415e-07,1.998100065753102396e-07,9.051724583618412198e-07,2.680542301336882820e-06,8.175589937902562460e-07,9.267429418984444326e-08,7.654039478150526184e-07
1.316961635225787793e-08,1.615861977676176082e-08,1.672681300421255767e-06,6.151112492410595265e-07,2.572319474135385133e-06,1.930737263327668515e-06,1.504938088215738737e-06,2.743697799769466164e-06,4.274520689864798922e-06,7.793914551298555806e-07,1.914483891526968824e-08,4.908564692888843905e-07,6.720912780538619867e-07,1.123141351163386856e-09,1.394185809017493781e-06,4.134224209052064779e-07,7.216612112088986705e-08,2.471290289881734496e-07,4.143052346377811335e-06,4.134479616946032184e-06,1.310190412781248048e-06,4.436379988029402348e-07,1.690314338102647383e-07,1.045435960395450440e-06,1.785448305905802299e-06,2.389800747709423798e-07,1.314399414430971061e-06,2.605364984633851806e-07,1.976287584769368385e-06,4.856899945717635264e-07,2.280156014032635012e-06,2.231337410147440162e-06,2.207698040380948978e-06,2.735068117833559768e-06,2.496314374904921696e-06,4.709962404489485308e-06,1.450917232386962333e-06,1.942787755582640934e-06,1.635144371989745654e-06,3.389579954473435977e-06,1.720721729660077785e-06,9.486829176489696340e-07,1.610765369168369768e-06,8.552265436891667803e-07,2.513913466592471716e-06,2.641949340734229233e-06,5.320075324456395495e-07,1.927370348287490577e-06,5.170876728970328314e-07,1.560569275138966311e-06,1.455525014686078029e-06,2.686815237532417965e-07,1.645551169273898870e-06,5.528337943428938722e-07,1.220208003107681711e-06,1.049245635994146791e-06,6.114261064583498823e-07,7.591604797664049070e-07,6.759615848453829812e-07,3.688847355101231543e-06,3.189300922923225957e-06,3.713853844381564091e-07,1.171355087039387185e-06,9.874703403149688341e-07,3.732468025649721704e-07,6.078308604932449208e-07,1.944132070329653176e-06,6.765398183579294122e-08,2.373611246208313464e-07,2.589404537571109933e-07,1.561727740777224148e-06,5.393747191469014109e-07,1.246817667322590590e-07,1.048791243437519853e-07,2.174290096838511108e-06,3.305838084033724880e-06,2.463506692935477089e-06,6.828343441933724492e-07,3.346683498799818627e-06,5.280772816654673434e-07,3.410391002038450494e-07,1.520673597475424501e-06,8.698439211330395423e-07,1.080676166778434953e-06,7.387632101369820391e-07,1.041717431433491489e-06,2.398303538578875761e-07,2.612147546684025526e-06,4.043725313944754031e-07,1.451554451981038057e-06,1.280959948372728881e-06,4.630029865275574071e-07,2.842710714484106453e-06,1.874998080738011196e-06,2.211757854173640005e-06,8.891003064934432113e-07,2.305976076440041305e-06,9.108100464302490580e-07,2.011618317993065867e-06,1.477676709407694700e-06,3.689760740721827619e-06,9.149893525200086089e-07,4.225870195242045641e-07,4.347530760979348358e-07,1.391937046135446379e-06,2.076237918687536465e-06,5.225024123399565028e-07,1.738385105754643274e-06,3.236382021009548548e-06,4.264123743635036497e-06,1.587977783220392322e-07,1.881663630738041633e-07,3.454639451824285974e-07,5.076097900927896633e-07,0.000000000000000000e+00,2.243632108635550159e-07,7.831896440199877470e-07,3.291911710230272369e-07,3.416292854447404421e-07,6.397533832120828466e-07,1.111533849801787346e-06,3.593251652662036216e-07,4.003829116876637916e-08,1.239923397550277114e-06,6.839588708082149313e-07,1.750017622759366837e-07
3.147012529604511893e-09,3.262313218496868118e-07,2.622995933869664383e-07,1.501172936261259316e-08,2.411619003947846201e-07,7.488739728432439146e-09,5.254908280841167923e-07,4.479747960169305350e-07,7.143525261571921944e-09,5.509970056672483369e-07,3.399788715316188799e-07,8.626213936091669333e-07,1.064274270218919230e-06,5.109384911540489556e-07,2.679708624043260292e-07,3.534307288437444753e-09,5.581303573763202911e-09,4.444603526660482154e-07,2.694224340154776492e-07,2.381372362861004849e-07,5.723822035785185581e-08,1.114130295073830723e-06,4.994057684445798512e-07,3.724524910794532653e-08,8.763850915094566563e-07,3.823827379711329404e-10,4.581277235842613229e-09,4.198497876503062522e-10,4.431132666061028867e-07,2.423507317297477371e-07,2.418498193264529998e-07,1.928766230471047689e-07,2.957557324808111309e-07,5.820927450781754745e-07,1.935904811670648870e-07,1.399579624884208491e-08,1.020828791486307972e-09,5.508400256948419973e-07,1.891757535855192309e-07,8.188985996935239031e-07,2.122238900513884894e-07,5.217445344007974566e-07,1.287585594692087496e-08,4.075116966013589145e-07,2.805508291374397220e-07,3.290291198002029384e-09,9.087272620147312677e-10,9.095206480880818004e-09,1.057939466241117098e-08,8.965371964164065313e-07,2.707347897030881128e-07,5.742639009161339018e-10,2.133226127643111596e-07,3.904775887882593745e-09,2.435175220520055039e-07,1.904876637918228103e-07,2.371184630565152342e-07,1.587036024881042646e-09,2.523526722480877558e-07,5.221422610303963448e-07,8.806447464717069181e-09,6.564850175634524648e-10,2.080145294603637954e-07,2.644718881733313743e-07,5.423297463301289751e-09,8.700886279426922428e-08,7.407172717170431733e-07,1.735957106757093519e-08,2.562755941089236867e-08,3.093978512150821969e-07,5.698615663957695288e-09,3.116645476757999461e-07,2.354989772977870183e-08,7.341025258398036699e-07,4.913103413479036321e-07,1.653635259097117460e-08,1.994224844672385204e-07,1.027725429096987602e-08,5.512841191535498150e-09,2.881843230814374421e-07,3.139563915953044280e-08,2.460047964986557467e-07,2.212274255920250025e-07,2.396891954497929071e-07,6.930661356781648130e-07,3.250526419586056230e-07,3.972317412255758992e-10,2.300632831290241012e-09,4.521439990460269482e-07,7.493597044393214860e-09,6.554246909443656039e-07,1.429511210908460666e-06,2.220909959353696908e-08,2.608537784667925017e-07,4.163823688989102054e-09,5.111450868980649317e-09,1.774588533231948547e-08,2.294049080630100321e-07,1.013738173518770239e-07,3.253296110926940420e-09,1.039548248284039600e-08,1.409717955138623619e-08,6.069814738425391159e-07,9.762394971867992336e-07,4.134297271304102969e-08,4.033426386017737511e-09,4.329846508550346391e-08,4.947203526131942410e-09,2.840637025438815621e-08,4.612488011765855867e-07,2.457698617664837487e-07,2.355210427358724745e-07,1.191378505351827358e-07,2.475389264374072186e-08,6.182996263270491793e-08,0.000000000000000000e+00,1.216179844745494004e-08,3.347646483590149550e-08,2.946802833601137777e-08,1.075403313942594525e-06,6.742164613383753009e-07,6.753943858668690688e-07,2.300001596529879322e-08,3.861765175464377883e-07,6.273495574741302297e-09,3.726967465387230730e-09
1.611486562575221143e-10,5.671347910534303473e-07,9.217471862131514619e-07,4.436968323684827101e-07,7.495725990302476649e-07,2.504271102063164191e-07,4.133694196410110410e-07,9.781843721625387063e-07,3.183795978025411024e-07,7.535817708216942913e-07,4.785387491666404021e-07,8.325691798898290318e-09,5.439348885044696596e-07,8.790512391916805065e-07,5.862083533086790428e-07,3.227662805229251898e-07,3.651027192002568762e-07,1.813333997826968476e-06,3.572395920127813470e-07,2.250584484271777866e-07,6.210731759005126405e-08,3.420226299079137537e-07,1.012138545547744415e-06,2.598689818111005269e-06,2.789430735428012766e-07,1.799242000689611067e-09,3.108647765558331242e-08,9.395490649595218328e-09,2.012688560479648893e-07,2.128685492905908292e-07,3.706596448562239338e-07,4.314509957772742502e-07,4.981417281583493228e-07,5.273887330186214662e-09,2.462438306546277556e-07,8.017863928520379289e-07,1.307738034306708087e-07,1.213289039581176452e-08,4.338392446444182024e-07,1.695387789546333779e-07,2.905684528208527836e-07,5.572517836266388783e-08,4.853922399173283735e-07,2.052981601489741045e-08,1.910303151932047363e-07,2.032199045651584465e-07,1.737007926842266781e-08,4.881577255654290133e-07,2.104897919508173834e-08,1.899224645693238919e-07,2.399603298111409469e-07,1.622985546848523295e-07,1.983249379186573987e-07,3.008178352678728191e-09,6.568829652422623800e-07,1.770118539643331071e-07,1.453703365820120148e-06,3.222857593835938826e-07,5.786359723467346294e-07,1.727312769902033139e-06,4.797861529570986330e-07,1.618663923966929131e-08,1.010878798774818952e-08,2.698239378694059505e-07,3.513902650851165214e-07,1.486782938293585477e-06,7.499005688636268064e-07,4.450717592722004194e-07,3.467153363957511498e-07,7.905429896625224899e-08,1.393023826173398085e-08,2.915355695898535173e-07,7.334526764145149611e-07,4.079684812622067401e-07,1.666373839692919870e-07,1.660530449748823125e-07,4.729077402041376121e-07,6.294360783374770017e-08,4.517594943348750920e-07,9.810560305721842786e-07,1.318933226185737671e-09,1.338357296038754417e-07,2.033212962321650205e-07,9.043183395248375991e-08,1.100261413300185695e-06,4.475479660128004554e-07,5.631318493978217874e-10,2.200889926082081734e-07,5.932376374815705648e-07,1.944219724696491932e-07,4.326842663691929128e-07,6.239974950131646867e-07,2.631565694494551406e-07,5.797908708560219372e-07,1.965026299594695832e-07,6.776897549224270519e-09,4.972637257749384858e-07,5.192590180942377526e-07,2.563051139167859557e-08,9.773969357326454189e-09,6.717083091347478321e-07,1.644447947778370076e-07,5.363232855228949640e-07,9.890946368887530060e-08,2.894305072575824060e-07,1.858134016273831656e-07,7.276315441570180449e-08,2.171336977718490621e-07,4.441358937722405564e-07,2.093886474935212715e-06,2.240081012549325639e-07,1.251327117304137126e-08,1.322123998864134364e-06,3.638779681277971819e-08,6.488354437648924220e-07,3.640170551618637056e-08,0.000000000000000000e+00,2.909235637118450277e-07,1.247442903461368048e-06,1.538249972408621986e-06,3.912140305400580441e-08,1.644254770214600788e-06,2.959204051255543229e-07,1.309156098815761005e-06,3.949080545588475254e-07,5.841419410193866137e-07
1.907079391344073534e-07,3.078930619476659822e-06,1.302571811994004547e-06,1.598969202116292271e-06,8.081683637568695268e-07,6.934786868000009247e-08,3.553774789526458392e-07,1.798790081094133900e-06,1.283645368331148552e-07,8.265419328053133540e-08,3.603850738882027132e-08,3.623814564334330926e-07,1.686141103291694603e-06,4.371370277672512464e-10,2.259122425143781703e-07,8.880231615761221964e-09,1.568692821989701210e-07,3.015980520524655667e-07,1.289350119594579326e-06,2.197276875971278373e-07,1.223557773992692280e-07,2.779276084430226429e-07,6.543652047710496671e-07,1.120250098113256697e-06,2.561276801295500426e-07,1.050181361433723045e-09,2.088632525358995840e-07,1.521927585981101876e-08,2.291002150547415217e-08,5.189922271382566408e-09,2.680999895644006960e-07,4.295359927697753366e-08,6.899644132121197472e-07,1.950480736229167519e-07,4.338609533491877555e-07,2.220982430382166072e-08,3.218726858188789388e-09,2.073858797252748127e-08,6.686152363779926261e-07,6.236744236844364259e-07,1.939781673208634806e-07,5.093311200483131265e-07,2.356543096814088989e-07,3.168067567641479287e-08,2.956599097419900383e-07,1.923814280896952285e-07,6.166784838604145226e-07,1.692773420923953705e-07,3.034011479549714972e-06,2.540076506654830315e-06,5.511634204032147731e-07,4.172417091753693323e-07,3.263735449393460604e-07,3.076768107298693732e-07,9.139022596629438753e-07,1.548129722585401070e-07,1.862516177674872952e-06,3.132851931187175450e-07,4.668274674728271470e-08,1.941577207831394369e-06,1.344749358743617843e-08,7.347128684761429154e-08,1.765013954368639429e-07,2.808179942805335571e-06,8.315938152454912369e-07,5.145516626990711835e-06,2.608600957252231459e-07,1.189109497023997092e-06,6.722986102273663460e-07,1.160138451924915248e-06,8.205173522487361691e-07,1.217857272397466642e-06,1.627335868739697467e-07,3.370660931859676208e-06,3.910824207759738933e-07,8.401296308471579118e-07,4.285083683260612827e-07,1.851424540208757724e-08,4.560460470263006555e-07,5.624723859194795720e-07,1.547754495551224497e-09,2.820163228877715054e-07,1.170993905754575605e-06,6.422169293241753577e-07,1.465468665769967700e-06,3.133730460088763142e-07,3.106596761948242414e-07,1.893050260406817501e-07,3.352065940191192874e-06,2.017896890269949061e-07,1.295933136945276995e-06,8.220212752539322365e-07,7.095530399734772416e-07,2.450521655713061528e-07,8.099787300318464301e-07,5.351456817776521086e-09,1.831813486065192879e-07,2.558208340419206912e-08,1.797549043794250137e-08,2.005601917026161279e-07,1.651074257126880464e-07,2.357987351615039814e-07,2.840375534418559134e-07,8.220915640999468508e-07,7.427344227732552469e-07,1.770333786017398183e-07,6.960880342338840048e-07,1.113207296000972346e-08,6.861276073016811257e-07,7.035553520740006717e-07,3.981686611331024310e-09,8.865446853963981488e-09,4.845215461009456776e-07,1.961451870331302417e-07,3.044410409277816096e-07,1.842251566665458437e-09,6.979327972058422262e-07,0.000000000000000000e+00,2.777203021605773943e-07,7.254662414244817934e-07,2.917074044860149213e-07,5.820139591216001787e-07,1.845282360957344485e-06,6.041296021430588714e-07,1.581375109551638024e-08,2.048132348198868689e-08
1.947549439685963825e-10,2.273762663058610258e-07,6.446706222552740198e-07,2.172617090600526998e-06,6.241890939554387897e-07,1.791063774592326835e-07,1.107892642429514742e-06,5.821822737307416524e-07,3.379361274392864273e-08,7.719482107904461095e-07,1.800423812814941763e-06,3.064203578468989422e-07,3.302959467188487704e-06,2.663459944700634946e-08,9.343607090804740473e-07,1.086111687828899839e-09,5.102243107020055438e-07,8.403642324707361133e-07,1.866191526784601630e-07,1.484572111525481340e-07,6.684021942839340674e-08,1.497121776739435820e-07,6.475244669645391462e-07,1.291329799051273467e-06,4.677467890468978205e-07,1.487349093310592620e-09,4.929421361477400539e-07,3.037586412871209900e-07,8.134999562098163852e-07,2.010194114245998720e-07,3.031456731408290595e-07,2.301190431568013706e-08,5.577033825424712765e-08,1.583356158544550492e-07,1.938145886694073653e-07,4.628343131629631016e-07,6.410904796196107113e-09,2.381113950171392524e-08,1.235762822108718071e-06,6.588794008006245168e-07,1.304444696533161753e-08,3.013141877410464516e-07,2.712679510423807097e-07,2.083425616488339168e-09,1.420877404022134408e-07,2.194223659250550495e-07,6.251055059430512426e-07,5.479844272349738638e-09,6.311372453876946934e-07,1.696014668674496250e-07,6.006735942174788381e-07,4.383872049760814001e-07,1.775740945681120611e-07,4.458495103027679513e-09,1.098549334492010489e-06,1.330895534759296406e-08,2.028269701249906937e-08,9.845824350996515052e-07,5.370868293324747110e-07,8.633422915157126741e-07,7.299760862764669770e-09,1.118465436916956533e-09,1.162763069910593492e-08,7.627225274973784859e-07,5.410006313644116392e-08,6.877720880630830709e-07,4.581035012164604875e-07,2.854199627536623799e-07,3.391362413137037616e-07,7.145168883525427978e-07,1.410111620640219992e-08,7.450716387889954144e-07,1.722977126512455758e-08,1.683895156510608072e-06,3.638635067344274770e-07,7.783707427181935112e-07,1.706495244703057298e-07,1.953750034788377887e-08,1.491226132740105961e-08,5.986468393216070267e-07,2.780158319324001125e-09,5.853702678978637608e-08,1.908691773218635932e-07,5.742730502418749360e-07,5.716377193840038553e-07,1.061150994099569148e-06,6.774195749348048217e-10,3.383565301865304153e-09,9.826919974682355896e-07,1.167987656156414996e-06,5.044460673170240183e-07,1.161660245381295775e-07,1.700844805499791845e-08,4.133471422731596959e-08,5.178998526080507980e-07,5.383249736548624128e-09,1.700668644531228954e-08,8.342353311096490917e-07,2.570153577560556267e-07,2.061720701639605289e-07,1.603033163299890388e-07,6.072522360714401876e-07,2.101376735483838509e-07,5.665468731048953823e-07,1.005978491349276568e-06,7.528491321206587277e-07,3.062064102577983826e-07,1.217247716036114359e-06,6.882614156259428902e-07,5.658217798274899532e-07,3.012320968249056934e-09,4.559385941555710443e-09,9.736360380364428014e-08,9.043870293517190326e-07,2.798504032431768467e-07,2.691541361286506657e-07,6.154300742995294878e-07,6.515511228497822587e-08,0.000000000000000000e+00,6.626656824286225444e-07,6.015441752339718108e-07,6.948753607119983352e-08,2.531655479911210633e-07,1.159289986176667729e-07,3.603228332206493758e-07,9.182768973900095523e-07
3.288847578710677141e-09,1.486339149900984172e-06,6.151267760376438195e-07,7.705609769682411181e-07,6.646360499466146559e-07,2.384931366054055830e-07,6.935594599361200818e-07,7.481490422720540702e-07,1.540382882512038463e-06,9.727777400635160233e-08,1.122839248462358797e-06,3.774459222008779518e-07,6.078654431745926971e-07,3.192491648602532669e-07,1.235687039198162910e-06,6.839991241214695365e-07,7.170119324599754782e-07,3.275837559198621520e-07,6.363520539142120698e-07,3.273753430380722302e-07,1.601462264806326822e-06,7.196100228551066503e-07,2.253780931512027067e-06,9.567283029536710596e-07,4.052903198761724595e-07,8.559483647282051828e-10,2.012849530911341294e-06,6.184995380587694598e-09,4.166731844633131460e-07,1.630448301487810731e-08,7.241773944011747488e-07,1.480112171355725010e-07,2.605347137211479838e-07,2.783816810996685456e-08,9.576130593261193205e-07,4.167195360307728124e-07,5.453197170526496038e-07,4.428649009584554960e-07,1.041337036617199213e-06,6.065993001913340960e-07,4.382530127122548290e-07,4.542308447624194407e-07,6.969977639487461386e-07,2.159156043890344692e-08,3.470661383196761801e-07,7.675073794880911322e-07,2.080393074983438435e-08,1.384813012063083849e-08,5.852363325821575922e-07,4.203854650447929895e-07,8.305699420281188006e-07,3.607947541803151331e-07,1.855063529124730716e-08,2.738730150381839093e-07,3.400763681284133369e-07,1.370287135619456324e-07,8.172741037500748523e-07,2.021940427608275032e-07,2.063231238942016281e-07,1.781989119054850748e-06,1.554799477467012656e-07,2.941192421511234817e-07,4.086394508215004113e-07,4.634610216325041121e-07,5.231080143912624906e-07,1.091550087181471040e-06,3.008541937742356673e-07,2.037294263500787907e-07,7.637186719123572486e-08,1.509765124306008274e-06,1.370996373503493278e-06,9.838128372011162083e-07,3.286141504639228521e-07,2.665706770490963108e-07,2.320267124825613185e-07,3.272556580797979210e-07,8.875426634139349863e-07,2.236447903589411114e-08,4.314129577161750814e-08,2.225029310048292576e-07,2.787114372287363145e-08,9.574894988667367981e-07,2.619244412183868735e-07,2.529191799130467286e-07,2.551295910016401333e-06,2.950193206475336320e-07,2.872022497512550505e-07,5.468565927748942085e-07,5.516930867977658680e-07,5.928432710856167012e-08,2.879873012941519671e-07,1.435756549430283726e-08,9.739487895085653153e-07,2.119612026953014666e-07,4.301334889740305568e-07,3.907466375158977035e-07,4.933387856102799152e-07,1.058777694620847153e-08,2.973915998622816793e-07,4.293649614693716853e-07,4.051952353316317971e-07,4.214496803954424757e-07,6.408119183687361015e-07,7.248578297270817064e-07,2.720607034850826644e-07,1.773938455345272489e-08,5.849044221091812266e-07,4.731074569919847581e-07,5.104947300794575861e-07,1.218329804396100302e-06,7.948004376255964990e-09,1.081929086908890990e-08,6.321326409607218990e-07,7.688798933947987438e-07,8.949261104956482688e-07,3.517742679430359920e-08,1.750007810966311844e-06,2.997758250426111547e-07,1.540550150713675791e-06,0.000000000000000000e+00,1.338368592368731614e-06,1.761263552575122140e-06,5.783249373168772178e-07,4.221080282928671531e-07,5.752610985679964088e-07,4.504517483385054428e-07
9.596248954005107227e-07,2.643362603156113936e-08,2.386148348736230614e-07,1.114319252719207233e-06,4.938899771181856667e-07,2.527772634563226308e-07,2.272629787659725174e-07,5.914229422326593731e-07,1.225899866139023653e-06,1.269141763712408744e-06,4.919376803963488429e-07,5.066924851353164590e-08,9.414389883817004421e-07,4.723110805947085810e-07,8.415874536803227940e-09,3.175749885332032096e-07,7.086994074952546117e-07,1.302387182588482598e-06,4.442618164697427729e-07,3.943920418562350258e-07,4.763240540369899369e-07,6.643697080617346850e-07,2.856115917287132728e-07,7.885039901015008261e-07,2.644633556416519896e-07,1.855007515468803352e-09,2.372034492810361061e-07,8.796889463188121627e-08,1.506565315186255447e-08,5.628241997571312741e-09,3.260621488294721602e-07,4.194507881946024450e-07,3.247833756172949946e-07,5.178518622663076081e-07,2.006423322167519899e-07,2.086798774695700160e-07,3.453112506879821887e-09,2.490363196534510050e-08,2.157236518935661427e-07,4.160352198103348541e-07,1.998341101697373987e-07,8.548764853964778556e-08,2.370354269900377991e-07,3.595468172194609126e-09,8.442280538327758091e-07,4.181947019309289344e-07,2.368366006962762995e-08,1.816008956933865463e-07,1.135130153326876314e-06,7.917445522979047859e-07,5.279895411127003088e-07,2.444709690467111862e-08,1.851535416703053668e-07,2.405570863680041865e-09,1.055157855592455059e-06,1.151238896429663223e-08,1.999158506084515726e-08,7.031846793510712346e-08,1.693985283907746236e-06,1.740335314691612222e-06,9.691519887394636850e-09,1.745228616187813072e-09,1.827681355072876607e-07,9.057793160357931859e-07,4.013201530504935088e-07,2.276568812675854406e-07,8.660670912957267384e-07,7.376598007859492903e-07,2.880810816368375656e-07,3.488173449812162239e-07,2.746979279681820405e-08,3.268254404510640477e-07,4.707970842008410581e-07,3.657665392719656737e-07,4.070191298454441961e-07,1.409333076843794445e-07,7.584692340362045329e-07,1.955272116551767808e-07,2.250003654993496562e-07,6.728465507342978633e-07,1.165131492251928844e-07,1.702101967708241586e-07,1.954099635181161297e-07,1.065798141046113911e-06,2.442670192173614546e-07,6.837520739398466029e-07,3.151775602327884076e-07,1.894121799797910579e-07,9.273998638772499333e-07,1.866722369291196262e-07,1.456452721790406484e-07,1.491228536393068580e-06,4.049079731615600433e-07,4.089993623386195108e-07,4.280769954427040040e-07,1.838752571204519261e-07,2.250989122033826307e-08,5.102529697981918395e-07,2.069795095111116019e-07,2.164049868927596371e-07,1.036416802743846499e-07,8.721571710205556407e-07,2.311349797693110979e-07,1.335400768909765041e-06,5.689088783431399124e-07,1.841024135170959646e-07,2.033890835394971485e-06,2.158472596592041326e-07,1.018579045264612864e-06,8.796214809938167754e-07,5.323942127450819945e-07,9.601978617561610541e-09,2.679074225740459680e-07,7.213230435605008954e-07,6.164922597722297990e-07,3.090451645546043430e-09,1.117905920596279225e-06,6.995764827903413152e-07,8.756390360393816007e-07,8.853096165639205105e-07,0.000000000000000000e+00,4.549310646087621619e-07,4.365562539401137680e-07,8.511608900503203271e-07,1.207752130763716863e-08,1.179007694511252451e-08
3.104941594336501064e-08,1.036396223073917706e-06,1.526554459460362615e-06,1.098337911071442484e-06,7.521776654173587058e-07,6.924462409148387312e-07,3.858753355619111523e-07,1.306381335178722100e-06,2.556968666840415804e-07,6.733709720464298258e-07,1.164679641325597551e-06,1.431693416948108999e-06,4.298156746631039755e-06,1.713822204353811887e-06,1.833031258684728895e-06,6.215620456503711522e-09,2.749270641234332191e-07,3.257288822360132503e-07,1.217639056110133560e-06,6.326057800047721733e-07,1.378945981407910820e-06,1.100735287469233699e-06,9.679867762184122950e-07,3.043094138805474384e-07,2.116894440276266318e-06,1.912167110696111129e-09,5.510966256644570512e-07,7.534184861908028466e-07,2.337093469643498721e-07,1.999568668445522181e-08,8.708352482770197450e-07,9.193244724974877273e-07,6.292476709532333740e-07,4.216807756764165369e-07,1.967378086005142678e-07,4.077838196682031153e-07,1.185833496759696499e-08,6.847371931195863459e-07,1.921352088439359153e-06,8.486584768007063408e-07,2.523444945778125958e-08,1.278099423061478725e-06,3.257918823500549526e-07,8.369800804942137015e-08,3.450186625992842462e-07,1.584423087916542400e-07,1.003360072054101267e-07,9.425848430692543194e-07,4.582389778749286545e-07,9.757049386027310174e-07,9.518265242170825909e-07,5.107868921277576867e-08,8.044940708058939001e-07,1.568222330231973980e-08,1.807948189110449372e-06,3.430194240171395913e-07,1.093679678370243164e-06,7.672169033825350601e-07,3.419616744326860392e-07,5.015729316456101978e-06,1.355767234555464402e-07,2.615222553721979463e-08,1.434107516574917589e-07,4.987770618062121032e-07,1.200792890561347629e-06,1.127933157205843756e-06,1.532534157963706088e-06,4.579433524606573526e-07,3.783363051799349196e-07,1.029033436945588798e-06,3.837756175062421958e-06,1.102974187352331961e-06,1.967296188115074438e-06,7.320035524501710230e-07,7.969927984100514856e-07,5.264878443511151802e-07,3.974189119778042875e-07,7.866741125789992474e-07,6.438806228786568948e-08,5.428258607597185822e-07,2.033277680461848534e-07,1.269737603186781167e-06,8.009182055513328997e-07,2.266827204026252567e-06,1.592206710024443854e-06,1.692534621574983762e-06,3.940299711836795372e-09,9.513423718484722206e-09,1.575016409787088506e-06,1.791901689322859456e-07,8.155624400112659506e-07,5.648112638868854922e-07,5.314651192269244771e-07,2.560905264557243335e-07,4.041986052055149174e-07,9.804443671239906638e-07,9.988177127825006354e-07,1.376978035752796672e-06,1.835456386233882226e-07,1.738519037990454134e-08,2.761259055580408102e-07,2.997364174832450899e-07,4.833871261934369073e-07,1.779032958830792519e-06,3.072203261870936818e-07,5.416031068219340607e-07,9.298716736280405545e-07,1.675519806027802740e-07,6.737222441917113105e-07,1.495463847171199286e-06,4.427669174421696481e-07,1.743411536819852804e-07,1.516839024161179493e-06,7.260615355465313208e-07,1.157633207278048104e-06,9.996835404031397650e-07,1.254147204812510120e-06,7.940268152524684510e-08,2.584053868090305369e-07,1.074540961829718195e-06,9.425332682151399690e-07,0.000000000000000000e+00,5.216713578554854736e-07,1.529979862978965285e-06,5.334828098180060367e-07,7.976322852549742879e-07
1.831117870687361554e-10,7.496052429965971007e-07,5.465570926539098370e-07,1.111912292738196001e-06,8.314075575356698665e-07,4.038532995739493225e-07,7.776302972528878020e-07,5.216273999939134178e-07,5.823737982848580331e-08,5.616136242054572098e-09,4.758777966610227079e-07,1.399868262824341354e-07,1.314364106809236104e-06,4.230749468757272915e-10,2.449072537764295501e-07,4.917894322580931387e-09,2.962999414491115567e-07,1.162219171636282942e-06,1.572269035367085209e-06,1.528787965468992531e-08,5.515278750817188108e-07,3.202449528314914589e-07,1.534776465166036216e-06,1.155339645370551825e-06,4.801673955675084394e-07,6.142952445255564484e-10,4.096355349949634992e-08,3.134645195218432712e-07,2.790649444293753673e-08,1.223300995188053568e-08,1.915226155805498111e-07,7.135326165644260930e-07,3.622149289540002331e-07,2.131560234961942667e-07,8.563658770439311097e-07,2.836860168139192812e-08,6.021253844483329476e-09,4.780331735574308692e-07,7.702962496812012680e-07,1.328003137217469652e-06,1.850786126539892230e-07,6.085408647326330802e-07,2.355872591389164378e-07,5.192780961428343225e-07,2.839373029190823576e-07,1.932743488268962006e-07,1.215427593943539178e-08,4.402049912090153693e-07,1.907752143508008339e-06,1.139615575439261677e-06,7.659429196502821117e-07,1.851163973800475027e-08,4.884110854328448830e-07,7.196749371164874653e-07,8.464499841162728553e-07,1.578872074074876186e-07,8.722472914495842421e-07,3.425917597474097767e-07,8.986321675375272869e-07,1.719731083069863932e-06,2.974246660053158175e-08,2.946961508765792171e-09,8.277099829768394551e-09,3.151916437058064177e-06,1.085710775259958942e-07,8.942163787262073630e-07,5.734596190340697254e-07,3.524994447494831750e-08,3.964364760489344929e-08,1.097024136795781029e-06,2.763918349351486177e-08,6.479993413844999365e-07,7.756765798772926694e-07,6.202279053541035129e-07,1.545239115719756563e-07,7.548355717284578927e-07,4.291532906791700998e-07,3.310470236603375588e-07,4.771242783937893037e-08,3.737041449924358426e-08,3.372251078339252181e-09,3.768779623099858314e-07,1.513798842541522944e-08,7.039953885595536208e-07,1.931159458463692446e-06,6.141936699007045457e-07,2.663309605227343329e-09,1.934361050455954621e-07,5.553507192020728062e-07,9.594693724120877027e-09,4.030294063898612530e-07,6.018750736853897403e-07,3.661434083236528205e-07,8.407537456413897793e-09,1.888669552900449809e-07,8.960128628343269370e-09,9.331267435730330710e-07,1.987919419964549279e-07,2.310366595243476594e-07,3.592139753584833138e-07,2.282201744347528262e-07,5.976511853755039648e-07,6.384134857799521727e-07,1.076362969142587840e-06,3.605926944672664203e-07,7.673408296653243992e-07,5.511351040512685467e-08,4.506194912504329680e-07,6.795289043578923235e-07,1.169682158956264485e-06,5.325647295350094428e-09,1.289594702844077377e-08,1.677049879529516701e-06,6.934178780506223450e-08,1.108083103270093859e-06,3.735840678903506590e-07,6.332297509375777578e-07,4.314798538379939866e-07,5.506782721465368158e-08,3.440152417027141672e-06,1.093695722430354729e-06,9.214280998826247944e-07,0.000000000000000000e+00,2.435435921477935140e-06,1.405233761140395111e-08,1.729159923954878127e-06
4.286247556563489692e-07,6.266234451961161705e-07,1.349514658795272644e-06,2.020376475669148473e-06,5.438015522116841255e-07,2.892640918364278842e-07,6.673950489576999098e-07,3.153518838099591068e-06,1.171158537579502197e-06,1.239684237295267544e-07,1.208205232598471611e-06,1.013659112315050140e-06,2.675038555248076471e-06,3.318189110381605644e-07,5.074472751557197771e-07,2.874630793344033202e-07,6.108988153151151959e-07,5.252133615284946057e-07,8.283443904757615264e-07,4.047041289201924632e-07,1.926872597876266058e-07,1.512240925191441531e-06,2.971216855286195783e-07,2.874364055185403558e-07,3.780388743426806328e-07,3.072301861478516526e-09,9.775720393724326804e-08,2.861500865325316246e-07,1.637375004547946934e-07,4.496406433439506965e-07,1.433395770273864935e-07,3.076353765360612407e-07,2.640683042480147379e-07,1.458001967546760662e-08,7.258038285513178802e-07,5.268321238829053600e-07,2.221672497861757576e-07,6.946479103121624836e-07,1.459829467076073977e-06,9.004380803673667175e-07,8.323461414035196299e-09,4.491201640389355637e-07,3.167341970866824227e-08,2.217847518203275275e-07,1.417483779274225389e-07,1.614720142493789432e-08,4.937008338182566055e-09,3.808656921738860025e-07,2.742543440138398226e-07,6.955036713347833433e-07,4.737276245644546078e-07,2.616052675336497171e-07,1.477210710295447963e-07,1.571719782894871209e-08,2.148228536742386470e-06,3.417465697396838506e-07,4.614900077249986315e-08,1.163687917154305766e-06,1.023473641616222205e-06,2.852865499559670382e-06,3.823252695184049164e-07,6.140748201033481279e-09,4.001981605452320833e-07,1.035359798804284395e-06,2.596147273360836324e-06,1.543223929866068301e-06,7.034645092703985647e-07,2.697665879523722081e-07,9.160731200943107777e-08,7.772964047018525959e-07,1.715568355007732157e-06,8.266250118395084812e-07,2.701449185928886077e-07,1.032672122929793747e-06,4.017850151305726127e-08,1.021802122156911556e-06,9.554102322030130961e-07,2.232014658828436811e-07,1.808908104266322849e-07,5.438822012325894377e-07,3.746806384173752587e-09,5.742029878401226167e-07,1.494540147978831001e-07,2.196811155317895062e-06,8.857709820091443943e-07,1.124251585746955374e-06,1.411769788471337835e-09,3.086171566276737545e-08,1.810132842575546350e-06,2.044831028667641676e-08,5.816179782229003863e-07,6.165298182675084670e-07,3.544654062540569794e-07,1.160845738098591955e-06,4.096984827760641016e-07,1.554660874422470408e-07,1.724896220212010064e-06,1.115579444691459374e-08,2.742247127154930944e-07,6.715168579520239759e-09,6.448476689483072422e-07,1.776264069024414284e-06,1.588115925453362471e-06,2.202063192951234886e-06,1.353896797898409726e-06,3.808069330892777210e-07,1.370418679400132578e-06,2.325677608668763729e-08,3.654475647998662727e-07,1.821819884292544421e-06,2.581256440126695718e-07,1.095515061204763686e-06,8.830799014874937210e-07,6.349390744828363308e-07,1.901313076915498843e-07,2.245852006904989292e-08,6.544802904376167279e-07,1.760549547571679235e-06,4.753974348156043104e-07,3.596800625836612812e-06,3.466604218998225185e-06,2.276755661449498306e-06,8.957668153554913311e-07,0.000000000000000000e+00,1.138108968312853002e-07,5.077571498848780845e-07
5.948748227188570605e-10,3.008023033643789591e-08,5.527747445975687173e-07,5.326936065364854353e-08,1.714834577577801662e-06,1.769719894021855283e-07,1.041113192575889173e-07,7.216562416164562731e-07,6.832775226849697882e-07,2.356642772442200441e-08,1.280268745717480121e-07,6.078998701753371854e-07,1.185224040056313965e-07,1.373831017545050980e-09,3.776066544260953613e-07,2.122333797611003980e-09,5.683975050396168787e-07,2.671811057771905535e-07,6.238880012935518260e-07,5.030753804164352239e-07,5.340098600208768975e-07,1.818588205620157801e-07,7.680807008839978665e-07,4.868594669154159042e-07,2.129444407573242399e-06,3.249208650414303931e-09,2.256181885483606558e-07,5.518802351472623371e-07,3.058652126855077555e-07,3.139658221519992252e-08,6.337237737716946750e-07,1.037491924817841173e-06,4.793838993277459033e-07,3.512281478348923751e-07,1.275571746947744225e-06,6.195500464173888458e-07,1.000979039841193497e-08,8.583963524984221503e-07,1.318545415076368969e-06,6.906045889351825246e-07,1.086706437613697671e-06,6.804126502671331419e-07,1.575976076397265137e-07,5.129898239771718664e-07,6.637514230680744214e-07,5.084955520700435289e-07,4.771632194222015042e-07,1.035882328099801825e-06,2.675364626716945357e-07,1.062468558205650224e-07,3.377769960195793847e-07,2.886571445385835849e-08,2.131071881694160631e-07,2.147932563626493861e-07,1.141464089824727038e-06,5.745394206059776626e-07,5.867195040532623346e-07,3.305176060233180582e-08,3.491211747188230914e-07,2.295802858777140548e-06,4.937156892330326162e-07,2.435617340024782947e-07,4.009368190720661892e-07,4.629435600091770575e-07,2.042070266606325857e-07,2.651877947225151857e-07,3.069311018206699796e-07,2.860516553999269223e-08,5.013129925022599332e-08,5.532562409367299097e-08,1.741132139815254446e-07,2.050251075681354799e-07,2.601092272629575333e-07,5.399109161754604491e-07,4.876634967261268720e-07,1.345709058677980757e-06,2.922866122028212690e-07,9.777935937732766335e-07,1.965953642370905220e-07,1.783663422109905540e-07,2.556796453491016711e-07,4.234806349654379371e-07,4.534575432225581382e-07,3.353732649547080398e-07,4.064889752247490453e-07,1.524888143511316817e-07,3.271465038654813148e-09,4.082123078300850138e-07,2.897115668907234702e-07,5.707997689857274006e-07,8.449749945734273150e-07,1.396660052362875311e-06,6.573130496343862227e-07,4.140376716627271963e-07,5.349435241199951039e-07,5.256704665498406557e-07,2.981512993005052471e-08,1.484749652414063651e-06,1.433956933944907659e-07,1.669496050360202275e-07,1.617387760560063935e-06,2.990859224768011893e-07,9.353106166604974855e-07,7.243492846850584841e-07,1.387639208604661023e-06,2.588052617199569652e-06,3.358030833294843180e-07,1.214985195634947533e-07,1.393845144657538936e-06,9.821847539798370799e-07,1.260182419804469210e-07,7.740038750106336484e-07,1.878279213380396103e-06,3.424254539596247484e-07,9.734890343525627541e-07,4.594216879241050564e-07,1.507521884684587374e-07,7.295417159500878004e-08,5.632691922480553137e-09,4.426983516987880606e-07,6.941744974801202798e-07,9.657002502591067221e-07,6.692195234034253516e-07,8.331139419454457639e-07,0.000000000000000000e+00,3.791984220382309916e-07
4.022793341426845454e-07,2.673159812978015577e-07,5.548494107873629164e-07,2.541757592178357892e-07,1.461339901620152413e-07,2.350589404824624309e-07,1.838177136082355161e-07,1.764979389402119918e-06,1.482300525312270638e-07,7.568649798250919332e-08,3.323632018970344776e-07,6.013148938624367613e-07,7.123278619419948662e-07,2.397187995733814599e-09,3.079938027295771861e-07,8.054016178983104043e-07,2.269942339532431223e-07,1.131421016447717934e-07,2.421061271001760141e-07,1.537582162006797693e-07,2.411607786040791223e-08,1.844481088229521245e-06,1.997581878608902387e-08,9.708956413284659389e-08,9.001183375542939058e-07,2.957490794153810188e-07,7.690550192858912646e-07,2.368183984017581340e-08,6.136035791893131356e-07,4.829591156356594725e-07,5.913850079139280064e-07,3.517775069726259202e-08,2.358567252591817593e-08,4.625545601721068714e-07,1.452864305221137486e-07,1.787619647729213740e-07,2.164025348816054565e-07,3.577810158151416481e-08,1.194610187142622102e-06,3.705510884505283763e-07,2.849050000951644453e-08,3.641387193245213927e-07,2.234021038377327975e-07,1.514826849819372899e-07,1.514237778313928329e-07,8.317803710182769428e-09,2.256853874131854211e-09,9.175849745575519918e-09,2.502684201748217402e-07,5.560197815676444483e-07,2.076537771911507453e-07,2.624524111901971540e-07,1.921370131414740727e-08,9.442150927146313655e-09,2.092839477241351398e-07,1.506598572400352782e-07,3.238940503764300423e-08,2.677753187815741247e-07,7.635874904540966106e-07,1.275550289325841610e-06,1.554395885199391659e-07,1.798931546890760704e-08,2.101462361978241382e-08,1.422665648126285263e-06,1.907548768743343445e-07,9.073043719585989971e-07,7.695345151805803860e-07,6.000047433081223421e-07,1.476462181820950974e-08,9.955205924991147863e-08,1.248450025771535276e-08,6.318294842065176917e-08,3.434899697932510476e-08,1.057312698876019185e-06,1.360502469351355933e-07,1.872549455037769785e-07,3.851310610439856722e-08,1.545473309832930398e-07,2.834871549226711419e-07,9.091273153791548069e-07,1.398857841754562808e-07,6.141213491918773339e-07,7.415739837458941278e-07,2.356219812352268474e-07,2.074543944902747658e-07,3.314876236248066727e-07,1.635658839452066585e-09,1.730349783646305448e-07,9.383098980538883319e-07,2.082944197105077898e-08,1.892916666698617967e-06,3.628072849824874903e-07,2.038093125769706159e-07,3.068758531931368500e-07,1.089753399437831088e-06,1.023320679103499117e-08,1.579268122208647227e-08,6.886975180867584009e-09,1.421381819891246764e-07,1.520587790641095061e-07,4.738142842940988999e-07,7.254273638110223156e-07,1.187679831459838173e-06,6.047654389942172071e-07,1.330613666170064773e-06,1.379464306877042473e-06,1.714420851936082989e-06,4.752281057687194135e-07,9.468466997537771359e-07,1.005091569699074221e-06,4.793096561326167637e-07,1.792647644902564247e-07,2.296543803723725994e-07,2.068082800866359241e-07,4.878103901806511740e-07,2.501511102516094989e-08,5.635357420141518443e-07,5.651240259195452243e-07,3.489272292308929181e-07,2.864568349267563653e-07,4.060665333077715844e-08,1.284992843279676896e-06,7.525643993622712597e-07,2.616689625323102654e-07,2.572738300171088977e-08,0.000000000000000000e+00
